record_id,mention_id,entity_type,entity_text,normalized_text,source_field,confidence
CSQP-SFHC-TEXT-001,CSQP-SFHC-TEXT-001-ENT-0001,person,越南薛孝居,薛孝居,sender,0.85
CSQP-SFHC-TEXT-001,CSQP-SFHC-TEXT-001-ENT-0002,person,海邑西洋乡张捷谦少爷,张捷谦,recipient,0.85
CSQP-SFHC-TEXT-001,CSQP-SFHC-TEXT-001-ENT-0003,date,辛阳月初十日,辛阳月初十日,date_text,0.75
CSQP-SFHC-TEXT-001,CSQP-SFHC-TEXT-001-ENT-0004,date,1911,1911,year_raw,0.75
CSQP-SFHC-TEXT-002,CSQP-SFHC-TEXT-002-ENT-0005,person,叻坡林序周,林序周,sender,0.85
CSQP-SFHC-TEXT-002,CSQP-SFHC-TEXT-002-ENT-0006,person,潮安大寨家双亲大人,双亲,recipient,0.85
CSQP-SFHC-TEXT-002,CSQP-SFHC-TEXT-002-ENT-0007,kinship,双亲,双亲,kinship_terms,0.8
CSQP-SFHC-TEXT-002,CSQP-SFHC-TEXT-002-ENT-0008,kinship,兄,兄,kinship_terms,0.8
CSQP-SFHC-TEXT-002,CSQP-SFHC-TEXT-002-ENT-0009,kinship,弟,弟,kinship_terms,0.8
CSQP-SFHC-TEXT-002,CSQP-SFHC-TEXT-002-ENT-0010,kinship,儿,儿,kinship_terms,0.8
CSQP-SFHC-TEXT-002,CSQP-SFHC-TEXT-002-ENT-0011,kinship,妹,妹,kinship_terms,0.8
CSQP-SFHC-TEXT-002,CSQP-SFHC-TEXT-002-ENT-0012,kinship,叔,叔,kinship_terms,0.8
CSQP-SFHC-TEXT-002,CSQP-SFHC-TEXT-002-ENT-0013,kinship,伯,伯,kinship_terms,0.8
CSQP-SFHC-TEXT-002,CSQP-SFHC-TEXT-002-ENT-0014,kinship,妗,妗,kinship_terms,0.8
CSQP-SFHC-TEXT-002,CSQP-SFHC-TEXT-002-ENT-0015,date,辛十一月初四,辛十一月初四,date_text,0.75
CSQP-SFHC-TEXT-002,CSQP-SFHC-TEXT-002-ENT-0016,date,辛十一月初四 儿林序周谨禀,辛十一月初四 儿林序周谨禀,written_date_text,0.75
CSQP-SFHC-TEXT-002,CSQP-SFHC-TEXT-002-ENT-0017,date,1921,1921,year_raw,0.75
CSQP-SFHC-TEXT-002,CSQP-SFHC-TEXT-002-ENT-0018,style_formula,叩禀者,叩禀者,common_formulae,0.7
CSQP-SFHC-TEXT-002,CSQP-SFHC-TEXT-002-ENT-0019,style_formula,尊前,尊前,common_formulae,0.7
CSQP-SFHC-TEXT-002,CSQP-SFHC-TEXT-002-ENT-0020,style_formula,谨禀,谨禀,common_formulae,0.7
CSQP-SFHC-TEXT-002,CSQP-SFHC-TEXT-002-ENT-0021,style_formula,查收,查收,common_formulae,0.7
CSQP-SFHC-TEXT-002,CSQP-SFHC-TEXT-002-ENT-0022,style_formula,此候,此候,common_formulae,0.7
CSQP-SFHC-TEXT-002,CSQP-SFHC-TEXT-002-ENT-0023,style_formula,金安,金安,common_formulae,0.7
CSQP-SFHC-TEXT-002,CSQP-SFHC-TEXT-002-ENT-0024,style_formula,兹轮便,兹轮便,remittance_formulae,0.7
CSQP-SFHC-TEXT-002,CSQP-SFHC-TEXT-002-ENT-0025,style_formula,查收,查收,remittance_formulae,0.7
CSQP-SFHC-TEXT-002,CSQP-SFHC-TEXT-002-ENT-0026,style_formula,痊安,痊安,safety_formulae,0.7
CSQP-SFHC-TEXT-002,CSQP-SFHC-TEXT-002-ENT-0027,style_formula,切勿,切勿,instruction_formulae,0.7
CSQP-SFHC-TEXT-002,CSQP-SFHC-TEXT-002-ENT-0028,style_formula,祈为,祈为,instruction_formulae,0.7
CSQP-SFHC-TEXT-002,CSQP-SFHC-TEXT-002-ENT-0029,style_formula,嘱,嘱,instruction_formulae,0.7
CSQP-SFHC-TEXT-003,CSQP-SFHC-TEXT-003-ENT-0030,person,叻坡林序周,林序周,sender,0.85
CSQP-SFHC-TEXT-003,CSQP-SFHC-TEXT-003-ENT-0031,person,潮安大寨家父亲大人,父亲,recipient,0.85
CSQP-SFHC-TEXT-003,CSQP-SFHC-TEXT-003-ENT-0032,kinship,父亲,父亲,kinship_terms,0.8
CSQP-SFHC-TEXT-003,CSQP-SFHC-TEXT-003-ENT-0033,kinship,兄,兄,kinship_terms,0.8
CSQP-SFHC-TEXT-003,CSQP-SFHC-TEXT-003-ENT-0034,kinship,弟,弟,kinship_terms,0.8
CSQP-SFHC-TEXT-003,CSQP-SFHC-TEXT-003-ENT-0035,kinship,妻,妻,kinship_terms,0.8
CSQP-SFHC-TEXT-003,CSQP-SFHC-TEXT-003-ENT-0036,kinship,内妻,内妻,kinship_terms,0.8
CSQP-SFHC-TEXT-003,CSQP-SFHC-TEXT-003-ENT-0037,kinship,儿,儿,kinship_terms,0.8
CSQP-SFHC-TEXT-003,CSQP-SFHC-TEXT-003-ENT-0038,kinship,妹,妹,kinship_terms,0.8
CSQP-SFHC-TEXT-003,CSQP-SFHC-TEXT-003-ENT-0039,date,民国十三年五月八号，夏历甲午四月初五日,民国十三年五月八号，夏历甲午四月初五日,date_text,0.75
CSQP-SFHC-TEXT-003,CSQP-SFHC-TEXT-003-ENT-0040,date,"儿林序周谨叩
民国十三年五月八号，夏历甲午四月初五日书","儿林序周谨叩
民国十三年五月八号，夏历甲午四月初五日书",written_date_text,0.75
CSQP-SFHC-TEXT-003,CSQP-SFHC-TEXT-003-ENT-0041,date,民国十三年,民国十三年,year_raw,0.75
CSQP-SFHC-TEXT-003,CSQP-SFHC-TEXT-003-ENT-0042,style_formula,叩禀者,叩禀者,common_formulae,0.7
CSQP-SFHC-TEXT-003,CSQP-SFHC-TEXT-003-ENT-0043,style_formula,膝下,膝下,common_formulae,0.7
CSQP-SFHC-TEXT-003,CSQP-SFHC-TEXT-003-ENT-0044,style_formula,查收,查收,common_formulae,0.7
CSQP-SFHC-TEXT-003,CSQP-SFHC-TEXT-003-ENT-0045,style_formula,顺候,顺候,common_formulae,0.7
CSQP-SFHC-TEXT-003,CSQP-SFHC-TEXT-003-ENT-0046,style_formula,福安,福安,common_formulae,0.7
CSQP-SFHC-TEXT-003,CSQP-SFHC-TEXT-003-ENT-0047,style_formula,不一,不一,common_formulae,0.7
CSQP-SFHC-TEXT-003,CSQP-SFHC-TEXT-003-ENT-0048,style_formula,兹轮便,兹轮便,remittance_formulae,0.7
CSQP-SFHC-TEXT-003,CSQP-SFHC-TEXT-003-ENT-0049,style_formula,查收,查收,remittance_formulae,0.7
CSQP-SFHC-TEXT-003,CSQP-SFHC-TEXT-003-ENT-0050,style_formula,如字查收,如字查收,remittance_formulae,0.7
CSQP-SFHC-TEXT-003,CSQP-SFHC-TEXT-003-ENT-0051,style_formula,平安,平安,safety_formulae,0.7
CSQP-SFHC-TEXT-003,CSQP-SFHC-TEXT-003-ENT-0052,style_formula,须,须,instruction_formulae,0.7
CSQP-SFHC-TEXT-003,CSQP-SFHC-TEXT-003-ENT-0053,style_formula,祈为,祈为,instruction_formulae,0.7
CSQP-SFHC-TEXT-003,CSQP-SFHC-TEXT-003-ENT-0054,style_formula,嘱,嘱,instruction_formulae,0.7
CSQP-SFHC-TEXT-003,CSQP-SFHC-TEXT-003-ENT-0055,style_formula,不可,不可,instruction_formulae,0.7
CSQP-SFHC-TEXT-003,CSQP-SFHC-TEXT-003-ENT-0056,style_formula,教训,教训,instruction_formulae,0.7
CSQP-SFHC-TEXT-004,CSQP-SFHC-TEXT-004-ENT-0057,person,外洋儿贞,儿贞,sender,0.85
CSQP-SFHC-TEXT-004,CSQP-SFHC-TEXT-004-ENT-0058,person,潮汕慈亲大人,慈亲,recipient,0.85
CSQP-SFHC-TEXT-004,CSQP-SFHC-TEXT-004-ENT-0059,kinship,慈亲,慈亲,kinship_terms,0.8
CSQP-SFHC-TEXT-004,CSQP-SFHC-TEXT-004-ENT-0060,kinship,弟,弟,kinship_terms,0.8
CSQP-SFHC-TEXT-004,CSQP-SFHC-TEXT-004-ENT-0061,kinship,儿,儿,kinship_terms,0.8
CSQP-SFHC-TEXT-004,CSQP-SFHC-TEXT-004-ENT-0062,kinship,侄,侄,kinship_terms,0.8
CSQP-SFHC-TEXT-004,CSQP-SFHC-TEXT-004-ENT-0063,date,丙年（1926）八月廿六日,丙年（1926）八月廿六日,date_text,0.75
CSQP-SFHC-TEXT-004,CSQP-SFHC-TEXT-004-ENT-0064,date,丙年八月廿六日 儿贞禀上,丙年八月廿六日 儿贞禀上,written_date_text,0.75
CSQP-SFHC-TEXT-004,CSQP-SFHC-TEXT-004-ENT-0065,date,1926,1926,year_raw,0.75
CSQP-SFHC-TEXT-004,CSQP-SFHC-TEXT-004-ENT-0066,style_formula,尊前,尊前,common_formulae,0.7
CSQP-SFHC-TEXT-004,CSQP-SFHC-TEXT-004-ENT-0067,style_formula,查收,查收,common_formulae,0.7
CSQP-SFHC-TEXT-004,CSQP-SFHC-TEXT-004-ENT-0068,style_formula,福安,福安,common_formulae,0.7
CSQP-SFHC-TEXT-004,CSQP-SFHC-TEXT-004-ENT-0069,style_formula,查收,查收,remittance_formulae,0.7
CSQP-SFHC-TEXT-005,CSQP-SFHC-TEXT-005-ENT-0070,person,越［沙捞越］陈进保,陈进保,sender,0.85
CSQP-SFHC-TEXT-005,CSQP-SFHC-TEXT-005-ENT-0071,person,澄邑程洋冈家大嫂,大嫂,recipient,0.85
CSQP-SFHC-TEXT-005,CSQP-SFHC-TEXT-005-ENT-0072,kinship,嫂,嫂,kinship_terms,0.8
CSQP-SFHC-TEXT-005,CSQP-SFHC-TEXT-005-ENT-0073,kinship,大嫂,大嫂,kinship_terms,0.8
CSQP-SFHC-TEXT-005,CSQP-SFHC-TEXT-005-ENT-0074,kinship,侄,侄,kinship_terms,0.8
CSQP-SFHC-TEXT-005,CSQP-SFHC-TEXT-005-ENT-0075,date,丙（1927）十二月十一日,丙（1927）十二月十一日,date_text,0.75
CSQP-SFHC-TEXT-005,CSQP-SFHC-TEXT-005-ENT-0076,date,丙十一月十一日顿,丙十一月十一日顿,written_date_text,0.75
CSQP-SFHC-TEXT-005,CSQP-SFHC-TEXT-005-ENT-0077,date,1927,1927,year_raw,0.75
CSQP-SFHC-TEXT-005,CSQP-SFHC-TEXT-005-ENT-0078,style_formula,祈查收,祈查收,common_formulae,0.7
CSQP-SFHC-TEXT-005,CSQP-SFHC-TEXT-005-ENT-0079,style_formula,查收,查收,common_formulae,0.7
CSQP-SFHC-TEXT-005,CSQP-SFHC-TEXT-005-ENT-0080,style_formula,查收,查收,remittance_formulae,0.7
CSQP-SFHC-TEXT-005,CSQP-SFHC-TEXT-005-ENT-0081,style_formula,平安,平安,safety_formulae,0.7
CSQP-SFHC-TEXT-006,CSQP-SFHC-TEXT-006-ENT-0082,person,外洋两猛,两猛,sender,0.85
CSQP-SFHC-TEXT-006,CSQP-SFHC-TEXT-006-ENT-0083,person,潮汕慈亲大人,慈亲,recipient,0.85
CSQP-SFHC-TEXT-006,CSQP-SFHC-TEXT-006-ENT-0084,kinship,慈亲,慈亲,kinship_terms,0.8
CSQP-SFHC-TEXT-006,CSQP-SFHC-TEXT-006-ENT-0085,kinship,男,男,kinship_terms,0.8
CSQP-SFHC-TEXT-006,CSQP-SFHC-TEXT-006-ENT-0086,date,丁（1927）九月初五日,丁（1927）九月初五日,date_text,0.75
CSQP-SFHC-TEXT-006,CSQP-SFHC-TEXT-006-ENT-0087,date,"男两猛禀
丁九月初五日","男两猛禀
丁九月初五日",written_date_text,0.75
CSQP-SFHC-TEXT-006,CSQP-SFHC-TEXT-006-ENT-0088,date,1927,1927,year_raw,0.75
CSQP-SFHC-TEXT-006,CSQP-SFHC-TEXT-006-ENT-0089,style_formula,敬禀者,敬禀者,common_formulae,0.7
CSQP-SFHC-TEXT-006,CSQP-SFHC-TEXT-006-ENT-0090,style_formula,膝下,膝下,common_formulae,0.7
CSQP-SFHC-TEXT-006,CSQP-SFHC-TEXT-006-ENT-0091,style_formula,金安,金安,common_formulae,0.7
CSQP-SFHC-TEXT-006,CSQP-SFHC-TEXT-006-ENT-0092,style_formula,须,须,instruction_formulae,0.7
CSQP-SFHC-TEXT-006,CSQP-SFHC-TEXT-006-ENT-0093,style_formula,勤俭,勤俭,instruction_formulae,0.7
CSQP-SFHC-TEXT-007,CSQP-SFHC-TEXT-007-ENT-0094,person,暹圣源,圣源,sender,0.85
CSQP-SFHC-TEXT-007,CSQP-SFHC-TEXT-007-ENT-0095,person,汀邑南砂乡林严亲大人,南砂乡林严亲,recipient,0.85
CSQP-SFHC-TEXT-007,CSQP-SFHC-TEXT-007-ENT-0096,kinship,严亲,严亲,kinship_terms,0.8
CSQP-SFHC-TEXT-007,CSQP-SFHC-TEXT-007-ENT-0097,kinship,男,男,kinship_terms,0.8
CSQP-SFHC-TEXT-007,CSQP-SFHC-TEXT-007-ENT-0098,date,戊六月十七,戊六月十七,date_text,0.75
CSQP-SFHC-TEXT-007,CSQP-SFHC-TEXT-007-ENT-0099,date,"男圣源顿
戊六月十七","男圣源顿
戊六月十七",written_date_text,0.75
CSQP-SFHC-TEXT-007,CSQP-SFHC-TEXT-007-ENT-0100,date,1928,1928,year_raw,0.75
CSQP-SFHC-TEXT-007,CSQP-SFHC-TEXT-007-ENT-0101,style_formula,敬禀者,敬禀者,common_formulae,0.7
CSQP-SFHC-TEXT-007,CSQP-SFHC-TEXT-007-ENT-0102,style_formula,尊前,尊前,common_formulae,0.7
CSQP-SFHC-TEXT-007,CSQP-SFHC-TEXT-007-ENT-0103,style_formula,祈查收,祈查收,common_formulae,0.7
CSQP-SFHC-TEXT-007,CSQP-SFHC-TEXT-007-ENT-0104,style_formula,查收,查收,common_formulae,0.7
CSQP-SFHC-TEXT-007,CSQP-SFHC-TEXT-007-ENT-0105,style_formula,福安,福安,common_formulae,0.7
CSQP-SFHC-TEXT-007,CSQP-SFHC-TEXT-007-ENT-0106,style_formula,查收,查收,remittance_formulae,0.7
CSQP-SFHC-TEXT-007,CSQP-SFHC-TEXT-007-ENT-0107,style_formula,平安,平安,safety_formulae,0.7
CSQP-SFHC-TEXT-008,CSQP-SFHC-TEXT-008-ENT-0108,person,外洋两猛,两猛,sender,0.85
CSQP-SFHC-TEXT-008,CSQP-SFHC-TEXT-008-ENT-0109,person,潮汕慈亲大人,慈亲,recipient,0.85
CSQP-SFHC-TEXT-008,CSQP-SFHC-TEXT-008-ENT-0110,kinship,慈亲,慈亲,kinship_terms,0.8
CSQP-SFHC-TEXT-008,CSQP-SFHC-TEXT-008-ENT-0111,kinship,男,男,kinship_terms,0.8
CSQP-SFHC-TEXT-008,CSQP-SFHC-TEXT-008-ENT-0112,date,戊（1928）七月十六日,戊（1928）七月十六日,date_text,0.75
CSQP-SFHC-TEXT-008,CSQP-SFHC-TEXT-008-ENT-0113,date,戊七月十六日禀,戊七月十六日禀,written_date_text,0.75
CSQP-SFHC-TEXT-008,CSQP-SFHC-TEXT-008-ENT-0114,date,1928,1928,year_raw,0.75
CSQP-SFHC-TEXT-008,CSQP-SFHC-TEXT-008-ENT-0115,style_formula,敬禀者,敬禀者,common_formulae,0.7
CSQP-SFHC-TEXT-008,CSQP-SFHC-TEXT-008-ENT-0116,style_formula,金安,金安,common_formulae,0.7
CSQP-SFHC-TEXT-009,CSQP-SFHC-TEXT-009-ENT-0117,person,［暹］大弟,大弟,sender,0.85
CSQP-SFHC-TEXT-009,CSQP-SFHC-TEXT-009-ENT-0118,person,［澄莲中余宅］荆妻李氏,荆妻李氏,recipient,0.85
CSQP-SFHC-TEXT-009,CSQP-SFHC-TEXT-009-ENT-0119,kinship,母亲,母亲,kinship_terms,0.8
CSQP-SFHC-TEXT-009,CSQP-SFHC-TEXT-009-ENT-0120,kinship,弟,弟,kinship_terms,0.8
CSQP-SFHC-TEXT-009,CSQP-SFHC-TEXT-009-ENT-0121,kinship,妻,妻,kinship_terms,0.8
CSQP-SFHC-TEXT-009,CSQP-SFHC-TEXT-009-ENT-0122,kinship,荆妻,荆妻,kinship_terms,0.8
CSQP-SFHC-TEXT-009,CSQP-SFHC-TEXT-009-ENT-0123,kinship,儿,儿,kinship_terms,0.8
CSQP-SFHC-TEXT-009,CSQP-SFHC-TEXT-009-ENT-0124,kinship,妗,妗,kinship_terms,0.8
CSQP-SFHC-TEXT-009,CSQP-SFHC-TEXT-009-ENT-0125,date,己（1929）七月廿五日,己（1929）七月廿五日,date_text,0.75
CSQP-SFHC-TEXT-009,CSQP-SFHC-TEXT-009-ENT-0126,date,己七月十五日 夫大弟字,己七月十五日 夫大弟字,written_date_text,0.75
CSQP-SFHC-TEXT-009,CSQP-SFHC-TEXT-009-ENT-0127,date,1929,1929,year_raw,0.75
CSQP-SFHC-TEXT-009,CSQP-SFHC-TEXT-009-ENT-0128,style_formula,查收,查收,common_formulae,0.7
CSQP-SFHC-TEXT-009,CSQP-SFHC-TEXT-009-ENT-0129,style_formula,不一,不一,common_formulae,0.7
CSQP-SFHC-TEXT-009,CSQP-SFHC-TEXT-009-ENT-0130,style_formula,付去,付去,remittance_formulae,0.7
CSQP-SFHC-TEXT-009,CSQP-SFHC-TEXT-009-ENT-0131,style_formula,查收,查收,remittance_formulae,0.7
CSQP-SFHC-TEXT-009,CSQP-SFHC-TEXT-009-ENT-0132,style_formula,平安,平安,safety_formulae,0.7
CSQP-SFHC-TEXT-009,CSQP-SFHC-TEXT-009-ENT-0133,style_formula,须,须,instruction_formulae,0.7
CSQP-SFHC-TEXT-009,CSQP-SFHC-TEXT-009-ENT-0134,style_formula,嘱,嘱,instruction_formulae,0.7
CSQP-SFHC-TEXT-009,CSQP-SFHC-TEXT-009-ENT-0135,style_formula,教训,教训,instruction_formulae,0.7
CSQP-SFHC-TEXT-010,CSQP-SFHC-TEXT-010-ENT-0136,person,外洋贞玉,贞玉,sender,0.85
CSQP-SFHC-TEXT-010,CSQP-SFHC-TEXT-010-ENT-0137,person,潮汕慈亲大人,慈亲,recipient,0.85
CSQP-SFHC-TEXT-010,CSQP-SFHC-TEXT-010-ENT-0138,kinship,慈亲,慈亲,kinship_terms,0.8
CSQP-SFHC-TEXT-010,CSQP-SFHC-TEXT-010-ENT-0139,kinship,弟,弟,kinship_terms,0.8
CSQP-SFHC-TEXT-010,CSQP-SFHC-TEXT-010-ENT-0140,kinship,儿,儿,kinship_terms,0.8
CSQP-SFHC-TEXT-010,CSQP-SFHC-TEXT-010-ENT-0141,date,十八年（1929）十月十三日,十八年（1929）十月十三日,date_text,0.75
CSQP-SFHC-TEXT-010,CSQP-SFHC-TEXT-010-ENT-0142,date,十八年十月十三日,十八年十月十三日,written_date_text,0.75
CSQP-SFHC-TEXT-010,CSQP-SFHC-TEXT-010-ENT-0143,date,1929,1929,year_raw,0.75
CSQP-SFHC-TEXT-010,CSQP-SFHC-TEXT-010-ENT-0144,style_formula,尊前,尊前,common_formulae,0.7
CSQP-SFHC-TEXT-010,CSQP-SFHC-TEXT-010-ENT-0145,style_formula,查收,查收,common_formulae,0.7
CSQP-SFHC-TEXT-010,CSQP-SFHC-TEXT-010-ENT-0146,style_formula,金安,金安,common_formulae,0.7
CSQP-SFHC-TEXT-010,CSQP-SFHC-TEXT-010-ENT-0147,style_formula,福安,福安,common_formulae,0.7
CSQP-SFHC-TEXT-010,CSQP-SFHC-TEXT-010-ENT-0148,style_formula,奉上,奉上,remittance_formulae,0.7
CSQP-SFHC-TEXT-010,CSQP-SFHC-TEXT-010-ENT-0149,style_formula,查收,查收,remittance_formulae,0.7
CSQP-SFHC-TEXT-010,CSQP-SFHC-TEXT-010-ENT-0150,style_formula,安好,安好,safety_formulae,0.7
CSQP-SFHC-TEXT-010,CSQP-SFHC-TEXT-010-ENT-0151,style_formula,切勿,切勿,instruction_formulae,0.7
CSQP-SFHC-TEXT-011,CSQP-SFHC-TEXT-011-ENT-0152,person,彭亨刘仕芝,刘仕芝,sender,0.85
CSQP-SFHC-TEXT-011,CSQP-SFHC-TEXT-011-ENT-0153,person,潮安东凤乡陈赞堂先生,乡陈赞堂,recipient,0.85
CSQP-SFHC-TEXT-011,CSQP-SFHC-TEXT-011-ENT-0154,kinship,弟,弟,kinship_terms,0.8
CSQP-SFHC-TEXT-011,CSQP-SFHC-TEXT-011-ENT-0155,date,庚年三月初八日,庚年三月初八日,date_text,0.75
CSQP-SFHC-TEXT-011,CSQP-SFHC-TEXT-011-ENT-0156,date,"弟刘仕芝托
庚年三月初八日","弟刘仕芝托
庚年三月初八日",written_date_text,0.75
CSQP-SFHC-TEXT-011,CSQP-SFHC-TEXT-011-ENT-0157,date,1930,1930,year_raw,0.75
CSQP-SFHC-TEXT-011,CSQP-SFHC-TEXT-011-ENT-0158,style_formula,祈查收,祈查收,common_formulae,0.7
CSQP-SFHC-TEXT-011,CSQP-SFHC-TEXT-011-ENT-0159,style_formula,至祈查收,至祈查收,common_formulae,0.7
CSQP-SFHC-TEXT-011,CSQP-SFHC-TEXT-011-ENT-0160,style_formula,查收,查收,common_formulae,0.7
CSQP-SFHC-TEXT-011,CSQP-SFHC-TEXT-011-ENT-0161,style_formula,容后,容后,common_formulae,0.7
CSQP-SFHC-TEXT-011,CSQP-SFHC-TEXT-011-ENT-0162,style_formula,付去,付去,remittance_formulae,0.7
CSQP-SFHC-TEXT-011,CSQP-SFHC-TEXT-011-ENT-0163,style_formula,查收,查收,remittance_formulae,0.7
CSQP-SFHC-TEXT-012,CSQP-SFHC-TEXT-012-ENT-0164,person,叻吴锦兴,吴锦兴,sender,0.85
CSQP-SFHC-TEXT-012,CSQP-SFHC-TEXT-012-ENT-0165,person,潮安江东都洪金祝先生,江东都洪金祝,recipient,0.85
CSQP-SFHC-TEXT-012,CSQP-SFHC-TEXT-012-ENT-0166,kinship,兄,兄,kinship_terms,0.8
CSQP-SFHC-TEXT-012,CSQP-SFHC-TEXT-012-ENT-0167,date,辛未（1931）四月三十日,辛未（1931）四月三十日,date_text,0.75
CSQP-SFHC-TEXT-012,CSQP-SFHC-TEXT-012-ENT-0168,date,辛未四月三十日 吴锦兴缄,辛未四月三十日 吴锦兴缄,written_date_text,0.75
CSQP-SFHC-TEXT-012,CSQP-SFHC-TEXT-012-ENT-0169,date,1931,1931,year_raw,0.75
CSQP-SFHC-TEXT-012,CSQP-SFHC-TEXT-012-ENT-0170,style_formula,祈查收,祈查收,common_formulae,0.7
CSQP-SFHC-TEXT-012,CSQP-SFHC-TEXT-012-ENT-0171,style_formula,查收,查收,common_formulae,0.7
CSQP-SFHC-TEXT-012,CSQP-SFHC-TEXT-012-ENT-0172,style_formula,寄去,寄去,remittance_formulae,0.7
CSQP-SFHC-TEXT-012,CSQP-SFHC-TEXT-012-ENT-0173,style_formula,查收,查收,remittance_formulae,0.7
CSQP-SFHC-TEXT-012,CSQP-SFHC-TEXT-012-ENT-0174,style_formula,清泰,清泰,safety_formulae,0.7
CSQP-SFHC-TEXT-013,CSQP-SFHC-TEXT-013-ENT-0175,person,暹何春好,何春好,sender,0.85
CSQP-SFHC-TEXT-013,CSQP-SFHC-TEXT-013-ENT-0176,person,潮邑何周围乡家母亲大人,母亲,recipient,0.85
CSQP-SFHC-TEXT-013,CSQP-SFHC-TEXT-013-ENT-0177,kinship,母亲,母亲,kinship_terms,0.8
CSQP-SFHC-TEXT-013,CSQP-SFHC-TEXT-013-ENT-0178,date,辛七月十六日,辛七月十六日,date_text,0.75
CSQP-SFHC-TEXT-013,CSQP-SFHC-TEXT-013-ENT-0179,date,辛七月十六日寄,辛七月十六日寄,written_date_text,0.75
CSQP-SFHC-TEXT-013,CSQP-SFHC-TEXT-013-ENT-0180,date,1931,1931,year_raw,0.75
CSQP-SFHC-TEXT-013,CSQP-SFHC-TEXT-013-ENT-0181,style_formula,敬禀者,敬禀者,common_formulae,0.7
CSQP-SFHC-TEXT-013,CSQP-SFHC-TEXT-013-ENT-0182,style_formula,尊前,尊前,common_formulae,0.7
CSQP-SFHC-TEXT-013,CSQP-SFHC-TEXT-013-ENT-0183,style_formula,查收,查收,common_formulae,0.7
CSQP-SFHC-TEXT-013,CSQP-SFHC-TEXT-013-ENT-0184,style_formula,福安,福安,common_formulae,0.7
CSQP-SFHC-TEXT-013,CSQP-SFHC-TEXT-013-ENT-0185,style_formula,奉上,奉上,remittance_formulae,0.7
CSQP-SFHC-TEXT-013,CSQP-SFHC-TEXT-013-ENT-0186,style_formula,查收,查收,remittance_formulae,0.7
CSQP-SFHC-TEXT-013,CSQP-SFHC-TEXT-013-ENT-0187,style_formula,平安,平安,safety_formulae,0.7
CSQP-SFHC-TEXT-014,CSQP-SFHC-TEXT-014-ENT-0188,person,暹刘寿春,刘寿春,sender,0.85
CSQP-SFHC-TEXT-014,CSQP-SFHC-TEXT-014-ENT-0189,person,澄邑月窟内乡家母亲大人,母亲,recipient,0.85
CSQP-SFHC-TEXT-014,CSQP-SFHC-TEXT-014-ENT-0190,kinship,母亲,母亲,kinship_terms,0.8
CSQP-SFHC-TEXT-014,CSQP-SFHC-TEXT-014-ENT-0191,kinship,儿,儿,kinship_terms,0.8
CSQP-SFHC-TEXT-014,CSQP-SFHC-TEXT-014-ENT-0192,kinship,叔,叔,kinship_terms,0.8
CSQP-SFHC-TEXT-014,CSQP-SFHC-TEXT-014-ENT-0193,kinship,妗,妗,kinship_terms,0.8
CSQP-SFHC-TEXT-014,CSQP-SFHC-TEXT-014-ENT-0194,date,壬三月十七,壬三月十七,date_text,0.75
CSQP-SFHC-TEXT-014,CSQP-SFHC-TEXT-014-ENT-0195,date,"儿寿春禀
壬三月十七","儿寿春禀
壬三月十七",written_date_text,0.75
CSQP-SFHC-TEXT-014,CSQP-SFHC-TEXT-014-ENT-0196,date,1932,1932,year_raw,0.75
CSQP-SFHC-TEXT-014,CSQP-SFHC-TEXT-014-ENT-0197,style_formula,敬禀者,敬禀者,common_formulae,0.7
CSQP-SFHC-TEXT-014,CSQP-SFHC-TEXT-014-ENT-0198,style_formula,尊前,尊前,common_formulae,0.7
CSQP-SFHC-TEXT-014,CSQP-SFHC-TEXT-014-ENT-0199,style_formula,金安,金安,common_formulae,0.7
CSQP-SFHC-TEXT-014,CSQP-SFHC-TEXT-014-ENT-0200,style_formula,平安,平安,safety_formulae,0.7
CSQP-SFHC-TEXT-015,CSQP-SFHC-TEXT-015-ENT-0201,person,外洋陈公,陈公,sender,0.85
CSQP-SFHC-TEXT-015,CSQP-SFHC-TEXT-015-ENT-0202,person,潮汕媳妇,媳妇,recipient,0.85
CSQP-SFHC-TEXT-015,CSQP-SFHC-TEXT-015-ENT-0203,kinship,妻,妻,kinship_terms,0.8
CSQP-SFHC-TEXT-015,CSQP-SFHC-TEXT-015-ENT-0204,kinship,儿,儿,kinship_terms,0.8
CSQP-SFHC-TEXT-015,CSQP-SFHC-TEXT-015-ENT-0205,kinship,媳,媳,kinship_terms,0.8
CSQP-SFHC-TEXT-015,CSQP-SFHC-TEXT-015-ENT-0206,kinship,媳妇,媳妇,kinship_terms,0.8
CSQP-SFHC-TEXT-015,CSQP-SFHC-TEXT-015-ENT-0207,kinship,姑,姑,kinship_terms,0.8
CSQP-SFHC-TEXT-015,CSQP-SFHC-TEXT-015-ENT-0208,date,壬（1932）三月廿日,壬（1932）三月廿日,date_text,0.75
CSQP-SFHC-TEXT-015,CSQP-SFHC-TEXT-015-ENT-0209,date,壬三月廿日 陈公托,壬三月廿日 陈公托,written_date_text,0.75
CSQP-SFHC-TEXT-015,CSQP-SFHC-TEXT-015-ENT-0210,date,1932,1932,year_raw,0.75
CSQP-SFHC-TEXT-015,CSQP-SFHC-TEXT-015-ENT-0211,style_formula,查收,查收,common_formulae,0.7
CSQP-SFHC-TEXT-015,CSQP-SFHC-TEXT-015-ENT-0212,style_formula,付去,付去,remittance_formulae,0.7
CSQP-SFHC-TEXT-015,CSQP-SFHC-TEXT-015-ENT-0213,style_formula,查收,查收,remittance_formulae,0.7
CSQP-SFHC-TEXT-015,CSQP-SFHC-TEXT-015-ENT-0214,style_formula,平安,平安,safety_formulae,0.7
CSQP-SFHC-TEXT-015,CSQP-SFHC-TEXT-015-ENT-0215,style_formula,祈为,祈为,instruction_formulae,0.7
CSQP-SFHC-TEXT-015,CSQP-SFHC-TEXT-015-ENT-0216,style_formula,嘱,嘱,instruction_formulae,0.7
CSQP-SFHC-TEXT-016,CSQP-SFHC-TEXT-016-ENT-0217,person,外洋大专,大专,sender,0.85
CSQP-SFHC-TEXT-016,CSQP-SFHC-TEXT-016-ENT-0218,person,潮汕祖父大人,祖父,recipient,0.85
CSQP-SFHC-TEXT-016,CSQP-SFHC-TEXT-016-ENT-0219,kinship,祖父,祖父,kinship_terms,0.8
CSQP-SFHC-TEXT-016,CSQP-SFHC-TEXT-016-ENT-0220,kinship,兄,兄,kinship_terms,0.8
CSQP-SFHC-TEXT-016,CSQP-SFHC-TEXT-016-ENT-0221,kinship,儿,儿,kinship_terms,0.8
CSQP-SFHC-TEXT-016,CSQP-SFHC-TEXT-016-ENT-0222,kinship,孙,孙,kinship_terms,0.8
CSQP-SFHC-TEXT-016,CSQP-SFHC-TEXT-016-ENT-0223,date,壬申年（1932）六月十一日,壬申年（1932）六月十一日,date_text,0.75
CSQP-SFHC-TEXT-016,CSQP-SFHC-TEXT-016-ENT-0224,date,壬申年六月十一日 孙儿大专叩禀,壬申年六月十一日 孙儿大专叩禀,written_date_text,0.75
CSQP-SFHC-TEXT-016,CSQP-SFHC-TEXT-016-ENT-0225,date,1932,1932,year_raw,0.75
CSQP-SFHC-TEXT-016,CSQP-SFHC-TEXT-016-ENT-0226,style_formula,敬禀者,敬禀者,common_formulae,0.7
CSQP-SFHC-TEXT-016,CSQP-SFHC-TEXT-016-ENT-0227,style_formula,查收,查收,common_formulae,0.7
CSQP-SFHC-TEXT-016,CSQP-SFHC-TEXT-016-ENT-0228,style_formula,金安,金安,common_formulae,0.7
CSQP-SFHC-TEXT-016,CSQP-SFHC-TEXT-016-ENT-0229,style_formula,奉上,奉上,remittance_formulae,0.7
CSQP-SFHC-TEXT-016,CSQP-SFHC-TEXT-016-ENT-0230,style_formula,查收,查收,remittance_formulae,0.7
CSQP-SFHC-TEXT-016,CSQP-SFHC-TEXT-016-ENT-0231,style_formula,平安,平安,safety_formulae,0.7
CSQP-SFHC-TEXT-016,CSQP-SFHC-TEXT-016-ENT-0232,style_formula,嘱,嘱,instruction_formulae,0.7
CSQP-SFHC-TEXT-017,CSQP-SFHC-TEXT-017-ENT-0233,person,越姚丁南,姚丁南,sender,0.85
CSQP-SFHC-TEXT-017,CSQP-SFHC-TEXT-017-ENT-0234,person,潮安南桂家母亲大人,母亲,recipient,0.85
CSQP-SFHC-TEXT-017,CSQP-SFHC-TEXT-017-ENT-0235,kinship,慈亲,慈亲,kinship_terms,0.8
CSQP-SFHC-TEXT-017,CSQP-SFHC-TEXT-017-ENT-0236,kinship,母亲,母亲,kinship_terms,0.8
CSQP-SFHC-TEXT-017,CSQP-SFHC-TEXT-017-ENT-0237,date,癸九月十一日,癸九月十一日,date_text,0.75
CSQP-SFHC-TEXT-017,CSQP-SFHC-TEXT-017-ENT-0238,date,癸九月十一日 姚丁南草,癸九月十一日 姚丁南草,written_date_text,0.75
CSQP-SFHC-TEXT-017,CSQP-SFHC-TEXT-017-ENT-0239,date,1933,1933,year_raw,0.75
CSQP-SFHC-TEXT-017,CSQP-SFHC-TEXT-017-ENT-0240,style_formula,膝下,膝下,common_formulae,0.7
CSQP-SFHC-TEXT-017,CSQP-SFHC-TEXT-017-ENT-0241,style_formula,查收,查收,common_formulae,0.7
CSQP-SFHC-TEXT-017,CSQP-SFHC-TEXT-017-ENT-0242,style_formula,金安,金安,common_formulae,0.7
CSQP-SFHC-TEXT-017,CSQP-SFHC-TEXT-017-ENT-0243,style_formula,查收,查收,remittance_formulae,0.7
CSQP-SFHC-TEXT-018,CSQP-SFHC-TEXT-018-ENT-0244,person,外洋曾大专,曾大专,sender,0.85
CSQP-SFHC-TEXT-018,CSQP-SFHC-TEXT-018-ENT-0245,person,潮汕祖父大人,祖父,recipient,0.85
CSQP-SFHC-TEXT-018,CSQP-SFHC-TEXT-018-ENT-0246,kinship,祖父,祖父,kinship_terms,0.8
CSQP-SFHC-TEXT-018,CSQP-SFHC-TEXT-018-ENT-0247,kinship,儿,儿,kinship_terms,0.8
CSQP-SFHC-TEXT-018,CSQP-SFHC-TEXT-018-ENT-0248,kinship,孙,孙,kinship_terms,0.8
CSQP-SFHC-TEXT-018,CSQP-SFHC-TEXT-018-ENT-0249,date,民国廿三年（1934）元月初五日,民国廿三年（1934）元月初五日,date_text,0.75
CSQP-SFHC-TEXT-018,CSQP-SFHC-TEXT-018-ENT-0250,date,"孙儿曾大专禀
民国廿三年元月初五日","孙儿曾大专禀
民国廿三年元月初五日",written_date_text,0.75
CSQP-SFHC-TEXT-018,CSQP-SFHC-TEXT-018-ENT-0251,date,民国廿三年,民国廿三年,year_raw,0.75
CSQP-SFHC-TEXT-018,CSQP-SFHC-TEXT-018-ENT-0252,style_formula,敬禀者,敬禀者,common_formulae,0.7
CSQP-SFHC-TEXT-018,CSQP-SFHC-TEXT-018-ENT-0253,style_formula,查收,查收,common_formulae,0.7
CSQP-SFHC-TEXT-018,CSQP-SFHC-TEXT-018-ENT-0254,style_formula,金安,金安,common_formulae,0.7
CSQP-SFHC-TEXT-018,CSQP-SFHC-TEXT-018-ENT-0255,style_formula,奉上,奉上,remittance_formulae,0.7
CSQP-SFHC-TEXT-018,CSQP-SFHC-TEXT-018-ENT-0256,style_formula,查收,查收,remittance_formulae,0.7
CSQP-SFHC-TEXT-019,CSQP-SFHC-TEXT-019-ENT-0257,person,呷［马来亚呷坡］林松汉,呷林松汉,sender,0.85
CSQP-SFHC-TEXT-019,CSQP-SFHC-TEXT-019-ENT-0258,person,潮汕家荣泉兄台,家荣泉兄台,recipient,0.85
CSQP-SFHC-TEXT-019,CSQP-SFHC-TEXT-019-ENT-0259,kinship,兄,兄,kinship_terms,0.8
CSQP-SFHC-TEXT-019,CSQP-SFHC-TEXT-019-ENT-0260,date,甲（1934）五月初八日,甲（1934）五月初八日,date_text,0.75
CSQP-SFHC-TEXT-019,CSQP-SFHC-TEXT-019-ENT-0261,date,甲五月初八日 呷林松汉缄,甲五月初八日 呷林松汉缄,written_date_text,0.75
CSQP-SFHC-TEXT-019,CSQP-SFHC-TEXT-019-ENT-0262,date,1934,1934,year_raw,0.75
CSQP-SFHC-TEXT-019,CSQP-SFHC-TEXT-019-ENT-0263,style_formula,查收,查收,common_formulae,0.7
CSQP-SFHC-TEXT-019,CSQP-SFHC-TEXT-019-ENT-0264,style_formula,不一,不一,common_formulae,0.7
CSQP-SFHC-TEXT-019,CSQP-SFHC-TEXT-019-ENT-0265,style_formula,查收,查收,remittance_formulae,0.7
CSQP-SFHC-TEXT-019,CSQP-SFHC-TEXT-019-ENT-0266,style_formula,平安,平安,safety_formulae,0.7
CSQP-SFHC-TEXT-020,CSQP-SFHC-TEXT-020-ENT-0267,person,房亨［马来亚彭亨］北根陈集良,房亨北根陈集良,sender,0.85
CSQP-SFHC-TEXT-020,CSQP-SFHC-TEXT-020-ENT-0268,person,潮安东凤乡陈赞堂先生,乡陈赞堂,recipient,0.85
CSQP-SFHC-TEXT-020,CSQP-SFHC-TEXT-020-ENT-0269,kinship,兄,兄,kinship_terms,0.8
CSQP-SFHC-TEXT-020,CSQP-SFHC-TEXT-020-ENT-0270,kinship,弟,弟,kinship_terms,0.8
CSQP-SFHC-TEXT-020,CSQP-SFHC-TEXT-020-ENT-0271,date,民二十三年（1935）旧历十二月初二日,民二十三年（1935）旧历十二月初二日,date_text,0.75
CSQP-SFHC-TEXT-020,CSQP-SFHC-TEXT-020-ENT-0272,date,"弟集良手上
民二十三年旧历十二月初二日","弟集良手上
民二十三年旧历十二月初二日",written_date_text,0.75
CSQP-SFHC-TEXT-020,CSQP-SFHC-TEXT-020-ENT-0273,date,1935,1935,year_raw,0.75
CSQP-SFHC-TEXT-021,CSQP-SFHC-TEXT-021-ENT-0274,person,外洋南山,南山,sender,0.85
CSQP-SFHC-TEXT-021,CSQP-SFHC-TEXT-021-ENT-0275,person,潮汕父亲大人,父亲,recipient,0.85
CSQP-SFHC-TEXT-021,CSQP-SFHC-TEXT-021-ENT-0276,kinship,父亲,父亲,kinship_terms,0.8
CSQP-SFHC-TEXT-021,CSQP-SFHC-TEXT-021-ENT-0277,kinship,男,男,kinship_terms,0.8
CSQP-SFHC-TEXT-021,CSQP-SFHC-TEXT-021-ENT-0278,kinship,妹,妹,kinship_terms,0.8
CSQP-SFHC-TEXT-021,CSQP-SFHC-TEXT-021-ENT-0279,date,廿四年（1935）六月三号,廿四年（1935）六月三号,date_text,0.75
CSQP-SFHC-TEXT-021,CSQP-SFHC-TEXT-021-ENT-0280,date,廿四年六月三号,廿四年六月三号,written_date_text,0.75
CSQP-SFHC-TEXT-021,CSQP-SFHC-TEXT-021-ENT-0281,date,1935,1935,year_raw,0.75
CSQP-SFHC-TEXT-021,CSQP-SFHC-TEXT-021-ENT-0282,style_formula,福安,福安,common_formulae,0.7
CSQP-SFHC-TEXT-021,CSQP-SFHC-TEXT-021-ENT-0283,style_formula,寄去,寄去,remittance_formulae,0.7
CSQP-SFHC-TEXT-022,CSQP-SFHC-TEXT-022-ENT-0284,person,暹京许卓峰,京许卓峰,sender,0.85
CSQP-SFHC-TEXT-022,CSQP-SFHC-TEXT-022-ENT-0285,person,饶邑隆都家祖母大人,祖母,recipient,0.85
CSQP-SFHC-TEXT-022,CSQP-SFHC-TEXT-022-ENT-0286,kinship,双亲,双亲,kinship_terms,0.8
CSQP-SFHC-TEXT-022,CSQP-SFHC-TEXT-022-ENT-0287,kinship,祖母,祖母,kinship_terms,0.8
CSQP-SFHC-TEXT-022,CSQP-SFHC-TEXT-022-ENT-0288,kinship,家祖,家祖,kinship_terms,0.8
CSQP-SFHC-TEXT-022,CSQP-SFHC-TEXT-022-ENT-0289,kinship,儿,儿,kinship_terms,0.8
CSQP-SFHC-TEXT-022,CSQP-SFHC-TEXT-022-ENT-0290,date,廿四年（1935）九月十四号,廿四年（1935）九月十四号,date_text,0.75
CSQP-SFHC-TEXT-022,CSQP-SFHC-TEXT-022-ENT-0291,date,"儿卓峰泐
廿四年九月十四号","儿卓峰泐
廿四年九月十四号",written_date_text,0.75
CSQP-SFHC-TEXT-022,CSQP-SFHC-TEXT-022-ENT-0292,date,1935,1935,year_raw,0.75
CSQP-SFHC-TEXT-022,CSQP-SFHC-TEXT-022-ENT-0293,style_formula,膝下,膝下,common_formulae,0.7
CSQP-SFHC-TEXT-022,CSQP-SFHC-TEXT-022-ENT-0294,style_formula,祈查收,祈查收,common_formulae,0.7
CSQP-SFHC-TEXT-022,CSQP-SFHC-TEXT-022-ENT-0295,style_formula,至祈查收,至祈查收,common_formulae,0.7
CSQP-SFHC-TEXT-022,CSQP-SFHC-TEXT-022-ENT-0296,style_formula,查收,查收,common_formulae,0.7
CSQP-SFHC-TEXT-022,CSQP-SFHC-TEXT-022-ENT-0297,style_formula,福安,福安,common_formulae,0.7
CSQP-SFHC-TEXT-022,CSQP-SFHC-TEXT-022-ENT-0298,style_formula,寄上,寄上,remittance_formulae,0.7
CSQP-SFHC-TEXT-022,CSQP-SFHC-TEXT-022-ENT-0299,style_formula,奉上,奉上,remittance_formulae,0.7
CSQP-SFHC-TEXT-022,CSQP-SFHC-TEXT-022-ENT-0300,style_formula,查收,查收,remittance_formulae,0.7
CSQP-SFHC-TEXT-022,CSQP-SFHC-TEXT-022-ENT-0301,style_formula,平安,平安,safety_formulae,0.7
CSQP-SFHC-TEXT-023,CSQP-SFHC-TEXT-023-ENT-0302,person,暹镇乾,镇乾,sender,0.85
CSQP-SFHC-TEXT-023,CSQP-SFHC-TEXT-023-ENT-0303,person,饶平隆都吴宅双亲大人,饶平隆都吴宅双亲,recipient,0.85
CSQP-SFHC-TEXT-023,CSQP-SFHC-TEXT-023-ENT-0304,kinship,双亲,双亲,kinship_terms,0.8
CSQP-SFHC-TEXT-023,CSQP-SFHC-TEXT-023-ENT-0305,kinship,儿,儿,kinship_terms,0.8
CSQP-SFHC-TEXT-023,CSQP-SFHC-TEXT-023-ENT-0306,date,中华民国廿四年（1935）十一月十三日,中华民国廿四年（1935）十一月十三日,date_text,0.75
CSQP-SFHC-TEXT-023,CSQP-SFHC-TEXT-023-ENT-0307,date,中华民国廿四【年】十一月十三日 儿镇乾上,中华民国廿四【年】十一月十三日 儿镇乾上,written_date_text,0.75
CSQP-SFHC-TEXT-023,CSQP-SFHC-TEXT-023-ENT-0308,date,民国廿四年,民国廿四年,year_raw,0.75
CSQP-SFHC-TEXT-023,CSQP-SFHC-TEXT-023-ENT-0309,style_formula,敬禀者,敬禀者,common_formulae,0.7
CSQP-SFHC-TEXT-023,CSQP-SFHC-TEXT-023-ENT-0310,style_formula,尊前,尊前,common_formulae,0.7
CSQP-SFHC-TEXT-023,CSQP-SFHC-TEXT-023-ENT-0311,style_formula,查收,查收,common_formulae,0.7
CSQP-SFHC-TEXT-023,CSQP-SFHC-TEXT-023-ENT-0312,style_formula,福安,福安,common_formulae,0.7
CSQP-SFHC-TEXT-023,CSQP-SFHC-TEXT-023-ENT-0313,style_formula,付去,付去,remittance_formulae,0.7
CSQP-SFHC-TEXT-023,CSQP-SFHC-TEXT-023-ENT-0314,style_formula,查收,查收,remittance_formulae,0.7
CSQP-SFHC-TEXT-023,CSQP-SFHC-TEXT-023-ENT-0315,style_formula,勤俭,勤俭,instruction_formulae,0.7
CSQP-SFHC-TEXT-024,CSQP-SFHC-TEXT-024-ENT-0316,person,暹财福,财福,sender,0.85
CSQP-SFHC-TEXT-024,CSQP-SFHC-TEXT-024-ENT-0317,person,汀邑南砂乡林宅慈亲大人,南砂乡林宅慈亲,recipient,0.85
CSQP-SFHC-TEXT-024,CSQP-SFHC-TEXT-024-ENT-0318,kinship,慈亲,慈亲,kinship_terms,0.8
CSQP-SFHC-TEXT-024,CSQP-SFHC-TEXT-024-ENT-0319,kinship,妻,妻,kinship_terms,0.8
CSQP-SFHC-TEXT-024,CSQP-SFHC-TEXT-024-ENT-0320,kinship,儿,儿,kinship_terms,0.8
CSQP-SFHC-TEXT-024,CSQP-SFHC-TEXT-024-ENT-0321,kinship,男,男,kinship_terms,0.8
CSQP-SFHC-TEXT-024,CSQP-SFHC-TEXT-024-ENT-0322,date,乙亥年十月廿二日,乙亥年十月廿二日,date_text,0.75
CSQP-SFHC-TEXT-024,CSQP-SFHC-TEXT-024-ENT-0323,date,乙亥年十月廿二日 男财福禀上,乙亥年十月廿二日 男财福禀上,written_date_text,0.75
CSQP-SFHC-TEXT-024,CSQP-SFHC-TEXT-024-ENT-0324,date,1935,1935,year_raw,0.75
CSQP-SFHC-TEXT-024,CSQP-SFHC-TEXT-024-ENT-0325,style_formula,敬禀者,敬禀者,common_formulae,0.7
CSQP-SFHC-TEXT-024,CSQP-SFHC-TEXT-024-ENT-0326,style_formula,尊前,尊前,common_formulae,0.7
CSQP-SFHC-TEXT-024,CSQP-SFHC-TEXT-024-ENT-0327,style_formula,查收,查收,common_formulae,0.7
CSQP-SFHC-TEXT-024,CSQP-SFHC-TEXT-024-ENT-0328,style_formula,金安,金安,common_formulae,0.7
CSQP-SFHC-TEXT-024,CSQP-SFHC-TEXT-024-ENT-0329,style_formula,不一,不一,common_formulae,0.7
CSQP-SFHC-TEXT-024,CSQP-SFHC-TEXT-024-ENT-0330,style_formula,查收,查收,remittance_formulae,0.7
CSQP-SFHC-TEXT-024,CSQP-SFHC-TEXT-024-ENT-0331,style_formula,安好,安好,safety_formulae,0.7
CSQP-SFHC-TEXT-025,CSQP-SFHC-TEXT-025-ENT-0332,person,外洋永源,永源,sender,0.85
CSQP-SFHC-TEXT-025,CSQP-SFHC-TEXT-025-ENT-0333,person,潮汕大兄,大兄,recipient,0.85
CSQP-SFHC-TEXT-025,CSQP-SFHC-TEXT-025-ENT-0334,kinship,嫂,嫂,kinship_terms,0.8
CSQP-SFHC-TEXT-025,CSQP-SFHC-TEXT-025-ENT-0335,kinship,大嫂,大嫂,kinship_terms,0.8
CSQP-SFHC-TEXT-025,CSQP-SFHC-TEXT-025-ENT-0336,kinship,兄,兄,kinship_terms,0.8
CSQP-SFHC-TEXT-025,CSQP-SFHC-TEXT-025-ENT-0337,kinship,弟,弟,kinship_terms,0.8
CSQP-SFHC-TEXT-025,CSQP-SFHC-TEXT-025-ENT-0338,kinship,儿,儿,kinship_terms,0.8
CSQP-SFHC-TEXT-025,CSQP-SFHC-TEXT-025-ENT-0339,kinship,男,男,kinship_terms,0.8
CSQP-SFHC-TEXT-025,CSQP-SFHC-TEXT-025-ENT-0340,kinship,侄,侄,kinship_terms,0.8
CSQP-SFHC-TEXT-025,CSQP-SFHC-TEXT-025-ENT-0341,kinship,姐,姐,kinship_terms,0.8
CSQP-SFHC-TEXT-025,CSQP-SFHC-TEXT-025-ENT-0342,date,中华民国乙年（1935）十月廿日,中华民国乙年（1935）十月廿日,date_text,0.75
CSQP-SFHC-TEXT-025,CSQP-SFHC-TEXT-025-ENT-0343,date,1935,1935,year_raw,0.75
CSQP-SFHC-TEXT-025,CSQP-SFHC-TEXT-025-ENT-0344,style_formula,查收,查收,common_formulae,0.7
CSQP-SFHC-TEXT-025,CSQP-SFHC-TEXT-025-ENT-0345,style_formula,查收,查收,remittance_formulae,0.7
CSQP-SFHC-TEXT-026,CSQP-SFHC-TEXT-026-ENT-0346,person,外洋林荣泉,林荣泉,sender,0.85
CSQP-SFHC-TEXT-026,CSQP-SFHC-TEXT-026-ENT-0347,person,潮汕朝晋胞弟,朝晋胞弟,recipient,0.85
CSQP-SFHC-TEXT-026,CSQP-SFHC-TEXT-026-ENT-0348,kinship,兄,兄,kinship_terms,0.8
CSQP-SFHC-TEXT-026,CSQP-SFHC-TEXT-026-ENT-0349,kinship,弟,弟,kinship_terms,0.8
CSQP-SFHC-TEXT-026,CSQP-SFHC-TEXT-026-ENT-0350,date,甲七月初五日（1936前）,甲七月初五日（1936前）,date_text,0.75
CSQP-SFHC-TEXT-026,CSQP-SFHC-TEXT-026-ENT-0351,date,甲七月初五日寄,甲七月初五日寄,written_date_text,0.75
CSQP-SFHC-TEXT-026,CSQP-SFHC-TEXT-026-ENT-0352,date,1936前,1936前,year_raw,0.75
CSQP-SFHC-TEXT-026,CSQP-SFHC-TEXT-026-ENT-0353,style_formula,查收,查收,common_formulae,0.7
CSQP-SFHC-TEXT-026,CSQP-SFHC-TEXT-026-ENT-0354,style_formula,金安,金安,common_formulae,0.7
CSQP-SFHC-TEXT-026,CSQP-SFHC-TEXT-026-ENT-0355,style_formula,不一,不一,common_formulae,0.7
CSQP-SFHC-TEXT-026,CSQP-SFHC-TEXT-026-ENT-0356,style_formula,付去,付去,remittance_formulae,0.7
CSQP-SFHC-TEXT-026,CSQP-SFHC-TEXT-026-ENT-0357,style_formula,查收,查收,remittance_formulae,0.7
CSQP-SFHC-TEXT-026,CSQP-SFHC-TEXT-026-ENT-0358,style_formula,平安,平安,safety_formulae,0.7
CSQP-SFHC-TEXT-027,CSQP-SFHC-TEXT-027-ENT-0359,person,［暹］大弟,大弟,sender,0.85
CSQP-SFHC-TEXT-027,CSQP-SFHC-TEXT-027-ENT-0360,person,［澄莲中余宅］荆妻李氏,荆妻李氏,recipient,0.85
CSQP-SFHC-TEXT-027,CSQP-SFHC-TEXT-027-ENT-0361,kinship,弟,弟,kinship_terms,0.8
CSQP-SFHC-TEXT-027,CSQP-SFHC-TEXT-027-ENT-0362,kinship,妻,妻,kinship_terms,0.8
CSQP-SFHC-TEXT-027,CSQP-SFHC-TEXT-027-ENT-0363,kinship,荆妻,荆妻,kinship_terms,0.8
CSQP-SFHC-TEXT-027,CSQP-SFHC-TEXT-027-ENT-0364,kinship,儿,儿,kinship_terms,0.8
CSQP-SFHC-TEXT-027,CSQP-SFHC-TEXT-027-ENT-0365,date,甲九月廿五日（1936前）,甲九月廿五日（1936前）,date_text,0.75
CSQP-SFHC-TEXT-027,CSQP-SFHC-TEXT-027-ENT-0366,date,甲九月廿五日 夫大弟字,甲九月廿五日 夫大弟字,written_date_text,0.75
CSQP-SFHC-TEXT-027,CSQP-SFHC-TEXT-027-ENT-0367,date,1936前,1936前,year_raw,0.75
CSQP-SFHC-TEXT-027,CSQP-SFHC-TEXT-027-ENT-0368,style_formula,查收,查收,common_formulae,0.7
CSQP-SFHC-TEXT-027,CSQP-SFHC-TEXT-027-ENT-0369,style_formula,付去,付去,remittance_formulae,0.7
CSQP-SFHC-TEXT-027,CSQP-SFHC-TEXT-027-ENT-0370,style_formula,查收,查收,remittance_formulae,0.7
CSQP-SFHC-TEXT-027,CSQP-SFHC-TEXT-027-ENT-0371,style_formula,平安,平安,safety_formulae,0.7
CSQP-SFHC-TEXT-027,CSQP-SFHC-TEXT-027-ENT-0372,style_formula,嘱,嘱,instruction_formulae,0.7
CSQP-SFHC-TEXT-027,CSQP-SFHC-TEXT-027-ENT-0373,style_formula,教训,教训,instruction_formulae,0.7
CSQP-SFHC-TEXT-028,CSQP-SFHC-TEXT-028-ENT-0374,person,外洋丘明正,丘明正,sender,0.85
CSQP-SFHC-TEXT-028,CSQP-SFHC-TEXT-028-ENT-0375,person,潮汕岳祖母、岳慈亲,岳祖母、岳慈亲,recipient,0.85
CSQP-SFHC-TEXT-028,CSQP-SFHC-TEXT-028-ENT-0376,kinship,慈亲,慈亲,kinship_terms,0.8
CSQP-SFHC-TEXT-028,CSQP-SFHC-TEXT-028-ENT-0377,kinship,祖母,祖母,kinship_terms,0.8
CSQP-SFHC-TEXT-028,CSQP-SFHC-TEXT-028-ENT-0378,kinship,岳祖母,岳祖母,kinship_terms,0.8
CSQP-SFHC-TEXT-028,CSQP-SFHC-TEXT-028-ENT-0379,kinship,岳慈亲,岳慈亲,kinship_terms,0.8
CSQP-SFHC-TEXT-028,CSQP-SFHC-TEXT-028-ENT-0380,kinship,妻,妻,kinship_terms,0.8
CSQP-SFHC-TEXT-028,CSQP-SFHC-TEXT-028-ENT-0381,date,乙四月初五日（1936前）,乙四月初五日（1936前）,date_text,0.75
CSQP-SFHC-TEXT-028,CSQP-SFHC-TEXT-028-ENT-0382,date,1936前,1936前,year_raw,0.75
CSQP-SFHC-TEXT-028,CSQP-SFHC-TEXT-028-ENT-0383,style_formula,尊前,尊前,common_formulae,0.7
CSQP-SFHC-TEXT-028,CSQP-SFHC-TEXT-028-ENT-0384,style_formula,谨禀,谨禀,common_formulae,0.7
CSQP-SFHC-TEXT-028,CSQP-SFHC-TEXT-028-ENT-0385,style_formula,查收,查收,common_formulae,0.7
CSQP-SFHC-TEXT-028,CSQP-SFHC-TEXT-028-ENT-0386,style_formula,金安,金安,common_formulae,0.7
CSQP-SFHC-TEXT-028,CSQP-SFHC-TEXT-028-ENT-0387,style_formula,福安,福安,common_formulae,0.7
CSQP-SFHC-TEXT-028,CSQP-SFHC-TEXT-028-ENT-0388,style_formula,奉上,奉上,remittance_formulae,0.7
CSQP-SFHC-TEXT-028,CSQP-SFHC-TEXT-028-ENT-0389,style_formula,查收,查收,remittance_formulae,0.7
CSQP-SFHC-TEXT-028,CSQP-SFHC-TEXT-028-ENT-0390,style_formula,平安,平安,safety_formulae,0.7
CSQP-SFHC-TEXT-028,CSQP-SFHC-TEXT-028-ENT-0391,style_formula,嘱,嘱,instruction_formulae,0.7
CSQP-SFHC-TEXT-029,CSQP-SFHC-TEXT-029-ENT-0392,person,越陈国保,陈国保,sender,0.85
CSQP-SFHC-TEXT-029,CSQP-SFHC-TEXT-029-ENT-0393,person,澄邑程洋岗家慈亲老大人,慈亲老,recipient,0.85
CSQP-SFHC-TEXT-029,CSQP-SFHC-TEXT-029-ENT-0394,kinship,慈亲,慈亲,kinship_terms,0.8
CSQP-SFHC-TEXT-029,CSQP-SFHC-TEXT-029-ENT-0395,kinship,兄,兄,kinship_terms,0.8
CSQP-SFHC-TEXT-029,CSQP-SFHC-TEXT-029-ENT-0396,kinship,弟,弟,kinship_terms,0.8
CSQP-SFHC-TEXT-029,CSQP-SFHC-TEXT-029-ENT-0397,kinship,儿,儿,kinship_terms,0.8
CSQP-SFHC-TEXT-029,CSQP-SFHC-TEXT-029-ENT-0398,kinship,男,男,kinship_terms,0.8
CSQP-SFHC-TEXT-029,CSQP-SFHC-TEXT-029-ENT-0399,date,乙六月初八日,乙六月初八日,date_text,0.75
CSQP-SFHC-TEXT-029,CSQP-SFHC-TEXT-029-ENT-0400,date,1936前,1936前,year_raw,0.75
CSQP-SFHC-TEXT-029,CSQP-SFHC-TEXT-029-ENT-0401,style_formula,查收,查收,common_formulae,0.7
CSQP-SFHC-TEXT-029,CSQP-SFHC-TEXT-029-ENT-0402,style_formula,寄去,寄去,remittance_formulae,0.7
CSQP-SFHC-TEXT-029,CSQP-SFHC-TEXT-029-ENT-0403,style_formula,查收,查收,remittance_formulae,0.7
CSQP-SFHC-TEXT-030,CSQP-SFHC-TEXT-030-ENT-0404,person,逞大弟,逞大弟,sender,0.85
CSQP-SFHC-TEXT-030,CSQP-SFHC-TEXT-030-ENT-0405,person,澄莲中余宅荆妻李氏,中余宅荆妻李氏,recipient,0.85
CSQP-SFHC-TEXT-030,CSQP-SFHC-TEXT-030-ENT-0406,kinship,弟,弟,kinship_terms,0.8
CSQP-SFHC-TEXT-030,CSQP-SFHC-TEXT-030-ENT-0407,kinship,妻,妻,kinship_terms,0.8
CSQP-SFHC-TEXT-030,CSQP-SFHC-TEXT-030-ENT-0408,kinship,荆妻,荆妻,kinship_terms,0.8
CSQP-SFHC-TEXT-030,CSQP-SFHC-TEXT-030-ENT-0409,kinship,儿,儿,kinship_terms,0.8
CSQP-SFHC-TEXT-030,CSQP-SFHC-TEXT-030-ENT-0410,date,庚七月十九日,庚七月十九日,date_text,0.75
CSQP-SFHC-TEXT-030,CSQP-SFHC-TEXT-030-ENT-0411,date,"夫大弟字
庚七月十九日","夫大弟字
庚七月十九日",written_date_text,0.75
CSQP-SFHC-TEXT-030,CSQP-SFHC-TEXT-030-ENT-0412,date,1936前,1936前,year_raw,0.75
CSQP-SFHC-TEXT-030,CSQP-SFHC-TEXT-030-ENT-0413,style_formula,查收,查收,common_formulae,0.7
CSQP-SFHC-TEXT-030,CSQP-SFHC-TEXT-030-ENT-0414,style_formula,不一,不一,common_formulae,0.7
CSQP-SFHC-TEXT-030,CSQP-SFHC-TEXT-030-ENT-0415,style_formula,付去,付去,remittance_formulae,0.7
CSQP-SFHC-TEXT-030,CSQP-SFHC-TEXT-030-ENT-0416,style_formula,查收,查收,remittance_formulae,0.7
CSQP-SFHC-TEXT-030,CSQP-SFHC-TEXT-030-ENT-0417,style_formula,平安,平安,safety_formulae,0.7
CSQP-SFHC-TEXT-030,CSQP-SFHC-TEXT-030-ENT-0418,style_formula,嘱,嘱,instruction_formulae,0.7
CSQP-SFHC-TEXT-030,CSQP-SFHC-TEXT-030-ENT-0419,style_formula,教训,教训,instruction_formulae,0.7
CSQP-SFHC-TEXT-031,CSQP-SFHC-TEXT-031-ENT-0420,person,外洋李来盛,李来盛,sender,0.85
CSQP-SFHC-TEXT-031,CSQP-SFHC-TEXT-031-ENT-0421,person,潮汕大姊,大姊,recipient,0.85
CSQP-SFHC-TEXT-031,CSQP-SFHC-TEXT-031-ENT-0422,kinship,弟,弟,kinship_terms,0.8
CSQP-SFHC-TEXT-031,CSQP-SFHC-TEXT-031-ENT-0423,kinship,姊,姊,kinship_terms,0.8
CSQP-SFHC-TEXT-031,CSQP-SFHC-TEXT-031-ENT-0424,date,庚完月（十二月）十二日（1936前）,庚完月（十二月）十二日（1936前）,date_text,0.75
CSQP-SFHC-TEXT-031,CSQP-SFHC-TEXT-031-ENT-0425,date,"愚小弟李来盛手上
庚完月十二日","愚小弟李来盛手上
庚完月十二日",written_date_text,0.75
CSQP-SFHC-TEXT-031,CSQP-SFHC-TEXT-031-ENT-0426,date,1936前,1936前,year_raw,0.75
CSQP-SFHC-TEXT-031,CSQP-SFHC-TEXT-031-ENT-0427,style_formula,奉上,奉上,remittance_formulae,0.7
CSQP-SFHC-TEXT-031,CSQP-SFHC-TEXT-031-ENT-0428,style_formula,须,须,instruction_formulae,0.7
CSQP-SFHC-TEXT-031,CSQP-SFHC-TEXT-031-ENT-0429,style_formula,嘱,嘱,instruction_formulae,0.7
CSQP-SFHC-TEXT-031,CSQP-SFHC-TEXT-031-ENT-0430,style_formula,勤俭,勤俭,instruction_formulae,0.7
CSQP-SFHC-TEXT-032,CSQP-SFHC-TEXT-032-ENT-0431,person,外洋陈进保,陈进保,sender,0.85
CSQP-SFHC-TEXT-032,CSQP-SFHC-TEXT-032-ENT-0432,person,潮汕慈亲大人,慈亲,recipient,0.85
CSQP-SFHC-TEXT-032,CSQP-SFHC-TEXT-032-ENT-0433,kinship,慈亲,慈亲,kinship_terms,0.8
CSQP-SFHC-TEXT-032,CSQP-SFHC-TEXT-032-ENT-0434,kinship,男,男,kinship_terms,0.8
CSQP-SFHC-TEXT-032,CSQP-SFHC-TEXT-032-ENT-0435,date,辛七月初七日（1936前）,辛七月初七日（1936前）,date_text,0.75
CSQP-SFHC-TEXT-032,CSQP-SFHC-TEXT-032-ENT-0436,date,"男陈进保顿
辛七月初七日","男陈进保顿
辛七月初七日",written_date_text,0.75
CSQP-SFHC-TEXT-032,CSQP-SFHC-TEXT-032-ENT-0437,date,1936前,1936前,year_raw,0.75
CSQP-SFHC-TEXT-032,CSQP-SFHC-TEXT-032-ENT-0438,style_formula,查收,查收,common_formulae,0.7
CSQP-SFHC-TEXT-032,CSQP-SFHC-TEXT-032-ENT-0439,style_formula,福安,福安,common_formulae,0.7
CSQP-SFHC-TEXT-032,CSQP-SFHC-TEXT-032-ENT-0440,style_formula,查收,查收,remittance_formulae,0.7
CSQP-SFHC-TEXT-032,CSQP-SFHC-TEXT-032-ENT-0441,style_formula,平安,平安,safety_formulae,0.7
CSQP-SFHC-TEXT-033,CSQP-SFHC-TEXT-033-ENT-0442,person,逞来镇,逞来镇,sender,0.85
CSQP-SFHC-TEXT-033,CSQP-SFHC-TEXT-033-ENT-0443,person,潮安鹳塘乡刘氏贤妻,鹳塘乡刘氏,recipient,0.85
CSQP-SFHC-TEXT-033,CSQP-SFHC-TEXT-033-ENT-0444,kinship,妻,妻,kinship_terms,0.8
CSQP-SFHC-TEXT-033,CSQP-SFHC-TEXT-033-ENT-0445,kinship,贤妻,贤妻,kinship_terms,0.8
CSQP-SFHC-TEXT-033,CSQP-SFHC-TEXT-033-ENT-0446,date,癸十月廿五日,癸十月廿五日,date_text,0.75
CSQP-SFHC-TEXT-033,CSQP-SFHC-TEXT-033-ENT-0447,date,1936前,1936前,year_raw,0.75
CSQP-SFHC-TEXT-034,CSQP-SFHC-TEXT-034-ENT-0448,person,逞曾大专,逞曾大专,sender,0.85
CSQP-SFHC-TEXT-034,CSQP-SFHC-TEXT-034-ENT-0449,person,汀邑中外区家祖父大人,祖父,recipient,0.85
CSQP-SFHC-TEXT-034,CSQP-SFHC-TEXT-034-ENT-0450,kinship,祖父,祖父,kinship_terms,0.8
CSQP-SFHC-TEXT-034,CSQP-SFHC-TEXT-034-ENT-0451,kinship,家祖,家祖,kinship_terms,0.8
CSQP-SFHC-TEXT-034,CSQP-SFHC-TEXT-034-ENT-0452,kinship,弟,弟,kinship_terms,0.8
CSQP-SFHC-TEXT-034,CSQP-SFHC-TEXT-034-ENT-0453,kinship,孙,孙,kinship_terms,0.8
CSQP-SFHC-TEXT-034,CSQP-SFHC-TEXT-034-ENT-0454,date,二月初八日,二月初八日,date_text,0.75
CSQP-SFHC-TEXT-034,CSQP-SFHC-TEXT-034-ENT-0455,date,"孙大专禀
二月初八日","孙大专禀
二月初八日",written_date_text,0.75
CSQP-SFHC-TEXT-034,CSQP-SFHC-TEXT-034-ENT-0456,date,1936前,1936前,year_raw,0.75
CSQP-SFHC-TEXT-034,CSQP-SFHC-TEXT-034-ENT-0457,style_formula,付去,付去,remittance_formulae,0.7
CSQP-SFHC-TEXT-035,CSQP-SFHC-TEXT-035-ENT-0458,person,外洋什美馥,什美馥,sender,0.85
CSQP-SFHC-TEXT-035,CSQP-SFHC-TEXT-035-ENT-0459,person,潮汕母亲大人,母亲,recipient,0.85
CSQP-SFHC-TEXT-035,CSQP-SFHC-TEXT-035-ENT-0460,kinship,母亲,母亲,kinship_terms,0.8
CSQP-SFHC-TEXT-035,CSQP-SFHC-TEXT-035-ENT-0461,kinship,男,男,kinship_terms,0.8
CSQP-SFHC-TEXT-035,CSQP-SFHC-TEXT-035-ENT-0462,date,七月四日（1936前）,七月四日（1936前）,date_text,0.75
CSQP-SFHC-TEXT-035,CSQP-SFHC-TEXT-035-ENT-0463,date,1936前,1936前,year_raw,0.75
CSQP-SFHC-TEXT-035,CSQP-SFHC-TEXT-035-ENT-0464,style_formula,敬禀者,敬禀者,common_formulae,0.7
CSQP-SFHC-TEXT-035,CSQP-SFHC-TEXT-035-ENT-0465,style_formula,查收,查收,common_formulae,0.7
CSQP-SFHC-TEXT-035,CSQP-SFHC-TEXT-035-ENT-0466,style_formula,金安,金安,common_formulae,0.7
CSQP-SFHC-TEXT-035,CSQP-SFHC-TEXT-035-ENT-0467,style_formula,查收,查收,remittance_formulae,0.7
CSQP-SFHC-TEXT-035,CSQP-SFHC-TEXT-035-ENT-0468,style_formula,不可,不可,instruction_formulae,0.7
CSQP-SFHC-TEXT-036,CSQP-SFHC-TEXT-036-ENT-0469,person,麻坡陈弟咱,麻坡陈弟咱,sender,0.85
CSQP-SFHC-TEXT-036,CSQP-SFHC-TEXT-036-ENT-0470,person,潮安东风家绵浩胞兄,东风家绵浩胞兄,recipient,0.85
CSQP-SFHC-TEXT-036,CSQP-SFHC-TEXT-036-ENT-0471,kinship,兄,兄,kinship_terms,0.8
CSQP-SFHC-TEXT-036,CSQP-SFHC-TEXT-036-ENT-0472,kinship,弟,弟,kinship_terms,0.8
CSQP-SFHC-TEXT-036,CSQP-SFHC-TEXT-036-ENT-0473,date,八月初一,八月初一,date_text,0.75
CSQP-SFHC-TEXT-036,CSQP-SFHC-TEXT-036-ENT-0474,date,弟弟年 八月初乙（一）顿,弟弟年 八月初乙（一）顿,written_date_text,0.75
CSQP-SFHC-TEXT-036,CSQP-SFHC-TEXT-036-ENT-0475,date,1936前,1936前,year_raw,0.75
CSQP-SFHC-TEXT-036,CSQP-SFHC-TEXT-036-ENT-0476,style_formula,不可,不可,instruction_formulae,0.7
CSQP-SFHC-TEXT-037,CSQP-SFHC-TEXT-037-ENT-0477,person,外洋雄才,雄才,sender,0.85
CSQP-SFHC-TEXT-037,CSQP-SFHC-TEXT-037-ENT-0478,person,潮汕母亲大人,母亲,recipient,0.85
CSQP-SFHC-TEXT-037,CSQP-SFHC-TEXT-037-ENT-0479,kinship,母亲,母亲,kinship_terms,0.8
CSQP-SFHC-TEXT-037,CSQP-SFHC-TEXT-037-ENT-0480,kinship,父亲,父亲,kinship_terms,0.8
CSQP-SFHC-TEXT-037,CSQP-SFHC-TEXT-037-ENT-0481,kinship,兄,兄,kinship_terms,0.8
CSQP-SFHC-TEXT-037,CSQP-SFHC-TEXT-037-ENT-0482,kinship,儿,儿,kinship_terms,0.8
CSQP-SFHC-TEXT-037,CSQP-SFHC-TEXT-037-ENT-0483,kinship,男,男,kinship_terms,0.8
CSQP-SFHC-TEXT-037,CSQP-SFHC-TEXT-037-ENT-0484,date,八月廿五日（1936前）,八月廿五日（1936前）,date_text,0.75
CSQP-SFHC-TEXT-037,CSQP-SFHC-TEXT-037-ENT-0485,date,1936前,1936前,year_raw,0.75
CSQP-SFHC-TEXT-037,CSQP-SFHC-TEXT-037-ENT-0486,style_formula,敬禀者,敬禀者,common_formulae,0.7
CSQP-SFHC-TEXT-037,CSQP-SFHC-TEXT-037-ENT-0487,style_formula,膝下,膝下,common_formulae,0.7
CSQP-SFHC-TEXT-037,CSQP-SFHC-TEXT-037-ENT-0488,style_formula,谨禀,谨禀,common_formulae,0.7
CSQP-SFHC-TEXT-037,CSQP-SFHC-TEXT-037-ENT-0489,style_formula,金安,金安,common_formulae,0.7
CSQP-SFHC-TEXT-037,CSQP-SFHC-TEXT-037-ENT-0490,style_formula,容后,容后,common_formulae,0.7
CSQP-SFHC-TEXT-037,CSQP-SFHC-TEXT-037-ENT-0491,style_formula,奉上,奉上,remittance_formulae,0.7
CSQP-SFHC-TEXT-037,CSQP-SFHC-TEXT-037-ENT-0492,style_formula,平安,平安,safety_formulae,0.7
CSQP-SFHC-TEXT-037,CSQP-SFHC-TEXT-037-ENT-0493,style_formula,切勿,切勿,instruction_formulae,0.7
CSQP-SFHC-TEXT-037,CSQP-SFHC-TEXT-037-ENT-0494,style_formula,须,须,instruction_formulae,0.7
CSQP-SFHC-TEXT-037,CSQP-SFHC-TEXT-037-ENT-0495,style_formula,不可,不可,instruction_formulae,0.7
CSQP-SFHC-TEXT-038,CSQP-SFHC-TEXT-038-ENT-0496,person,叻曾清鉴,曾,sender,0.85
CSQP-SFHC-TEXT-038,CSQP-SFHC-TEXT-038-ENT-0497,person,潮安凤廓新乡郭财和先生,凤廓新乡郭财和,recipient,0.85
CSQP-SFHC-TEXT-038,CSQP-SFHC-TEXT-038-ENT-0498,kinship,慈亲,慈亲,kinship_terms,0.8
CSQP-SFHC-TEXT-038,CSQP-SFHC-TEXT-038-ENT-0499,date,十月初六日,十月初六日,date_text,0.75
CSQP-SFHC-TEXT-038,CSQP-SFHC-TEXT-038-ENT-0500,date,"女巧贞谨上
十月初六日","女巧贞谨上
十月初六日",written_date_text,0.75
CSQP-SFHC-TEXT-038,CSQP-SFHC-TEXT-038-ENT-0501,date,1936前,1936前,year_raw,0.75
CSQP-SFHC-TEXT-038,CSQP-SFHC-TEXT-038-ENT-0502,style_formula,尊前,尊前,common_formulae,0.7
CSQP-SFHC-TEXT-038,CSQP-SFHC-TEXT-038-ENT-0503,style_formula,金安,金安,common_formulae,0.7
CSQP-SFHC-TEXT-039,CSQP-SFHC-TEXT-039-ENT-0504,person,叻陈喜炎,陈喜炎,sender,0.85
CSQP-SFHC-TEXT-039,CSQP-SFHC-TEXT-039-ENT-0505,person,潮安东风乡陈镇炎胞兄,东风乡陈镇炎胞兄,recipient,0.85
CSQP-SFHC-TEXT-039,CSQP-SFHC-TEXT-039-ENT-0506,kinship,兄,兄,kinship_terms,0.8
CSQP-SFHC-TEXT-039,CSQP-SFHC-TEXT-039-ENT-0507,date,阳月十七日,阳月十七日,date_text,0.75
CSQP-SFHC-TEXT-039,CSQP-SFHC-TEXT-039-ENT-0508,date,1936前,1936前,year_raw,0.75
CSQP-SFHC-TEXT-040,CSQP-SFHC-TEXT-040-ENT-0509,person,外洋男,外洋男,sender,0.85
CSQP-SFHC-TEXT-040,CSQP-SFHC-TEXT-040-ENT-0510,person,潮汕母亲大人,母亲,recipient,0.85
CSQP-SFHC-TEXT-040,CSQP-SFHC-TEXT-040-ENT-0511,kinship,母亲,母亲,kinship_terms,0.8
CSQP-SFHC-TEXT-040,CSQP-SFHC-TEXT-040-ENT-0512,kinship,男,男,kinship_terms,0.8
CSQP-SFHC-TEXT-040,CSQP-SFHC-TEXT-040-ENT-0513,kinship,妹,妹,kinship_terms,0.8
CSQP-SFHC-TEXT-040,CSQP-SFHC-TEXT-040-ENT-0514,date,闰月廿一日（1936前）,闰月廿一日（1936前）,date_text,0.75
CSQP-SFHC-TEXT-040,CSQP-SFHC-TEXT-040-ENT-0515,date,1936前,1936前,year_raw,0.75
CSQP-SFHC-TEXT-040,CSQP-SFHC-TEXT-040-ENT-0516,style_formula,谨禀,谨禀,common_formulae,0.7
CSQP-SFHC-TEXT-040,CSQP-SFHC-TEXT-040-ENT-0517,style_formula,金安,金安,common_formulae,0.7
CSQP-SFHC-TEXT-040,CSQP-SFHC-TEXT-040-ENT-0518,style_formula,寄去,寄去,remittance_formulae,0.7
CSQP-SFHC-TEXT-040,CSQP-SFHC-TEXT-040-ENT-0519,style_formula,须,须,instruction_formulae,0.7
CSQP-SFHC-TEXT-041,CSQP-SFHC-TEXT-041-ENT-0520,person,叻李开源,李开源,sender,0.85
CSQP-SFHC-TEXT-041,CSQP-SFHC-TEXT-041-ENT-0521,person,潮安急水陈振平贤弟,急水陈振平贤弟,recipient,0.85
CSQP-SFHC-TEXT-041,CSQP-SFHC-TEXT-041-ENT-0522,kinship,弟,弟,kinship_terms,0.8
CSQP-SFHC-TEXT-041,CSQP-SFHC-TEXT-041-ENT-0523,date,不详,不详,date_text,0.75
CSQP-SFHC-TEXT-041,CSQP-SFHC-TEXT-041-ENT-0524,date,1936前,1936前,year_raw,0.75
CSQP-SFHC-TEXT-042,CSQP-SFHC-TEXT-042-ENT-0525,person,外洋大才,大才,sender,0.85
CSQP-SFHC-TEXT-042,CSQP-SFHC-TEXT-042-ENT-0526,person,潮汕祖父大人,祖父,recipient,0.85
CSQP-SFHC-TEXT-042,CSQP-SFHC-TEXT-042-ENT-0527,kinship,祖父,祖父,kinship_terms,0.8
CSQP-SFHC-TEXT-042,CSQP-SFHC-TEXT-042-ENT-0528,kinship,孙,孙,kinship_terms,0.8
CSQP-SFHC-TEXT-042,CSQP-SFHC-TEXT-042-ENT-0529,date,廿五年（1936）元月初七日,廿五年（1936）元月初七日,date_text,0.75
CSQP-SFHC-TEXT-042,CSQP-SFHC-TEXT-042-ENT-0530,date,"孙大才顿
廿五年元月初七日","孙大才顿
廿五年元月初七日",written_date_text,0.75
CSQP-SFHC-TEXT-042,CSQP-SFHC-TEXT-042-ENT-0531,date,1936,1936,year_raw,0.75
CSQP-SFHC-TEXT-042,CSQP-SFHC-TEXT-042-ENT-0532,style_formula,查收,查收,common_formulae,0.7
CSQP-SFHC-TEXT-042,CSQP-SFHC-TEXT-042-ENT-0533,style_formula,付去,付去,remittance_formulae,0.7
CSQP-SFHC-TEXT-042,CSQP-SFHC-TEXT-042-ENT-0534,style_formula,查收,查收,remittance_formulae,0.7
CSQP-SFHC-TEXT-042,CSQP-SFHC-TEXT-042-ENT-0535,style_formula,平安,平安,safety_formulae,0.7
CSQP-SFHC-TEXT-042,CSQP-SFHC-TEXT-042-ENT-0536,style_formula,须,须,instruction_formulae,0.7
CSQP-SFHC-TEXT-043,CSQP-SFHC-TEXT-043-ENT-0537,person,外洋大专,大专,sender,0.85
CSQP-SFHC-TEXT-043,CSQP-SFHC-TEXT-043-ENT-0538,person,潮汕祖父大人,祖父,recipient,0.85
CSQP-SFHC-TEXT-043,CSQP-SFHC-TEXT-043-ENT-0539,kinship,祖父,祖父,kinship_terms,0.8
CSQP-SFHC-TEXT-043,CSQP-SFHC-TEXT-043-ENT-0540,kinship,孙,孙,kinship_terms,0.8
CSQP-SFHC-TEXT-043,CSQP-SFHC-TEXT-043-ENT-0541,date,丙（1936）六月廿日,丙（1936）六月廿日,date_text,0.75
CSQP-SFHC-TEXT-043,CSQP-SFHC-TEXT-043-ENT-0542,date,"孙大专顿
丙六月廿日","孙大专顿
丙六月廿日",written_date_text,0.75
CSQP-SFHC-TEXT-043,CSQP-SFHC-TEXT-043-ENT-0543,date,1936,1936,year_raw,0.75
CSQP-SFHC-TEXT-043,CSQP-SFHC-TEXT-043-ENT-0544,style_formula,尊前,尊前,common_formulae,0.7
CSQP-SFHC-TEXT-043,CSQP-SFHC-TEXT-043-ENT-0545,style_formula,查收,查收,common_formulae,0.7
CSQP-SFHC-TEXT-043,CSQP-SFHC-TEXT-043-ENT-0546,style_formula,金安,金安,common_formulae,0.7
CSQP-SFHC-TEXT-043,CSQP-SFHC-TEXT-043-ENT-0547,style_formula,奉上,奉上,remittance_formulae,0.7
CSQP-SFHC-TEXT-043,CSQP-SFHC-TEXT-043-ENT-0548,style_formula,查收,查收,remittance_formulae,0.7
CSQP-SFHC-TEXT-043,CSQP-SFHC-TEXT-043-ENT-0549,style_formula,平安,平安,safety_formulae,0.7
CSQP-SFHC-TEXT-044,CSQP-SFHC-TEXT-044-ENT-0550,person,外洋丁南,丁南,sender,0.85
CSQP-SFHC-TEXT-044,CSQP-SFHC-TEXT-044-ENT-0551,person,潮汕母亲大人,母亲,recipient,0.85
CSQP-SFHC-TEXT-044,CSQP-SFHC-TEXT-044-ENT-0552,kinship,母亲,母亲,kinship_terms,0.8
CSQP-SFHC-TEXT-044,CSQP-SFHC-TEXT-044-ENT-0553,kinship,兄,兄,kinship_terms,0.8
CSQP-SFHC-TEXT-044,CSQP-SFHC-TEXT-044-ENT-0554,kinship,儿,儿,kinship_terms,0.8
CSQP-SFHC-TEXT-044,CSQP-SFHC-TEXT-044-ENT-0555,date,丙（1936）六月廿四日,丙（1936）六月廿四日,date_text,0.75
CSQP-SFHC-TEXT-044,CSQP-SFHC-TEXT-044-ENT-0556,date,"儿丁南缄
丙六月廿四日","儿丁南缄
丙六月廿四日",written_date_text,0.75
CSQP-SFHC-TEXT-044,CSQP-SFHC-TEXT-044-ENT-0557,date,1936,1936,year_raw,0.75
CSQP-SFHC-TEXT-044,CSQP-SFHC-TEXT-044-ENT-0558,style_formula,敬禀者,敬禀者,common_formulae,0.7
CSQP-SFHC-TEXT-044,CSQP-SFHC-TEXT-044-ENT-0559,style_formula,尊前,尊前,common_formulae,0.7
CSQP-SFHC-TEXT-044,CSQP-SFHC-TEXT-044-ENT-0560,style_formula,查收,查收,common_formulae,0.7
CSQP-SFHC-TEXT-044,CSQP-SFHC-TEXT-044-ENT-0561,style_formula,金安,金安,common_formulae,0.7
CSQP-SFHC-TEXT-044,CSQP-SFHC-TEXT-044-ENT-0562,style_formula,不一,不一,common_formulae,0.7
CSQP-SFHC-TEXT-044,CSQP-SFHC-TEXT-044-ENT-0563,style_formula,容后,容后,common_formulae,0.7
CSQP-SFHC-TEXT-044,CSQP-SFHC-TEXT-044-ENT-0564,style_formula,寄上,寄上,remittance_formulae,0.7
CSQP-SFHC-TEXT-044,CSQP-SFHC-TEXT-044-ENT-0565,style_formula,查收,查收,remittance_formulae,0.7
CSQP-SFHC-TEXT-044,CSQP-SFHC-TEXT-044-ENT-0566,style_formula,平安,平安,safety_formulae,0.7
CSQP-SFHC-TEXT-044,CSQP-SFHC-TEXT-044-ENT-0567,style_formula,须,须,instruction_formulae,0.7
CSQP-SFHC-TEXT-044,CSQP-SFHC-TEXT-044-ENT-0568,style_formula,不可,不可,instruction_formulae,0.7
CSQP-SFHC-TEXT-045,CSQP-SFHC-TEXT-045-ENT-0569,person,暹卓峰,卓峰,sender,0.85
CSQP-SFHC-TEXT-045,CSQP-SFHC-TEXT-045-ENT-0570,person,饶邑隆都许双亲大人,隆都许双亲,recipient,0.85
CSQP-SFHC-TEXT-045,CSQP-SFHC-TEXT-045-ENT-0571,kinship,双亲,双亲,kinship_terms,0.8
CSQP-SFHC-TEXT-045,CSQP-SFHC-TEXT-045-ENT-0572,kinship,祖母,祖母,kinship_terms,0.8
CSQP-SFHC-TEXT-045,CSQP-SFHC-TEXT-045-ENT-0573,kinship,儿,儿,kinship_terms,0.8
CSQP-SFHC-TEXT-045,CSQP-SFHC-TEXT-045-ENT-0574,kinship,叔,叔,kinship_terms,0.8
CSQP-SFHC-TEXT-045,CSQP-SFHC-TEXT-045-ENT-0575,kinship,婶,婶,kinship_terms,0.8
CSQP-SFHC-TEXT-045,CSQP-SFHC-TEXT-045-ENT-0576,date,廿五年（1936）六月廿六,廿五年（1936）六月廿六,date_text,0.75
CSQP-SFHC-TEXT-045,CSQP-SFHC-TEXT-045-ENT-0577,date,"儿卓峰托
廿五，六，廿六","儿卓峰托
廿五，六，廿六",written_date_text,0.75
CSQP-SFHC-TEXT-045,CSQP-SFHC-TEXT-045-ENT-0578,date,1936,1936,year_raw,0.75
CSQP-SFHC-TEXT-045,CSQP-SFHC-TEXT-045-ENT-0579,style_formula,敬禀者,敬禀者,common_formulae,0.7
CSQP-SFHC-TEXT-045,CSQP-SFHC-TEXT-045-ENT-0580,style_formula,尊前,尊前,common_formulae,0.7
CSQP-SFHC-TEXT-045,CSQP-SFHC-TEXT-045-ENT-0581,style_formula,查收,查收,common_formulae,0.7
CSQP-SFHC-TEXT-045,CSQP-SFHC-TEXT-045-ENT-0582,style_formula,顺候,顺候,common_formulae,0.7
CSQP-SFHC-TEXT-045,CSQP-SFHC-TEXT-045-ENT-0583,style_formula,金安,金安,common_formulae,0.7
CSQP-SFHC-TEXT-045,CSQP-SFHC-TEXT-045-ENT-0584,style_formula,福安,福安,common_formulae,0.7
CSQP-SFHC-TEXT-045,CSQP-SFHC-TEXT-045-ENT-0585,style_formula,奉上,奉上,remittance_formulae,0.7
CSQP-SFHC-TEXT-045,CSQP-SFHC-TEXT-045-ENT-0586,style_formula,查收,查收,remittance_formulae,0.7
CSQP-SFHC-TEXT-045,CSQP-SFHC-TEXT-045-ENT-0587,style_formula,平安,平安,safety_formulae,0.7
CSQP-SFHC-TEXT-046,CSQP-SFHC-TEXT-046-ENT-0588,person,外洋程兴,程兴,sender,0.85
CSQP-SFHC-TEXT-046,CSQP-SFHC-TEXT-046-ENT-0589,person,潮汕双亲大人,双亲,recipient,0.85
CSQP-SFHC-TEXT-046,CSQP-SFHC-TEXT-046-ENT-0590,kinship,双亲,双亲,kinship_terms,0.8
CSQP-SFHC-TEXT-046,CSQP-SFHC-TEXT-046-ENT-0591,kinship,儿,儿,kinship_terms,0.8
CSQP-SFHC-TEXT-046,CSQP-SFHC-TEXT-046-ENT-0592,date,廿五年（1936）七月五日,廿五年（1936）七月五日,date_text,0.75
CSQP-SFHC-TEXT-046,CSQP-SFHC-TEXT-046-ENT-0593,date,廿五，七，五 儿程兴缄,廿五，七，五 儿程兴缄,written_date_text,0.75
CSQP-SFHC-TEXT-046,CSQP-SFHC-TEXT-046-ENT-0594,date,1936,1936,year_raw,0.75
CSQP-SFHC-TEXT-046,CSQP-SFHC-TEXT-046-ENT-0595,style_formula,膝下,膝下,common_formulae,0.7
CSQP-SFHC-TEXT-046,CSQP-SFHC-TEXT-046-ENT-0596,style_formula,尊前,尊前,common_formulae,0.7
CSQP-SFHC-TEXT-046,CSQP-SFHC-TEXT-046-ENT-0597,style_formula,查收,查收,common_formulae,0.7
CSQP-SFHC-TEXT-046,CSQP-SFHC-TEXT-046-ENT-0598,style_formula,福安,福安,common_formulae,0.7
CSQP-SFHC-TEXT-046,CSQP-SFHC-TEXT-046-ENT-0599,style_formula,查收,查收,remittance_formulae,0.7
CSQP-SFHC-TEXT-046,CSQP-SFHC-TEXT-046-ENT-0600,style_formula,平安,平安,safety_formulae,0.7
CSQP-SFHC-TEXT-047,CSQP-SFHC-TEXT-047-ENT-0601,person,彭亨陈赞堂,陈赞堂,sender,0.85
CSQP-SFHC-TEXT-047,CSQP-SFHC-TEXT-047-ENT-0602,person,潮安东风乡家祖母大人,祖母,recipient,0.85
CSQP-SFHC-TEXT-047,CSQP-SFHC-TEXT-047-ENT-0603,kinship,祖母,祖母,kinship_terms,0.8
CSQP-SFHC-TEXT-047,CSQP-SFHC-TEXT-047-ENT-0604,kinship,祖慈,祖慈,kinship_terms,0.8
CSQP-SFHC-TEXT-047,CSQP-SFHC-TEXT-047-ENT-0605,kinship,家祖,家祖,kinship_terms,0.8
CSQP-SFHC-TEXT-047,CSQP-SFHC-TEXT-047-ENT-0606,kinship,叔父,叔父,kinship_terms,0.8
CSQP-SFHC-TEXT-047,CSQP-SFHC-TEXT-047-ENT-0607,kinship,儿,儿,kinship_terms,0.8
CSQP-SFHC-TEXT-047,CSQP-SFHC-TEXT-047-ENT-0608,kinship,孙,孙,kinship_terms,0.8
CSQP-SFHC-TEXT-047,CSQP-SFHC-TEXT-047-ENT-0609,kinship,叔,叔,kinship_terms,0.8
CSQP-SFHC-TEXT-047,CSQP-SFHC-TEXT-047-ENT-0610,date,丙年七月廿四日,丙年七月廿四日,date_text,0.75
CSQP-SFHC-TEXT-047,CSQP-SFHC-TEXT-047-ENT-0611,date,"孙儿陈赞堂禀
丙年七月廿四日","孙儿陈赞堂禀
丙年七月廿四日",written_date_text,0.75
CSQP-SFHC-TEXT-047,CSQP-SFHC-TEXT-047-ENT-0612,date,1936,1936,year_raw,0.75
CSQP-SFHC-TEXT-047,CSQP-SFHC-TEXT-047-ENT-0613,style_formula,敬禀者,敬禀者,common_formulae,0.7
CSQP-SFHC-TEXT-047,CSQP-SFHC-TEXT-047-ENT-0614,style_formula,务望,务望,common_formulae,0.7
CSQP-SFHC-TEXT-047,CSQP-SFHC-TEXT-047-ENT-0615,style_formula,金安,金安,common_formulae,0.7
CSQP-SFHC-TEXT-047,CSQP-SFHC-TEXT-047-ENT-0616,style_formula,平安,平安,safety_formulae,0.7
CSQP-SFHC-TEXT-047,CSQP-SFHC-TEXT-047-ENT-0617,style_formula,务望,务望,instruction_formulae,0.7
CSQP-SFHC-TEXT-048,CSQP-SFHC-TEXT-048-ENT-0618,person,外洋再火,再火,sender,0.85
CSQP-SFHC-TEXT-048,CSQP-SFHC-TEXT-048-ENT-0619,person,潮汕外祖母大人,外祖母,recipient,0.85
CSQP-SFHC-TEXT-048,CSQP-SFHC-TEXT-048-ENT-0620,kinship,祖母,祖母,kinship_terms,0.8
CSQP-SFHC-TEXT-048,CSQP-SFHC-TEXT-048-ENT-0621,kinship,外祖母,外祖母,kinship_terms,0.8
CSQP-SFHC-TEXT-048,CSQP-SFHC-TEXT-048-ENT-0622,kinship,孙,孙,kinship_terms,0.8
CSQP-SFHC-TEXT-048,CSQP-SFHC-TEXT-048-ENT-0623,kinship,外孙,外孙,kinship_terms,0.8
CSQP-SFHC-TEXT-048,CSQP-SFHC-TEXT-048-ENT-0624,kinship,妗,妗,kinship_terms,0.8
CSQP-SFHC-TEXT-048,CSQP-SFHC-TEXT-048-ENT-0625,date,丙子年（1936）七月廿五日,丙子年（1936）七月廿五日,date_text,0.75
CSQP-SFHC-TEXT-048,CSQP-SFHC-TEXT-048-ENT-0626,date,"外孙再炎谨上
丙子年七月廿五日","外孙再炎谨上
丙子年七月廿五日",written_date_text,0.75
CSQP-SFHC-TEXT-048,CSQP-SFHC-TEXT-048-ENT-0627,date,1936,1936,year_raw,0.75
CSQP-SFHC-TEXT-048,CSQP-SFHC-TEXT-048-ENT-0628,style_formula,尊前,尊前,common_formulae,0.7
CSQP-SFHC-TEXT-048,CSQP-SFHC-TEXT-048-ENT-0629,style_formula,福安,福安,common_formulae,0.7
CSQP-SFHC-TEXT-048,CSQP-SFHC-TEXT-048-ENT-0630,style_formula,容后,容后,common_formulae,0.7
CSQP-SFHC-TEXT-049,CSQP-SFHC-TEXT-049-ENT-0631,person,外洋程兴,程兴,sender,0.85
CSQP-SFHC-TEXT-049,CSQP-SFHC-TEXT-049-ENT-0632,person,潮汕双亲大人,双亲,recipient,0.85
CSQP-SFHC-TEXT-049,CSQP-SFHC-TEXT-049-ENT-0633,kinship,双亲,双亲,kinship_terms,0.8
CSQP-SFHC-TEXT-049,CSQP-SFHC-TEXT-049-ENT-0634,kinship,儿,儿,kinship_terms,0.8
CSQP-SFHC-TEXT-049,CSQP-SFHC-TEXT-049-ENT-0635,date,廿五年（1936）十一月十九,廿五年（1936）十一月十九,date_text,0.75
CSQP-SFHC-TEXT-049,CSQP-SFHC-TEXT-049-ENT-0636,date,1936,1936,year_raw,0.75
CSQP-SFHC-TEXT-049,CSQP-SFHC-TEXT-049-ENT-0637,style_formula,膝下,膝下,common_formulae,0.7
CSQP-SFHC-TEXT-049,CSQP-SFHC-TEXT-049-ENT-0638,style_formula,尊前,尊前,common_formulae,0.7
CSQP-SFHC-TEXT-049,CSQP-SFHC-TEXT-049-ENT-0639,style_formula,查收,查收,common_formulae,0.7
CSQP-SFHC-TEXT-049,CSQP-SFHC-TEXT-049-ENT-0640,style_formula,福安,福安,common_formulae,0.7
CSQP-SFHC-TEXT-049,CSQP-SFHC-TEXT-049-ENT-0641,style_formula,奉上,奉上,remittance_formulae,0.7
CSQP-SFHC-TEXT-049,CSQP-SFHC-TEXT-049-ENT-0642,style_formula,查收,查收,remittance_formulae,0.7
CSQP-SFHC-TEXT-049,CSQP-SFHC-TEXT-049-ENT-0643,style_formula,平安,平安,safety_formulae,0.7
CSQP-SFHC-TEXT-049,CSQP-SFHC-TEXT-049-ENT-0644,style_formula,起居,起居,safety_formulae,0.7
CSQP-SFHC-TEXT-050,CSQP-SFHC-TEXT-050-ENT-0645,person,外洋文高,文高,sender,0.85
CSQP-SFHC-TEXT-050,CSQP-SFHC-TEXT-050-ENT-0646,person,潮汕母亲大人,母亲,recipient,0.85
CSQP-SFHC-TEXT-050,CSQP-SFHC-TEXT-050-ENT-0647,kinship,母亲,母亲,kinship_terms,0.8
CSQP-SFHC-TEXT-050,CSQP-SFHC-TEXT-050-ENT-0648,kinship,父亲,父亲,kinship_terms,0.8
CSQP-SFHC-TEXT-050,CSQP-SFHC-TEXT-050-ENT-0649,kinship,儿,儿,kinship_terms,0.8
CSQP-SFHC-TEXT-050,CSQP-SFHC-TEXT-050-ENT-0650,kinship,男,男,kinship_terms,0.8
CSQP-SFHC-TEXT-050,CSQP-SFHC-TEXT-050-ENT-0651,date,廿六年（1937）元月十二号,廿六年（1937）元月十二号,date_text,0.75
CSQP-SFHC-TEXT-050,CSQP-SFHC-TEXT-050-ENT-0652,date,【廿】六，元月十二号 男文高禀,【廿】六，元月十二号 男文高禀,written_date_text,0.75
CSQP-SFHC-TEXT-050,CSQP-SFHC-TEXT-050-ENT-0653,date,1937,1937,year_raw,0.75
CSQP-SFHC-TEXT-050,CSQP-SFHC-TEXT-050-ENT-0654,style_formula,尊前,尊前,common_formulae,0.7
CSQP-SFHC-TEXT-050,CSQP-SFHC-TEXT-050-ENT-0655,style_formula,谨禀,谨禀,common_formulae,0.7
CSQP-SFHC-TEXT-050,CSQP-SFHC-TEXT-050-ENT-0656,style_formula,福安,福安,common_formulae,0.7
CSQP-SFHC-TEXT-050,CSQP-SFHC-TEXT-050-ENT-0657,style_formula,平安,平安,safety_formulae,0.7
CSQP-SFHC-TEXT-050,CSQP-SFHC-TEXT-050-ENT-0658,style_formula,安好,安好,safety_formulae,0.7
CSQP-SFHC-TEXT-050,CSQP-SFHC-TEXT-050-ENT-0659,style_formula,祈为,祈为,instruction_formulae,0.7
CSQP-SFHC-TEXT-051,CSQP-SFHC-TEXT-051-ENT-0660,person,外洋清裕,清裕,sender,0.85
CSQP-SFHC-TEXT-051,CSQP-SFHC-TEXT-051-ENT-0661,person,潮汕余氏贤妻,余氏,recipient,0.85
CSQP-SFHC-TEXT-051,CSQP-SFHC-TEXT-051-ENT-0662,kinship,兄,兄,kinship_terms,0.8
CSQP-SFHC-TEXT-051,CSQP-SFHC-TEXT-051-ENT-0663,kinship,弟,弟,kinship_terms,0.8
CSQP-SFHC-TEXT-051,CSQP-SFHC-TEXT-051-ENT-0664,kinship,妻,妻,kinship_terms,0.8
CSQP-SFHC-TEXT-051,CSQP-SFHC-TEXT-051-ENT-0665,kinship,贤妻,贤妻,kinship_terms,0.8
CSQP-SFHC-TEXT-051,CSQP-SFHC-TEXT-051-ENT-0666,kinship,孙,孙,kinship_terms,0.8
CSQP-SFHC-TEXT-051,CSQP-SFHC-TEXT-051-ENT-0667,kinship,妹,妹,kinship_terms,0.8
CSQP-SFHC-TEXT-051,CSQP-SFHC-TEXT-051-ENT-0668,date,廿六年（1937）二月三日,廿六年（1937）二月三日,date_text,0.75
CSQP-SFHC-TEXT-051,CSQP-SFHC-TEXT-051-ENT-0669,date,廿六，二，三,廿六，二，三,written_date_text,0.75
CSQP-SFHC-TEXT-051,CSQP-SFHC-TEXT-051-ENT-0670,date,1937,1937,year_raw,0.75
CSQP-SFHC-TEXT-051,CSQP-SFHC-TEXT-051-ENT-0671,style_formula,查收,查收,common_formulae,0.7
CSQP-SFHC-TEXT-051,CSQP-SFHC-TEXT-051-ENT-0672,style_formula,寄去,寄去,remittance_formulae,0.7
CSQP-SFHC-TEXT-051,CSQP-SFHC-TEXT-051-ENT-0673,style_formula,查收,查收,remittance_formulae,0.7
CSQP-SFHC-TEXT-051,CSQP-SFHC-TEXT-051-ENT-0674,style_formula,安好,安好,safety_formulae,0.7
CSQP-SFHC-TEXT-051,CSQP-SFHC-TEXT-051-ENT-0675,style_formula,不可,不可,instruction_formulae,0.7
CSQP-SFHC-TEXT-052,CSQP-SFHC-TEXT-052-ENT-0676,person,叻林思贞,林思贞,sender,0.85
CSQP-SFHC-TEXT-052,CSQP-SFHC-TEXT-052-ENT-0677,person,澄海程洋岗林思敬先生,林思敬,recipient,0.85
CSQP-SFHC-TEXT-052,CSQP-SFHC-TEXT-052-ENT-0678,kinship,祖母,祖母,kinship_terms,0.8
CSQP-SFHC-TEXT-052,CSQP-SFHC-TEXT-052-ENT-0679,kinship,孙,孙,kinship_terms,0.8
CSQP-SFHC-TEXT-052,CSQP-SFHC-TEXT-052-ENT-0680,date,廿六年八月初六日,廿六年八月初六日,date_text,0.75
CSQP-SFHC-TEXT-052,CSQP-SFHC-TEXT-052-ENT-0681,date,"孙思贞叩上
廿六年八月初六日","孙思贞叩上
廿六年八月初六日",written_date_text,0.75
CSQP-SFHC-TEXT-052,CSQP-SFHC-TEXT-052-ENT-0682,date,1937,1937,year_raw,0.75
CSQP-SFHC-TEXT-052,CSQP-SFHC-TEXT-052-ENT-0683,style_formula,膝下,膝下,common_formulae,0.7
CSQP-SFHC-TEXT-052,CSQP-SFHC-TEXT-052-ENT-0684,style_formula,祈查收,祈查收,common_formulae,0.7
CSQP-SFHC-TEXT-052,CSQP-SFHC-TEXT-052-ENT-0685,style_formula,叩上,叩上,common_formulae,0.7
CSQP-SFHC-TEXT-052,CSQP-SFHC-TEXT-052-ENT-0686,style_formula,查收,查收,common_formulae,0.7
CSQP-SFHC-TEXT-052,CSQP-SFHC-TEXT-052-ENT-0687,style_formula,金安,金安,common_formulae,0.7
CSQP-SFHC-TEXT-052,CSQP-SFHC-TEXT-052-ENT-0688,style_formula,奉上,奉上,remittance_formulae,0.7
CSQP-SFHC-TEXT-052,CSQP-SFHC-TEXT-052-ENT-0689,style_formula,查收,查收,remittance_formulae,0.7
CSQP-SFHC-TEXT-052,CSQP-SFHC-TEXT-052-ENT-0690,style_formula,平安,平安,safety_formulae,0.7
CSQP-SFHC-TEXT-053,CSQP-SFHC-TEXT-053-ENT-0691,person,潮安鹤塘乡光裕,鹤塘乡光裕,sender,0.85
CSQP-SFHC-TEXT-053,CSQP-SFHC-TEXT-053-ENT-0692,person,逞陈运异父亲大人,逞陈运异父亲,recipient,0.85
CSQP-SFHC-TEXT-053,CSQP-SFHC-TEXT-053-ENT-0693,kinship,父亲,父亲,kinship_terms,0.8
CSQP-SFHC-TEXT-053,CSQP-SFHC-TEXT-053-ENT-0694,date,丁八月二十日,丁八月二十日,date_text,0.75
CSQP-SFHC-TEXT-053,CSQP-SFHC-TEXT-053-ENT-0695,date,丁八月二十日 批荆上言,丁八月二十日 批荆上言,written_date_text,0.75
CSQP-SFHC-TEXT-053,CSQP-SFHC-TEXT-053-ENT-0696,date,1937,1937,year_raw,0.75
CSQP-SFHC-TEXT-053,CSQP-SFHC-TEXT-053-ENT-0697,style_formula,尊前,尊前,common_formulae,0.7
CSQP-SFHC-TEXT-053,CSQP-SFHC-TEXT-053-ENT-0698,style_formula,福安,福安,common_formulae,0.7
CSQP-SFHC-TEXT-053,CSQP-SFHC-TEXT-053-ENT-0699,style_formula,平安,平安,safety_formulae,0.7
CSQP-SFHC-TEXT-054,CSQP-SFHC-TEXT-054-ENT-0700,person,外洋义林,义林,sender,0.85
CSQP-SFHC-TEXT-054,CSQP-SFHC-TEXT-054-ENT-0701,person,潮汕壮城表兄台,壮城表兄台,recipient,0.85
CSQP-SFHC-TEXT-054,CSQP-SFHC-TEXT-054-ENT-0702,kinship,兄,兄,kinship_terms,0.8
CSQP-SFHC-TEXT-054,CSQP-SFHC-TEXT-054-ENT-0703,kinship,弟,弟,kinship_terms,0.8
CSQP-SFHC-TEXT-054,CSQP-SFHC-TEXT-054-ENT-0704,kinship,伯,伯,kinship_terms,0.8
CSQP-SFHC-TEXT-054,CSQP-SFHC-TEXT-054-ENT-0705,date,中华民国廿六年（1937）十一月廿六日,中华民国廿六年（1937）十一月廿六日,date_text,0.75
CSQP-SFHC-TEXT-054,CSQP-SFHC-TEXT-054-ENT-0706,date,愚弟义林顿,愚弟义林顿,written_date_text,0.75
CSQP-SFHC-TEXT-054,CSQP-SFHC-TEXT-054-ENT-0707,date,民国廿六年,民国廿六年,year_raw,0.75
CSQP-SFHC-TEXT-054,CSQP-SFHC-TEXT-054-ENT-0708,style_formula,祈查收,祈查收,common_formulae,0.7
CSQP-SFHC-TEXT-054,CSQP-SFHC-TEXT-054-ENT-0709,style_formula,至祈查收,至祈查收,common_formulae,0.7
CSQP-SFHC-TEXT-054,CSQP-SFHC-TEXT-054-ENT-0710,style_formula,查收,查收,common_formulae,0.7
CSQP-SFHC-TEXT-054,CSQP-SFHC-TEXT-054-ENT-0711,style_formula,查收,查收,remittance_formulae,0.7
CSQP-SFHC-TEXT-054,CSQP-SFHC-TEXT-054-ENT-0712,style_formula,起居,起居,safety_formulae,0.7
CSQP-SFHC-TEXT-055,CSQP-SFHC-TEXT-055-ENT-0713,person,外洋陈继源,陈继源,sender,0.85
CSQP-SFHC-TEXT-055,CSQP-SFHC-TEXT-055-ENT-0714,person,潮汕姆母大人,姆母,recipient,0.85
CSQP-SFHC-TEXT-055,CSQP-SFHC-TEXT-055-ENT-0715,kinship,婶母,婶母,kinship_terms,0.8
CSQP-SFHC-TEXT-055,CSQP-SFHC-TEXT-055-ENT-0716,kinship,弟,弟,kinship_terms,0.8
CSQP-SFHC-TEXT-055,CSQP-SFHC-TEXT-055-ENT-0717,kinship,侄,侄,kinship_terms,0.8
CSQP-SFHC-TEXT-055,CSQP-SFHC-TEXT-055-ENT-0718,kinship,婶,婶,kinship_terms,0.8
CSQP-SFHC-TEXT-055,CSQP-SFHC-TEXT-055-ENT-0719,date,丁丑年（1937）十一月廿七日,丁丑年（1937）十一月廿七日,date_text,0.75
CSQP-SFHC-TEXT-055,CSQP-SFHC-TEXT-055-ENT-0720,date,"侄陈继源上言
丁丑年十一月廿七日","侄陈继源上言
丁丑年十一月廿七日",written_date_text,0.75
CSQP-SFHC-TEXT-055,CSQP-SFHC-TEXT-055-ENT-0721,date,1937,1937,year_raw,0.75
CSQP-SFHC-TEXT-055,CSQP-SFHC-TEXT-055-ENT-0722,style_formula,敬禀者,敬禀者,common_formulae,0.7
CSQP-SFHC-TEXT-055,CSQP-SFHC-TEXT-055-ENT-0723,style_formula,尊前,尊前,common_formulae,0.7
CSQP-SFHC-TEXT-055,CSQP-SFHC-TEXT-055-ENT-0724,style_formula,祈查收,祈查收,common_formulae,0.7
CSQP-SFHC-TEXT-055,CSQP-SFHC-TEXT-055-ENT-0725,style_formula,至祈查收,至祈查收,common_formulae,0.7
CSQP-SFHC-TEXT-055,CSQP-SFHC-TEXT-055-ENT-0726,style_formula,查收,查收,common_formulae,0.7
CSQP-SFHC-TEXT-055,CSQP-SFHC-TEXT-055-ENT-0727,style_formula,奉上,奉上,remittance_formulae,0.7
CSQP-SFHC-TEXT-055,CSQP-SFHC-TEXT-055-ENT-0728,style_formula,查收,查收,remittance_formulae,0.7
CSQP-SFHC-TEXT-055,CSQP-SFHC-TEXT-055-ENT-0729,style_formula,起居,起居,safety_formulae,0.7
CSQP-SFHC-TEXT-055,CSQP-SFHC-TEXT-055-ENT-0730,style_formula,祈为,祈为,instruction_formulae,0.7
CSQP-SFHC-TEXT-056,CSQP-SFHC-TEXT-056-ENT-0731,person,叻陈赞名,陈赞名,sender,0.85
CSQP-SFHC-TEXT-056,CSQP-SFHC-TEXT-056-ENT-0732,person,澄邑程洋岗林思敬先生,林思敬,recipient,0.85
CSQP-SFHC-TEXT-056,CSQP-SFHC-TEXT-056-ENT-0733,kinship,慈亲,慈亲,kinship_terms,0.8
CSQP-SFHC-TEXT-056,CSQP-SFHC-TEXT-056-ENT-0734,kinship,祖慈,祖慈,kinship_terms,0.8
CSQP-SFHC-TEXT-056,CSQP-SFHC-TEXT-056-ENT-0735,kinship,孙,孙,kinship_terms,0.8
CSQP-SFHC-TEXT-056,CSQP-SFHC-TEXT-056-ENT-0736,kinship,外孙,外孙,kinship_terms,0.8
CSQP-SFHC-TEXT-056,CSQP-SFHC-TEXT-056-ENT-0737,date,丁丑完月初四日,丁丑完月初四日,date_text,0.75
CSQP-SFHC-TEXT-056,CSQP-SFHC-TEXT-056-ENT-0738,date,"外孙赞名上
丁丑完月初四日","外孙赞名上
丁丑完月初四日",written_date_text,0.75
CSQP-SFHC-TEXT-056,CSQP-SFHC-TEXT-056-ENT-0739,date,1938,1938,year_raw,0.75
CSQP-SFHC-TEXT-056,CSQP-SFHC-TEXT-056-ENT-0740,style_formula,敬禀者,敬禀者,common_formulae,0.7
CSQP-SFHC-TEXT-056,CSQP-SFHC-TEXT-056-ENT-0741,style_formula,勿念,勿念,common_formulae,0.7
CSQP-SFHC-TEXT-056,CSQP-SFHC-TEXT-056-ENT-0742,style_formula,查收,查收,common_formulae,0.7
CSQP-SFHC-TEXT-056,CSQP-SFHC-TEXT-056-ENT-0743,style_formula,福安,福安,common_formulae,0.7
CSQP-SFHC-TEXT-056,CSQP-SFHC-TEXT-056-ENT-0744,style_formula,查收,查收,remittance_formulae,0.7
CSQP-SFHC-TEXT-056,CSQP-SFHC-TEXT-056-ENT-0745,style_formula,平安,平安,safety_formulae,0.7
CSQP-SFHC-TEXT-056,CSQP-SFHC-TEXT-056-ENT-0746,style_formula,勿念,勿念,safety_formulae,0.7
CSQP-SFHC-TEXT-057,CSQP-SFHC-TEXT-057-ENT-0747,person,外洋继豪,继豪,sender,0.85
CSQP-SFHC-TEXT-057,CSQP-SFHC-TEXT-057-ENT-0748,person,潮汕母亲,母亲,recipient,0.85
CSQP-SFHC-TEXT-057,CSQP-SFHC-TEXT-057-ENT-0749,kinship,母亲,母亲,kinship_terms,0.8
CSQP-SFHC-TEXT-057,CSQP-SFHC-TEXT-057-ENT-0750,kinship,儿,儿,kinship_terms,0.8
CSQP-SFHC-TEXT-057,CSQP-SFHC-TEXT-057-ENT-0751,date,戊（1938）三月初五日,戊（1938）三月初五日,date_text,0.75
CSQP-SFHC-TEXT-057,CSQP-SFHC-TEXT-057-ENT-0752,date,戊三月初五日 儿继豪禀,戊三月初五日 儿继豪禀,written_date_text,0.75
CSQP-SFHC-TEXT-057,CSQP-SFHC-TEXT-057-ENT-0753,date,1938,1938,year_raw,0.75
CSQP-SFHC-TEXT-057,CSQP-SFHC-TEXT-057-ENT-0754,style_formula,不可,不可,instruction_formulae,0.7
CSQP-SFHC-TEXT-058,CSQP-SFHC-TEXT-058-ENT-0755,person,外洋丁炳南,丁炳南,sender,0.85
CSQP-SFHC-TEXT-058,CSQP-SFHC-TEXT-058-ENT-0756,person,潮汕岳母大人,岳母,recipient,0.85
CSQP-SFHC-TEXT-058,CSQP-SFHC-TEXT-058-ENT-0757,kinship,岳母,岳母,kinship_terms,0.8
CSQP-SFHC-TEXT-058,CSQP-SFHC-TEXT-058-ENT-0758,date,戊（1938）五月初四日,戊（1938）五月初四日,date_text,0.75
CSQP-SFHC-TEXT-058,CSQP-SFHC-TEXT-058-ENT-0759,date,"婿丁炳南禀
戊五月初四日","婿丁炳南禀
戊五月初四日",written_date_text,0.75
CSQP-SFHC-TEXT-058,CSQP-SFHC-TEXT-058-ENT-0760,date,1938,1938,year_raw,0.75
CSQP-SFHC-TEXT-058,CSQP-SFHC-TEXT-058-ENT-0761,style_formula,尊前,尊前,common_formulae,0.7
CSQP-SFHC-TEXT-058,CSQP-SFHC-TEXT-058-ENT-0762,style_formula,祈查收,祈查收,common_formulae,0.7
CSQP-SFHC-TEXT-058,CSQP-SFHC-TEXT-058-ENT-0763,style_formula,至祈查收,至祈查收,common_formulae,0.7
CSQP-SFHC-TEXT-058,CSQP-SFHC-TEXT-058-ENT-0764,style_formula,查收,查收,common_formulae,0.7
CSQP-SFHC-TEXT-058,CSQP-SFHC-TEXT-058-ENT-0765,style_formula,金安,金安,common_formulae,0.7
CSQP-SFHC-TEXT-058,CSQP-SFHC-TEXT-058-ENT-0766,style_formula,寄上,寄上,remittance_formulae,0.7
CSQP-SFHC-TEXT-058,CSQP-SFHC-TEXT-058-ENT-0767,style_formula,查收,查收,remittance_formulae,0.7
CSQP-SFHC-TEXT-058,CSQP-SFHC-TEXT-058-ENT-0768,style_formula,平安,平安,safety_formulae,0.7
CSQP-SFHC-TEXT-058,CSQP-SFHC-TEXT-058-ENT-0769,style_formula,起居,起居,safety_formulae,0.7
CSQP-SFHC-TEXT-059,CSQP-SFHC-TEXT-059-ENT-0770,person,遥儿财福,遥儿财福,sender,0.85
CSQP-SFHC-TEXT-059,CSQP-SFHC-TEXT-059-ENT-0771,person,澄邑南砂乡林宅慈亲大人,南砂乡林宅慈亲,recipient,0.85
CSQP-SFHC-TEXT-059,CSQP-SFHC-TEXT-059-ENT-0772,kinship,慈亲,慈亲,kinship_terms,0.8
CSQP-SFHC-TEXT-059,CSQP-SFHC-TEXT-059-ENT-0773,kinship,母亲,母亲,kinship_terms,0.8
CSQP-SFHC-TEXT-059,CSQP-SFHC-TEXT-059-ENT-0774,kinship,兄,兄,kinship_terms,0.8
CSQP-SFHC-TEXT-059,CSQP-SFHC-TEXT-059-ENT-0775,kinship,儿,儿,kinship_terms,0.8
CSQP-SFHC-TEXT-059,CSQP-SFHC-TEXT-059-ENT-0776,date,戊五月十五日,戊五月十五日,date_text,0.75
CSQP-SFHC-TEXT-059,CSQP-SFHC-TEXT-059-ENT-0777,date,戊五月十五日 儿财福禀,戊五月十五日 儿财福禀,written_date_text,0.75
CSQP-SFHC-TEXT-059,CSQP-SFHC-TEXT-059-ENT-0778,date,1938,1938,year_raw,0.75
CSQP-SFHC-TEXT-059,CSQP-SFHC-TEXT-059-ENT-0779,style_formula,膝下,膝下,common_formulae,0.7
CSQP-SFHC-TEXT-059,CSQP-SFHC-TEXT-059-ENT-0780,style_formula,查收,查收,common_formulae,0.7
CSQP-SFHC-TEXT-059,CSQP-SFHC-TEXT-059-ENT-0781,style_formula,金安,金安,common_formulae,0.7
CSQP-SFHC-TEXT-059,CSQP-SFHC-TEXT-059-ENT-0782,style_formula,查收,查收,remittance_formulae,0.7
CSQP-SFHC-TEXT-059,CSQP-SFHC-TEXT-059-ENT-0783,style_formula,平安,平安,safety_formulae,0.7
CSQP-SFHC-TEXT-060,CSQP-SFHC-TEXT-060-ENT-0784,person,叻宋树钊,宋树钊,sender,0.85
CSQP-SFHC-TEXT-060,CSQP-SFHC-TEXT-060-ENT-0785,person,澄邑下蓬家双亲大人,双亲,recipient,0.85
CSQP-SFHC-TEXT-060,CSQP-SFHC-TEXT-060-ENT-0786,kinship,双亲,双亲,kinship_terms,0.8
CSQP-SFHC-TEXT-060,CSQP-SFHC-TEXT-060-ENT-0787,kinship,父亲,父亲,kinship_terms,0.8
CSQP-SFHC-TEXT-060,CSQP-SFHC-TEXT-060-ENT-0788,kinship,弟,弟,kinship_terms,0.8
CSQP-SFHC-TEXT-060,CSQP-SFHC-TEXT-060-ENT-0789,kinship,男,男,kinship_terms,0.8
CSQP-SFHC-TEXT-060,CSQP-SFHC-TEXT-060-ENT-0790,kinship,叔,叔,kinship_terms,0.8
CSQP-SFHC-TEXT-060,CSQP-SFHC-TEXT-060-ENT-0791,date,戊五月廿七日,戊五月廿七日,date_text,0.75
CSQP-SFHC-TEXT-060,CSQP-SFHC-TEXT-060-ENT-0792,date,戊五月廿七日 男树钊具禀,戊五月廿七日 男树钊具禀,written_date_text,0.75
CSQP-SFHC-TEXT-060,CSQP-SFHC-TEXT-060-ENT-0793,date,1938,1938,year_raw,0.75
CSQP-SFHC-TEXT-060,CSQP-SFHC-TEXT-060-ENT-0794,style_formula,敬禀者,敬禀者,common_formulae,0.7
CSQP-SFHC-TEXT-060,CSQP-SFHC-TEXT-060-ENT-0795,style_formula,膝下,膝下,common_formulae,0.7
CSQP-SFHC-TEXT-060,CSQP-SFHC-TEXT-060-ENT-0796,style_formula,查收,查收,common_formulae,0.7
CSQP-SFHC-TEXT-060,CSQP-SFHC-TEXT-060-ENT-0797,style_formula,金安,金安,common_formulae,0.7
CSQP-SFHC-TEXT-060,CSQP-SFHC-TEXT-060-ENT-0798,style_formula,奉上,奉上,remittance_formulae,0.7
CSQP-SFHC-TEXT-060,CSQP-SFHC-TEXT-060-ENT-0799,style_formula,查收,查收,remittance_formulae,0.7
CSQP-SFHC-TEXT-061,CSQP-SFHC-TEXT-061-ENT-0800,person,香港兆祥,兆祥,sender,0.85
CSQP-SFHC-TEXT-061,CSQP-SFHC-TEXT-061-ENT-0801,person,饶邑碧砂乡家祖慈大人,祖慈,recipient,0.85
CSQP-SFHC-TEXT-061,CSQP-SFHC-TEXT-061-ENT-0802,kinship,母亲,母亲,kinship_terms,0.8
CSQP-SFHC-TEXT-061,CSQP-SFHC-TEXT-061-ENT-0803,kinship,祖母,祖母,kinship_terms,0.8
CSQP-SFHC-TEXT-061,CSQP-SFHC-TEXT-061-ENT-0804,kinship,祖慈,祖慈,kinship_terms,0.8
CSQP-SFHC-TEXT-061,CSQP-SFHC-TEXT-061-ENT-0805,kinship,家祖,家祖,kinship_terms,0.8
CSQP-SFHC-TEXT-061,CSQP-SFHC-TEXT-061-ENT-0806,kinship,孙,孙,kinship_terms,0.8
CSQP-SFHC-TEXT-061,CSQP-SFHC-TEXT-061-ENT-0807,date,戊六月十五日,戊六月十五日,date_text,0.75
CSQP-SFHC-TEXT-061,CSQP-SFHC-TEXT-061-ENT-0808,date,1938,1938,year_raw,0.75
CSQP-SFHC-TEXT-061,CSQP-SFHC-TEXT-061-ENT-0809,style_formula,敬禀者,敬禀者,common_formulae,0.7
CSQP-SFHC-TEXT-061,CSQP-SFHC-TEXT-061-ENT-0810,style_formula,尊前,尊前,common_formulae,0.7
CSQP-SFHC-TEXT-061,CSQP-SFHC-TEXT-061-ENT-0811,style_formula,查收,查收,common_formulae,0.7
CSQP-SFHC-TEXT-061,CSQP-SFHC-TEXT-061-ENT-0812,style_formula,查收,查收,remittance_formulae,0.7
CSQP-SFHC-TEXT-061,CSQP-SFHC-TEXT-061-ENT-0813,style_formula,平安,平安,safety_formulae,0.7
CSQP-SFHC-TEXT-062,CSQP-SFHC-TEXT-062-ENT-0814,person,外洋万乘,万乘,sender,0.85
CSQP-SFHC-TEXT-062,CSQP-SFHC-TEXT-062-ENT-0815,person,潮汕塘氏贤妻,塘氏,recipient,0.85
CSQP-SFHC-TEXT-062,CSQP-SFHC-TEXT-062-ENT-0816,kinship,叔父,叔父,kinship_terms,0.8
CSQP-SFHC-TEXT-062,CSQP-SFHC-TEXT-062-ENT-0817,kinship,妻,妻,kinship_terms,0.8
CSQP-SFHC-TEXT-062,CSQP-SFHC-TEXT-062-ENT-0818,kinship,贤妻,贤妻,kinship_terms,0.8
CSQP-SFHC-TEXT-062,CSQP-SFHC-TEXT-062-ENT-0819,kinship,叔,叔,kinship_terms,0.8
CSQP-SFHC-TEXT-062,CSQP-SFHC-TEXT-062-ENT-0820,kinship,婶,婶,kinship_terms,0.8
CSQP-SFHC-TEXT-062,CSQP-SFHC-TEXT-062-ENT-0821,date,戊（1938）六月廿九日,戊（1938）六月廿九日,date_text,0.75
CSQP-SFHC-TEXT-062,CSQP-SFHC-TEXT-062-ENT-0822,date,"夫万乘顿
戊六月廿九日","夫万乘顿
戊六月廿九日",written_date_text,0.75
CSQP-SFHC-TEXT-062,CSQP-SFHC-TEXT-062-ENT-0823,date,1938,1938,year_raw,0.75
CSQP-SFHC-TEXT-062,CSQP-SFHC-TEXT-062-ENT-0824,style_formula,祈查收,祈查收,common_formulae,0.7
CSQP-SFHC-TEXT-062,CSQP-SFHC-TEXT-062-ENT-0825,style_formula,至祈查收,至祈查收,common_formulae,0.7
CSQP-SFHC-TEXT-062,CSQP-SFHC-TEXT-062-ENT-0826,style_formula,查收,查收,common_formulae,0.7
CSQP-SFHC-TEXT-062,CSQP-SFHC-TEXT-062-ENT-0827,style_formula,查收,查收,remittance_formulae,0.7
CSQP-SFHC-TEXT-062,CSQP-SFHC-TEXT-062-ENT-0828,style_formula,安好,安好,safety_formulae,0.7
CSQP-SFHC-TEXT-062,CSQP-SFHC-TEXT-062-ENT-0829,style_formula,祈为,祈为,instruction_formulae,0.7
CSQP-SFHC-TEXT-063,CSQP-SFHC-TEXT-063-ENT-0830,person,遥儿海泉,遥儿海泉,sender,0.85
CSQP-SFHC-TEXT-063,CSQP-SFHC-TEXT-063-ENT-0831,person,饶隆南溪乡赵宅慈亲大人,南溪乡赵宅慈亲,recipient,0.85
CSQP-SFHC-TEXT-063,CSQP-SFHC-TEXT-063-ENT-0832,kinship,慈亲,慈亲,kinship_terms,0.8
CSQP-SFHC-TEXT-063,CSQP-SFHC-TEXT-063-ENT-0833,kinship,母亲,母亲,kinship_terms,0.8
CSQP-SFHC-TEXT-063,CSQP-SFHC-TEXT-063-ENT-0834,kinship,儿,儿,kinship_terms,0.8
CSQP-SFHC-TEXT-063,CSQP-SFHC-TEXT-063-ENT-0835,date,戊七月初十日,戊七月初十日,date_text,0.75
CSQP-SFHC-TEXT-063,CSQP-SFHC-TEXT-063-ENT-0836,date,戊七月初十日缄,戊七月初十日缄,written_date_text,0.75
CSQP-SFHC-TEXT-063,CSQP-SFHC-TEXT-063-ENT-0837,date,1938,1938,year_raw,0.75
CSQP-SFHC-TEXT-063,CSQP-SFHC-TEXT-063-ENT-0838,style_formula,敬禀者,敬禀者,common_formulae,0.7
CSQP-SFHC-TEXT-063,CSQP-SFHC-TEXT-063-ENT-0839,style_formula,尊前,尊前,common_formulae,0.7
CSQP-SFHC-TEXT-063,CSQP-SFHC-TEXT-063-ENT-0840,style_formula,福安,福安,common_formulae,0.7
CSQP-SFHC-TEXT-063,CSQP-SFHC-TEXT-063-ENT-0841,style_formula,不可,不可,instruction_formulae,0.7
CSQP-SFHC-TEXT-064,CSQP-SFHC-TEXT-064-ENT-0842,person,赵丁南,赵丁南,sender,0.85
CSQP-SFHC-TEXT-064,CSQP-SFHC-TEXT-064-ENT-0843,person,潮安南桂都姚庆松吾儿,都姚庆松,recipient,0.85
CSQP-SFHC-TEXT-064,CSQP-SFHC-TEXT-064-ENT-0844,kinship,儿,儿,kinship_terms,0.8
CSQP-SFHC-TEXT-064,CSQP-SFHC-TEXT-064-ENT-0845,date,戊桂月廿日,戊桂月廿日,date_text,0.75
CSQP-SFHC-TEXT-064,CSQP-SFHC-TEXT-064-ENT-0846,date,"严丁南缄
戊桂月廿日","严丁南缄
戊桂月廿日",written_date_text,0.75
CSQP-SFHC-TEXT-064,CSQP-SFHC-TEXT-064-ENT-0847,date,1938,1938,year_raw,0.75
CSQP-SFHC-TEXT-064,CSQP-SFHC-TEXT-064-ENT-0848,style_formula,祈查收,祈查收,common_formulae,0.7
CSQP-SFHC-TEXT-064,CSQP-SFHC-TEXT-064-ENT-0849,style_formula,查收,查收,common_formulae,0.7
CSQP-SFHC-TEXT-064,CSQP-SFHC-TEXT-064-ENT-0850,style_formula,寄上,寄上,remittance_formulae,0.7
CSQP-SFHC-TEXT-064,CSQP-SFHC-TEXT-064-ENT-0851,style_formula,查收,查收,remittance_formulae,0.7
CSQP-SFHC-TEXT-064,CSQP-SFHC-TEXT-064-ENT-0852,style_formula,平安,平安,safety_formulae,0.7
CSQP-SFHC-TEXT-064,CSQP-SFHC-TEXT-064-ENT-0853,style_formula,须,须,instruction_formulae,0.7
CSQP-SFHC-TEXT-065,CSQP-SFHC-TEXT-065-ENT-0854,person,外洋汉章,汉章,sender,0.85
CSQP-SFHC-TEXT-065,CSQP-SFHC-TEXT-065-ENT-0855,person,潮汕母亲大人,母亲,recipient,0.85
CSQP-SFHC-TEXT-065,CSQP-SFHC-TEXT-065-ENT-0856,kinship,母亲,母亲,kinship_terms,0.8
CSQP-SFHC-TEXT-065,CSQP-SFHC-TEXT-065-ENT-0857,kinship,兄,兄,kinship_terms,0.8
CSQP-SFHC-TEXT-065,CSQP-SFHC-TEXT-065-ENT-0858,kinship,儿,儿,kinship_terms,0.8
CSQP-SFHC-TEXT-065,CSQP-SFHC-TEXT-065-ENT-0859,date,戊（1938）八月廿九日,戊（1938）八月廿九日,date_text,0.75
CSQP-SFHC-TEXT-065,CSQP-SFHC-TEXT-065-ENT-0860,date,"儿汉章上言
戊八月廿九日","儿汉章上言
戊八月廿九日",written_date_text,0.75
CSQP-SFHC-TEXT-065,CSQP-SFHC-TEXT-065-ENT-0861,date,1938,1938,year_raw,0.75
CSQP-SFHC-TEXT-065,CSQP-SFHC-TEXT-065-ENT-0862,style_formula,敬禀者,敬禀者,common_formulae,0.7
CSQP-SFHC-TEXT-065,CSQP-SFHC-TEXT-065-ENT-0863,style_formula,膝下,膝下,common_formulae,0.7
CSQP-SFHC-TEXT-065,CSQP-SFHC-TEXT-065-ENT-0864,style_formula,福安,福安,common_formulae,0.7
CSQP-SFHC-TEXT-065,CSQP-SFHC-TEXT-065-ENT-0865,style_formula,寄上,寄上,remittance_formulae,0.7
CSQP-SFHC-TEXT-066,CSQP-SFHC-TEXT-066-ENT-0866,person,遥李期周,遥李期周,sender,0.85
CSQP-SFHC-TEXT-066,CSQP-SFHC-TEXT-066-ENT-0867,person,饶邑下保李宅张氏荆妻,下保李宅张氏荆妻,recipient,0.85
CSQP-SFHC-TEXT-066,CSQP-SFHC-TEXT-066-ENT-0868,kinship,妻,妻,kinship_terms,0.8
CSQP-SFHC-TEXT-066,CSQP-SFHC-TEXT-066-ENT-0869,kinship,荆妻,荆妻,kinship_terms,0.8
CSQP-SFHC-TEXT-066,CSQP-SFHC-TEXT-066-ENT-0870,date,廿七年十月,廿七年十月,date_text,0.75
CSQP-SFHC-TEXT-066,CSQP-SFHC-TEXT-066-ENT-0871,date,"夫其周草
廿七、十月","夫其周草
廿七、十月",written_date_text,0.75
CSQP-SFHC-TEXT-066,CSQP-SFHC-TEXT-066-ENT-0872,date,1938,1938,year_raw,0.75
CSQP-SFHC-TEXT-066,CSQP-SFHC-TEXT-066-ENT-0873,style_formula,奉上,奉上,remittance_formulae,0.7
CSQP-SFHC-TEXT-067,CSQP-SFHC-TEXT-067-ENT-0874,person,遥陈文高,遥陈文高,sender,0.85
CSQP-SFHC-TEXT-067,CSQP-SFHC-TEXT-067-ENT-0875,person,饶隆前溪陈乡陈宅双亲大人,前溪陈乡陈宅双亲,recipient,0.85
CSQP-SFHC-TEXT-067,CSQP-SFHC-TEXT-067-ENT-0876,kinship,双亲,双亲,kinship_terms,0.8
CSQP-SFHC-TEXT-067,CSQP-SFHC-TEXT-067-ENT-0877,kinship,母亲,母亲,kinship_terms,0.8
CSQP-SFHC-TEXT-067,CSQP-SFHC-TEXT-067-ENT-0878,kinship,父亲,父亲,kinship_terms,0.8
CSQP-SFHC-TEXT-067,CSQP-SFHC-TEXT-067-ENT-0879,kinship,男,男,kinship_terms,0.8
CSQP-SFHC-TEXT-067,CSQP-SFHC-TEXT-067-ENT-0880,kinship,姑,姑,kinship_terms,0.8
CSQP-SFHC-TEXT-067,CSQP-SFHC-TEXT-067-ENT-0881,date,民国二十七年十二月三号,民国二十七年十二月三号,date_text,0.75
CSQP-SFHC-TEXT-067,CSQP-SFHC-TEXT-067-ENT-0882,date,"男陈文高谨上
民国二十七年十二月三号","男陈文高谨上
民国二十七年十二月三号",written_date_text,0.75
CSQP-SFHC-TEXT-067,CSQP-SFHC-TEXT-067-ENT-0883,date,民国二十七年,民国二十七年,year_raw,0.75
CSQP-SFHC-TEXT-067,CSQP-SFHC-TEXT-067-ENT-0884,style_formula,尊前,尊前,common_formulae,0.7
CSQP-SFHC-TEXT-067,CSQP-SFHC-TEXT-067-ENT-0885,style_formula,祈查收,祈查收,common_formulae,0.7
CSQP-SFHC-TEXT-067,CSQP-SFHC-TEXT-067-ENT-0886,style_formula,查收,查收,common_formulae,0.7
CSQP-SFHC-TEXT-067,CSQP-SFHC-TEXT-067-ENT-0887,style_formula,金安,金安,common_formulae,0.7
CSQP-SFHC-TEXT-067,CSQP-SFHC-TEXT-067-ENT-0888,style_formula,寄去,寄去,remittance_formulae,0.7
CSQP-SFHC-TEXT-067,CSQP-SFHC-TEXT-067-ENT-0889,style_formula,查收,查收,remittance_formulae,0.7
CSQP-SFHC-TEXT-067,CSQP-SFHC-TEXT-067-ENT-0890,style_formula,安好,安好,safety_formulae,0.7
CSQP-SFHC-TEXT-068,CSQP-SFHC-TEXT-068-ENT-0891,person,赵丁南,赵丁南,sender,0.85
CSQP-SFHC-TEXT-068,CSQP-SFHC-TEXT-068-ENT-0892,person,潮安南桂都姚庆松吾儿,都姚庆松,recipient,0.85
CSQP-SFHC-TEXT-068,CSQP-SFHC-TEXT-068-ENT-0893,kinship,儿,儿,kinship_terms,0.8
CSQP-SFHC-TEXT-068,CSQP-SFHC-TEXT-068-ENT-0894,date,戊十月廿四,戊十月廿四,date_text,0.75
CSQP-SFHC-TEXT-068,CSQP-SFHC-TEXT-068-ENT-0895,date,"父丁南缄
戊、十、廿四","父丁南缄
戊、十、廿四",written_date_text,0.75
CSQP-SFHC-TEXT-068,CSQP-SFHC-TEXT-068-ENT-0896,date,1938,1938,year_raw,0.75
CSQP-SFHC-TEXT-068,CSQP-SFHC-TEXT-068-ENT-0897,style_formula,查收,查收,common_formulae,0.7
CSQP-SFHC-TEXT-068,CSQP-SFHC-TEXT-068-ENT-0898,style_formula,付去,付去,remittance_formulae,0.7
CSQP-SFHC-TEXT-068,CSQP-SFHC-TEXT-068-ENT-0899,style_formula,查收,查收,remittance_formulae,0.7
CSQP-SFHC-TEXT-068,CSQP-SFHC-TEXT-068-ENT-0900,style_formula,平安,平安,safety_formulae,0.7
CSQP-SFHC-TEXT-069,CSQP-SFHC-TEXT-069-ENT-0901,person,外洋佳锐,佳锐,sender,0.85
CSQP-SFHC-TEXT-069,CSQP-SFHC-TEXT-069-ENT-0902,person,潮汕慈母大人,慈母,recipient,0.85
CSQP-SFHC-TEXT-069,CSQP-SFHC-TEXT-069-ENT-0903,kinship,儿,儿,kinship_terms,0.8
CSQP-SFHC-TEXT-069,CSQP-SFHC-TEXT-069-ENT-0904,date,戊（1939）十一月十七日,戊（1939）十一月十七日,date_text,0.75
CSQP-SFHC-TEXT-069,CSQP-SFHC-TEXT-069-ENT-0905,date,戊十一月十七日 儿佳锐禀上,戊十一月十七日 儿佳锐禀上,written_date_text,0.75
CSQP-SFHC-TEXT-069,CSQP-SFHC-TEXT-069-ENT-0906,date,1939,1939,year_raw,0.75
CSQP-SFHC-TEXT-069,CSQP-SFHC-TEXT-069-ENT-0907,style_formula,敬禀者,敬禀者,common_formulae,0.7
CSQP-SFHC-TEXT-069,CSQP-SFHC-TEXT-069-ENT-0908,style_formula,查收,查收,common_formulae,0.7
CSQP-SFHC-TEXT-069,CSQP-SFHC-TEXT-069-ENT-0909,style_formula,金安,金安,common_formulae,0.7
CSQP-SFHC-TEXT-069,CSQP-SFHC-TEXT-069-ENT-0910,style_formula,福安,福安,common_formulae,0.7
CSQP-SFHC-TEXT-069,CSQP-SFHC-TEXT-069-ENT-0911,style_formula,不一,不一,common_formulae,0.7
CSQP-SFHC-TEXT-069,CSQP-SFHC-TEXT-069-ENT-0912,style_formula,奉上,奉上,remittance_formulae,0.7
CSQP-SFHC-TEXT-069,CSQP-SFHC-TEXT-069-ENT-0913,style_formula,查收,查收,remittance_formulae,0.7
CSQP-SFHC-TEXT-069,CSQP-SFHC-TEXT-069-ENT-0914,style_formula,平安,平安,safety_formulae,0.7
CSQP-SFHC-TEXT-070,CSQP-SFHC-TEXT-070-ENT-0915,person,叻许美馥,许美馥,sender,0.85
CSQP-SFHC-TEXT-070,CSQP-SFHC-TEXT-070-ENT-0916,person,潮安西洋乡张运俊先生,张运俊,recipient,0.85
CSQP-SFHC-TEXT-070,CSQP-SFHC-TEXT-070-ENT-0917,date,廿八正月十三日,廿八正月十三日,date_text,0.75
CSQP-SFHC-TEXT-070,CSQP-SFHC-TEXT-070-ENT-0918,date,1939,1939,year_raw,0.75
CSQP-SFHC-TEXT-071,CSQP-SFHC-TEXT-071-ENT-0919,person,叻宋树钊,宋树钊,sender,0.85
CSQP-SFHC-TEXT-071,CSQP-SFHC-TEXT-071-ENT-0920,person,澄邑下蓬家双亲大人,双亲,recipient,0.85
CSQP-SFHC-TEXT-071,CSQP-SFHC-TEXT-071-ENT-0921,kinship,双亲,双亲,kinship_terms,0.8
CSQP-SFHC-TEXT-071,CSQP-SFHC-TEXT-071-ENT-0922,kinship,父亲,父亲,kinship_terms,0.8
CSQP-SFHC-TEXT-071,CSQP-SFHC-TEXT-071-ENT-0923,kinship,弟,弟,kinship_terms,0.8
CSQP-SFHC-TEXT-071,CSQP-SFHC-TEXT-071-ENT-0924,kinship,男,男,kinship_terms,0.8
CSQP-SFHC-TEXT-071,CSQP-SFHC-TEXT-071-ENT-0925,kinship,婶,婶,kinship_terms,0.8
CSQP-SFHC-TEXT-071,CSQP-SFHC-TEXT-071-ENT-0926,date,己二月廿九日,己二月廿九日,date_text,0.75
CSQP-SFHC-TEXT-071,CSQP-SFHC-TEXT-071-ENT-0927,date,己二月廿九日寄,己二月廿九日寄,written_date_text,0.75
CSQP-SFHC-TEXT-071,CSQP-SFHC-TEXT-071-ENT-0928,date,1939,1939,year_raw,0.75
CSQP-SFHC-TEXT-071,CSQP-SFHC-TEXT-071-ENT-0929,style_formula,敬禀者,敬禀者,common_formulae,0.7
CSQP-SFHC-TEXT-071,CSQP-SFHC-TEXT-071-ENT-0930,style_formula,膝下,膝下,common_formulae,0.7
CSQP-SFHC-TEXT-071,CSQP-SFHC-TEXT-071-ENT-0931,style_formula,福安,福安,common_formulae,0.7
CSQP-SFHC-TEXT-071,CSQP-SFHC-TEXT-071-ENT-0932,style_formula,切勿,切勿,instruction_formulae,0.7
CSQP-SFHC-TEXT-071,CSQP-SFHC-TEXT-071-ENT-0933,style_formula,须,须,instruction_formulae,0.7
CSQP-SFHC-TEXT-072,CSQP-SFHC-TEXT-072-ENT-0934,person,潘贤伟,潘贤伟,sender,0.85
CSQP-SFHC-TEXT-072,CSQP-SFHC-TEXT-072-ENT-0935,person,潮安东南区潘庆全吾侄,东南区潘庆全吾侄,recipient,0.85
CSQP-SFHC-TEXT-072,CSQP-SFHC-TEXT-072-ENT-0936,kinship,侄,侄,kinship_terms,0.8
CSQP-SFHC-TEXT-072,CSQP-SFHC-TEXT-072-ENT-0937,kinship,叔,叔,kinship_terms,0.8
CSQP-SFHC-TEXT-072,CSQP-SFHC-TEXT-072-ENT-0938,date,己三月初一日,己三月初一日,date_text,0.75
CSQP-SFHC-TEXT-072,CSQP-SFHC-TEXT-072-ENT-0939,date,"愚叔贤伟泐
己三月初一日","愚叔贤伟泐
己三月初一日",written_date_text,0.75
CSQP-SFHC-TEXT-072,CSQP-SFHC-TEXT-072-ENT-0940,date,1939,1939,year_raw,0.75
CSQP-SFHC-TEXT-072,CSQP-SFHC-TEXT-072-ENT-0941,style_formula,付去,付去,remittance_formulae,0.7
CSQP-SFHC-TEXT-073,CSQP-SFHC-TEXT-073-ENT-0942,person,儿弟万道,儿弟万道,sender,0.85
CSQP-SFHC-TEXT-073,CSQP-SFHC-TEXT-073-ENT-0943,person,潮安五区家双亲大人,双亲,recipient,0.85
CSQP-SFHC-TEXT-073,CSQP-SFHC-TEXT-073-ENT-0944,kinship,双亲,双亲,kinship_terms,0.8
CSQP-SFHC-TEXT-073,CSQP-SFHC-TEXT-073-ENT-0945,kinship,弟,弟,kinship_terms,0.8
CSQP-SFHC-TEXT-073,CSQP-SFHC-TEXT-073-ENT-0946,kinship,儿,儿,kinship_terms,0.8
CSQP-SFHC-TEXT-073,CSQP-SFHC-TEXT-073-ENT-0947,kinship,叔,叔,kinship_terms,0.8
CSQP-SFHC-TEXT-073,CSQP-SFHC-TEXT-073-ENT-0948,kinship,婶,婶,kinship_terms,0.8
CSQP-SFHC-TEXT-073,CSQP-SFHC-TEXT-073-ENT-0949,date,己三月廿一日,己三月廿一日,date_text,0.75
CSQP-SFHC-TEXT-073,CSQP-SFHC-TEXT-073-ENT-0950,date,1939,1939,year_raw,0.75
CSQP-SFHC-TEXT-073,CSQP-SFHC-TEXT-073-ENT-0951,style_formula,敬禀者,敬禀者,common_formulae,0.7
CSQP-SFHC-TEXT-073,CSQP-SFHC-TEXT-073-ENT-0952,style_formula,尊前,尊前,common_formulae,0.7
CSQP-SFHC-TEXT-073,CSQP-SFHC-TEXT-073-ENT-0953,style_formula,福安,福安,common_formulae,0.7
CSQP-SFHC-TEXT-073,CSQP-SFHC-TEXT-073-ENT-0954,style_formula,寄去,寄去,remittance_formulae,0.7
CSQP-SFHC-TEXT-073,CSQP-SFHC-TEXT-073-ENT-0955,style_formula,须,须,instruction_formulae,0.7
CSQP-SFHC-TEXT-073,CSQP-SFHC-TEXT-073-ENT-0956,style_formula,嘱,嘱,instruction_formulae,0.7
CSQP-SFHC-TEXT-074,CSQP-SFHC-TEXT-074-ENT-0957,person,遥应杰,遥应杰,sender,0.85
CSQP-SFHC-TEXT-074,CSQP-SFHC-TEXT-074-ENT-0958,person,汀邑外埔乡黄应瑜吾弟,外埔乡黄应瑜吾弟,recipient,0.85
CSQP-SFHC-TEXT-074,CSQP-SFHC-TEXT-074-ENT-0959,kinship,双亲,双亲,kinship_terms,0.8
CSQP-SFHC-TEXT-074,CSQP-SFHC-TEXT-074-ENT-0960,kinship,弟,弟,kinship_terms,0.8
CSQP-SFHC-TEXT-074,CSQP-SFHC-TEXT-074-ENT-0961,kinship,儿,儿,kinship_terms,0.8
CSQP-SFHC-TEXT-074,CSQP-SFHC-TEXT-074-ENT-0962,date,己四月初一日,己四月初一日,date_text,0.75
CSQP-SFHC-TEXT-074,CSQP-SFHC-TEXT-074-ENT-0963,date,"儿应杰顿
己四月初一日","儿应杰顿
己四月初一日",written_date_text,0.75
CSQP-SFHC-TEXT-074,CSQP-SFHC-TEXT-074-ENT-0964,date,1939,1939,year_raw,0.75
CSQP-SFHC-TEXT-074,CSQP-SFHC-TEXT-074-ENT-0965,style_formula,尊前,尊前,common_formulae,0.7
CSQP-SFHC-TEXT-074,CSQP-SFHC-TEXT-074-ENT-0966,style_formula,寄去,寄去,remittance_formulae,0.7
CSQP-SFHC-TEXT-074,CSQP-SFHC-TEXT-074-ENT-0967,style_formula,安好,安好,safety_formulae,0.7
CSQP-SFHC-TEXT-075,CSQP-SFHC-TEXT-075-ENT-0968,person,［叻］树钊,树钊,sender,0.85
CSQP-SFHC-TEXT-075,CSQP-SFHC-TEXT-075-ENT-0969,person,［澄邑下蓬］笑娇内子,笑娇内子,recipient,0.85
CSQP-SFHC-TEXT-075,CSQP-SFHC-TEXT-075-ENT-0970,kinship,祖母,祖母,kinship_terms,0.8
CSQP-SFHC-TEXT-075,CSQP-SFHC-TEXT-075-ENT-0971,date,己（1939）十一月初九日,己（1939）十一月初九日,date_text,0.75
CSQP-SFHC-TEXT-075,CSQP-SFHC-TEXT-075-ENT-0972,date,己十一月初九日十一点 愚树钊手书,己十一月初九日十一点 愚树钊手书,written_date_text,0.75
CSQP-SFHC-TEXT-075,CSQP-SFHC-TEXT-075-ENT-0973,date,1939,1939,year_raw,0.75
CSQP-SFHC-TEXT-075,CSQP-SFHC-TEXT-075-ENT-0974,style_formula,须,须,instruction_formulae,0.7
CSQP-SFHC-TEXT-075,CSQP-SFHC-TEXT-075-ENT-0975,style_formula,不可,不可,instruction_formulae,0.7
CSQP-SFHC-TEXT-076,CSQP-SFHC-TEXT-076-ENT-0976,person,泰［泰国］财福,泰财福,sender,0.85
CSQP-SFHC-TEXT-076,CSQP-SFHC-TEXT-076-ENT-0977,person,澄邑南砂乡林宅慈亲大人,南砂乡林宅慈亲,recipient,0.85
CSQP-SFHC-TEXT-076,CSQP-SFHC-TEXT-076-ENT-0978,kinship,慈亲,慈亲,kinship_terms,0.8
CSQP-SFHC-TEXT-076,CSQP-SFHC-TEXT-076-ENT-0979,kinship,嫂,嫂,kinship_terms,0.8
CSQP-SFHC-TEXT-076,CSQP-SFHC-TEXT-076-ENT-0980,kinship,大嫂,大嫂,kinship_terms,0.8
CSQP-SFHC-TEXT-076,CSQP-SFHC-TEXT-076-ENT-0981,kinship,兄,兄,kinship_terms,0.8
CSQP-SFHC-TEXT-076,CSQP-SFHC-TEXT-076-ENT-0982,kinship,儿,儿,kinship_terms,0.8
CSQP-SFHC-TEXT-076,CSQP-SFHC-TEXT-076-ENT-0983,date,民廿九年（1940）二月一日,民廿九年（1940）二月一日,date_text,0.75
CSQP-SFHC-TEXT-076,CSQP-SFHC-TEXT-076-ENT-0984,date,民廿九年二月一日 儿林财福拜禀,民廿九年二月一日 儿林财福拜禀,written_date_text,0.75
CSQP-SFHC-TEXT-076,CSQP-SFHC-TEXT-076-ENT-0985,date,1940,1940,year_raw,0.75
CSQP-SFHC-TEXT-076,CSQP-SFHC-TEXT-076-ENT-0986,style_formula,膝下,膝下,common_formulae,0.7
CSQP-SFHC-TEXT-076,CSQP-SFHC-TEXT-076-ENT-0987,style_formula,查收,查收,common_formulae,0.7
CSQP-SFHC-TEXT-076,CSQP-SFHC-TEXT-076-ENT-0988,style_formula,容后,容后,common_formulae,0.7
CSQP-SFHC-TEXT-076,CSQP-SFHC-TEXT-076-ENT-0989,style_formula,奉上,奉上,remittance_formulae,0.7
CSQP-SFHC-TEXT-076,CSQP-SFHC-TEXT-076-ENT-0990,style_formula,查收,查收,remittance_formulae,0.7
CSQP-SFHC-TEXT-076,CSQP-SFHC-TEXT-076-ENT-0991,style_formula,平安,平安,safety_formulae,0.7
CSQP-SFHC-TEXT-076,CSQP-SFHC-TEXT-076-ENT-0992,style_formula,不可,不可,instruction_formulae,0.7
CSQP-SFHC-TEXT-077,CSQP-SFHC-TEXT-077-ENT-0993,person,潮安鹤塘乡儿光裕,鹤塘乡儿光裕,sender,0.85
CSQP-SFHC-TEXT-077,CSQP-SFHC-TEXT-077-ENT-0994,person,遥陈运昇父亲大人,遥陈运昇父亲,recipient,0.85
CSQP-SFHC-TEXT-077,CSQP-SFHC-TEXT-077-ENT-0995,kinship,父亲,父亲,kinship_terms,0.8
CSQP-SFHC-TEXT-077,CSQP-SFHC-TEXT-077-ENT-0996,kinship,兄,兄,kinship_terms,0.8
CSQP-SFHC-TEXT-077,CSQP-SFHC-TEXT-077-ENT-0997,kinship,儿,儿,kinship_terms,0.8
CSQP-SFHC-TEXT-077,CSQP-SFHC-TEXT-077-ENT-0998,date,廿九年二月三十日,廿九年二月三十日,date_text,0.75
CSQP-SFHC-TEXT-077,CSQP-SFHC-TEXT-077-ENT-0999,date,"批荆上言
廿九年二月三十日","批荆上言
廿九年二月三十日",written_date_text,0.75
CSQP-SFHC-TEXT-077,CSQP-SFHC-TEXT-077-ENT-1000,date,1940,1940,year_raw,0.75
CSQP-SFHC-TEXT-077,CSQP-SFHC-TEXT-077-ENT-1001,style_formula,尊前,尊前,common_formulae,0.7
CSQP-SFHC-TEXT-077,CSQP-SFHC-TEXT-077-ENT-1002,style_formula,福安,福安,common_formulae,0.7
CSQP-SFHC-TEXT-077,CSQP-SFHC-TEXT-077-ENT-1003,style_formula,平安,平安,safety_formulae,0.7
CSQP-SFHC-TEXT-078,CSQP-SFHC-TEXT-078-ENT-1004,person,遥曾大专,遥曾大专,sender,0.85
CSQP-SFHC-TEXT-078,CSQP-SFHC-TEXT-078-ENT-1005,person,澄邑中外都家妯母大人,中外都家妯母,recipient,0.85
CSQP-SFHC-TEXT-078,CSQP-SFHC-TEXT-078-ENT-1006,kinship,侄,侄,kinship_terms,0.8
CSQP-SFHC-TEXT-078,CSQP-SFHC-TEXT-078-ENT-1007,date,二十九年三月廿九日,二十九年三月廿九日,date_text,0.75
CSQP-SFHC-TEXT-078,CSQP-SFHC-TEXT-078-ENT-1008,date,二十九年三月廿九日 侄曾大专禀,二十九年三月廿九日 侄曾大专禀,written_date_text,0.75
CSQP-SFHC-TEXT-078,CSQP-SFHC-TEXT-078-ENT-1009,date,1940,1940,year_raw,0.75
CSQP-SFHC-TEXT-078,CSQP-SFHC-TEXT-078-ENT-1010,style_formula,敬禀者,敬禀者,common_formulae,0.7
CSQP-SFHC-TEXT-078,CSQP-SFHC-TEXT-078-ENT-1011,style_formula,尊前,尊前,common_formulae,0.7
CSQP-SFHC-TEXT-078,CSQP-SFHC-TEXT-078-ENT-1012,style_formula,查收,查收,common_formulae,0.7
CSQP-SFHC-TEXT-078,CSQP-SFHC-TEXT-078-ENT-1013,style_formula,福安,福安,common_formulae,0.7
CSQP-SFHC-TEXT-078,CSQP-SFHC-TEXT-078-ENT-1014,style_formula,奉上,奉上,remittance_formulae,0.7
CSQP-SFHC-TEXT-078,CSQP-SFHC-TEXT-078-ENT-1015,style_formula,查收,查收,remittance_formulae,0.7
CSQP-SFHC-TEXT-079,CSQP-SFHC-TEXT-079-ENT-1016,person,叻陈赞堂,陈赞堂,sender,0.85
CSQP-SFHC-TEXT-079,CSQP-SFHC-TEXT-079-ENT-1017,person,潮安东风村刘氏荆妻,东风村刘氏荆妻,recipient,0.85
CSQP-SFHC-TEXT-079,CSQP-SFHC-TEXT-079-ENT-1018,kinship,妻,妻,kinship_terms,0.8
CSQP-SFHC-TEXT-079,CSQP-SFHC-TEXT-079-ENT-1019,kinship,荆妻,荆妻,kinship_terms,0.8
CSQP-SFHC-TEXT-079,CSQP-SFHC-TEXT-079-ENT-1020,kinship,贤妻,贤妻,kinship_terms,0.8
CSQP-SFHC-TEXT-079,CSQP-SFHC-TEXT-079-ENT-1021,kinship,媳,媳,kinship_terms,0.8
CSQP-SFHC-TEXT-079,CSQP-SFHC-TEXT-079-ENT-1022,kinship,叔,叔,kinship_terms,0.8
CSQP-SFHC-TEXT-079,CSQP-SFHC-TEXT-079-ENT-1023,date,庚六月初三日,庚六月初三日,date_text,0.75
CSQP-SFHC-TEXT-079,CSQP-SFHC-TEXT-079-ENT-1024,date,"陈赞堂手书
庚六月初三日","陈赞堂手书
庚六月初三日",written_date_text,0.75
CSQP-SFHC-TEXT-079,CSQP-SFHC-TEXT-079-ENT-1025,date,1940,1940,year_raw,0.75
CSQP-SFHC-TEXT-079,CSQP-SFHC-TEXT-079-ENT-1026,style_formula,查收,查收,common_formulae,0.7
CSQP-SFHC-TEXT-079,CSQP-SFHC-TEXT-079-ENT-1027,style_formula,寄去,寄去,remittance_formulae,0.7
CSQP-SFHC-TEXT-079,CSQP-SFHC-TEXT-079-ENT-1028,style_formula,查收,查收,remittance_formulae,0.7
CSQP-SFHC-TEXT-079,CSQP-SFHC-TEXT-079-ENT-1029,style_formula,平安,平安,safety_formulae,0.7
CSQP-SFHC-TEXT-079,CSQP-SFHC-TEXT-079-ENT-1030,style_formula,须,须,instruction_formulae,0.7
CSQP-SFHC-TEXT-080,CSQP-SFHC-TEXT-080-ENT-1031,person,叻儿郑万道,儿郑万道,sender,0.85
CSQP-SFHC-TEXT-080,CSQP-SFHC-TEXT-080-ENT-1032,person,潮安五区家双亲大人,双亲,recipient,0.85
CSQP-SFHC-TEXT-080,CSQP-SFHC-TEXT-080-ENT-1033,kinship,双亲,双亲,kinship_terms,0.8
CSQP-SFHC-TEXT-080,CSQP-SFHC-TEXT-080-ENT-1034,kinship,儿,儿,kinship_terms,0.8
CSQP-SFHC-TEXT-080,CSQP-SFHC-TEXT-080-ENT-1035,date,庚辰年六月初五日,庚辰年六月初五日,date_text,0.75
CSQP-SFHC-TEXT-080,CSQP-SFHC-TEXT-080-ENT-1036,date,庚辰年六月初五日 儿郑万道缄,庚辰年六月初五日 儿郑万道缄,written_date_text,0.75
CSQP-SFHC-TEXT-080,CSQP-SFHC-TEXT-080-ENT-1037,date,1940,1940,year_raw,0.75
CSQP-SFHC-TEXT-080,CSQP-SFHC-TEXT-080-ENT-1038,style_formula,敬禀者,敬禀者,common_formulae,0.7
CSQP-SFHC-TEXT-080,CSQP-SFHC-TEXT-080-ENT-1039,style_formula,膝下,膝下,common_formulae,0.7
CSQP-SFHC-TEXT-080,CSQP-SFHC-TEXT-080-ENT-1040,style_formula,祈查收,祈查收,common_formulae,0.7
CSQP-SFHC-TEXT-080,CSQP-SFHC-TEXT-080-ENT-1041,style_formula,至祈查收,至祈查收,common_formulae,0.7
CSQP-SFHC-TEXT-080,CSQP-SFHC-TEXT-080-ENT-1042,style_formula,查收,查收,common_formulae,0.7
CSQP-SFHC-TEXT-080,CSQP-SFHC-TEXT-080-ENT-1043,style_formula,福安,福安,common_formulae,0.7
CSQP-SFHC-TEXT-080,CSQP-SFHC-TEXT-080-ENT-1044,style_formula,奉上,奉上,remittance_formulae,0.7
CSQP-SFHC-TEXT-080,CSQP-SFHC-TEXT-080-ENT-1045,style_formula,查收,查收,remittance_formulae,0.7
CSQP-SFHC-TEXT-080,CSQP-SFHC-TEXT-080-ENT-1046,style_formula,平安,平安,safety_formulae,0.7
CSQP-SFHC-TEXT-080,CSQP-SFHC-TEXT-080-ENT-1047,style_formula,清泰,清泰,safety_formulae,0.7
CSQP-SFHC-TEXT-081,CSQP-SFHC-TEXT-081-ENT-1048,person,外洋曾大专,曾大专,sender,0.85
CSQP-SFHC-TEXT-081,CSQP-SFHC-TEXT-081-ENT-1049,person,潮汕姊母大人,姊母,recipient,0.85
CSQP-SFHC-TEXT-081,CSQP-SFHC-TEXT-081-ENT-1050,kinship,侄,侄,kinship_terms,0.8
CSQP-SFHC-TEXT-081,CSQP-SFHC-TEXT-081-ENT-1051,kinship,姊,姊,kinship_terms,0.8
CSQP-SFHC-TEXT-081,CSQP-SFHC-TEXT-081-ENT-1052,date,二十九年（1940）阴历七月初十日,二十九年（1940）阴历七月初十日,date_text,0.75
CSQP-SFHC-TEXT-081,CSQP-SFHC-TEXT-081-ENT-1053,date,二十九年阴历七月初十日 侄曾大专禀,二十九年阴历七月初十日 侄曾大专禀,written_date_text,0.75
CSQP-SFHC-TEXT-081,CSQP-SFHC-TEXT-081-ENT-1054,date,1940,1940,year_raw,0.75
CSQP-SFHC-TEXT-081,CSQP-SFHC-TEXT-081-ENT-1055,style_formula,敬禀者,敬禀者,common_formulae,0.7
CSQP-SFHC-TEXT-081,CSQP-SFHC-TEXT-081-ENT-1056,style_formula,查收,查收,common_formulae,0.7
CSQP-SFHC-TEXT-081,CSQP-SFHC-TEXT-081-ENT-1057,style_formula,福安,福安,common_formulae,0.7
CSQP-SFHC-TEXT-081,CSQP-SFHC-TEXT-081-ENT-1058,style_formula,奉上,奉上,remittance_formulae,0.7
CSQP-SFHC-TEXT-081,CSQP-SFHC-TEXT-081-ENT-1059,style_formula,查收,查收,remittance_formulae,0.7
CSQP-SFHC-TEXT-082,CSQP-SFHC-TEXT-082-ENT-1060,person,叻刘祥页,刘祥页,sender,0.85
CSQP-SFHC-TEXT-082,CSQP-SFHC-TEXT-082-ENT-1061,person,潮安东凤村陈学炎先生,村陈学炎,recipient,0.85
CSQP-SFHC-TEXT-082,CSQP-SFHC-TEXT-082-ENT-1062,kinship,侄,侄,kinship_terms,0.8
CSQP-SFHC-TEXT-082,CSQP-SFHC-TEXT-082-ENT-1063,kinship,叔,叔,kinship_terms,0.8
CSQP-SFHC-TEXT-082,CSQP-SFHC-TEXT-082-ENT-1064,date,庚七月廿日,庚七月廿日,date_text,0.75
CSQP-SFHC-TEXT-082,CSQP-SFHC-TEXT-082-ENT-1065,date,"愚侄陈赞堂手启
庚七月廿日","愚侄陈赞堂手启
庚七月廿日",written_date_text,0.75
CSQP-SFHC-TEXT-082,CSQP-SFHC-TEXT-082-ENT-1066,date,1940,1940,year_raw,0.75
CSQP-SFHC-TEXT-082,CSQP-SFHC-TEXT-082-ENT-1067,style_formula,尊前,尊前,common_formulae,0.7
CSQP-SFHC-TEXT-082,CSQP-SFHC-TEXT-082-ENT-1068,style_formula,查收,查收,common_formulae,0.7
CSQP-SFHC-TEXT-082,CSQP-SFHC-TEXT-082-ENT-1069,style_formula,金安,金安,common_formulae,0.7
CSQP-SFHC-TEXT-082,CSQP-SFHC-TEXT-082-ENT-1070,style_formula,寄去,寄去,remittance_formulae,0.7
CSQP-SFHC-TEXT-082,CSQP-SFHC-TEXT-082-ENT-1071,style_formula,查收,查收,remittance_formulae,0.7
CSQP-SFHC-TEXT-082,CSQP-SFHC-TEXT-082-ENT-1072,style_formula,平安,平安,safety_formulae,0.7
CSQP-SFHC-TEXT-082,CSQP-SFHC-TEXT-082-ENT-1073,style_formula,祈为,祈为,instruction_formulae,0.7
CSQP-SFHC-TEXT-083,CSQP-SFHC-TEXT-083-ENT-1074,person,叻潘兆祥,潘兆祥,sender,0.85
CSQP-SFHC-TEXT-083,CSQP-SFHC-TEXT-083-ENT-1075,person,饶邑隆都家祖慈大人,祖慈,recipient,0.85
CSQP-SFHC-TEXT-083,CSQP-SFHC-TEXT-083-ENT-1076,kinship,祖母,祖母,kinship_terms,0.8
CSQP-SFHC-TEXT-083,CSQP-SFHC-TEXT-083-ENT-1077,kinship,外祖母,外祖母,kinship_terms,0.8
CSQP-SFHC-TEXT-083,CSQP-SFHC-TEXT-083-ENT-1078,kinship,祖慈,祖慈,kinship_terms,0.8
CSQP-SFHC-TEXT-083,CSQP-SFHC-TEXT-083-ENT-1079,kinship,家祖,家祖,kinship_terms,0.8
CSQP-SFHC-TEXT-083,CSQP-SFHC-TEXT-083-ENT-1080,kinship,叔父,叔父,kinship_terms,0.8
CSQP-SFHC-TEXT-083,CSQP-SFHC-TEXT-083-ENT-1081,kinship,孙,孙,kinship_terms,0.8
CSQP-SFHC-TEXT-083,CSQP-SFHC-TEXT-083-ENT-1082,kinship,叔,叔,kinship_terms,0.8
CSQP-SFHC-TEXT-083,CSQP-SFHC-TEXT-083-ENT-1083,date,庚十一月十五日,庚十一月十五日,date_text,0.75
CSQP-SFHC-TEXT-083,CSQP-SFHC-TEXT-083-ENT-1084,date,庚十一月十五日 孙兆祥缄,庚十一月十五日 孙兆祥缄,written_date_text,0.75
CSQP-SFHC-TEXT-083,CSQP-SFHC-TEXT-083-ENT-1085,date,1940,1940,year_raw,0.75
CSQP-SFHC-TEXT-083,CSQP-SFHC-TEXT-083-ENT-1086,style_formula,敬禀者,敬禀者,common_formulae,0.7
CSQP-SFHC-TEXT-083,CSQP-SFHC-TEXT-083-ENT-1087,style_formula,尊前,尊前,common_formulae,0.7
CSQP-SFHC-TEXT-083,CSQP-SFHC-TEXT-083-ENT-1088,style_formula,祈查收,祈查收,common_formulae,0.7
CSQP-SFHC-TEXT-083,CSQP-SFHC-TEXT-083-ENT-1089,style_formula,至祈查收,至祈查收,common_formulae,0.7
CSQP-SFHC-TEXT-083,CSQP-SFHC-TEXT-083-ENT-1090,style_formula,查收,查收,common_formulae,0.7
CSQP-SFHC-TEXT-083,CSQP-SFHC-TEXT-083-ENT-1091,style_formula,金安,金安,common_formulae,0.7
CSQP-SFHC-TEXT-083,CSQP-SFHC-TEXT-083-ENT-1092,style_formula,寄上,寄上,remittance_formulae,0.7
CSQP-SFHC-TEXT-083,CSQP-SFHC-TEXT-083-ENT-1093,style_formula,查收,查收,remittance_formulae,0.7
CSQP-SFHC-TEXT-084,CSQP-SFHC-TEXT-084-ENT-1094,person,外洋万道,万道,sender,0.85
CSQP-SFHC-TEXT-084,CSQP-SFHC-TEXT-084-ENT-1095,person,潮汕双亲大人,双亲,recipient,0.85
CSQP-SFHC-TEXT-084,CSQP-SFHC-TEXT-084-ENT-1096,kinship,双亲,双亲,kinship_terms,0.8
CSQP-SFHC-TEXT-084,CSQP-SFHC-TEXT-084-ENT-1097,kinship,兄,兄,kinship_terms,0.8
CSQP-SFHC-TEXT-084,CSQP-SFHC-TEXT-084-ENT-1098,kinship,弟,弟,kinship_terms,0.8
CSQP-SFHC-TEXT-084,CSQP-SFHC-TEXT-084-ENT-1099,kinship,儿,儿,kinship_terms,0.8
CSQP-SFHC-TEXT-084,CSQP-SFHC-TEXT-084-ENT-1100,kinship,妹,妹,kinship_terms,0.8
CSQP-SFHC-TEXT-084,CSQP-SFHC-TEXT-084-ENT-1101,kinship,叔,叔,kinship_terms,0.8
CSQP-SFHC-TEXT-084,CSQP-SFHC-TEXT-084-ENT-1102,date,庚辰年（1940）十一月初三日,庚辰年（1940）十一月初三日,date_text,0.75
CSQP-SFHC-TEXT-084,CSQP-SFHC-TEXT-084-ENT-1103,date,庚辰年十二月初三日 儿万道缄,庚辰年十二月初三日 儿万道缄,written_date_text,0.75
CSQP-SFHC-TEXT-084,CSQP-SFHC-TEXT-084-ENT-1104,date,1940,1940,year_raw,0.75
CSQP-SFHC-TEXT-084,CSQP-SFHC-TEXT-084-ENT-1105,style_formula,膝下,膝下,common_formulae,0.7
CSQP-SFHC-TEXT-084,CSQP-SFHC-TEXT-084-ENT-1106,style_formula,福安,福安,common_formulae,0.7
CSQP-SFHC-TEXT-084,CSQP-SFHC-TEXT-084-ENT-1107,style_formula,容后,容后,common_formulae,0.7
CSQP-SFHC-TEXT-084,CSQP-SFHC-TEXT-084-ENT-1108,style_formula,奉上,奉上,remittance_formulae,0.7
CSQP-SFHC-TEXT-084,CSQP-SFHC-TEXT-084-ENT-1109,style_formula,清泰,清泰,safety_formulae,0.7
CSQP-SFHC-TEXT-084,CSQP-SFHC-TEXT-084-ENT-1110,style_formula,起居,起居,safety_formulae,0.7
CSQP-SFHC-TEXT-085,CSQP-SFHC-TEXT-085-ENT-1111,person,叻郑木绵,郑木绵,sender,0.85
CSQP-SFHC-TEXT-085,CSQP-SFHC-TEXT-085-ENT-1112,person,潮安南桂家慈亲大人,慈亲,recipient,0.85
CSQP-SFHC-TEXT-085,CSQP-SFHC-TEXT-085-ENT-1113,kinship,慈亲,慈亲,kinship_terms,0.8
CSQP-SFHC-TEXT-085,CSQP-SFHC-TEXT-085-ENT-1114,date,卅年一月十七日,卅年一月十七日,date_text,0.75
CSQP-SFHC-TEXT-085,CSQP-SFHC-TEXT-085-ENT-1115,date,1941,1941,year_raw,0.75
CSQP-SFHC-TEXT-086,CSQP-SFHC-TEXT-086-ENT-1116,person,叻潘兆祥,潘兆祥,sender,0.85
CSQP-SFHC-TEXT-086,CSQP-SFHC-TEXT-086-ENT-1117,person,饶邑隆都家祖慈大人,祖慈,recipient,0.85
CSQP-SFHC-TEXT-086,CSQP-SFHC-TEXT-086-ENT-1118,kinship,慈亲,慈亲,kinship_terms,0.8
CSQP-SFHC-TEXT-086,CSQP-SFHC-TEXT-086-ENT-1119,kinship,祖母,祖母,kinship_terms,0.8
CSQP-SFHC-TEXT-086,CSQP-SFHC-TEXT-086-ENT-1120,kinship,外祖母,外祖母,kinship_terms,0.8
CSQP-SFHC-TEXT-086,CSQP-SFHC-TEXT-086-ENT-1121,kinship,祖慈,祖慈,kinship_terms,0.8
CSQP-SFHC-TEXT-086,CSQP-SFHC-TEXT-086-ENT-1122,kinship,家祖,家祖,kinship_terms,0.8
CSQP-SFHC-TEXT-086,CSQP-SFHC-TEXT-086-ENT-1123,kinship,伯母,伯母,kinship_terms,0.8
CSQP-SFHC-TEXT-086,CSQP-SFHC-TEXT-086-ENT-1124,kinship,叔父,叔父,kinship_terms,0.8
CSQP-SFHC-TEXT-086,CSQP-SFHC-TEXT-086-ENT-1125,kinship,孙,孙,kinship_terms,0.8
CSQP-SFHC-TEXT-086,CSQP-SFHC-TEXT-086-ENT-1126,kinship,叔,叔,kinship_terms,0.8
CSQP-SFHC-TEXT-086,CSQP-SFHC-TEXT-086-ENT-1127,kinship,伯,伯,kinship_terms,0.8
CSQP-SFHC-TEXT-086,CSQP-SFHC-TEXT-086-ENT-1128,date,辛元月初五日,辛元月初五日,date_text,0.75
CSQP-SFHC-TEXT-086,CSQP-SFHC-TEXT-086-ENT-1129,date,辛元月初五日 孙兆祥缄,辛元月初五日 孙兆祥缄,written_date_text,0.75
CSQP-SFHC-TEXT-086,CSQP-SFHC-TEXT-086-ENT-1130,date,1941,1941,year_raw,0.75
CSQP-SFHC-TEXT-086,CSQP-SFHC-TEXT-086-ENT-1131,style_formula,敬禀者,敬禀者,common_formulae,0.7
CSQP-SFHC-TEXT-086,CSQP-SFHC-TEXT-086-ENT-1132,style_formula,尊前,尊前,common_formulae,0.7
CSQP-SFHC-TEXT-086,CSQP-SFHC-TEXT-086-ENT-1133,style_formula,祈查收,祈查收,common_formulae,0.7
CSQP-SFHC-TEXT-086,CSQP-SFHC-TEXT-086-ENT-1134,style_formula,至祈查收,至祈查收,common_formulae,0.7
CSQP-SFHC-TEXT-086,CSQP-SFHC-TEXT-086-ENT-1135,style_formula,查收,查收,common_formulae,0.7
CSQP-SFHC-TEXT-086,CSQP-SFHC-TEXT-086-ENT-1136,style_formula,寄上,寄上,remittance_formulae,0.7
CSQP-SFHC-TEXT-086,CSQP-SFHC-TEXT-086-ENT-1137,style_formula,查收,查收,remittance_formulae,0.7
CSQP-SFHC-TEXT-086,CSQP-SFHC-TEXT-086-ENT-1138,style_formula,平安,平安,safety_formulae,0.7
CSQP-SFHC-TEXT-086,CSQP-SFHC-TEXT-086-ENT-1139,style_formula,安好,安好,safety_formulae,0.7
CSQP-SFHC-TEXT-087,CSQP-SFHC-TEXT-087-ENT-1140,person,叻陈照廷,陈照廷,sender,0.85
CSQP-SFHC-TEXT-087,CSQP-SFHC-TEXT-087-ENT-1141,person,潮安南桂区陈学炎先生,区陈学炎,recipient,0.85
CSQP-SFHC-TEXT-087,CSQP-SFHC-TEXT-087-ENT-1142,kinship,兄,兄,kinship_terms,0.8
CSQP-SFHC-TEXT-087,CSQP-SFHC-TEXT-087-ENT-1143,kinship,弟,弟,kinship_terms,0.8
CSQP-SFHC-TEXT-087,CSQP-SFHC-TEXT-087-ENT-1144,date,卅年二月四日,卅年二月四日,date_text,0.75
CSQP-SFHC-TEXT-087,CSQP-SFHC-TEXT-087-ENT-1145,date,"兄陈照廷手泐
卅，二，四","兄陈照廷手泐
卅，二，四",written_date_text,0.75
CSQP-SFHC-TEXT-087,CSQP-SFHC-TEXT-087-ENT-1146,date,1941,1941,year_raw,0.75
CSQP-SFHC-TEXT-087,CSQP-SFHC-TEXT-087-ENT-1147,style_formula,付去,付去,remittance_formulae,0.7
CSQP-SFHC-TEXT-087,CSQP-SFHC-TEXT-087-ENT-1148,style_formula,平安,平安,safety_formulae,0.7
CSQP-SFHC-TEXT-087,CSQP-SFHC-TEXT-087-ENT-1149,style_formula,祈为,祈为,instruction_formulae,0.7
CSQP-SFHC-TEXT-088,CSQP-SFHC-TEXT-088-ENT-1150,person,麻林荣泉,麻林荣泉,sender,0.85
CSQP-SFHC-TEXT-088,CSQP-SFHC-TEXT-088-ENT-1151,person,潮安古楼乡林杰标侄,古楼乡林杰标侄,recipient,0.85
CSQP-SFHC-TEXT-088,CSQP-SFHC-TEXT-088-ENT-1152,kinship,儿,儿,kinship_terms,0.8
CSQP-SFHC-TEXT-088,CSQP-SFHC-TEXT-088-ENT-1153,kinship,侄,侄,kinship_terms,0.8
CSQP-SFHC-TEXT-088,CSQP-SFHC-TEXT-088-ENT-1154,kinship,伯,伯,kinship_terms,0.8
CSQP-SFHC-TEXT-088,CSQP-SFHC-TEXT-088-ENT-1155,date,辛二月廿六日,辛二月廿六日,date_text,0.75
CSQP-SFHC-TEXT-088,CSQP-SFHC-TEXT-088-ENT-1156,date,辛二月廿六日寄,辛二月廿六日寄,written_date_text,0.75
CSQP-SFHC-TEXT-088,CSQP-SFHC-TEXT-088-ENT-1157,date,1941,1941,year_raw,0.75
CSQP-SFHC-TEXT-088,CSQP-SFHC-TEXT-088-ENT-1158,style_formula,查收,查收,common_formulae,0.7
CSQP-SFHC-TEXT-088,CSQP-SFHC-TEXT-088-ENT-1159,style_formula,不一,不一,common_formulae,0.7
CSQP-SFHC-TEXT-088,CSQP-SFHC-TEXT-088-ENT-1160,style_formula,付去,付去,remittance_formulae,0.7
CSQP-SFHC-TEXT-088,CSQP-SFHC-TEXT-088-ENT-1161,style_formula,查收,查收,remittance_formulae,0.7
CSQP-SFHC-TEXT-088,CSQP-SFHC-TEXT-088-ENT-1162,style_formula,平安,平安,safety_formulae,0.7
CSQP-SFHC-TEXT-089,CSQP-SFHC-TEXT-089-ENT-1163,person,［叻］郑万道,郑万道,sender,0.85
CSQP-SFHC-TEXT-089,CSQP-SFHC-TEXT-089-ENT-1164,person,［潮安五区］双亲大人,双亲,recipient,0.85
CSQP-SFHC-TEXT-089,CSQP-SFHC-TEXT-089-ENT-1165,kinship,双亲,双亲,kinship_terms,0.8
CSQP-SFHC-TEXT-089,CSQP-SFHC-TEXT-089-ENT-1166,kinship,儿,儿,kinship_terms,0.8
CSQP-SFHC-TEXT-089,CSQP-SFHC-TEXT-089-ENT-1167,date,辛巳年（1941）四月初五日,辛巳年（1941）四月初五日,date_text,0.75
CSQP-SFHC-TEXT-089,CSQP-SFHC-TEXT-089-ENT-1168,date,辛巳年四月初五日 儿郑万道缄,辛巳年四月初五日 儿郑万道缄,written_date_text,0.75
CSQP-SFHC-TEXT-089,CSQP-SFHC-TEXT-089-ENT-1169,date,1941,1941,year_raw,0.75
CSQP-SFHC-TEXT-089,CSQP-SFHC-TEXT-089-ENT-1170,style_formula,敬禀者,敬禀者,common_formulae,0.7
CSQP-SFHC-TEXT-089,CSQP-SFHC-TEXT-089-ENT-1171,style_formula,膝下,膝下,common_formulae,0.7
CSQP-SFHC-TEXT-089,CSQP-SFHC-TEXT-089-ENT-1172,style_formula,查收,查收,common_formulae,0.7
CSQP-SFHC-TEXT-089,CSQP-SFHC-TEXT-089-ENT-1173,style_formula,福安,福安,common_formulae,0.7
CSQP-SFHC-TEXT-089,CSQP-SFHC-TEXT-089-ENT-1174,style_formula,奉上,奉上,remittance_formulae,0.7
CSQP-SFHC-TEXT-089,CSQP-SFHC-TEXT-089-ENT-1175,style_formula,查收,查收,remittance_formulae,0.7
CSQP-SFHC-TEXT-089,CSQP-SFHC-TEXT-089-ENT-1176,style_formula,平安,平安,safety_formulae,0.7
CSQP-SFHC-TEXT-090,CSQP-SFHC-TEXT-090-ENT-1177,person,叻儿郑万道,儿郑万道,sender,0.85
CSQP-SFHC-TEXT-090,CSQP-SFHC-TEXT-090-ENT-1178,person,潮安五区家双亲大人,双亲,recipient,0.85
CSQP-SFHC-TEXT-090,CSQP-SFHC-TEXT-090-ENT-1179,kinship,双亲,双亲,kinship_terms,0.8
CSQP-SFHC-TEXT-090,CSQP-SFHC-TEXT-090-ENT-1180,kinship,弟,弟,kinship_terms,0.8
CSQP-SFHC-TEXT-090,CSQP-SFHC-TEXT-090-ENT-1181,kinship,儿,儿,kinship_terms,0.8
CSQP-SFHC-TEXT-090,CSQP-SFHC-TEXT-090-ENT-1182,date,辛巳年七月十八日,辛巳年七月十八日,date_text,0.75
CSQP-SFHC-TEXT-090,CSQP-SFHC-TEXT-090-ENT-1183,date,辛巳年七月十八日 儿万道拜上,辛巳年七月十八日 儿万道拜上,written_date_text,0.75
CSQP-SFHC-TEXT-090,CSQP-SFHC-TEXT-090-ENT-1184,date,1941,1941,year_raw,0.75
CSQP-SFHC-TEXT-090,CSQP-SFHC-TEXT-090-ENT-1185,style_formula,敬禀者,敬禀者,common_formulae,0.7
CSQP-SFHC-TEXT-090,CSQP-SFHC-TEXT-090-ENT-1186,style_formula,膝下,膝下,common_formulae,0.7
CSQP-SFHC-TEXT-090,CSQP-SFHC-TEXT-090-ENT-1187,style_formula,祈查收,祈查收,common_formulae,0.7
CSQP-SFHC-TEXT-090,CSQP-SFHC-TEXT-090-ENT-1188,style_formula,至祈查收,至祈查收,common_formulae,0.7
CSQP-SFHC-TEXT-090,CSQP-SFHC-TEXT-090-ENT-1189,style_formula,查收,查收,common_formulae,0.7
CSQP-SFHC-TEXT-090,CSQP-SFHC-TEXT-090-ENT-1190,style_formula,福安,福安,common_formulae,0.7
CSQP-SFHC-TEXT-090,CSQP-SFHC-TEXT-090-ENT-1191,style_formula,奉上,奉上,remittance_formulae,0.7
CSQP-SFHC-TEXT-090,CSQP-SFHC-TEXT-090-ENT-1192,style_formula,查收,查收,remittance_formulae,0.7
CSQP-SFHC-TEXT-091,CSQP-SFHC-TEXT-091-ENT-1193,person,槟城潘兆祥,潘兆祥,sender,0.85
CSQP-SFHC-TEXT-091,CSQP-SFHC-TEXT-091-ENT-1194,person,饶邑隆都家祖慈大人,祖慈,recipient,0.85
CSQP-SFHC-TEXT-091,CSQP-SFHC-TEXT-091-ENT-1195,kinship,母亲,母亲,kinship_terms,0.8
CSQP-SFHC-TEXT-091,CSQP-SFHC-TEXT-091-ENT-1196,kinship,祖母,祖母,kinship_terms,0.8
CSQP-SFHC-TEXT-091,CSQP-SFHC-TEXT-091-ENT-1197,kinship,外祖母,外祖母,kinship_terms,0.8
CSQP-SFHC-TEXT-091,CSQP-SFHC-TEXT-091-ENT-1198,kinship,祖慈,祖慈,kinship_terms,0.8
CSQP-SFHC-TEXT-091,CSQP-SFHC-TEXT-091-ENT-1199,kinship,家祖,家祖,kinship_terms,0.8
CSQP-SFHC-TEXT-091,CSQP-SFHC-TEXT-091-ENT-1200,kinship,伯母,伯母,kinship_terms,0.8
CSQP-SFHC-TEXT-091,CSQP-SFHC-TEXT-091-ENT-1201,kinship,叔父,叔父,kinship_terms,0.8
CSQP-SFHC-TEXT-091,CSQP-SFHC-TEXT-091-ENT-1202,kinship,孙,孙,kinship_terms,0.8
CSQP-SFHC-TEXT-091,CSQP-SFHC-TEXT-091-ENT-1203,kinship,叔,叔,kinship_terms,0.8
CSQP-SFHC-TEXT-091,CSQP-SFHC-TEXT-091-ENT-1204,kinship,伯,伯,kinship_terms,0.8
CSQP-SFHC-TEXT-091,CSQP-SFHC-TEXT-091-ENT-1205,date,辛九月初九日,辛九月初九日,date_text,0.75
CSQP-SFHC-TEXT-091,CSQP-SFHC-TEXT-091-ENT-1206,date,辛九月初九日 孙兆祥禀,辛九月初九日 孙兆祥禀,written_date_text,0.75
CSQP-SFHC-TEXT-091,CSQP-SFHC-TEXT-091-ENT-1207,date,1941,1941,year_raw,0.75
CSQP-SFHC-TEXT-091,CSQP-SFHC-TEXT-091-ENT-1208,style_formula,敬禀者,敬禀者,common_formulae,0.7
CSQP-SFHC-TEXT-091,CSQP-SFHC-TEXT-091-ENT-1209,style_formula,尊前,尊前,common_formulae,0.7
CSQP-SFHC-TEXT-091,CSQP-SFHC-TEXT-091-ENT-1210,style_formula,祈查收,祈查收,common_formulae,0.7
CSQP-SFHC-TEXT-091,CSQP-SFHC-TEXT-091-ENT-1211,style_formula,至祈查收,至祈查收,common_formulae,0.7
CSQP-SFHC-TEXT-091,CSQP-SFHC-TEXT-091-ENT-1212,style_formula,查收,查收,common_formulae,0.7
CSQP-SFHC-TEXT-091,CSQP-SFHC-TEXT-091-ENT-1213,style_formula,金安,金安,common_formulae,0.7
CSQP-SFHC-TEXT-091,CSQP-SFHC-TEXT-091-ENT-1214,style_formula,寄上,寄上,remittance_formulae,0.7
CSQP-SFHC-TEXT-091,CSQP-SFHC-TEXT-091-ENT-1215,style_formula,查收,查收,remittance_formulae,0.7
CSQP-SFHC-TEXT-092,CSQP-SFHC-TEXT-092-ENT-1216,person,外洋潘兆珊,潘兆珊,sender,0.85
CSQP-SFHC-TEXT-092,CSQP-SFHC-TEXT-092-ENT-1217,person,潮汕家贤妻,家,recipient,0.85
CSQP-SFHC-TEXT-092,CSQP-SFHC-TEXT-092-ENT-1218,kinship,妻,妻,kinship_terms,0.8
CSQP-SFHC-TEXT-092,CSQP-SFHC-TEXT-092-ENT-1219,kinship,贤妻,贤妻,kinship_terms,0.8
CSQP-SFHC-TEXT-092,CSQP-SFHC-TEXT-092-ENT-1220,date,辛（1941）九月十八日,辛（1941）九月十八日,date_text,0.75
CSQP-SFHC-TEXT-092,CSQP-SFHC-TEXT-092-ENT-1221,date,1941,1941,year_raw,0.75
CSQP-SFHC-TEXT-092,CSQP-SFHC-TEXT-092-ENT-1222,style_formula,查收,查收,common_formulae,0.7
CSQP-SFHC-TEXT-092,CSQP-SFHC-TEXT-092-ENT-1223,style_formula,付去,付去,remittance_formulae,0.7
CSQP-SFHC-TEXT-092,CSQP-SFHC-TEXT-092-ENT-1224,style_formula,查收,查收,remittance_formulae,0.7
CSQP-SFHC-TEXT-092,CSQP-SFHC-TEXT-092-ENT-1225,style_formula,平安,平安,safety_formulae,0.7
CSQP-SFHC-TEXT-093,CSQP-SFHC-TEXT-093-ENT-1226,person,外洋继豪,继豪,sender,0.85
CSQP-SFHC-TEXT-093,CSQP-SFHC-TEXT-093-ENT-1227,person,潮汕慈亲大人,慈亲,recipient,0.85
CSQP-SFHC-TEXT-093,CSQP-SFHC-TEXT-093-ENT-1228,kinship,慈亲,慈亲,kinship_terms,0.8
CSQP-SFHC-TEXT-093,CSQP-SFHC-TEXT-093-ENT-1229,kinship,母亲,母亲,kinship_terms,0.8
CSQP-SFHC-TEXT-093,CSQP-SFHC-TEXT-093-ENT-1230,kinship,嫂,嫂,kinship_terms,0.8
CSQP-SFHC-TEXT-093,CSQP-SFHC-TEXT-093-ENT-1231,kinship,儿,儿,kinship_terms,0.8
CSQP-SFHC-TEXT-093,CSQP-SFHC-TEXT-093-ENT-1232,kinship,侄,侄,kinship_terms,0.8
CSQP-SFHC-TEXT-093,CSQP-SFHC-TEXT-093-ENT-1233,date,五月十三日（约1942前）,五月十三日（约1942前）,date_text,0.75
CSQP-SFHC-TEXT-093,CSQP-SFHC-TEXT-093-ENT-1234,date,五月十三日 儿继豪缄,五月十三日 儿继豪缄,written_date_text,0.75
CSQP-SFHC-TEXT-093,CSQP-SFHC-TEXT-093-ENT-1235,style_formula,敬禀者,敬禀者,common_formulae,0.7
CSQP-SFHC-TEXT-093,CSQP-SFHC-TEXT-093-ENT-1236,style_formula,膝下,膝下,common_formulae,0.7
CSQP-SFHC-TEXT-093,CSQP-SFHC-TEXT-093-ENT-1237,style_formula,奉上,奉上,remittance_formulae,0.7
CSQP-SFHC-TEXT-093,CSQP-SFHC-TEXT-093-ENT-1238,style_formula,平安,平安,safety_formulae,0.7
CSQP-SFHC-TEXT-094,CSQP-SFHC-TEXT-094-ENT-1239,person,外洋有存,有存,sender,0.85
CSQP-SFHC-TEXT-094,CSQP-SFHC-TEXT-094-ENT-1240,person,潮汕慈亲大人,慈亲,recipient,0.85
CSQP-SFHC-TEXT-094,CSQP-SFHC-TEXT-094-ENT-1241,kinship,慈亲,慈亲,kinship_terms,0.8
CSQP-SFHC-TEXT-094,CSQP-SFHC-TEXT-094-ENT-1242,kinship,儿,儿,kinship_terms,0.8
CSQP-SFHC-TEXT-094,CSQP-SFHC-TEXT-094-ENT-1243,kinship,男,男,kinship_terms,0.8
CSQP-SFHC-TEXT-094,CSQP-SFHC-TEXT-094-ENT-1244,date,闰六月廿八日（约1942前）,闰六月廿八日（约1942前）,date_text,0.75
CSQP-SFHC-TEXT-094,CSQP-SFHC-TEXT-094-ENT-1245,date,"男有存禀
闰六月廿八日","男有存禀
闰六月廿八日",written_date_text,0.75
CSQP-SFHC-TEXT-094,CSQP-SFHC-TEXT-094-ENT-1246,style_formula,敬禀者,敬禀者,common_formulae,0.7
CSQP-SFHC-TEXT-094,CSQP-SFHC-TEXT-094-ENT-1247,style_formula,尊前,尊前,common_formulae,0.7
CSQP-SFHC-TEXT-094,CSQP-SFHC-TEXT-094-ENT-1248,style_formula,祈查收,祈查收,common_formulae,0.7
CSQP-SFHC-TEXT-094,CSQP-SFHC-TEXT-094-ENT-1249,style_formula,至祈查收,至祈查收,common_formulae,0.7
CSQP-SFHC-TEXT-094,CSQP-SFHC-TEXT-094-ENT-1250,style_formula,务望,务望,common_formulae,0.7
CSQP-SFHC-TEXT-094,CSQP-SFHC-TEXT-094-ENT-1251,style_formula,查收,查收,common_formulae,0.7
CSQP-SFHC-TEXT-094,CSQP-SFHC-TEXT-094-ENT-1252,style_formula,福安,福安,common_formulae,0.7
CSQP-SFHC-TEXT-094,CSQP-SFHC-TEXT-094-ENT-1253,style_formula,奉上,奉上,remittance_formulae,0.7
CSQP-SFHC-TEXT-094,CSQP-SFHC-TEXT-094-ENT-1254,style_formula,查收,查收,remittance_formulae,0.7
CSQP-SFHC-TEXT-094,CSQP-SFHC-TEXT-094-ENT-1255,style_formula,务望,务望,instruction_formulae,0.7
CSQP-SFHC-TEXT-094,CSQP-SFHC-TEXT-094-ENT-1256,style_formula,须,须,instruction_formulae,0.7
CSQP-SFHC-TEXT-095,CSQP-SFHC-TEXT-095-ENT-1257,person,外洋步潜,步潜,sender,0.85
CSQP-SFHC-TEXT-095,CSQP-SFHC-TEXT-095-ENT-1258,person,潮汕楷模、楷钦两侄,楷模、楷钦两侄,recipient,0.85
CSQP-SFHC-TEXT-095,CSQP-SFHC-TEXT-095-ENT-1259,kinship,岳父,岳父,kinship_terms,0.8
CSQP-SFHC-TEXT-095,CSQP-SFHC-TEXT-095-ENT-1260,kinship,弟,弟,kinship_terms,0.8
CSQP-SFHC-TEXT-095,CSQP-SFHC-TEXT-095-ENT-1261,kinship,侄,侄,kinship_terms,0.8
CSQP-SFHC-TEXT-095,CSQP-SFHC-TEXT-095-ENT-1262,kinship,叔,叔,kinship_terms,0.8
CSQP-SFHC-TEXT-095,CSQP-SFHC-TEXT-095-ENT-1263,date,八月初三日（约1942前）,八月初三日（约1942前）,date_text,0.75
CSQP-SFHC-TEXT-095,CSQP-SFHC-TEXT-095-ENT-1264,date,"叔步潜手泐
八月初三日","叔步潜手泐
八月初三日",written_date_text,0.75
CSQP-SFHC-TEXT-095,CSQP-SFHC-TEXT-095-ENT-1265,style_formula,嘱,嘱,instruction_formulae,0.7
CSQP-SFHC-TEXT-096,CSQP-SFHC-TEXT-096-ENT-1266,person,外洋陈孝先,陈孝先,sender,0.85
CSQP-SFHC-TEXT-096,CSQP-SFHC-TEXT-096-ENT-1267,person,潮汕姑母大人,姑母,recipient,0.85
CSQP-SFHC-TEXT-096,CSQP-SFHC-TEXT-096-ENT-1268,kinship,兄,兄,kinship_terms,0.8
CSQP-SFHC-TEXT-096,CSQP-SFHC-TEXT-096-ENT-1269,kinship,弟,弟,kinship_terms,0.8
CSQP-SFHC-TEXT-096,CSQP-SFHC-TEXT-096-ENT-1270,kinship,儿,儿,kinship_terms,0.8
CSQP-SFHC-TEXT-096,CSQP-SFHC-TEXT-096-ENT-1271,kinship,侄,侄,kinship_terms,0.8
CSQP-SFHC-TEXT-096,CSQP-SFHC-TEXT-096-ENT-1272,kinship,姑,姑,kinship_terms,0.8
CSQP-SFHC-TEXT-096,CSQP-SFHC-TEXT-096-ENT-1273,date,九月初二日（约1942前）,九月初二日（约1942前）,date_text,0.75
CSQP-SFHC-TEXT-096,CSQP-SFHC-TEXT-096-ENT-1274,date,"侄陈孝先禀
九月初二日","侄陈孝先禀
九月初二日",written_date_text,0.75
CSQP-SFHC-TEXT-096,CSQP-SFHC-TEXT-096-ENT-1275,style_formula,敬禀者,敬禀者,common_formulae,0.7
CSQP-SFHC-TEXT-096,CSQP-SFHC-TEXT-096-ENT-1276,style_formula,尊前,尊前,common_formulae,0.7
CSQP-SFHC-TEXT-096,CSQP-SFHC-TEXT-096-ENT-1277,style_formula,福安,福安,common_formulae,0.7
CSQP-SFHC-TEXT-096,CSQP-SFHC-TEXT-096-ENT-1278,style_formula,奉上,奉上,remittance_formulae,0.7
CSQP-SFHC-TEXT-096,CSQP-SFHC-TEXT-096-ENT-1279,style_formula,须,须,instruction_formulae,0.7
CSQP-SFHC-TEXT-097,CSQP-SFHC-TEXT-097-ENT-1280,person,暹曾君干,曾君干,sender,0.85
CSQP-SFHC-TEXT-097,CSQP-SFHC-TEXT-097-ENT-1281,person,澄邑渡头曾耀举之母,渡头曾耀举之母,recipient,0.85
CSQP-SFHC-TEXT-097,CSQP-SFHC-TEXT-097-ENT-1282,kinship,母亲,母亲,kinship_terms,0.8
CSQP-SFHC-TEXT-097,CSQP-SFHC-TEXT-097-ENT-1283,kinship,男,男,kinship_terms,0.8
CSQP-SFHC-TEXT-097,CSQP-SFHC-TEXT-097-ENT-1284,date,初三日,初三日,date_text,0.75
CSQP-SFHC-TEXT-097,CSQP-SFHC-TEXT-097-ENT-1285,date,"男耀举禀
初三日","男耀举禀
初三日",written_date_text,0.75
CSQP-SFHC-TEXT-097,CSQP-SFHC-TEXT-097-ENT-1286,style_formula,查收,查收,common_formulae,0.7
CSQP-SFHC-TEXT-097,CSQP-SFHC-TEXT-097-ENT-1287,style_formula,金安,金安,common_formulae,0.7
CSQP-SFHC-TEXT-097,CSQP-SFHC-TEXT-097-ENT-1288,style_formula,付去,付去,remittance_formulae,0.7
CSQP-SFHC-TEXT-097,CSQP-SFHC-TEXT-097-ENT-1289,style_formula,查收,查收,remittance_formulae,0.7
CSQP-SFHC-TEXT-098,CSQP-SFHC-TEXT-098-ENT-1290,person,外洋继豪,继豪,sender,0.85
CSQP-SFHC-TEXT-098,CSQP-SFHC-TEXT-098-ENT-1291,person,潮汕母亲大人,母亲,recipient,0.85
CSQP-SFHC-TEXT-098,CSQP-SFHC-TEXT-098-ENT-1292,kinship,母亲,母亲,kinship_terms,0.8
CSQP-SFHC-TEXT-098,CSQP-SFHC-TEXT-098-ENT-1293,kinship,兄,兄,kinship_terms,0.8
CSQP-SFHC-TEXT-098,CSQP-SFHC-TEXT-098-ENT-1294,kinship,儿,儿,kinship_terms,0.8
CSQP-SFHC-TEXT-098,CSQP-SFHC-TEXT-098-ENT-1295,date,民国卅四年（1945）九月廿五号,民国卅四年（1945）九月廿五号,date_text,0.75
CSQP-SFHC-TEXT-098,CSQP-SFHC-TEXT-098-ENT-1296,date,"儿继豪谨禀
民国卅四年九月廿五号","儿继豪谨禀
民国卅四年九月廿五号",written_date_text,0.75
CSQP-SFHC-TEXT-098,CSQP-SFHC-TEXT-098-ENT-1297,date,民国卅四年,民国卅四年,year_raw,0.75
CSQP-SFHC-TEXT-098,CSQP-SFHC-TEXT-098-ENT-1298,style_formula,敬禀者,敬禀者,common_formulae,0.7
CSQP-SFHC-TEXT-098,CSQP-SFHC-TEXT-098-ENT-1299,style_formula,膝下,膝下,common_formulae,0.7
CSQP-SFHC-TEXT-098,CSQP-SFHC-TEXT-098-ENT-1300,style_formula,谨禀,谨禀,common_formulae,0.7
CSQP-SFHC-TEXT-098,CSQP-SFHC-TEXT-098-ENT-1301,style_formula,金安,金安,common_formulae,0.7
CSQP-SFHC-TEXT-098,CSQP-SFHC-TEXT-098-ENT-1302,style_formula,容后,容后,common_formulae,0.7
CSQP-SFHC-TEXT-098,CSQP-SFHC-TEXT-098-ENT-1303,style_formula,平安,平安,safety_formulae,0.7
CSQP-SFHC-TEXT-098,CSQP-SFHC-TEXT-098-ENT-1304,style_formula,无恙,无恙,safety_formulae,0.7
CSQP-SFHC-TEXT-099,CSQP-SFHC-TEXT-099-ENT-1305,person,外洋陈广臣,陈广臣,sender,0.85
CSQP-SFHC-TEXT-099,CSQP-SFHC-TEXT-099-ENT-1306,person,潮汕慈亲大人,慈亲,recipient,0.85
CSQP-SFHC-TEXT-099,CSQP-SFHC-TEXT-099-ENT-1307,kinship,慈亲,慈亲,kinship_terms,0.8
CSQP-SFHC-TEXT-099,CSQP-SFHC-TEXT-099-ENT-1308,kinship,兄,兄,kinship_terms,0.8
CSQP-SFHC-TEXT-099,CSQP-SFHC-TEXT-099-ENT-1309,kinship,弟,弟,kinship_terms,0.8
CSQP-SFHC-TEXT-099,CSQP-SFHC-TEXT-099-ENT-1310,kinship,妻,妻,kinship_terms,0.8
CSQP-SFHC-TEXT-099,CSQP-SFHC-TEXT-099-ENT-1311,kinship,贤妻,贤妻,kinship_terms,0.8
CSQP-SFHC-TEXT-099,CSQP-SFHC-TEXT-099-ENT-1312,kinship,儿,儿,kinship_terms,0.8
CSQP-SFHC-TEXT-099,CSQP-SFHC-TEXT-099-ENT-1313,kinship,男,男,kinship_terms,0.8
CSQP-SFHC-TEXT-099,CSQP-SFHC-TEXT-099-ENT-1314,kinship,姊,姊,kinship_terms,0.8
CSQP-SFHC-TEXT-099,CSQP-SFHC-TEXT-099-ENT-1315,kinship,叔,叔,kinship_terms,0.8
CSQP-SFHC-TEXT-099,CSQP-SFHC-TEXT-099-ENT-1316,date,民国卅四年（1945）阴历十月十三日,民国卅四年（1945）阴历十月十三日,date_text,0.75
CSQP-SFHC-TEXT-099,CSQP-SFHC-TEXT-099-ENT-1317,date,民国卅四年阴历十月十三日 儿陈广臣叩上,民国卅四年阴历十月十三日 儿陈广臣叩上,written_date_text,0.75
CSQP-SFHC-TEXT-099,CSQP-SFHC-TEXT-099-ENT-1318,date,民国卅四年,民国卅四年,year_raw,0.75
CSQP-SFHC-TEXT-099,CSQP-SFHC-TEXT-099-ENT-1319,style_formula,敬禀者,敬禀者,common_formulae,0.7
CSQP-SFHC-TEXT-099,CSQP-SFHC-TEXT-099-ENT-1320,style_formula,叩上,叩上,common_formulae,0.7
CSQP-SFHC-TEXT-099,CSQP-SFHC-TEXT-099-ENT-1321,style_formula,金安,金安,common_formulae,0.7
CSQP-SFHC-TEXT-099,CSQP-SFHC-TEXT-099-ENT-1322,style_formula,平安,平安,safety_formulae,0.7
CSQP-SFHC-TEXT-100,CSQP-SFHC-TEXT-100-ENT-1323,person,叻陈昌凯,陈昌凯,sender,0.85
CSQP-SFHC-TEXT-100,CSQP-SFHC-TEXT-100-ENT-1324,person,潮安鳌头乡家母亲大人,母亲,recipient,0.85
CSQP-SFHC-TEXT-100,CSQP-SFHC-TEXT-100-ENT-1325,kinship,母亲,母亲,kinship_terms,0.8
CSQP-SFHC-TEXT-100,CSQP-SFHC-TEXT-100-ENT-1326,kinship,儿,儿,kinship_terms,0.8
CSQP-SFHC-TEXT-100,CSQP-SFHC-TEXT-100-ENT-1327,date,民国卅四年十一月廿五日,民国卅四年十一月廿五日,date_text,0.75
CSQP-SFHC-TEXT-100,CSQP-SFHC-TEXT-100-ENT-1328,date,"儿昌凯顿
民国卅四年十一月廿五日","儿昌凯顿
民国卅四年十一月廿五日",written_date_text,0.75
CSQP-SFHC-TEXT-100,CSQP-SFHC-TEXT-100-ENT-1329,date,民国卅四年,民国卅四年,year_raw,0.75
CSQP-SFHC-TEXT-100,CSQP-SFHC-TEXT-100-ENT-1330,style_formula,敬禀者,敬禀者,common_formulae,0.7
CSQP-SFHC-TEXT-100,CSQP-SFHC-TEXT-100-ENT-1331,style_formula,查收,查收,common_formulae,0.7
CSQP-SFHC-TEXT-100,CSQP-SFHC-TEXT-100-ENT-1332,style_formula,寄去,寄去,remittance_formulae,0.7
CSQP-SFHC-TEXT-100,CSQP-SFHC-TEXT-100-ENT-1333,style_formula,查收,查收,remittance_formulae,0.7
CSQP-SFHC-TEXT-100,CSQP-SFHC-TEXT-100-ENT-1334,style_formula,平安,平安,safety_formulae,0.7
CSQP-SFHC-TEXT-101,CSQP-SFHC-TEXT-101-ENT-1335,person,外洋陈静卿,陈静卿,sender,0.85
CSQP-SFHC-TEXT-101,CSQP-SFHC-TEXT-101-ENT-1336,person,潮汕祝荣嫦,祝荣嫦,recipient,0.85
CSQP-SFHC-TEXT-101,CSQP-SFHC-TEXT-101-ENT-1337,kinship,姊,姊,kinship_terms,0.8
CSQP-SFHC-TEXT-101,CSQP-SFHC-TEXT-101-ENT-1338,kinship,婶,婶,kinship_terms,0.8
CSQP-SFHC-TEXT-101,CSQP-SFHC-TEXT-101-ENT-1339,kinship,姑,姑,kinship_terms,0.8
CSQP-SFHC-TEXT-101,CSQP-SFHC-TEXT-101-ENT-1340,date,民国卅五年（1946）四月初四日,民国卅五年（1946）四月初四日,date_text,0.75
CSQP-SFHC-TEXT-101,CSQP-SFHC-TEXT-101-ENT-1341,date,"愚姆陈静卿启
民国卅五年四月初四日","愚姆陈静卿启
民国卅五年四月初四日",written_date_text,0.75
CSQP-SFHC-TEXT-101,CSQP-SFHC-TEXT-101-ENT-1342,date,民国卅五年,民国卅五年,year_raw,0.75
CSQP-SFHC-TEXT-101,CSQP-SFHC-TEXT-101-ENT-1343,style_formula,祈查收,祈查收,common_formulae,0.7
CSQP-SFHC-TEXT-101,CSQP-SFHC-TEXT-101-ENT-1344,style_formula,至祈查收,至祈查收,common_formulae,0.7
CSQP-SFHC-TEXT-101,CSQP-SFHC-TEXT-101-ENT-1345,style_formula,查收,查收,common_formulae,0.7
CSQP-SFHC-TEXT-101,CSQP-SFHC-TEXT-101-ENT-1346,style_formula,容后,容后,common_formulae,0.7
CSQP-SFHC-TEXT-101,CSQP-SFHC-TEXT-101-ENT-1347,style_formula,付去,付去,remittance_formulae,0.7
CSQP-SFHC-TEXT-101,CSQP-SFHC-TEXT-101-ENT-1348,style_formula,查收,查收,remittance_formulae,0.7
CSQP-SFHC-TEXT-101,CSQP-SFHC-TEXT-101-ENT-1349,style_formula,平安,平安,safety_formulae,0.7
CSQP-SFHC-TEXT-101,CSQP-SFHC-TEXT-101-ENT-1350,style_formula,清泰,清泰,safety_formulae,0.7
CSQP-SFHC-TEXT-101,CSQP-SFHC-TEXT-101-ENT-1351,style_formula,起居,起居,safety_formulae,0.7
CSQP-SFHC-TEXT-101,CSQP-SFHC-TEXT-101-ENT-1352,style_formula,祈为,祈为,instruction_formulae,0.7
CSQP-SFHC-TEXT-101,CSQP-SFHC-TEXT-101-ENT-1353,style_formula,不可,不可,instruction_formulae,0.7
CSQP-SFHC-TEXT-102,CSQP-SFHC-TEXT-102-ENT-1354,person,叻方源德,方源德,sender,0.85
CSQP-SFHC-TEXT-102,CSQP-SFHC-TEXT-102-ENT-1355,person,潮安登云区家源木胞弟,登云区家源木胞弟,recipient,0.85
CSQP-SFHC-TEXT-102,CSQP-SFHC-TEXT-102-ENT-1356,kinship,弟,弟,kinship_terms,0.8
CSQP-SFHC-TEXT-102,CSQP-SFHC-TEXT-102-ENT-1357,kinship,妻,妻,kinship_terms,0.8
CSQP-SFHC-TEXT-102,CSQP-SFHC-TEXT-102-ENT-1358,date,卅五年七月廿三,卅五年七月廿三,date_text,0.75
CSQP-SFHC-TEXT-102,CSQP-SFHC-TEXT-102-ENT-1359,date,卅五年七月廿三,卅五年七月廿三,written_date_text,0.75
CSQP-SFHC-TEXT-102,CSQP-SFHC-TEXT-102-ENT-1360,date,1946,1946,year_raw,0.75
CSQP-SFHC-TEXT-102,CSQP-SFHC-TEXT-102-ENT-1361,style_formula,查收,查收,common_formulae,0.7
CSQP-SFHC-TEXT-102,CSQP-SFHC-TEXT-102-ENT-1362,style_formula,付去,付去,remittance_formulae,0.7
CSQP-SFHC-TEXT-102,CSQP-SFHC-TEXT-102-ENT-1363,style_formula,查收,查收,remittance_formulae,0.7
CSQP-SFHC-TEXT-103,CSQP-SFHC-TEXT-103-ENT-1364,person,新加坡潘兆祥,潘兆祥,sender,0.85
CSQP-SFHC-TEXT-103,CSQP-SFHC-TEXT-103-ENT-1365,person,饶邑碧砂乡家慈亲大人,慈亲,recipient,0.85
CSQP-SFHC-TEXT-103,CSQP-SFHC-TEXT-103-ENT-1366,kinship,慈亲,慈亲,kinship_terms,0.8
CSQP-SFHC-TEXT-103,CSQP-SFHC-TEXT-103-ENT-1367,kinship,母亲,母亲,kinship_terms,0.8
CSQP-SFHC-TEXT-103,CSQP-SFHC-TEXT-103-ENT-1368,kinship,儿,儿,kinship_terms,0.8
CSQP-SFHC-TEXT-103,CSQP-SFHC-TEXT-103-ENT-1369,kinship,叔,叔,kinship_terms,0.8
CSQP-SFHC-TEXT-103,CSQP-SFHC-TEXT-103-ENT-1370,date,民卅五年八月十二日,民卅五年八月十二日,date_text,0.75
CSQP-SFHC-TEXT-103,CSQP-SFHC-TEXT-103-ENT-1371,date,民卅五年八月十二日 儿兆祥禀,民卅五年八月十二日 儿兆祥禀,written_date_text,0.75
CSQP-SFHC-TEXT-103,CSQP-SFHC-TEXT-103-ENT-1372,date,1946,1946,year_raw,0.75
CSQP-SFHC-TEXT-103,CSQP-SFHC-TEXT-103-ENT-1373,style_formula,膝下,膝下,common_formulae,0.7
CSQP-SFHC-TEXT-103,CSQP-SFHC-TEXT-103-ENT-1374,style_formula,福安,福安,common_formulae,0.7
CSQP-SFHC-TEXT-103,CSQP-SFHC-TEXT-103-ENT-1375,style_formula,寄上,寄上,remittance_formulae,0.7
CSQP-SFHC-TEXT-103,CSQP-SFHC-TEXT-103-ENT-1376,style_formula,汇上,汇上,remittance_formulae,0.7
CSQP-SFHC-TEXT-103,CSQP-SFHC-TEXT-103-ENT-1377,style_formula,须,须,instruction_formulae,0.7
CSQP-SFHC-TEXT-104,CSQP-SFHC-TEXT-104-ENT-1378,person,叻陈逢松,陈逢松,sender,0.85
CSQP-SFHC-TEXT-104,CSQP-SFHC-TEXT-104-ENT-1379,person,潮安鳌头乡黄氏吾妻,鳌头乡黄氏吾妻,recipient,0.85
CSQP-SFHC-TEXT-104,CSQP-SFHC-TEXT-104-ENT-1380,kinship,妻,妻,kinship_terms,0.8
CSQP-SFHC-TEXT-104,CSQP-SFHC-TEXT-104-ENT-1381,date,中华民国卅五年九月卅日,中华民国卅五年九月卅日,date_text,0.75
CSQP-SFHC-TEXT-104,CSQP-SFHC-TEXT-104-ENT-1382,date,中华民国卅五年九月卅日 愚陈逢松顿,中华民国卅五年九月卅日 愚陈逢松顿,written_date_text,0.75
CSQP-SFHC-TEXT-104,CSQP-SFHC-TEXT-104-ENT-1383,date,民国卅五年,民国卅五年,year_raw,0.75
CSQP-SFHC-TEXT-104,CSQP-SFHC-TEXT-104-ENT-1384,style_formula,寄去,寄去,remittance_formulae,0.7
CSQP-SFHC-TEXT-104,CSQP-SFHC-TEXT-104-ENT-1385,style_formula,平安,平安,safety_formulae,0.7
CSQP-SFHC-TEXT-104,CSQP-SFHC-TEXT-104-ENT-1386,style_formula,嘱,嘱,instruction_formulae,0.7
CSQP-SFHC-TEXT-105,CSQP-SFHC-TEXT-105-ENT-1387,person,新加坡潘兆祥,潘兆祥,sender,0.85
CSQP-SFHC-TEXT-105,CSQP-SFHC-TEXT-105-ENT-1388,person,饶邑碧砂乡家慈亲大人,慈亲,recipient,0.85
CSQP-SFHC-TEXT-105,CSQP-SFHC-TEXT-105-ENT-1389,kinship,慈亲,慈亲,kinship_terms,0.8
CSQP-SFHC-TEXT-105,CSQP-SFHC-TEXT-105-ENT-1390,kinship,母亲,母亲,kinship_terms,0.8
CSQP-SFHC-TEXT-105,CSQP-SFHC-TEXT-105-ENT-1391,kinship,叔父,叔父,kinship_terms,0.8
CSQP-SFHC-TEXT-105,CSQP-SFHC-TEXT-105-ENT-1392,kinship,儿,儿,kinship_terms,0.8
CSQP-SFHC-TEXT-105,CSQP-SFHC-TEXT-105-ENT-1393,kinship,叔,叔,kinship_terms,0.8
CSQP-SFHC-TEXT-105,CSQP-SFHC-TEXT-105-ENT-1394,date,民卅五年十一月十二日,民卅五年十一月十二日,date_text,0.75
CSQP-SFHC-TEXT-105,CSQP-SFHC-TEXT-105-ENT-1395,date,民卅五年十一月十二日 儿兆祥谨禀,民卅五年十一月十二日 儿兆祥谨禀,written_date_text,0.75
CSQP-SFHC-TEXT-105,CSQP-SFHC-TEXT-105-ENT-1396,date,1946,1946,year_raw,0.75
CSQP-SFHC-TEXT-105,CSQP-SFHC-TEXT-105-ENT-1397,style_formula,敬禀者,敬禀者,common_formulae,0.7
CSQP-SFHC-TEXT-105,CSQP-SFHC-TEXT-105-ENT-1398,style_formula,膝下,膝下,common_formulae,0.7
CSQP-SFHC-TEXT-105,CSQP-SFHC-TEXT-105-ENT-1399,style_formula,祈查收,祈查收,common_formulae,0.7
CSQP-SFHC-TEXT-105,CSQP-SFHC-TEXT-105-ENT-1400,style_formula,谨禀,谨禀,common_formulae,0.7
CSQP-SFHC-TEXT-105,CSQP-SFHC-TEXT-105-ENT-1401,style_formula,查收,查收,common_formulae,0.7
CSQP-SFHC-TEXT-105,CSQP-SFHC-TEXT-105-ENT-1402,style_formula,金安,金安,common_formulae,0.7
CSQP-SFHC-TEXT-105,CSQP-SFHC-TEXT-105-ENT-1403,style_formula,寄上,寄上,remittance_formulae,0.7
CSQP-SFHC-TEXT-105,CSQP-SFHC-TEXT-105-ENT-1404,style_formula,查收,查收,remittance_formulae,0.7
CSQP-SFHC-TEXT-106,CSQP-SFHC-TEXT-106-ENT-1405,person,外洋郭玉凤,郭玉凤,sender,0.85
CSQP-SFHC-TEXT-106,CSQP-SFHC-TEXT-106-ENT-1406,person,潮汕嫂嫂,嫂嫂,recipient,0.85
CSQP-SFHC-TEXT-106,CSQP-SFHC-TEXT-106-ENT-1407,kinship,嫂,嫂,kinship_terms,0.8
CSQP-SFHC-TEXT-106,CSQP-SFHC-TEXT-106-ENT-1408,kinship,儿,儿,kinship_terms,0.8
CSQP-SFHC-TEXT-106,CSQP-SFHC-TEXT-106-ENT-1409,kinship,男,男,kinship_terms,0.8
CSQP-SFHC-TEXT-106,CSQP-SFHC-TEXT-106-ENT-1410,kinship,侄,侄,kinship_terms,0.8
CSQP-SFHC-TEXT-106,CSQP-SFHC-TEXT-106-ENT-1411,date,丙戌（1946）十一月十六日,丙戌（1946）十一月十六日,date_text,0.75
CSQP-SFHC-TEXT-106,CSQP-SFHC-TEXT-106-ENT-1412,date,丙戌十一月十六日泐,丙戌十一月十六日泐,written_date_text,0.75
CSQP-SFHC-TEXT-106,CSQP-SFHC-TEXT-106-ENT-1413,date,1946,1946,year_raw,0.75
CSQP-SFHC-TEXT-106,CSQP-SFHC-TEXT-106-ENT-1414,style_formula,祈查收,祈查收,common_formulae,0.7
CSQP-SFHC-TEXT-106,CSQP-SFHC-TEXT-106-ENT-1415,style_formula,至祈查收,至祈查收,common_formulae,0.7
CSQP-SFHC-TEXT-106,CSQP-SFHC-TEXT-106-ENT-1416,style_formula,查收,查收,common_formulae,0.7
CSQP-SFHC-TEXT-106,CSQP-SFHC-TEXT-106-ENT-1417,style_formula,查收,查收,remittance_formulae,0.7
CSQP-SFHC-TEXT-106,CSQP-SFHC-TEXT-106-ENT-1418,style_formula,平安,平安,safety_formulae,0.7
CSQP-SFHC-TEXT-106,CSQP-SFHC-TEXT-106-ENT-1419,style_formula,须,须,instruction_formulae,0.7
CSQP-SFHC-TEXT-107,CSQP-SFHC-TEXT-107-ENT-1420,person,暹张木春,张木春,sender,0.85
CSQP-SFHC-TEXT-107,CSQP-SFHC-TEXT-107-ENT-1421,person,潮安南桂都张宅慈亲大人,都张宅慈亲,recipient,0.85
CSQP-SFHC-TEXT-107,CSQP-SFHC-TEXT-107-ENT-1422,kinship,慈亲,慈亲,kinship_terms,0.8
CSQP-SFHC-TEXT-107,CSQP-SFHC-TEXT-107-ENT-1423,kinship,兄,兄,kinship_terms,0.8
CSQP-SFHC-TEXT-107,CSQP-SFHC-TEXT-107-ENT-1424,kinship,儿,儿,kinship_terms,0.8
CSQP-SFHC-TEXT-107,CSQP-SFHC-TEXT-107-ENT-1425,kinship,妗,妗,kinship_terms,0.8
CSQP-SFHC-TEXT-107,CSQP-SFHC-TEXT-107-ENT-1426,date,卅六年四月六日,卅六年四月六日,date_text,0.75
CSQP-SFHC-TEXT-107,CSQP-SFHC-TEXT-107-ENT-1427,date,卅六年四月六日，二、十五,卅六年四月六日，二、十五,written_date_text,0.75
CSQP-SFHC-TEXT-107,CSQP-SFHC-TEXT-107-ENT-1428,date,1947,1947,year_raw,0.75
CSQP-SFHC-TEXT-107,CSQP-SFHC-TEXT-107-ENT-1429,style_formula,膝下,膝下,common_formulae,0.7
CSQP-SFHC-TEXT-107,CSQP-SFHC-TEXT-107-ENT-1430,style_formula,查收,查收,common_formulae,0.7
CSQP-SFHC-TEXT-107,CSQP-SFHC-TEXT-107-ENT-1431,style_formula,寄去,寄去,remittance_formulae,0.7
CSQP-SFHC-TEXT-107,CSQP-SFHC-TEXT-107-ENT-1432,style_formula,查收,查收,remittance_formulae,0.7
CSQP-SFHC-TEXT-107,CSQP-SFHC-TEXT-107-ENT-1433,style_formula,平安,平安,safety_formulae,0.7
CSQP-SFHC-TEXT-108,CSQP-SFHC-TEXT-108-ENT-1434,person,叻林壁书,林壁书,sender,0.85
CSQP-SFHC-TEXT-108,CSQP-SFHC-TEXT-108-ENT-1435,person,潮安南桂张暨书先生,张暨书,recipient,0.85
CSQP-SFHC-TEXT-108,CSQP-SFHC-TEXT-108-ENT-1436,kinship,儿,儿,kinship_terms,0.8
CSQP-SFHC-TEXT-108,CSQP-SFHC-TEXT-108-ENT-1437,kinship,叔,叔,kinship_terms,0.8
CSQP-SFHC-TEXT-108,CSQP-SFHC-TEXT-108-ENT-1438,date,丁亥四月初十日,丁亥四月初十日,date_text,0.75
CSQP-SFHC-TEXT-108,CSQP-SFHC-TEXT-108-ENT-1439,date,1947,1947,year_raw,0.75
CSQP-SFHC-TEXT-108,CSQP-SFHC-TEXT-108-ENT-1440,style_formula,查收,查收,common_formulae,0.7
CSQP-SFHC-TEXT-108,CSQP-SFHC-TEXT-108-ENT-1441,style_formula,寄去,寄去,remittance_formulae,0.7
CSQP-SFHC-TEXT-108,CSQP-SFHC-TEXT-108-ENT-1442,style_formula,查收,查收,remittance_formulae,0.7
CSQP-SFHC-TEXT-108,CSQP-SFHC-TEXT-108-ENT-1443,style_formula,平安,平安,safety_formulae,0.7
CSQP-SFHC-TEXT-108,CSQP-SFHC-TEXT-108-ENT-1444,style_formula,须,须,instruction_formulae,0.7
CSQP-SFHC-TEXT-109,CSQP-SFHC-TEXT-109-ENT-1445,person,外洋张文潮,张文潮,sender,0.85
CSQP-SFHC-TEXT-109,CSQP-SFHC-TEXT-109-ENT-1446,person,潮汕慈亲大人,慈亲,recipient,0.85
CSQP-SFHC-TEXT-109,CSQP-SFHC-TEXT-109-ENT-1447,kinship,慈亲,慈亲,kinship_terms,0.8
CSQP-SFHC-TEXT-109,CSQP-SFHC-TEXT-109-ENT-1448,kinship,兄,兄,kinship_terms,0.8
CSQP-SFHC-TEXT-109,CSQP-SFHC-TEXT-109-ENT-1449,kinship,儿,儿,kinship_terms,0.8
CSQP-SFHC-TEXT-109,CSQP-SFHC-TEXT-109-ENT-1450,date,丁亥（1947）四月廿四日,丁亥（1947）四月廿四日,date_text,0.75
CSQP-SFHC-TEXT-109,CSQP-SFHC-TEXT-109-ENT-1451,date,1947,1947,year_raw,0.75
CSQP-SFHC-TEXT-109,CSQP-SFHC-TEXT-109-ENT-1452,style_formula,查收,查收,common_formulae,0.7
CSQP-SFHC-TEXT-109,CSQP-SFHC-TEXT-109-ENT-1453,style_formula,金安,金安,common_formulae,0.7
CSQP-SFHC-TEXT-109,CSQP-SFHC-TEXT-109-ENT-1454,style_formula,寄上,寄上,remittance_formulae,0.7
CSQP-SFHC-TEXT-109,CSQP-SFHC-TEXT-109-ENT-1455,style_formula,查收,查收,remittance_formulae,0.7
CSQP-SFHC-TEXT-110,CSQP-SFHC-TEXT-110-ENT-1456,person,巴双陈燕初,巴双陈燕初,sender,0.85
CSQP-SFHC-TEXT-110,CSQP-SFHC-TEXT-110-ENT-1457,person,潮安鳌头乡陈燕城先生,鳌头乡陈燕城,recipient,0.85
CSQP-SFHC-TEXT-110,CSQP-SFHC-TEXT-110-ENT-1458,kinship,兄,兄,kinship_terms,0.8
CSQP-SFHC-TEXT-110,CSQP-SFHC-TEXT-110-ENT-1459,kinship,弟,弟,kinship_terms,0.8
CSQP-SFHC-TEXT-110,CSQP-SFHC-TEXT-110-ENT-1460,kinship,侄,侄,kinship_terms,0.8
CSQP-SFHC-TEXT-110,CSQP-SFHC-TEXT-110-ENT-1461,date,卅六年五月九日,卅六年五月九日,date_text,0.75
CSQP-SFHC-TEXT-110,CSQP-SFHC-TEXT-110-ENT-1462,date,"弟陈燕初手
卅六【年】五月九日","弟陈燕初手
卅六【年】五月九日",written_date_text,0.75
CSQP-SFHC-TEXT-110,CSQP-SFHC-TEXT-110-ENT-1463,date,1947,1947,year_raw,0.75
CSQP-SFHC-TEXT-110,CSQP-SFHC-TEXT-110-ENT-1464,style_formula,付去,付去,remittance_formulae,0.7
CSQP-SFHC-TEXT-111,CSQP-SFHC-TEXT-111-ENT-1465,person,叻宋耀正,宋耀正,sender,0.85
CSQP-SFHC-TEXT-111,CSQP-SFHC-TEXT-111-ENT-1466,person,澄邑下蓬宋树昭先生,下蓬宋树昭,recipient,0.85
CSQP-SFHC-TEXT-111,CSQP-SFHC-TEXT-111-ENT-1467,kinship,侄,侄,kinship_terms,0.8
CSQP-SFHC-TEXT-111,CSQP-SFHC-TEXT-111-ENT-1468,kinship,叔,叔,kinship_terms,0.8
CSQP-SFHC-TEXT-111,CSQP-SFHC-TEXT-111-ENT-1469,date,中华民国卅六年五月廿九日,中华民国卅六年五月廿九日,date_text,0.75
CSQP-SFHC-TEXT-111,CSQP-SFHC-TEXT-111-ENT-1470,date,民国卅六年,民国卅六年,year_raw,0.75
CSQP-SFHC-TEXT-111,CSQP-SFHC-TEXT-111-ENT-1471,style_formula,祈查收,祈查收,common_formulae,0.7
CSQP-SFHC-TEXT-111,CSQP-SFHC-TEXT-111-ENT-1472,style_formula,至祈查收,至祈查收,common_formulae,0.7
CSQP-SFHC-TEXT-111,CSQP-SFHC-TEXT-111-ENT-1473,style_formula,查收,查收,common_formulae,0.7
CSQP-SFHC-TEXT-111,CSQP-SFHC-TEXT-111-ENT-1474,style_formula,容后,容后,common_formulae,0.7
CSQP-SFHC-TEXT-111,CSQP-SFHC-TEXT-111-ENT-1475,style_formula,查收,查收,remittance_formulae,0.7
CSQP-SFHC-TEXT-111,CSQP-SFHC-TEXT-111-ENT-1476,style_formula,须,须,instruction_formulae,0.7
CSQP-SFHC-TEXT-111,CSQP-SFHC-TEXT-111-ENT-1477,style_formula,祈为,祈为,instruction_formulae,0.7
CSQP-SFHC-TEXT-112,CSQP-SFHC-TEXT-112-ENT-1478,person,柔佛［马来亚］李再赐弟,柔佛李再赐弟,sender,0.85
CSQP-SFHC-TEXT-112,CSQP-SFHC-TEXT-112-ENT-1479,person,潮安鹤巢乡李再赐胞兄,鹤巢乡李再赐胞兄,recipient,0.85
CSQP-SFHC-TEXT-112,CSQP-SFHC-TEXT-112-ENT-1480,kinship,兄,兄,kinship_terms,0.8
CSQP-SFHC-TEXT-112,CSQP-SFHC-TEXT-112-ENT-1481,kinship,弟,弟,kinship_terms,0.8
CSQP-SFHC-TEXT-112,CSQP-SFHC-TEXT-112-ENT-1482,kinship,儿,儿,kinship_terms,0.8
CSQP-SFHC-TEXT-112,CSQP-SFHC-TEXT-112-ENT-1483,kinship,侄,侄,kinship_terms,0.8
CSQP-SFHC-TEXT-112,CSQP-SFHC-TEXT-112-ENT-1484,date,丁（1947）七月初十日,丁（1947）七月初十日,date_text,0.75
CSQP-SFHC-TEXT-112,CSQP-SFHC-TEXT-112-ENT-1485,date,1947,1947,year_raw,0.75
CSQP-SFHC-TEXT-112,CSQP-SFHC-TEXT-112-ENT-1486,style_formula,膝下,膝下,common_formulae,0.7
CSQP-SFHC-TEXT-112,CSQP-SFHC-TEXT-112-ENT-1487,style_formula,查收,查收,common_formulae,0.7
CSQP-SFHC-TEXT-112,CSQP-SFHC-TEXT-112-ENT-1488,style_formula,查收,查收,remittance_formulae,0.7
CSQP-SFHC-TEXT-113,CSQP-SFHC-TEXT-113-ENT-1489,person,潮安江东母,江东母,sender,0.85
CSQP-SFHC-TEXT-113,CSQP-SFHC-TEXT-113-ENT-1490,person,泰国张得惜吾儿,张得惜,recipient,0.85
CSQP-SFHC-TEXT-113,CSQP-SFHC-TEXT-113-ENT-1491,kinship,儿,儿,kinship_terms,0.8
CSQP-SFHC-TEXT-113,CSQP-SFHC-TEXT-113-ENT-1492,date,丁七月十四日,丁七月十四日,date_text,0.75
CSQP-SFHC-TEXT-113,CSQP-SFHC-TEXT-113-ENT-1493,date,丁七月十四日,丁七月十四日,written_date_text,0.75
CSQP-SFHC-TEXT-113,CSQP-SFHC-TEXT-113-ENT-1494,date,1947,1947,year_raw,0.75
CSQP-SFHC-TEXT-113,CSQP-SFHC-TEXT-113-ENT-1495,style_formula,查收,查收,common_formulae,0.7
CSQP-SFHC-TEXT-113,CSQP-SFHC-TEXT-113-ENT-1496,style_formula,查收,查收,remittance_formulae,0.7
CSQP-SFHC-TEXT-113,CSQP-SFHC-TEXT-113-ENT-1497,style_formula,平安,平安,safety_formulae,0.7
CSQP-SFHC-TEXT-114,CSQP-SFHC-TEXT-114-ENT-1498,person,叻张文潮,张文潮,sender,0.85
CSQP-SFHC-TEXT-114,CSQP-SFHC-TEXT-114-ENT-1499,person,潮安南桂乡家慈亲大人,慈亲,recipient,0.85
CSQP-SFHC-TEXT-114,CSQP-SFHC-TEXT-114-ENT-1500,kinship,慈亲,慈亲,kinship_terms,0.8
CSQP-SFHC-TEXT-114,CSQP-SFHC-TEXT-114-ENT-1501,kinship,兄,兄,kinship_terms,0.8
CSQP-SFHC-TEXT-114,CSQP-SFHC-TEXT-114-ENT-1502,kinship,儿,儿,kinship_terms,0.8
CSQP-SFHC-TEXT-114,CSQP-SFHC-TEXT-114-ENT-1503,date,丁亥八月初四日,丁亥八月初四日,date_text,0.75
CSQP-SFHC-TEXT-114,CSQP-SFHC-TEXT-114-ENT-1504,date,1947,1947,year_raw,0.75
CSQP-SFHC-TEXT-114,CSQP-SFHC-TEXT-114-ENT-1505,style_formula,查收,查收,common_formulae,0.7
CSQP-SFHC-TEXT-114,CSQP-SFHC-TEXT-114-ENT-1506,style_formula,付去,付去,remittance_formulae,0.7
CSQP-SFHC-TEXT-114,CSQP-SFHC-TEXT-114-ENT-1507,style_formula,查收,查收,remittance_formulae,0.7
CSQP-SFHC-TEXT-114,CSQP-SFHC-TEXT-114-ENT-1508,style_formula,切勿,切勿,instruction_formulae,0.7
CSQP-SFHC-TEXT-114,CSQP-SFHC-TEXT-114-ENT-1509,style_formula,须,须,instruction_formulae,0.7
CSQP-SFHC-TEXT-114,CSQP-SFHC-TEXT-114-ENT-1510,style_formula,嘱,嘱,instruction_formulae,0.7
CSQP-SFHC-TEXT-115,CSQP-SFHC-TEXT-115-ENT-1511,person,叻刘四岐,刘四岐,sender,0.85
CSQP-SFHC-TEXT-115,CSQP-SFHC-TEXT-115-ENT-1512,person,潮安登隆都刘捷镇先生,登隆都刘捷镇,recipient,0.85
CSQP-SFHC-TEXT-115,CSQP-SFHC-TEXT-115-ENT-1513,date,卅六年十月八日,卅六年十月八日,date_text,0.75
CSQP-SFHC-TEXT-115,CSQP-SFHC-TEXT-115-ENT-1514,date,1947,1947,year_raw,0.75
CSQP-SFHC-TEXT-116,CSQP-SFHC-TEXT-116-ENT-1515,person,外洋致祥,致祥,sender,0.85
CSQP-SFHC-TEXT-116,CSQP-SFHC-TEXT-116-ENT-1516,person,潮汕表嫂,表嫂,recipient,0.85
CSQP-SFHC-TEXT-116,CSQP-SFHC-TEXT-116-ENT-1517,kinship,嫂,嫂,kinship_terms,0.8
CSQP-SFHC-TEXT-116,CSQP-SFHC-TEXT-116-ENT-1518,kinship,兄,兄,kinship_terms,0.8
CSQP-SFHC-TEXT-116,CSQP-SFHC-TEXT-116-ENT-1519,kinship,叔,叔,kinship_terms,0.8
CSQP-SFHC-TEXT-116,CSQP-SFHC-TEXT-116-ENT-1520,date,丁亥年（1947）十月廿七日,丁亥年（1947）十月廿七日,date_text,0.75
CSQP-SFHC-TEXT-116,CSQP-SFHC-TEXT-116-ENT-1521,date,"叔致祥手上
丁亥年十月廿七日","叔致祥手上
丁亥年十月廿七日",written_date_text,0.75
CSQP-SFHC-TEXT-116,CSQP-SFHC-TEXT-116-ENT-1522,date,1947,1947,year_raw,0.75
CSQP-SFHC-TEXT-116,CSQP-SFHC-TEXT-116-ENT-1523,style_formula,祈查收,祈查收,common_formulae,0.7
CSQP-SFHC-TEXT-116,CSQP-SFHC-TEXT-116-ENT-1524,style_formula,查收,查收,common_formulae,0.7
CSQP-SFHC-TEXT-116,CSQP-SFHC-TEXT-116-ENT-1525,style_formula,查收,查收,remittance_formulae,0.7
CSQP-SFHC-TEXT-117,CSQP-SFHC-TEXT-117-ENT-1526,person,外洋广臣,广臣,sender,0.85
CSQP-SFHC-TEXT-117,CSQP-SFHC-TEXT-117-ENT-1527,person,潮汕慈亲大人,慈亲,recipient,0.85
CSQP-SFHC-TEXT-117,CSQP-SFHC-TEXT-117-ENT-1528,kinship,慈亲,慈亲,kinship_terms,0.8
CSQP-SFHC-TEXT-117,CSQP-SFHC-TEXT-117-ENT-1529,kinship,母亲,母亲,kinship_terms,0.8
CSQP-SFHC-TEXT-117,CSQP-SFHC-TEXT-117-ENT-1530,kinship,儿,儿,kinship_terms,0.8
CSQP-SFHC-TEXT-117,CSQP-SFHC-TEXT-117-ENT-1531,date,卅六年（1947）阴十一月初四日,卅六年（1947）阴十一月初四日,date_text,0.75
CSQP-SFHC-TEXT-117,CSQP-SFHC-TEXT-117-ENT-1532,date,卅六年阴十一月初四日 不肖儿广臣叩上,卅六年阴十一月初四日 不肖儿广臣叩上,written_date_text,0.75
CSQP-SFHC-TEXT-117,CSQP-SFHC-TEXT-117-ENT-1533,date,1947,1947,year_raw,0.75
CSQP-SFHC-TEXT-117,CSQP-SFHC-TEXT-117-ENT-1534,style_formula,敬禀者,敬禀者,common_formulae,0.7
CSQP-SFHC-TEXT-117,CSQP-SFHC-TEXT-117-ENT-1535,style_formula,叩上,叩上,common_formulae,0.7
CSQP-SFHC-TEXT-117,CSQP-SFHC-TEXT-117-ENT-1536,style_formula,福安,福安,common_formulae,0.7
CSQP-SFHC-TEXT-117,CSQP-SFHC-TEXT-117-ENT-1537,style_formula,容后,容后,common_formulae,0.7
CSQP-SFHC-TEXT-117,CSQP-SFHC-TEXT-117-ENT-1538,style_formula,切勿,切勿,instruction_formulae,0.7
CSQP-SFHC-TEXT-117,CSQP-SFHC-TEXT-117-ENT-1539,style_formula,须,须,instruction_formulae,0.7
CSQP-SFHC-TEXT-118,CSQP-SFHC-TEXT-118-ENT-1540,person,外洋父,外洋父,sender,0.85
CSQP-SFHC-TEXT-118,CSQP-SFHC-TEXT-118-ENT-1541,person,潮汕茂鉴吾儿,茂鉴,recipient,0.85
CSQP-SFHC-TEXT-118,CSQP-SFHC-TEXT-118-ENT-1542,kinship,慈亲,慈亲,kinship_terms,0.8
CSQP-SFHC-TEXT-118,CSQP-SFHC-TEXT-118-ENT-1543,kinship,嫂,嫂,kinship_terms,0.8
CSQP-SFHC-TEXT-118,CSQP-SFHC-TEXT-118-ENT-1544,kinship,兄,兄,kinship_terms,0.8
CSQP-SFHC-TEXT-118,CSQP-SFHC-TEXT-118-ENT-1545,kinship,弟,弟,kinship_terms,0.8
CSQP-SFHC-TEXT-118,CSQP-SFHC-TEXT-118-ENT-1546,kinship,儿,儿,kinship_terms,0.8
CSQP-SFHC-TEXT-118,CSQP-SFHC-TEXT-118-ENT-1547,kinship,孙,孙,kinship_terms,0.8
CSQP-SFHC-TEXT-118,CSQP-SFHC-TEXT-118-ENT-1548,kinship,侄,侄,kinship_terms,0.8
CSQP-SFHC-TEXT-118,CSQP-SFHC-TEXT-118-ENT-1549,kinship,妹,妹,kinship_terms,0.8
CSQP-SFHC-TEXT-118,CSQP-SFHC-TEXT-118-ENT-1550,date,卅六年（1947）十二月初三日,卅六年（1947）十二月初三日,date_text,0.75
CSQP-SFHC-TEXT-118,CSQP-SFHC-TEXT-118-ENT-1551,date,1947,1947,year_raw,0.75
CSQP-SFHC-TEXT-118,CSQP-SFHC-TEXT-118-ENT-1552,style_formula,查收,查收,common_formulae,0.7
CSQP-SFHC-TEXT-118,CSQP-SFHC-TEXT-118-ENT-1553,style_formula,寄去,寄去,remittance_formulae,0.7
CSQP-SFHC-TEXT-118,CSQP-SFHC-TEXT-118-ENT-1554,style_formula,查收,查收,remittance_formulae,0.7
CSQP-SFHC-TEXT-118,CSQP-SFHC-TEXT-118-ENT-1555,style_formula,须,须,instruction_formulae,0.7
CSQP-SFHC-TEXT-118,CSQP-SFHC-TEXT-118-ENT-1556,style_formula,嘱,嘱,instruction_formulae,0.7
CSQP-SFHC-TEXT-119,CSQP-SFHC-TEXT-119-ENT-1557,person,外洋沈波南,沈波南,sender,0.85
CSQP-SFHC-TEXT-119,CSQP-SFHC-TEXT-119-ENT-1558,person,潮汕岳母大人,岳母,recipient,0.85
CSQP-SFHC-TEXT-119,CSQP-SFHC-TEXT-119-ENT-1559,kinship,岳母,岳母,kinship_terms,0.8
CSQP-SFHC-TEXT-119,CSQP-SFHC-TEXT-119-ENT-1560,date,丁（1948）完月（十二月）初十日,丁（1948）完月（十二月）初十日,date_text,0.75
CSQP-SFHC-TEXT-119,CSQP-SFHC-TEXT-119-ENT-1561,date,"愚沈波南泐
丁亥月初十日","愚沈波南泐
丁亥月初十日",written_date_text,0.75
CSQP-SFHC-TEXT-119,CSQP-SFHC-TEXT-119-ENT-1562,date,1948,1948,year_raw,0.75
CSQP-SFHC-TEXT-119,CSQP-SFHC-TEXT-119-ENT-1563,style_formula,尊前,尊前,common_formulae,0.7
CSQP-SFHC-TEXT-120,CSQP-SFHC-TEXT-120-ENT-1564,person,港李楞枝,港李楞枝,sender,0.85
CSQP-SFHC-TEXT-120,CSQP-SFHC-TEXT-120-ENT-1565,person,潮安南桂家双亲大人,双亲,recipient,0.85
CSQP-SFHC-TEXT-120,CSQP-SFHC-TEXT-120-ENT-1566,kinship,双亲,双亲,kinship_terms,0.8
CSQP-SFHC-TEXT-120,CSQP-SFHC-TEXT-120-ENT-1567,kinship,弟,弟,kinship_terms,0.8
CSQP-SFHC-TEXT-120,CSQP-SFHC-TEXT-120-ENT-1568,kinship,儿,儿,kinship_terms,0.8
CSQP-SFHC-TEXT-120,CSQP-SFHC-TEXT-120-ENT-1569,date,卅七年元月廿八日,卅七年元月廿八日,date_text,0.75
CSQP-SFHC-TEXT-120,CSQP-SFHC-TEXT-120-ENT-1570,date,卅七〔年〕元月廿八日,卅七〔年〕元月廿八日,written_date_text,0.75
CSQP-SFHC-TEXT-120,CSQP-SFHC-TEXT-120-ENT-1571,date,1948,1948,year_raw,0.75
CSQP-SFHC-TEXT-120,CSQP-SFHC-TEXT-120-ENT-1572,style_formula,尊前,尊前,common_formulae,0.7
CSQP-SFHC-TEXT-120,CSQP-SFHC-TEXT-120-ENT-1573,style_formula,金安,金安,common_formulae,0.7
CSQP-SFHC-TEXT-120,CSQP-SFHC-TEXT-120-ENT-1574,style_formula,平安,平安,safety_formulae,0.7
CSQP-SFHC-TEXT-120,CSQP-SFHC-TEXT-120-ENT-1575,style_formula,须,须,instruction_formulae,0.7
CSQP-SFHC-TEXT-120,CSQP-SFHC-TEXT-120-ENT-1576,style_formula,不可,不可,instruction_formulae,0.7
CSQP-SFHC-TEXT-121,CSQP-SFHC-TEXT-121-ENT-1577,person,暹张木春,张木春,sender,0.85
CSQP-SFHC-TEXT-121,CSQP-SFHC-TEXT-121-ENT-1578,person,潮安南桂都张宅慈亲大人,都张宅慈亲,recipient,0.85
CSQP-SFHC-TEXT-121,CSQP-SFHC-TEXT-121-ENT-1579,kinship,慈亲,慈亲,kinship_terms,0.8
CSQP-SFHC-TEXT-121,CSQP-SFHC-TEXT-121-ENT-1580,kinship,儿,儿,kinship_terms,0.8
CSQP-SFHC-TEXT-121,CSQP-SFHC-TEXT-121-ENT-1581,kinship,媳,媳,kinship_terms,0.8
CSQP-SFHC-TEXT-121,CSQP-SFHC-TEXT-121-ENT-1582,date,卅七年二月七日,卅七年二月七日,date_text,0.75
CSQP-SFHC-TEXT-121,CSQP-SFHC-TEXT-121-ENT-1583,date,1948,1948,year_raw,0.75
CSQP-SFHC-TEXT-121,CSQP-SFHC-TEXT-121-ENT-1584,style_formula,膝下,膝下,common_formulae,0.7
CSQP-SFHC-TEXT-121,CSQP-SFHC-TEXT-121-ENT-1585,style_formula,查收,查收,common_formulae,0.7
CSQP-SFHC-TEXT-121,CSQP-SFHC-TEXT-121-ENT-1586,style_formula,寄去,寄去,remittance_formulae,0.7
CSQP-SFHC-TEXT-121,CSQP-SFHC-TEXT-121-ENT-1587,style_formula,查收,查收,remittance_formulae,0.7
CSQP-SFHC-TEXT-121,CSQP-SFHC-TEXT-121-ENT-1588,style_formula,平安,平安,safety_formulae,0.7
CSQP-SFHC-TEXT-122,CSQP-SFHC-TEXT-122-ENT-1589,person,［叻］陈逢松,陈逢松,sender,0.85
CSQP-SFHC-TEXT-122,CSQP-SFHC-TEXT-122-ENT-1590,person,［潮安鳌头乡］黄氏吾妻,黄氏吾妻,recipient,0.85
CSQP-SFHC-TEXT-122,CSQP-SFHC-TEXT-122-ENT-1591,kinship,妻,妻,kinship_terms,0.8
CSQP-SFHC-TEXT-122,CSQP-SFHC-TEXT-122-ENT-1592,date,民国卅七年（1948）三月廿五,民国卅七年（1948）三月廿五,date_text,0.75
CSQP-SFHC-TEXT-122,CSQP-SFHC-TEXT-122-ENT-1593,date,民国卅七年，三，廿五顿,民国卅七年，三，廿五顿,written_date_text,0.75
CSQP-SFHC-TEXT-122,CSQP-SFHC-TEXT-122-ENT-1594,date,民国卅七年,民国卅七年,year_raw,0.75
CSQP-SFHC-TEXT-122,CSQP-SFHC-TEXT-122-ENT-1595,style_formula,查收,查收,common_formulae,0.7
CSQP-SFHC-TEXT-122,CSQP-SFHC-TEXT-122-ENT-1596,style_formula,寄去,寄去,remittance_formulae,0.7
CSQP-SFHC-TEXT-122,CSQP-SFHC-TEXT-122-ENT-1597,style_formula,查收,查收,remittance_formulae,0.7
CSQP-SFHC-TEXT-122,CSQP-SFHC-TEXT-122-ENT-1598,style_formula,平安,平安,safety_formulae,0.7
CSQP-SFHC-TEXT-122,CSQP-SFHC-TEXT-122-ENT-1599,style_formula,切勿,切勿,instruction_formulae,0.7
CSQP-SFHC-TEXT-122,CSQP-SFHC-TEXT-122-ENT-1600,style_formula,嘱,嘱,instruction_formulae,0.7
CSQP-SFHC-TEXT-123,CSQP-SFHC-TEXT-123-ENT-1601,person,叻陈逢松,陈逢松,sender,0.85
CSQP-SFHC-TEXT-123,CSQP-SFHC-TEXT-123-ENT-1602,person,潮安鳌头乡黄氏吾妻,鳌头乡黄氏吾妻,recipient,0.85
CSQP-SFHC-TEXT-123,CSQP-SFHC-TEXT-123-ENT-1603,kinship,弟,弟,kinship_terms,0.8
CSQP-SFHC-TEXT-123,CSQP-SFHC-TEXT-123-ENT-1604,kinship,妻,妻,kinship_terms,0.8
CSQP-SFHC-TEXT-123,CSQP-SFHC-TEXT-123-ENT-1605,date,民国卅七年（1948）四月廿一日,民国卅七年（1948）四月廿一日,date_text,0.75
CSQP-SFHC-TEXT-123,CSQP-SFHC-TEXT-123-ENT-1606,date,民国卅七年四〔月〕廿一日寄,民国卅七年四〔月〕廿一日寄,written_date_text,0.75
CSQP-SFHC-TEXT-123,CSQP-SFHC-TEXT-123-ENT-1607,date,民国卅七年,民国卅七年,year_raw,0.75
CSQP-SFHC-TEXT-123,CSQP-SFHC-TEXT-123-ENT-1608,style_formula,查收,查收,common_formulae,0.7
CSQP-SFHC-TEXT-123,CSQP-SFHC-TEXT-123-ENT-1609,style_formula,查收,查收,remittance_formulae,0.7
CSQP-SFHC-TEXT-123,CSQP-SFHC-TEXT-123-ENT-1610,style_formula,平安,平安,safety_formulae,0.7
CSQP-SFHC-TEXT-123,CSQP-SFHC-TEXT-123-ENT-1611,style_formula,嘱,嘱,instruction_formulae,0.7
CSQP-SFHC-TEXT-124,CSQP-SFHC-TEXT-124-ENT-1612,person,外洋毓秋,毓秋,sender,0.85
CSQP-SFHC-TEXT-124,CSQP-SFHC-TEXT-124-ENT-1613,person,潮汕慈亲大人,慈亲,recipient,0.85
CSQP-SFHC-TEXT-124,CSQP-SFHC-TEXT-124-ENT-1614,kinship,慈亲,慈亲,kinship_terms,0.8
CSQP-SFHC-TEXT-124,CSQP-SFHC-TEXT-124-ENT-1615,kinship,男,男,kinship_terms,0.8
CSQP-SFHC-TEXT-124,CSQP-SFHC-TEXT-124-ENT-1616,date,戊子年（1948）五月廿五日,戊子年（1948）五月廿五日,date_text,0.75
CSQP-SFHC-TEXT-124,CSQP-SFHC-TEXT-124-ENT-1617,date,"男毓秋叩禀
戊子年五月廿五日","男毓秋叩禀
戊子年五月廿五日",written_date_text,0.75
CSQP-SFHC-TEXT-124,CSQP-SFHC-TEXT-124-ENT-1618,date,1948,1948,year_raw,0.75
CSQP-SFHC-TEXT-124,CSQP-SFHC-TEXT-124-ENT-1619,style_formula,敬禀者,敬禀者,common_formulae,0.7
CSQP-SFHC-TEXT-124,CSQP-SFHC-TEXT-124-ENT-1620,style_formula,膝下,膝下,common_formulae,0.7
CSQP-SFHC-TEXT-124,CSQP-SFHC-TEXT-124-ENT-1621,style_formula,福安,福安,common_formulae,0.7
CSQP-SFHC-TEXT-124,CSQP-SFHC-TEXT-124-ENT-1622,style_formula,平安,平安,safety_formulae,0.7
CSQP-SFHC-TEXT-125,CSQP-SFHC-TEXT-125-ENT-1623,person,砂拉越张泽盛,砂拉越张泽盛,sender,0.85
CSQP-SFHC-TEXT-125,CSQP-SFHC-TEXT-125-ENT-1624,person,潮安第五区张艶勤先生,第五区张艶勤,recipient,0.85
CSQP-SFHC-TEXT-125,CSQP-SFHC-TEXT-125-ENT-1625,date,一九四八年,一九四八年,date_text,0.75
CSQP-SFHC-TEXT-126,CSQP-SFHC-TEXT-126-ENT-1626,person,外洋母,外洋母,sender,0.85
CSQP-SFHC-TEXT-126,CSQP-SFHC-TEXT-126-ENT-1627,person,潮汕金祥吾儿,金祥,recipient,0.85
CSQP-SFHC-TEXT-126,CSQP-SFHC-TEXT-126-ENT-1628,kinship,儿,儿,kinship_terms,0.8
CSQP-SFHC-TEXT-126,CSQP-SFHC-TEXT-126-ENT-1629,kinship,媳,媳,kinship_terms,0.8
CSQP-SFHC-TEXT-126,CSQP-SFHC-TEXT-126-ENT-1630,kinship,媳妇,媳妇,kinship_terms,0.8
CSQP-SFHC-TEXT-126,CSQP-SFHC-TEXT-126-ENT-1631,kinship,姑,姑,kinship_terms,0.8
CSQP-SFHC-TEXT-126,CSQP-SFHC-TEXT-126-ENT-1632,date,四月初九日（约1949前）,四月初九日（约1949前）,date_text,0.75
CSQP-SFHC-TEXT-126,CSQP-SFHC-TEXT-126-ENT-1633,style_formula,查收,查收,common_formulae,0.7
CSQP-SFHC-TEXT-126,CSQP-SFHC-TEXT-126-ENT-1634,style_formula,寄去,寄去,remittance_formulae,0.7
CSQP-SFHC-TEXT-126,CSQP-SFHC-TEXT-126-ENT-1635,style_formula,查收,查收,remittance_formulae,0.7
CSQP-SFHC-TEXT-127,CSQP-SFHC-TEXT-127-ENT-1636,person,越张永金,张永金,sender,0.85
CSQP-SFHC-TEXT-127,CSQP-SFHC-TEXT-127-ENT-1637,person,潮安南桂区慈亲大人,区慈亲,recipient,0.85
CSQP-SFHC-TEXT-127,CSQP-SFHC-TEXT-127-ENT-1638,kinship,慈亲,慈亲,kinship_terms,0.8
CSQP-SFHC-TEXT-127,CSQP-SFHC-TEXT-127-ENT-1639,kinship,嫂,嫂,kinship_terms,0.8
CSQP-SFHC-TEXT-127,CSQP-SFHC-TEXT-127-ENT-1640,kinship,儿,儿,kinship_terms,0.8
CSQP-SFHC-TEXT-127,CSQP-SFHC-TEXT-127-ENT-1641,date,四月十九日,四月十九日,date_text,0.75
CSQP-SFHC-TEXT-127,CSQP-SFHC-TEXT-127-ENT-1642,date,"儿永金上
四月十九日","儿永金上
四月十九日",written_date_text,0.75
CSQP-SFHC-TEXT-127,CSQP-SFHC-TEXT-127-ENT-1643,style_formula,尊前,尊前,common_formulae,0.7
CSQP-SFHC-TEXT-127,CSQP-SFHC-TEXT-127-ENT-1644,style_formula,查收,查收,common_formulae,0.7
CSQP-SFHC-TEXT-127,CSQP-SFHC-TEXT-127-ENT-1645,style_formula,奉上,奉上,remittance_formulae,0.7
CSQP-SFHC-TEXT-127,CSQP-SFHC-TEXT-127-ENT-1646,style_formula,查收,查收,remittance_formulae,0.7
CSQP-SFHC-TEXT-127,CSQP-SFHC-TEXT-127-ENT-1647,style_formula,安好,安好,safety_formulae,0.7
CSQP-SFHC-TEXT-127,CSQP-SFHC-TEXT-127-ENT-1648,style_formula,须,须,instruction_formulae,0.7
CSQP-SFHC-TEXT-128,CSQP-SFHC-TEXT-128-ENT-1649,person,麻坡郑裕潮,麻坡郑裕潮,sender,0.85
CSQP-SFHC-TEXT-128,CSQP-SFHC-TEXT-128-ENT-1650,person,潮安南桂乡家慈亲大人,慈亲,recipient,0.85
CSQP-SFHC-TEXT-128,CSQP-SFHC-TEXT-128-ENT-1651,kinship,慈亲,慈亲,kinship_terms,0.8
CSQP-SFHC-TEXT-128,CSQP-SFHC-TEXT-128-ENT-1652,kinship,祖母,祖母,kinship_terms,0.8
CSQP-SFHC-TEXT-128,CSQP-SFHC-TEXT-128-ENT-1653,kinship,外祖母,外祖母,kinship_terms,0.8
CSQP-SFHC-TEXT-128,CSQP-SFHC-TEXT-128-ENT-1654,kinship,男,男,kinship_terms,0.8
CSQP-SFHC-TEXT-128,CSQP-SFHC-TEXT-128-ENT-1655,kinship,姑,姑,kinship_terms,0.8
CSQP-SFHC-TEXT-128,CSQP-SFHC-TEXT-128-ENT-1656,date,八月十七日,八月十七日,date_text,0.75
CSQP-SFHC-TEXT-128,CSQP-SFHC-TEXT-128-ENT-1657,style_formula,敬禀者,敬禀者,common_formulae,0.7
CSQP-SFHC-TEXT-128,CSQP-SFHC-TEXT-128-ENT-1658,style_formula,膝下,膝下,common_formulae,0.7
CSQP-SFHC-TEXT-128,CSQP-SFHC-TEXT-128-ENT-1659,style_formula,尊前,尊前,common_formulae,0.7
CSQP-SFHC-TEXT-128,CSQP-SFHC-TEXT-128-ENT-1660,style_formula,伏乞,伏乞,common_formulae,0.7
CSQP-SFHC-TEXT-128,CSQP-SFHC-TEXT-128-ENT-1661,style_formula,祈查收,祈查收,common_formulae,0.7
CSQP-SFHC-TEXT-128,CSQP-SFHC-TEXT-128-ENT-1662,style_formula,至祈查收,至祈查收,common_formulae,0.7
CSQP-SFHC-TEXT-128,CSQP-SFHC-TEXT-128-ENT-1663,style_formula,查收,查收,common_formulae,0.7
CSQP-SFHC-TEXT-128,CSQP-SFHC-TEXT-128-ENT-1664,style_formula,福安,福安,common_formulae,0.7
CSQP-SFHC-TEXT-128,CSQP-SFHC-TEXT-128-ENT-1665,style_formula,寄上,寄上,remittance_formulae,0.7
CSQP-SFHC-TEXT-128,CSQP-SFHC-TEXT-128-ENT-1666,style_formula,查收,查收,remittance_formulae,0.7
CSQP-SFHC-TEXT-128,CSQP-SFHC-TEXT-128-ENT-1667,style_formula,须,须,instruction_formulae,0.7
CSQP-SFHC-TEXT-129,CSQP-SFHC-TEXT-129-ENT-1668,person,叻老婶,老婶,sender,0.85
CSQP-SFHC-TEXT-129,CSQP-SFHC-TEXT-129-ENT-1669,person,澄邑下蓬宋树钊贤侄,下蓬宋树钊贤侄,recipient,0.85
CSQP-SFHC-TEXT-129,CSQP-SFHC-TEXT-129-ENT-1670,kinship,兄,兄,kinship_terms,0.8
CSQP-SFHC-TEXT-129,CSQP-SFHC-TEXT-129-ENT-1671,kinship,侄,侄,kinship_terms,0.8
CSQP-SFHC-TEXT-129,CSQP-SFHC-TEXT-129-ENT-1672,kinship,婶,婶,kinship_terms,0.8
CSQP-SFHC-TEXT-129,CSQP-SFHC-TEXT-129-ENT-1673,date,八月廿一日,八月廿一日,date_text,0.75
CSQP-SFHC-TEXT-129,CSQP-SFHC-TEXT-129-ENT-1674,style_formula,祈查收,祈查收,common_formulae,0.7
CSQP-SFHC-TEXT-129,CSQP-SFHC-TEXT-129-ENT-1675,style_formula,至祈查收,至祈查收,common_formulae,0.7
CSQP-SFHC-TEXT-129,CSQP-SFHC-TEXT-129-ENT-1676,style_formula,查收,查收,common_formulae,0.7
CSQP-SFHC-TEXT-129,CSQP-SFHC-TEXT-129-ENT-1677,style_formula,查收,查收,remittance_formulae,0.7
CSQP-SFHC-TEXT-129,CSQP-SFHC-TEXT-129-ENT-1678,style_formula,嘱,嘱,instruction_formulae,0.7
CSQP-SFHC-TEXT-130,CSQP-SFHC-TEXT-130-ENT-1679,person,叻宋树钊,宋树钊,sender,0.85
CSQP-SFHC-TEXT-130,CSQP-SFHC-TEXT-130-ENT-1680,person,汀邑下蓬家双亲大人,双亲,recipient,0.85
CSQP-SFHC-TEXT-130,CSQP-SFHC-TEXT-130-ENT-1681,kinship,慈亲,慈亲,kinship_terms,0.8
CSQP-SFHC-TEXT-130,CSQP-SFHC-TEXT-130-ENT-1682,kinship,双亲,双亲,kinship_terms,0.8
CSQP-SFHC-TEXT-130,CSQP-SFHC-TEXT-130-ENT-1683,kinship,男,男,kinship_terms,0.8
CSQP-SFHC-TEXT-130,CSQP-SFHC-TEXT-130-ENT-1684,kinship,婶,婶,kinship_terms,0.8
CSQP-SFHC-TEXT-130,CSQP-SFHC-TEXT-130-ENT-1685,date,十月廿日,十月廿日,date_text,0.75
CSQP-SFHC-TEXT-130,CSQP-SFHC-TEXT-130-ENT-1686,date,"男树钊禀
十月廿日","男树钊禀
十月廿日",written_date_text,0.75
CSQP-SFHC-TEXT-130,CSQP-SFHC-TEXT-130-ENT-1687,style_formula,敬禀者,敬禀者,common_formulae,0.7
CSQP-SFHC-TEXT-130,CSQP-SFHC-TEXT-130-ENT-1688,style_formula,膝下,膝下,common_formulae,0.7
CSQP-SFHC-TEXT-130,CSQP-SFHC-TEXT-130-ENT-1689,style_formula,金安,金安,common_formulae,0.7
CSQP-SFHC-TEXT-130,CSQP-SFHC-TEXT-130-ENT-1690,style_formula,奉上,奉上,remittance_formulae,0.7
CSQP-SFHC-TEXT-130,CSQP-SFHC-TEXT-130-ENT-1691,style_formula,付去,付去,remittance_formulae,0.7
CSQP-SFHC-TEXT-131,CSQP-SFHC-TEXT-131-ENT-1692,person,叻陈捷叙,陈捷叙,sender,0.85
CSQP-SFHC-TEXT-131,CSQP-SFHC-TEXT-131-ENT-1693,person,潮安鳌头陈世昭长男,鳌头陈世昭长男,recipient,0.85
CSQP-SFHC-TEXT-131,CSQP-SFHC-TEXT-131-ENT-1694,kinship,祖母,祖母,kinship_terms,0.8
CSQP-SFHC-TEXT-131,CSQP-SFHC-TEXT-131-ENT-1695,kinship,兄,兄,kinship_terms,0.8
CSQP-SFHC-TEXT-131,CSQP-SFHC-TEXT-131-ENT-1696,kinship,弟,弟,kinship_terms,0.8
CSQP-SFHC-TEXT-131,CSQP-SFHC-TEXT-131-ENT-1697,kinship,妻,妻,kinship_terms,0.8
CSQP-SFHC-TEXT-131,CSQP-SFHC-TEXT-131-ENT-1698,kinship,荆妻,荆妻,kinship_terms,0.8
CSQP-SFHC-TEXT-131,CSQP-SFHC-TEXT-131-ENT-1699,kinship,儿,儿,kinship_terms,0.8
CSQP-SFHC-TEXT-131,CSQP-SFHC-TEXT-131-ENT-1700,kinship,男,男,kinship_terms,0.8
CSQP-SFHC-TEXT-131,CSQP-SFHC-TEXT-131-ENT-1701,kinship,妗,妗,kinship_terms,0.8
CSQP-SFHC-TEXT-131,CSQP-SFHC-TEXT-131-ENT-1702,date,戊八月廿一日,戊八月廿一日,date_text,0.75
CSQP-SFHC-TEXT-131,CSQP-SFHC-TEXT-131-ENT-1703,date,1948,1948,year_raw,0.75
CSQP-SFHC-TEXT-131,CSQP-SFHC-TEXT-131-ENT-1704,style_formula,平安,平安,safety_formulae,0.7
CSQP-SFHC-TEXT-131,CSQP-SFHC-TEXT-131-ENT-1705,style_formula,嘱,嘱,instruction_formulae,0.7
CSQP-SFHC-TEXT-132,CSQP-SFHC-TEXT-132-ENT-1706,person,越张永金,张永金,sender,0.85
CSQP-SFHC-TEXT-132,CSQP-SFHC-TEXT-132-ENT-1707,person,潮安南桂区慈亲大人,区慈亲,recipient,0.85
CSQP-SFHC-TEXT-132,CSQP-SFHC-TEXT-132-ENT-1708,kinship,慈亲,慈亲,kinship_terms,0.8
CSQP-SFHC-TEXT-132,CSQP-SFHC-TEXT-132-ENT-1709,kinship,弟,弟,kinship_terms,0.8
CSQP-SFHC-TEXT-132,CSQP-SFHC-TEXT-132-ENT-1710,kinship,儿,儿,kinship_terms,0.8
CSQP-SFHC-TEXT-132,CSQP-SFHC-TEXT-132-ENT-1711,date,九月廿八日,九月廿八日,date_text,0.75
CSQP-SFHC-TEXT-132,CSQP-SFHC-TEXT-132-ENT-1712,date,九月廿八日 儿张永金手上,九月廿八日 儿张永金手上,written_date_text,0.75
CSQP-SFHC-TEXT-132,CSQP-SFHC-TEXT-132-ENT-1713,date,1948,1948,year_raw,0.75
CSQP-SFHC-TEXT-132,CSQP-SFHC-TEXT-132-ENT-1714,style_formula,尊前,尊前,common_formulae,0.7
CSQP-SFHC-TEXT-132,CSQP-SFHC-TEXT-132-ENT-1715,style_formula,查收,查收,common_formulae,0.7
CSQP-SFHC-TEXT-132,CSQP-SFHC-TEXT-132-ENT-1716,style_formula,金安,金安,common_formulae,0.7
CSQP-SFHC-TEXT-132,CSQP-SFHC-TEXT-132-ENT-1717,style_formula,查收,查收,remittance_formulae,0.7
CSQP-SFHC-TEXT-132,CSQP-SFHC-TEXT-132-ENT-1718,style_formula,须,须,instruction_formulae,0.7
CSQP-SFHC-TEXT-133,CSQP-SFHC-TEXT-133-ENT-1719,person,叻杨木良,杨木良,sender,0.85
CSQP-SFHC-TEXT-133,CSQP-SFHC-TEXT-133-ENT-1720,person,汕头市新马路杨子忠先生,市新马路杨子忠,recipient,0.85
CSQP-SFHC-TEXT-133,CSQP-SFHC-TEXT-133-ENT-1721,kinship,弟,弟,kinship_terms,0.8
CSQP-SFHC-TEXT-133,CSQP-SFHC-TEXT-133-ENT-1722,kinship,妻,妻,kinship_terms,0.8
CSQP-SFHC-TEXT-133,CSQP-SFHC-TEXT-133-ENT-1723,kinship,贤妻,贤妻,kinship_terms,0.8
CSQP-SFHC-TEXT-133,CSQP-SFHC-TEXT-133-ENT-1724,kinship,儿,儿,kinship_terms,0.8
CSQP-SFHC-TEXT-133,CSQP-SFHC-TEXT-133-ENT-1725,date,中华民国卅七年十一月初一日,中华民国卅七年十一月初一日,date_text,0.75
CSQP-SFHC-TEXT-133,CSQP-SFHC-TEXT-133-ENT-1726,date,"夫杨木良泐
十一月初一日","夫杨木良泐
十一月初一日",written_date_text,0.75
CSQP-SFHC-TEXT-133,CSQP-SFHC-TEXT-133-ENT-1727,date,民国卅七年,民国卅七年,year_raw,0.75
CSQP-SFHC-TEXT-133,CSQP-SFHC-TEXT-133-ENT-1728,style_formula,祈查收,祈查收,common_formulae,0.7
CSQP-SFHC-TEXT-133,CSQP-SFHC-TEXT-133-ENT-1729,style_formula,查收,查收,common_formulae,0.7
CSQP-SFHC-TEXT-133,CSQP-SFHC-TEXT-133-ENT-1730,style_formula,寄去,寄去,remittance_formulae,0.7
CSQP-SFHC-TEXT-133,CSQP-SFHC-TEXT-133-ENT-1731,style_formula,查收,查收,remittance_formulae,0.7
CSQP-SFHC-TEXT-134,CSQP-SFHC-TEXT-134-ENT-1732,person,叻郑奕玉,郑奕玉,sender,0.85
CSQP-SFHC-TEXT-134,CSQP-SFHC-TEXT-134-ENT-1733,person,潮安南桂家慈亲大人,慈亲,recipient,0.85
CSQP-SFHC-TEXT-134,CSQP-SFHC-TEXT-134-ENT-1734,kinship,慈亲,慈亲,kinship_terms,0.8
CSQP-SFHC-TEXT-134,CSQP-SFHC-TEXT-134-ENT-1735,date,一九四八年,一九四八年,date_text,0.75
CSQP-SFHC-TEXT-135,CSQP-SFHC-TEXT-135-ENT-1736,person,外洋炳极,炳极,sender,0.85
CSQP-SFHC-TEXT-135,CSQP-SFHC-TEXT-135-ENT-1737,person,潮汕母亲大人,母亲,recipient,0.85
CSQP-SFHC-TEXT-135,CSQP-SFHC-TEXT-135-ENT-1738,kinship,母亲,母亲,kinship_terms,0.8
CSQP-SFHC-TEXT-135,CSQP-SFHC-TEXT-135-ENT-1739,kinship,兄,兄,kinship_terms,0.8
CSQP-SFHC-TEXT-135,CSQP-SFHC-TEXT-135-ENT-1740,kinship,儿,儿,kinship_terms,0.8
CSQP-SFHC-TEXT-135,CSQP-SFHC-TEXT-135-ENT-1741,kinship,男,男,kinship_terms,0.8
CSQP-SFHC-TEXT-135,CSQP-SFHC-TEXT-135-ENT-1742,kinship,侄,侄,kinship_terms,0.8
CSQP-SFHC-TEXT-135,CSQP-SFHC-TEXT-135-ENT-1743,date,民国卅八年（1949）元月初七日,民国卅八年（1949）元月初七日,date_text,0.75
CSQP-SFHC-TEXT-135,CSQP-SFHC-TEXT-135-ENT-1744,date,书禀,书禀,written_date_text,0.75
CSQP-SFHC-TEXT-135,CSQP-SFHC-TEXT-135-ENT-1745,date,民国卅八年,民国卅八年,year_raw,0.75
CSQP-SFHC-TEXT-135,CSQP-SFHC-TEXT-135-ENT-1746,style_formula,敬禀者,敬禀者,common_formulae,0.7
CSQP-SFHC-TEXT-135,CSQP-SFHC-TEXT-135-ENT-1747,style_formula,尊前,尊前,common_formulae,0.7
CSQP-SFHC-TEXT-135,CSQP-SFHC-TEXT-135-ENT-1748,style_formula,查收,查收,common_formulae,0.7
CSQP-SFHC-TEXT-135,CSQP-SFHC-TEXT-135-ENT-1749,style_formula,金安,金安,common_formulae,0.7
CSQP-SFHC-TEXT-135,CSQP-SFHC-TEXT-135-ENT-1750,style_formula,查收,查收,remittance_formulae,0.7
CSQP-SFHC-TEXT-136,CSQP-SFHC-TEXT-136-ENT-1751,person,叻张运俊,张运俊,sender,0.85
CSQP-SFHC-TEXT-136,CSQP-SFHC-TEXT-136-ENT-1752,person,潮安南桂张孟钊先生,张孟钊,recipient,0.85
CSQP-SFHC-TEXT-136,CSQP-SFHC-TEXT-136-ENT-1753,date,卅八年二月十二日,卅八年二月十二日,date_text,0.75
CSQP-SFHC-TEXT-136,CSQP-SFHC-TEXT-136-ENT-1754,date,1949,1949,year_raw,0.75
CSQP-SFHC-TEXT-137,CSQP-SFHC-TEXT-137-ENT-1755,person,叻吴坤丰,吴坤丰,sender,0.85
CSQP-SFHC-TEXT-137,CSQP-SFHC-TEXT-137-ENT-1756,person,潮安银湖村许氏荆妻,银湖村许氏荆妻,recipient,0.85
CSQP-SFHC-TEXT-137,CSQP-SFHC-TEXT-137-ENT-1757,kinship,双亲,双亲,kinship_terms,0.8
CSQP-SFHC-TEXT-137,CSQP-SFHC-TEXT-137-ENT-1758,kinship,兄,兄,kinship_terms,0.8
CSQP-SFHC-TEXT-137,CSQP-SFHC-TEXT-137-ENT-1759,kinship,妻,妻,kinship_terms,0.8
CSQP-SFHC-TEXT-137,CSQP-SFHC-TEXT-137-ENT-1760,kinship,荆妻,荆妻,kinship_terms,0.8
CSQP-SFHC-TEXT-137,CSQP-SFHC-TEXT-137-ENT-1761,date,民卅八年元月十七,民卅八年元月十七,date_text,0.75
CSQP-SFHC-TEXT-137,CSQP-SFHC-TEXT-137-ENT-1762,date,民卅八，元，十七 余吴坤丰缄,民卅八，元，十七 余吴坤丰缄,written_date_text,0.75
CSQP-SFHC-TEXT-137,CSQP-SFHC-TEXT-137-ENT-1763,date,1949,1949,year_raw,0.75
CSQP-SFHC-TEXT-137,CSQP-SFHC-TEXT-137-ENT-1764,style_formula,查收,查收,common_formulae,0.7
CSQP-SFHC-TEXT-137,CSQP-SFHC-TEXT-137-ENT-1765,style_formula,付去,付去,remittance_formulae,0.7
CSQP-SFHC-TEXT-137,CSQP-SFHC-TEXT-137-ENT-1766,style_formula,查收,查收,remittance_formulae,0.7
CSQP-SFHC-TEXT-138,CSQP-SFHC-TEXT-138-ENT-1767,person,外洋黄居禧,黄居禧,sender,0.85
CSQP-SFHC-TEXT-138,CSQP-SFHC-TEXT-138-ENT-1768,person,潮汕岳母大人,岳母,recipient,0.85
CSQP-SFHC-TEXT-138,CSQP-SFHC-TEXT-138-ENT-1769,kinship,岳父,岳父,kinship_terms,0.8
CSQP-SFHC-TEXT-138,CSQP-SFHC-TEXT-138-ENT-1770,kinship,岳母,岳母,kinship_terms,0.8
CSQP-SFHC-TEXT-138,CSQP-SFHC-TEXT-138-ENT-1771,kinship,嫂,嫂,kinship_terms,0.8
CSQP-SFHC-TEXT-138,CSQP-SFHC-TEXT-138-ENT-1772,date,二月十四日（1949）,二月十四日（1949）,date_text,0.75
CSQP-SFHC-TEXT-138,CSQP-SFHC-TEXT-138-ENT-1773,date,1949,1949,year_raw,0.75
CSQP-SFHC-TEXT-138,CSQP-SFHC-TEXT-138-ENT-1774,style_formula,敬禀者,敬禀者,common_formulae,0.7
CSQP-SFHC-TEXT-138,CSQP-SFHC-TEXT-138-ENT-1775,style_formula,查收,查收,common_formulae,0.7
CSQP-SFHC-TEXT-138,CSQP-SFHC-TEXT-138-ENT-1776,style_formula,奉上,奉上,remittance_formulae,0.7
CSQP-SFHC-TEXT-138,CSQP-SFHC-TEXT-138-ENT-1777,style_formula,查收,查收,remittance_formulae,0.7
CSQP-SFHC-TEXT-139,CSQP-SFHC-TEXT-139-ENT-1778,person,外洋梅,外洋梅,sender,0.85
CSQP-SFHC-TEXT-139,CSQP-SFHC-TEXT-139-ENT-1779,person,潮汕母亲大人,母亲,recipient,0.85
CSQP-SFHC-TEXT-139,CSQP-SFHC-TEXT-139-ENT-1780,kinship,母亲,母亲,kinship_terms,0.8
CSQP-SFHC-TEXT-139,CSQP-SFHC-TEXT-139-ENT-1781,kinship,父亲,父亲,kinship_terms,0.8
CSQP-SFHC-TEXT-139,CSQP-SFHC-TEXT-139-ENT-1782,kinship,叔父,叔父,kinship_terms,0.8
CSQP-SFHC-TEXT-139,CSQP-SFHC-TEXT-139-ENT-1783,kinship,弟,弟,kinship_terms,0.8
CSQP-SFHC-TEXT-139,CSQP-SFHC-TEXT-139-ENT-1784,kinship,叔,叔,kinship_terms,0.8
CSQP-SFHC-TEXT-139,CSQP-SFHC-TEXT-139-ENT-1785,kinship,姑,姑,kinship_terms,0.8
CSQP-SFHC-TEXT-139,CSQP-SFHC-TEXT-139-ENT-1786,date,中华民国卅八年（1949）四月十八日,中华民国卅八年（1949）四月十八日,date_text,0.75
CSQP-SFHC-TEXT-139,CSQP-SFHC-TEXT-139-ENT-1787,date,民国卅八年,民国卅八年,year_raw,0.75
CSQP-SFHC-TEXT-139,CSQP-SFHC-TEXT-139-ENT-1788,style_formula,谨禀,谨禀,common_formulae,0.7
CSQP-SFHC-TEXT-139,CSQP-SFHC-TEXT-139-ENT-1789,style_formula,寄上,寄上,remittance_formulae,0.7
CSQP-SFHC-TEXT-139,CSQP-SFHC-TEXT-139-ENT-1790,style_formula,切勿,切勿,instruction_formulae,0.7
CSQP-SFHC-TEXT-140,CSQP-SFHC-TEXT-140-ENT-1791,person,外洋长丰,长丰,sender,0.85
CSQP-SFHC-TEXT-140,CSQP-SFHC-TEXT-140-ENT-1792,person,潮汕继豪族侄台,继豪族侄台,recipient,0.85
CSQP-SFHC-TEXT-140,CSQP-SFHC-TEXT-140-ENT-1793,kinship,儿,儿,kinship_terms,0.8
CSQP-SFHC-TEXT-140,CSQP-SFHC-TEXT-140-ENT-1794,kinship,侄,侄,kinship_terms,0.8
CSQP-SFHC-TEXT-140,CSQP-SFHC-TEXT-140-ENT-1795,kinship,叔,叔,kinship_terms,0.8
CSQP-SFHC-TEXT-140,CSQP-SFHC-TEXT-140-ENT-1796,date,己（1949）六月初七日,己（1949）六月初七日,date_text,0.75
CSQP-SFHC-TEXT-140,CSQP-SFHC-TEXT-140-ENT-1797,date,1949,1949,year_raw,0.75
CSQP-SFHC-TEXT-140,CSQP-SFHC-TEXT-140-ENT-1798,style_formula,嘱,嘱,instruction_formulae,0.7
CSQP-SFHC-TEXT-141,CSQP-SFHC-TEXT-141-ENT-1799,person,外洋郑万豪,郑万豪,sender,0.85
CSQP-SFHC-TEXT-141,CSQP-SFHC-TEXT-141-ENT-1800,person,潮汕慈亲大人,慈亲,recipient,0.85
CSQP-SFHC-TEXT-141,CSQP-SFHC-TEXT-141-ENT-1801,kinship,慈亲,慈亲,kinship_terms,0.8
CSQP-SFHC-TEXT-141,CSQP-SFHC-TEXT-141-ENT-1802,kinship,母亲,母亲,kinship_terms,0.8
CSQP-SFHC-TEXT-141,CSQP-SFHC-TEXT-141-ENT-1803,kinship,岳母,岳母,kinship_terms,0.8
CSQP-SFHC-TEXT-141,CSQP-SFHC-TEXT-141-ENT-1804,kinship,儿,儿,kinship_terms,0.8
CSQP-SFHC-TEXT-141,CSQP-SFHC-TEXT-141-ENT-1805,date,民国三十八年（1949）八月初二日,民国三十八年（1949）八月初二日,date_text,0.75
CSQP-SFHC-TEXT-141,CSQP-SFHC-TEXT-141-ENT-1806,date,民国三十八年八月初二日 儿郑万豪上,民国三十八年八月初二日 儿郑万豪上,written_date_text,0.75
CSQP-SFHC-TEXT-141,CSQP-SFHC-TEXT-141-ENT-1807,date,民国三十八年,民国三十八年,year_raw,0.75
CSQP-SFHC-TEXT-141,CSQP-SFHC-TEXT-141-ENT-1808,style_formula,敬禀者,敬禀者,common_formulae,0.7
CSQP-SFHC-TEXT-141,CSQP-SFHC-TEXT-141-ENT-1809,style_formula,尊前,尊前,common_formulae,0.7
CSQP-SFHC-TEXT-141,CSQP-SFHC-TEXT-141-ENT-1810,style_formula,祈查收,祈查收,common_formulae,0.7
CSQP-SFHC-TEXT-141,CSQP-SFHC-TEXT-141-ENT-1811,style_formula,查收,查收,common_formulae,0.7
CSQP-SFHC-TEXT-141,CSQP-SFHC-TEXT-141-ENT-1812,style_formula,福安,福安,common_formulae,0.7
CSQP-SFHC-TEXT-141,CSQP-SFHC-TEXT-141-ENT-1813,style_formula,查收,查收,remittance_formulae,0.7
CSQP-SFHC-TEXT-141,CSQP-SFHC-TEXT-141-ENT-1814,style_formula,嘱,嘱,instruction_formulae,0.7
CSQP-SFHC-TEXT-141,CSQP-SFHC-TEXT-141-ENT-1815,style_formula,不可,不可,instruction_formulae,0.7
CSQP-SFHC-TEXT-142,CSQP-SFHC-TEXT-142-ENT-1816,person,外洋陈亨发,陈亨发,sender,0.85
CSQP-SFHC-TEXT-142,CSQP-SFHC-TEXT-142-ENT-1817,person,潮汕朝居宗侄台,朝居宗侄台,recipient,0.85
CSQP-SFHC-TEXT-142,CSQP-SFHC-TEXT-142-ENT-1818,kinship,侄,侄,kinship_terms,0.8
CSQP-SFHC-TEXT-142,CSQP-SFHC-TEXT-142-ENT-1819,date,民卅八年（1949）八月三日,民卅八年（1949）八月三日,date_text,0.75
CSQP-SFHC-TEXT-142,CSQP-SFHC-TEXT-142-ENT-1820,date,民卅八，八，三 陈享发泐,民卅八，八，三 陈享发泐,written_date_text,0.75
CSQP-SFHC-TEXT-142,CSQP-SFHC-TEXT-142-ENT-1821,date,1949,1949,year_raw,0.75
CSQP-SFHC-TEXT-142,CSQP-SFHC-TEXT-142-ENT-1822,style_formula,查收,查收,common_formulae,0.7
CSQP-SFHC-TEXT-142,CSQP-SFHC-TEXT-142-ENT-1823,style_formula,查收,查收,remittance_formulae,0.7
CSQP-SFHC-TEXT-142,CSQP-SFHC-TEXT-142-ENT-1824,style_formula,起居,起居,safety_formulae,0.7
CSQP-SFHC-TEXT-143,CSQP-SFHC-TEXT-143-ENT-1825,person,外洋郑炳存、郑惠英,郑炳存、郑惠英,sender,0.85
CSQP-SFHC-TEXT-143,CSQP-SFHC-TEXT-143-ENT-1826,person,潮汕细姨母大人,细姨母,recipient,0.85
CSQP-SFHC-TEXT-143,CSQP-SFHC-TEXT-143-ENT-1827,kinship,兄,兄,kinship_terms,0.8
CSQP-SFHC-TEXT-143,CSQP-SFHC-TEXT-143-ENT-1828,kinship,弟,弟,kinship_terms,0.8
CSQP-SFHC-TEXT-143,CSQP-SFHC-TEXT-143-ENT-1829,kinship,儿,儿,kinship_terms,0.8
CSQP-SFHC-TEXT-143,CSQP-SFHC-TEXT-143-ENT-1830,kinship,妹,妹,kinship_terms,0.8
CSQP-SFHC-TEXT-143,CSQP-SFHC-TEXT-143-ENT-1831,date,旧历闰七月初九日、九月一号（1949）,旧历闰七月初九日、九月一号（1949）,date_text,0.75
CSQP-SFHC-TEXT-143,CSQP-SFHC-TEXT-143-ENT-1832,date,"甥儿郑炳存、甥女郑惠英同手上
旧历闰（闰）七月初九日，九月一号","甥儿郑炳存、甥女郑惠英同手上
旧历闰（闰）七月初九日，九月一号",written_date_text,0.75
CSQP-SFHC-TEXT-143,CSQP-SFHC-TEXT-143-ENT-1833,date,1949,1949,year_raw,0.75
CSQP-SFHC-TEXT-143,CSQP-SFHC-TEXT-143-ENT-1834,style_formula,尊前,尊前,common_formulae,0.7
CSQP-SFHC-TEXT-143,CSQP-SFHC-TEXT-143-ENT-1835,style_formula,查收,查收,common_formulae,0.7
CSQP-SFHC-TEXT-143,CSQP-SFHC-TEXT-143-ENT-1836,style_formula,福安,福安,common_formulae,0.7
CSQP-SFHC-TEXT-143,CSQP-SFHC-TEXT-143-ENT-1837,style_formula,查收,查收,remittance_formulae,0.7
CSQP-SFHC-TEXT-144,CSQP-SFHC-TEXT-144-ENT-1838,person,外洋省斌,省斌,sender,0.85
CSQP-SFHC-TEXT-144,CSQP-SFHC-TEXT-144-ENT-1839,person,潮汕克能侄,克能侄,recipient,0.85
CSQP-SFHC-TEXT-144,CSQP-SFHC-TEXT-144-ENT-1840,kinship,兄,兄,kinship_terms,0.8
CSQP-SFHC-TEXT-144,CSQP-SFHC-TEXT-144-ENT-1841,kinship,弟,弟,kinship_terms,0.8
CSQP-SFHC-TEXT-144,CSQP-SFHC-TEXT-144-ENT-1842,kinship,侄,侄,kinship_terms,0.8
CSQP-SFHC-TEXT-144,CSQP-SFHC-TEXT-144-ENT-1843,kinship,姑,姑,kinship_terms,0.8
CSQP-SFHC-TEXT-144,CSQP-SFHC-TEXT-144-ENT-1844,date,九月十日（民国）,九月十日（民国）,date_text,0.75
CSQP-SFHC-TEXT-144,CSQP-SFHC-TEXT-144-ENT-1845,style_formula,不可,不可,instruction_formulae,0.7
CSQP-SFHC-TEXT-145,CSQP-SFHC-TEXT-145-ENT-1846,person,（民国）外洋晓澄,晓澄,sender,0.85
CSQP-SFHC-TEXT-145,CSQP-SFHC-TEXT-145-ENT-1847,person,潮汕大姆（姊）,大姆,recipient,0.85
CSQP-SFHC-TEXT-145,CSQP-SFHC-TEXT-145-ENT-1848,kinship,弟,弟,kinship_terms,0.8
CSQP-SFHC-TEXT-145,CSQP-SFHC-TEXT-145-ENT-1849,kinship,姊,姊,kinship_terms,0.8
CSQP-SFHC-TEXT-145,CSQP-SFHC-TEXT-145-ENT-1850,kinship,妗,妗,kinship_terms,0.8
CSQP-SFHC-TEXT-145,CSQP-SFHC-TEXT-145-ENT-1851,style_formula,福安,福安,common_formulae,0.7
CSQP-SFHC-TEXT-145,CSQP-SFHC-TEXT-145-ENT-1852,style_formula,平安,平安,safety_formulae,0.7
CSQP-SFHC-TEXT-146,CSQP-SFHC-TEXT-146-ENT-1853,person,外洋父,外洋父,sender,0.85
CSQP-SFHC-TEXT-146,CSQP-SFHC-TEXT-146-ENT-1854,person,潮汕茂鉴吾儿,茂鉴,recipient,0.85
CSQP-SFHC-TEXT-146,CSQP-SFHC-TEXT-146-ENT-1855,kinship,儿,儿,kinship_terms,0.8
CSQP-SFHC-TEXT-146,CSQP-SFHC-TEXT-146-ENT-1856,date,庚寅年（1950）元月初九日,庚寅年（1950）元月初九日,date_text,0.75
CSQP-SFHC-TEXT-146,CSQP-SFHC-TEXT-146-ENT-1857,date,庚寅年元月初九日 父字,庚寅年元月初九日 父字,written_date_text,0.75
CSQP-SFHC-TEXT-146,CSQP-SFHC-TEXT-146-ENT-1858,date,1950,1950,year_raw,0.75
CSQP-SFHC-TEXT-146,CSQP-SFHC-TEXT-146-ENT-1859,style_formula,查收,查收,common_formulae,0.7
CSQP-SFHC-TEXT-146,CSQP-SFHC-TEXT-146-ENT-1860,style_formula,寄去,寄去,remittance_formulae,0.7
CSQP-SFHC-TEXT-146,CSQP-SFHC-TEXT-146-ENT-1861,style_formula,查收,查收,remittance_formulae,0.7
CSQP-SFHC-TEXT-146,CSQP-SFHC-TEXT-146-ENT-1862,style_formula,须,须,instruction_formulae,0.7
CSQP-SFHC-TEXT-146,CSQP-SFHC-TEXT-146-ENT-1863,style_formula,嘱,嘱,instruction_formulae,0.7
CSQP-SFHC-TEXT-147,CSQP-SFHC-TEXT-147-ENT-1864,person,叻强兴,强兴,sender,0.85
CSQP-SFHC-TEXT-147,CSQP-SFHC-TEXT-147-ENT-1865,person,潮安南桂张君远吾儿,张君远,recipient,0.85
CSQP-SFHC-TEXT-147,CSQP-SFHC-TEXT-147-ENT-1866,kinship,妻,妻,kinship_terms,0.8
CSQP-SFHC-TEXT-147,CSQP-SFHC-TEXT-147-ENT-1867,kinship,贤妻,贤妻,kinship_terms,0.8
CSQP-SFHC-TEXT-147,CSQP-SFHC-TEXT-147-ENT-1868,kinship,儿,儿,kinship_terms,0.8
CSQP-SFHC-TEXT-147,CSQP-SFHC-TEXT-147-ENT-1869,kinship,妹,妹,kinship_terms,0.8
CSQP-SFHC-TEXT-147,CSQP-SFHC-TEXT-147-ENT-1870,date,一九五〇年元月廿日,一九五〇年元月廿日,date_text,0.75
CSQP-SFHC-TEXT-147,CSQP-SFHC-TEXT-147-ENT-1871,date,"愚强兴启
一九五〇年元月廿日","愚强兴启
一九五〇年元月廿日",written_date_text,0.75
CSQP-SFHC-TEXT-147,CSQP-SFHC-TEXT-147-ENT-1872,style_formula,查收,查收,common_formulae,0.7
CSQP-SFHC-TEXT-147,CSQP-SFHC-TEXT-147-ENT-1873,style_formula,查收,查收,remittance_formulae,0.7
CSQP-SFHC-TEXT-148,CSQP-SFHC-TEXT-148-ENT-1874,person,外洋父,外洋父,sender,0.85
CSQP-SFHC-TEXT-148,CSQP-SFHC-TEXT-148-ENT-1875,person,潮汕茂鉴吾儿,茂鉴,recipient,0.85
CSQP-SFHC-TEXT-148,CSQP-SFHC-TEXT-148-ENT-1876,kinship,儿,儿,kinship_terms,0.8
CSQP-SFHC-TEXT-148,CSQP-SFHC-TEXT-148-ENT-1877,date,庚寅（1950）三月初九日,庚寅（1950）三月初九日,date_text,0.75
CSQP-SFHC-TEXT-148,CSQP-SFHC-TEXT-148-ENT-1878,date,庚寅三月初九日 父字,庚寅三月初九日 父字,written_date_text,0.75
CSQP-SFHC-TEXT-148,CSQP-SFHC-TEXT-148-ENT-1879,date,1950,1950,year_raw,0.75
CSQP-SFHC-TEXT-148,CSQP-SFHC-TEXT-148-ENT-1880,style_formula,查收,查收,common_formulae,0.7
CSQP-SFHC-TEXT-148,CSQP-SFHC-TEXT-148-ENT-1881,style_formula,容后,容后,common_formulae,0.7
CSQP-SFHC-TEXT-148,CSQP-SFHC-TEXT-148-ENT-1882,style_formula,寄去,寄去,remittance_formulae,0.7
CSQP-SFHC-TEXT-148,CSQP-SFHC-TEXT-148-ENT-1883,style_formula,查收,查收,remittance_formulae,0.7
CSQP-SFHC-TEXT-148,CSQP-SFHC-TEXT-148-ENT-1884,style_formula,须,须,instruction_formulae,0.7
CSQP-SFHC-TEXT-148,CSQP-SFHC-TEXT-148-ENT-1885,style_formula,嘱,嘱,instruction_formulae,0.7
CSQP-SFHC-TEXT-149,CSQP-SFHC-TEXT-149-ENT-1886,person,麻坡郑裕潮,麻坡郑裕潮,sender,0.85
CSQP-SFHC-TEXT-149,CSQP-SFHC-TEXT-149-ENT-1887,person,潮安南桂乡家慈亲大人,慈亲,recipient,0.85
CSQP-SFHC-TEXT-149,CSQP-SFHC-TEXT-149-ENT-1888,kinship,慈亲,慈亲,kinship_terms,0.8
CSQP-SFHC-TEXT-149,CSQP-SFHC-TEXT-149-ENT-1889,kinship,祖母,祖母,kinship_terms,0.8
CSQP-SFHC-TEXT-149,CSQP-SFHC-TEXT-149-ENT-1890,kinship,外祖母,外祖母,kinship_terms,0.8
CSQP-SFHC-TEXT-149,CSQP-SFHC-TEXT-149-ENT-1891,kinship,嫂,嫂,kinship_terms,0.8
CSQP-SFHC-TEXT-149,CSQP-SFHC-TEXT-149-ENT-1892,kinship,男,男,kinship_terms,0.8
CSQP-SFHC-TEXT-149,CSQP-SFHC-TEXT-149-ENT-1893,kinship,叔,叔,kinship_terms,0.8
CSQP-SFHC-TEXT-149,CSQP-SFHC-TEXT-149-ENT-1894,kinship,姑,姑,kinship_terms,0.8
CSQP-SFHC-TEXT-149,CSQP-SFHC-TEXT-149-ENT-1895,date,阴历四月初十日,阴历四月初十日,date_text,0.75
CSQP-SFHC-TEXT-149,CSQP-SFHC-TEXT-149-ENT-1896,date,1950,1950,year_raw,0.75
CSQP-SFHC-TEXT-149,CSQP-SFHC-TEXT-149-ENT-1897,style_formula,敬禀者,敬禀者,common_formulae,0.7
CSQP-SFHC-TEXT-149,CSQP-SFHC-TEXT-149-ENT-1898,style_formula,膝下,膝下,common_formulae,0.7
CSQP-SFHC-TEXT-149,CSQP-SFHC-TEXT-149-ENT-1899,style_formula,勿念,勿念,common_formulae,0.7
CSQP-SFHC-TEXT-149,CSQP-SFHC-TEXT-149-ENT-1900,style_formula,祈查收,祈查收,common_formulae,0.7
CSQP-SFHC-TEXT-149,CSQP-SFHC-TEXT-149-ENT-1901,style_formula,至祈查收,至祈查收,common_formulae,0.7
CSQP-SFHC-TEXT-149,CSQP-SFHC-TEXT-149-ENT-1902,style_formula,谨禀,谨禀,common_formulae,0.7
CSQP-SFHC-TEXT-149,CSQP-SFHC-TEXT-149-ENT-1903,style_formula,查收,查收,common_formulae,0.7
CSQP-SFHC-TEXT-149,CSQP-SFHC-TEXT-149-ENT-1904,style_formula,奉上,奉上,remittance_formulae,0.7
CSQP-SFHC-TEXT-149,CSQP-SFHC-TEXT-149-ENT-1905,style_formula,查收,查收,remittance_formulae,0.7
CSQP-SFHC-TEXT-149,CSQP-SFHC-TEXT-149-ENT-1906,style_formula,平安,平安,safety_formulae,0.7
CSQP-SFHC-TEXT-149,CSQP-SFHC-TEXT-149-ENT-1907,style_formula,勿念,勿念,safety_formulae,0.7
CSQP-SFHC-TEXT-150,CSQP-SFHC-TEXT-150-ENT-1908,person,叻宋树钊,宋树钊,sender,0.85
CSQP-SFHC-TEXT-150,CSQP-SFHC-TEXT-150-ENT-1909,person,澄邑下蓬英弟,下蓬英弟,recipient,0.85
CSQP-SFHC-TEXT-150,CSQP-SFHC-TEXT-150-ENT-1910,kinship,兄,兄,kinship_terms,0.8
CSQP-SFHC-TEXT-150,CSQP-SFHC-TEXT-150-ENT-1911,kinship,弟,弟,kinship_terms,0.8
CSQP-SFHC-TEXT-150,CSQP-SFHC-TEXT-150-ENT-1912,kinship,妻,妻,kinship_terms,0.8
CSQP-SFHC-TEXT-150,CSQP-SFHC-TEXT-150-ENT-1913,kinship,儿,儿,kinship_terms,0.8
CSQP-SFHC-TEXT-150,CSQP-SFHC-TEXT-150-ENT-1914,date,六月初六日、七月廿日（1950）,六月初六日、七月廿日（1950）,date_text,0.75
CSQP-SFHC-TEXT-150,CSQP-SFHC-TEXT-150-ENT-1915,date,1950,1950,year_raw,0.75
CSQP-SFHC-TEXT-150,CSQP-SFHC-TEXT-150-ENT-1916,style_formula,须,须,instruction_formulae,0.7
CSQP-SFHC-TEXT-150,CSQP-SFHC-TEXT-150-ENT-1917,style_formula,不可,不可,instruction_formulae,0.7
CSQP-SFHC-TEXT-151,CSQP-SFHC-TEXT-151-ENT-1918,person,（约1950）［叻宋树钊］,（约1950）［叻宋树钊］,sender,0.85
CSQP-SFHC-TEXT-151,CSQP-SFHC-TEXT-151-ENT-1919,person,［澄邑下蓬］英弟,英弟,recipient,0.85
CSQP-SFHC-TEXT-151,CSQP-SFHC-TEXT-151-ENT-1920,kinship,兄,兄,kinship_terms,0.8
CSQP-SFHC-TEXT-151,CSQP-SFHC-TEXT-151-ENT-1921,kinship,弟,弟,kinship_terms,0.8
CSQP-SFHC-TEXT-151,CSQP-SFHC-TEXT-151-ENT-1922,style_formula,须,须,instruction_formulae,0.7
CSQP-SFHC-TEXT-151,CSQP-SFHC-TEXT-151-ENT-1923,style_formula,不可,不可,instruction_formulae,0.7
CSQP-SFHC-TEXT-152,CSQP-SFHC-TEXT-152-ENT-1924,person,叻廖仕禄,廖仕禄,sender,0.85
CSQP-SFHC-TEXT-152,CSQP-SFHC-TEXT-152-ENT-1925,person,潮安大寨家慈亲大人,慈亲,recipient,0.85
CSQP-SFHC-TEXT-152,CSQP-SFHC-TEXT-152-ENT-1926,kinship,慈亲,慈亲,kinship_terms,0.8
CSQP-SFHC-TEXT-152,CSQP-SFHC-TEXT-152-ENT-1927,kinship,儿,儿,kinship_terms,0.8
CSQP-SFHC-TEXT-152,CSQP-SFHC-TEXT-152-ENT-1928,kinship,媳,媳,kinship_terms,0.8
CSQP-SFHC-TEXT-152,CSQP-SFHC-TEXT-152-ENT-1929,date,六月十一日,六月十一日,date_text,0.75
CSQP-SFHC-TEXT-152,CSQP-SFHC-TEXT-152-ENT-1930,date,"叻儿仕禄谨禀
六月十一日","叻儿仕禄谨禀
六月十一日",written_date_text,0.75
CSQP-SFHC-TEXT-152,CSQP-SFHC-TEXT-152-ENT-1931,date,1950,1950,year_raw,0.75
CSQP-SFHC-TEXT-152,CSQP-SFHC-TEXT-152-ENT-1932,style_formula,尊前,尊前,common_formulae,0.7
CSQP-SFHC-TEXT-152,CSQP-SFHC-TEXT-152-ENT-1933,style_formula,谨禀,谨禀,common_formulae,0.7
CSQP-SFHC-TEXT-152,CSQP-SFHC-TEXT-152-ENT-1934,style_formula,福安,福安,common_formulae,0.7
CSQP-SFHC-TEXT-152,CSQP-SFHC-TEXT-152-ENT-1935,style_formula,奉上,奉上,remittance_formulae,0.7
CSQP-SFHC-TEXT-153,CSQP-SFHC-TEXT-153-ENT-1936,person,麻坡郑裕潮,麻坡郑裕潮,sender,0.85
CSQP-SFHC-TEXT-153,CSQP-SFHC-TEXT-153-ENT-1937,person,潮安县南桂乡家慈亲大人,慈亲,recipient,0.85
CSQP-SFHC-TEXT-153,CSQP-SFHC-TEXT-153-ENT-1938,kinship,慈亲,慈亲,kinship_terms,0.8
CSQP-SFHC-TEXT-153,CSQP-SFHC-TEXT-153-ENT-1939,kinship,祖母,祖母,kinship_terms,0.8
CSQP-SFHC-TEXT-153,CSQP-SFHC-TEXT-153-ENT-1940,kinship,外祖母,外祖母,kinship_terms,0.8
CSQP-SFHC-TEXT-153,CSQP-SFHC-TEXT-153-ENT-1941,kinship,男,男,kinship_terms,0.8
CSQP-SFHC-TEXT-153,CSQP-SFHC-TEXT-153-ENT-1942,date,阴历七月廿六日,阴历七月廿六日,date_text,0.75
CSQP-SFHC-TEXT-153,CSQP-SFHC-TEXT-153-ENT-1943,date,"男郑裕潮谨上
阴历七月廿六日","男郑裕潮谨上
阴历七月廿六日",written_date_text,0.75
CSQP-SFHC-TEXT-153,CSQP-SFHC-TEXT-153-ENT-1944,date,1950,1950,year_raw,0.75
CSQP-SFHC-TEXT-153,CSQP-SFHC-TEXT-153-ENT-1945,style_formula,敬禀者,敬禀者,common_formulae,0.7
CSQP-SFHC-TEXT-153,CSQP-SFHC-TEXT-153-ENT-1946,style_formula,膝下,膝下,common_formulae,0.7
CSQP-SFHC-TEXT-153,CSQP-SFHC-TEXT-153-ENT-1947,style_formula,尊前,尊前,common_formulae,0.7
CSQP-SFHC-TEXT-153,CSQP-SFHC-TEXT-153-ENT-1948,style_formula,祈查收,祈查收,common_formulae,0.7
CSQP-SFHC-TEXT-153,CSQP-SFHC-TEXT-153-ENT-1949,style_formula,至祈查收,至祈查收,common_formulae,0.7
CSQP-SFHC-TEXT-153,CSQP-SFHC-TEXT-153-ENT-1950,style_formula,查收,查收,common_formulae,0.7
CSQP-SFHC-TEXT-153,CSQP-SFHC-TEXT-153-ENT-1951,style_formula,金安,金安,common_formulae,0.7
CSQP-SFHC-TEXT-153,CSQP-SFHC-TEXT-153-ENT-1952,style_formula,奉上,奉上,remittance_formulae,0.7
CSQP-SFHC-TEXT-153,CSQP-SFHC-TEXT-153-ENT-1953,style_formula,查收,查收,remittance_formulae,0.7
CSQP-SFHC-TEXT-153,CSQP-SFHC-TEXT-153-ENT-1954,style_formula,起居,起居,safety_formulae,0.7
CSQP-SFHC-TEXT-154,CSQP-SFHC-TEXT-154-ENT-1955,person,外洋黄居禧,黄居禧,sender,0.85
CSQP-SFHC-TEXT-154,CSQP-SFHC-TEXT-154-ENT-1956,person,潮汕岳母大人,岳母,recipient,0.85
CSQP-SFHC-TEXT-154,CSQP-SFHC-TEXT-154-ENT-1957,kinship,岳母,岳母,kinship_terms,0.8
CSQP-SFHC-TEXT-154,CSQP-SFHC-TEXT-154-ENT-1958,kinship,弟,弟,kinship_terms,0.8
CSQP-SFHC-TEXT-154,CSQP-SFHC-TEXT-154-ENT-1959,kinship,儿,儿,kinship_terms,0.8
CSQP-SFHC-TEXT-154,CSQP-SFHC-TEXT-154-ENT-1960,kinship,叔,叔,kinship_terms,0.8
CSQP-SFHC-TEXT-154,CSQP-SFHC-TEXT-154-ENT-1961,date,庚年（1950）十一月初四日,庚年（1950）十一月初四日,date_text,0.75
CSQP-SFHC-TEXT-154,CSQP-SFHC-TEXT-154-ENT-1962,date,"婿黄居禧谨上
庚年十一月初四日","婿黄居禧谨上
庚年十一月初四日",written_date_text,0.75
CSQP-SFHC-TEXT-154,CSQP-SFHC-TEXT-154-ENT-1963,date,1950,1950,year_raw,0.75
CSQP-SFHC-TEXT-154,CSQP-SFHC-TEXT-154-ENT-1964,style_formula,查收,查收,common_formulae,0.7
CSQP-SFHC-TEXT-154,CSQP-SFHC-TEXT-154-ENT-1965,style_formula,查收,查收,remittance_formulae,0.7
CSQP-SFHC-TEXT-154,CSQP-SFHC-TEXT-154-ENT-1966,style_formula,无恙,无恙,safety_formulae,0.7
CSQP-SFHC-TEXT-154,CSQP-SFHC-TEXT-154-ENT-1967,style_formula,起居,起居,safety_formulae,0.7
CSQP-SFHC-TEXT-155,CSQP-SFHC-TEXT-155-ENT-1968,person,外洋姆,外洋姆,sender,0.85
CSQP-SFHC-TEXT-155,CSQP-SFHC-TEXT-155-ENT-1969,person,潮汕二婶,二婶,recipient,0.85
CSQP-SFHC-TEXT-155,CSQP-SFHC-TEXT-155-ENT-1970,kinship,儿,儿,kinship_terms,0.8
CSQP-SFHC-TEXT-155,CSQP-SFHC-TEXT-155-ENT-1971,kinship,男,男,kinship_terms,0.8
CSQP-SFHC-TEXT-155,CSQP-SFHC-TEXT-155-ENT-1972,kinship,侄,侄,kinship_terms,0.8
CSQP-SFHC-TEXT-155,CSQP-SFHC-TEXT-155-ENT-1973,kinship,媳,媳,kinship_terms,0.8
CSQP-SFHC-TEXT-155,CSQP-SFHC-TEXT-155-ENT-1974,kinship,媳妇,媳妇,kinship_terms,0.8
CSQP-SFHC-TEXT-155,CSQP-SFHC-TEXT-155-ENT-1975,kinship,婶,婶,kinship_terms,0.8
CSQP-SFHC-TEXT-155,CSQP-SFHC-TEXT-155-ENT-1976,kinship,姑,姑,kinship_terms,0.8
CSQP-SFHC-TEXT-155,CSQP-SFHC-TEXT-155-ENT-1977,date,庚年（1950）十一月初八日,庚年（1950）十一月初八日,date_text,0.75
CSQP-SFHC-TEXT-155,CSQP-SFHC-TEXT-155-ENT-1978,date,1950,1950,year_raw,0.75
CSQP-SFHC-TEXT-155,CSQP-SFHC-TEXT-155-ENT-1979,style_formula,祈查收,祈查收,common_formulae,0.7
CSQP-SFHC-TEXT-155,CSQP-SFHC-TEXT-155-ENT-1980,style_formula,查收,查收,common_formulae,0.7
CSQP-SFHC-TEXT-155,CSQP-SFHC-TEXT-155-ENT-1981,style_formula,查收,查收,remittance_formulae,0.7
CSQP-SFHC-TEXT-155,CSQP-SFHC-TEXT-155-ENT-1982,style_formula,平安,平安,safety_formulae,0.7
CSQP-SFHC-TEXT-155,CSQP-SFHC-TEXT-155-ENT-1983,style_formula,须,须,instruction_formulae,0.7
CSQP-SFHC-TEXT-155,CSQP-SFHC-TEXT-155-ENT-1984,style_formula,祈为,祈为,instruction_formulae,0.7
CSQP-SFHC-TEXT-156,CSQP-SFHC-TEXT-156-ENT-1985,person,柔佛吴正标,柔佛吴正标,sender,0.85
CSQP-SFHC-TEXT-156,CSQP-SFHC-TEXT-156-ENT-1986,person,潮安鹳巢乡李再赐先生,鹳巢乡李再赐,recipient,0.85
CSQP-SFHC-TEXT-156,CSQP-SFHC-TEXT-156-ENT-1987,kinship,兄,兄,kinship_terms,0.8
CSQP-SFHC-TEXT-156,CSQP-SFHC-TEXT-156-ENT-1988,kinship,儿,儿,kinship_terms,0.8
CSQP-SFHC-TEXT-156,CSQP-SFHC-TEXT-156-ENT-1989,kinship,侄,侄,kinship_terms,0.8
CSQP-SFHC-TEXT-156,CSQP-SFHC-TEXT-156-ENT-1990,kinship,妹,妹,kinship_terms,0.8
CSQP-SFHC-TEXT-156,CSQP-SFHC-TEXT-156-ENT-1991,kinship,姑,姑,kinship_terms,0.8
CSQP-SFHC-TEXT-156,CSQP-SFHC-TEXT-156-ENT-1992,kinship,妗,妗,kinship_terms,0.8
CSQP-SFHC-TEXT-156,CSQP-SFHC-TEXT-156-ENT-1993,date,庚十二月初九日,庚十二月初九日,date_text,0.75
CSQP-SFHC-TEXT-156,CSQP-SFHC-TEXT-156-ENT-1994,date,庚十二月初九日 愚吴正标缄,庚十二月初九日 愚吴正标缄,written_date_text,0.75
CSQP-SFHC-TEXT-156,CSQP-SFHC-TEXT-156-ENT-1995,date,1951,1951,year_raw,0.75
CSQP-SFHC-TEXT-156,CSQP-SFHC-TEXT-156-ENT-1996,style_formula,平安,平安,safety_formulae,0.7
CSQP-SFHC-TEXT-156,CSQP-SFHC-TEXT-156-ENT-1997,style_formula,祈为,祈为,instruction_formulae,0.7
CSQP-SFHC-TEXT-157,CSQP-SFHC-TEXT-157-ENT-1998,person,叻宋树钊,宋树钊,sender,0.85
CSQP-SFHC-TEXT-157,CSQP-SFHC-TEXT-157-ENT-1999,person,汀邑下蓬家慈亲大人,慈亲,recipient,0.85
CSQP-SFHC-TEXT-157,CSQP-SFHC-TEXT-157-ENT-2000,kinship,慈亲,慈亲,kinship_terms,0.8
CSQP-SFHC-TEXT-157,CSQP-SFHC-TEXT-157-ENT-2001,kinship,男,男,kinship_terms,0.8
CSQP-SFHC-TEXT-157,CSQP-SFHC-TEXT-157-ENT-2002,date,三月十二日，二月初五日,三月十二日，二月初五日,date_text,0.75
CSQP-SFHC-TEXT-157,CSQP-SFHC-TEXT-157-ENT-2003,date,"男树钊禀
三月十二日，二月初五日","男树钊禀
三月十二日，二月初五日",written_date_text,0.75
CSQP-SFHC-TEXT-157,CSQP-SFHC-TEXT-157-ENT-2004,date,1951,1951,year_raw,0.75
CSQP-SFHC-TEXT-157,CSQP-SFHC-TEXT-157-ENT-2005,style_formula,敬禀者,敬禀者,common_formulae,0.7
CSQP-SFHC-TEXT-157,CSQP-SFHC-TEXT-157-ENT-2006,style_formula,膝下,膝下,common_formulae,0.7
CSQP-SFHC-TEXT-157,CSQP-SFHC-TEXT-157-ENT-2007,style_formula,查收,查收,common_formulae,0.7
CSQP-SFHC-TEXT-157,CSQP-SFHC-TEXT-157-ENT-2008,style_formula,金安,金安,common_formulae,0.7
CSQP-SFHC-TEXT-157,CSQP-SFHC-TEXT-157-ENT-2009,style_formula,付去,付去,remittance_formulae,0.7
CSQP-SFHC-TEXT-157,CSQP-SFHC-TEXT-157-ENT-2010,style_formula,查收,查收,remittance_formulae,0.7
CSQP-SFHC-TEXT-157,CSQP-SFHC-TEXT-157-ENT-2011,style_formula,嘱,嘱,instruction_formulae,0.7
CSQP-SFHC-TEXT-157,CSQP-SFHC-TEXT-157-ENT-2012,style_formula,不可,不可,instruction_formulae,0.7
CSQP-SFHC-TEXT-158,CSQP-SFHC-TEXT-158-ENT-2013,person,外洋宝泉,宝泉,sender,0.85
CSQP-SFHC-TEXT-158,CSQP-SFHC-TEXT-158-ENT-2014,person,潮汕戊谦兄,戊谦兄,recipient,0.85
CSQP-SFHC-TEXT-158,CSQP-SFHC-TEXT-158-ENT-2015,kinship,兄,兄,kinship_terms,0.8
CSQP-SFHC-TEXT-158,CSQP-SFHC-TEXT-158-ENT-2016,kinship,弟,弟,kinship_terms,0.8
CSQP-SFHC-TEXT-158,CSQP-SFHC-TEXT-158-ENT-2017,date,一九五一四月六日,一九五一四月六日,date_text,0.75
CSQP-SFHC-TEXT-158,CSQP-SFHC-TEXT-158-ENT-2018,date,"弟宝泉上
一九五一四月六日","弟宝泉上
一九五一四月六日",written_date_text,0.75
CSQP-SFHC-TEXT-158,CSQP-SFHC-TEXT-158-ENT-2019,style_formula,查收,查收,common_formulae,0.7
CSQP-SFHC-TEXT-158,CSQP-SFHC-TEXT-158-ENT-2020,style_formula,查收,查收,remittance_formulae,0.7
CSQP-SFHC-TEXT-159,CSQP-SFHC-TEXT-159-ENT-2021,person,外洋强兴,强兴,sender,0.85
CSQP-SFHC-TEXT-159,CSQP-SFHC-TEXT-159-ENT-2022,person,潮汕御卿贤妻,御卿,recipient,0.85
CSQP-SFHC-TEXT-159,CSQP-SFHC-TEXT-159-ENT-2023,kinship,妻,妻,kinship_terms,0.8
CSQP-SFHC-TEXT-159,CSQP-SFHC-TEXT-159-ENT-2024,kinship,贤妻,贤妻,kinship_terms,0.8
CSQP-SFHC-TEXT-159,CSQP-SFHC-TEXT-159-ENT-2025,kinship,儿,儿,kinship_terms,0.8
CSQP-SFHC-TEXT-159,CSQP-SFHC-TEXT-159-ENT-2026,kinship,孙,孙,kinship_terms,0.8
CSQP-SFHC-TEXT-159,CSQP-SFHC-TEXT-159-ENT-2027,kinship,叔,叔,kinship_terms,0.8
CSQP-SFHC-TEXT-159,CSQP-SFHC-TEXT-159-ENT-2028,date,辛（1951）五月初三日,辛（1951）五月初三日,date_text,0.75
CSQP-SFHC-TEXT-159,CSQP-SFHC-TEXT-159-ENT-2029,date,"愚强兴手书
辛五月初三日","愚强兴手书
辛五月初三日",written_date_text,0.75
CSQP-SFHC-TEXT-159,CSQP-SFHC-TEXT-159-ENT-2030,date,1951,1951,year_raw,0.75
CSQP-SFHC-TEXT-159,CSQP-SFHC-TEXT-159-ENT-2031,style_formula,查收,查收,common_formulae,0.7
CSQP-SFHC-TEXT-159,CSQP-SFHC-TEXT-159-ENT-2032,style_formula,寄去,寄去,remittance_formulae,0.7
CSQP-SFHC-TEXT-159,CSQP-SFHC-TEXT-159-ENT-2033,style_formula,查收,查收,remittance_formulae,0.7
CSQP-SFHC-TEXT-159,CSQP-SFHC-TEXT-159-ENT-2034,style_formula,平安,平安,safety_formulae,0.7
CSQP-SFHC-TEXT-160,CSQP-SFHC-TEXT-160-ENT-2035,person,香高永绵,高永绵,sender,0.85
CSQP-SFHC-TEXT-160,CSQP-SFHC-TEXT-160-ENT-2036,person,澄海县上华区高永彭先生,县上华区高永彭,recipient,0.85
CSQP-SFHC-TEXT-160,CSQP-SFHC-TEXT-160-ENT-2037,kinship,母亲,母亲,kinship_terms,0.8
CSQP-SFHC-TEXT-160,CSQP-SFHC-TEXT-160-ENT-2038,kinship,父亲,父亲,kinship_terms,0.8
CSQP-SFHC-TEXT-160,CSQP-SFHC-TEXT-160-ENT-2039,kinship,祖母,祖母,kinship_terms,0.8
CSQP-SFHC-TEXT-160,CSQP-SFHC-TEXT-160-ENT-2040,kinship,外祖母,外祖母,kinship_terms,0.8
CSQP-SFHC-TEXT-160,CSQP-SFHC-TEXT-160-ENT-2041,kinship,弟,弟,kinship_terms,0.8
CSQP-SFHC-TEXT-160,CSQP-SFHC-TEXT-160-ENT-2042,kinship,男,男,kinship_terms,0.8
CSQP-SFHC-TEXT-160,CSQP-SFHC-TEXT-160-ENT-2043,kinship,妹,妹,kinship_terms,0.8
CSQP-SFHC-TEXT-160,CSQP-SFHC-TEXT-160-ENT-2044,kinship,姑,姑,kinship_terms,0.8
CSQP-SFHC-TEXT-160,CSQP-SFHC-TEXT-160-ENT-2045,date,辛十二月十九日,辛十二月十九日,date_text,0.75
CSQP-SFHC-TEXT-160,CSQP-SFHC-TEXT-160-ENT-2046,date,"男永绵谨禀
辛十二月十九日","男永绵谨禀
辛十二月十九日",written_date_text,0.75
CSQP-SFHC-TEXT-160,CSQP-SFHC-TEXT-160-ENT-2047,date,1952,1952,year_raw,0.75
CSQP-SFHC-TEXT-160,CSQP-SFHC-TEXT-160-ENT-2048,style_formula,敬禀者,敬禀者,common_formulae,0.7
CSQP-SFHC-TEXT-160,CSQP-SFHC-TEXT-160-ENT-2049,style_formula,膝下,膝下,common_formulae,0.7
CSQP-SFHC-TEXT-160,CSQP-SFHC-TEXT-160-ENT-2050,style_formula,谨禀,谨禀,common_formulae,0.7
CSQP-SFHC-TEXT-160,CSQP-SFHC-TEXT-160-ENT-2051,style_formula,福安,福安,common_formulae,0.7
CSQP-SFHC-TEXT-160,CSQP-SFHC-TEXT-160-ENT-2052,style_formula,奉上,奉上,remittance_formulae,0.7
CSQP-SFHC-TEXT-160,CSQP-SFHC-TEXT-160-ENT-2053,style_formula,须,须,instruction_formulae,0.7
CSQP-SFHC-TEXT-161,CSQP-SFHC-TEXT-161-ENT-2054,person,星宋璧初,星宋璧初,sender,0.85
CSQP-SFHC-TEXT-161,CSQP-SFHC-TEXT-161-ENT-2055,person,澄邑樟林宋南梅先生,樟林宋南梅,recipient,0.85
CSQP-SFHC-TEXT-161,CSQP-SFHC-TEXT-161-ENT-2056,kinship,慈亲,慈亲,kinship_terms,0.8
CSQP-SFHC-TEXT-161,CSQP-SFHC-TEXT-161-ENT-2057,kinship,母亲,母亲,kinship_terms,0.8
CSQP-SFHC-TEXT-161,CSQP-SFHC-TEXT-161-ENT-2058,kinship,弟,弟,kinship_terms,0.8
CSQP-SFHC-TEXT-161,CSQP-SFHC-TEXT-161-ENT-2059,kinship,儿,儿,kinship_terms,0.8
CSQP-SFHC-TEXT-161,CSQP-SFHC-TEXT-161-ENT-2060,kinship,侄,侄,kinship_terms,0.8
CSQP-SFHC-TEXT-161,CSQP-SFHC-TEXT-161-ENT-2061,date,壬六月十五日,壬六月十五日,date_text,0.75
CSQP-SFHC-TEXT-161,CSQP-SFHC-TEXT-161-ENT-2062,date,"儿宋璧初顿
壬六月十五日","儿宋璧初顿
壬六月十五日",written_date_text,0.75
CSQP-SFHC-TEXT-161,CSQP-SFHC-TEXT-161-ENT-2063,date,1952,1952,year_raw,0.75
CSQP-SFHC-TEXT-161,CSQP-SFHC-TEXT-161-ENT-2064,style_formula,敬禀者,敬禀者,common_formulae,0.7
CSQP-SFHC-TEXT-161,CSQP-SFHC-TEXT-161-ENT-2065,style_formula,膝下,膝下,common_formulae,0.7
CSQP-SFHC-TEXT-161,CSQP-SFHC-TEXT-161-ENT-2066,style_formula,尊前,尊前,common_formulae,0.7
CSQP-SFHC-TEXT-161,CSQP-SFHC-TEXT-161-ENT-2067,style_formula,查收,查收,common_formulae,0.7
CSQP-SFHC-TEXT-161,CSQP-SFHC-TEXT-161-ENT-2068,style_formula,福安,福安,common_formulae,0.7
CSQP-SFHC-TEXT-161,CSQP-SFHC-TEXT-161-ENT-2069,style_formula,奉上,奉上,remittance_formulae,0.7
CSQP-SFHC-TEXT-161,CSQP-SFHC-TEXT-161-ENT-2070,style_formula,查收,查收,remittance_formulae,0.7
CSQP-SFHC-TEXT-161,CSQP-SFHC-TEXT-161-ENT-2071,style_formula,平安,平安,safety_formulae,0.7
CSQP-SFHC-TEXT-162,CSQP-SFHC-TEXT-162-ENT-2072,person,叻坡陈镜梅,陈镜梅,sender,0.85
CSQP-SFHC-TEXT-162,CSQP-SFHC-TEXT-162-ENT-2073,person,潮汕妙姿姻姊、家国姻弟,妙姿姻姊、家国姻弟,recipient,0.85
CSQP-SFHC-TEXT-162,CSQP-SFHC-TEXT-162-ENT-2074,kinship,弟,弟,kinship_terms,0.8
CSQP-SFHC-TEXT-162,CSQP-SFHC-TEXT-162-ENT-2075,kinship,儿,儿,kinship_terms,0.8
CSQP-SFHC-TEXT-162,CSQP-SFHC-TEXT-162-ENT-2076,kinship,姊,姊,kinship_terms,0.8
CSQP-SFHC-TEXT-162,CSQP-SFHC-TEXT-162-ENT-2077,date,一九五三年元月廿八日,一九五三年元月廿八日,date_text,0.75
CSQP-SFHC-TEXT-162,CSQP-SFHC-TEXT-162-ENT-2078,date,"叻坡陈镜海泐
一九五三年元月廿八日","叻坡陈镜海泐
一九五三年元月廿八日",written_date_text,0.75
CSQP-SFHC-TEXT-162,CSQP-SFHC-TEXT-162-ENT-2079,style_formula,查收,查收,common_formulae,0.7
CSQP-SFHC-TEXT-162,CSQP-SFHC-TEXT-162-ENT-2080,style_formula,容后,容后,common_formulae,0.7
CSQP-SFHC-TEXT-162,CSQP-SFHC-TEXT-162-ENT-2081,style_formula,寄上,寄上,remittance_formulae,0.7
CSQP-SFHC-TEXT-162,CSQP-SFHC-TEXT-162-ENT-2082,style_formula,汇上,汇上,remittance_formulae,0.7
CSQP-SFHC-TEXT-162,CSQP-SFHC-TEXT-162-ENT-2083,style_formula,查收,查收,remittance_formulae,0.7
CSQP-SFHC-TEXT-162,CSQP-SFHC-TEXT-162-ENT-2084,style_formula,平安,平安,safety_formulae,0.7
CSQP-SFHC-TEXT-163,CSQP-SFHC-TEXT-163-ENT-2085,person,越姚丁南,姚丁南,sender,0.85
CSQP-SFHC-TEXT-163,CSQP-SFHC-TEXT-163-ENT-2086,person,潮安南桂区家慈亲大人,慈亲,recipient,0.85
CSQP-SFHC-TEXT-163,CSQP-SFHC-TEXT-163-ENT-2087,kinship,慈亲,慈亲,kinship_terms,0.8
CSQP-SFHC-TEXT-163,CSQP-SFHC-TEXT-163-ENT-2088,kinship,儿,儿,kinship_terms,0.8
CSQP-SFHC-TEXT-163,CSQP-SFHC-TEXT-163-ENT-2089,date,癸三月初七日,癸三月初七日,date_text,0.75
CSQP-SFHC-TEXT-163,CSQP-SFHC-TEXT-163-ENT-2090,date,"儿丁南谨上
癸三月初七日","儿丁南谨上
癸三月初七日",written_date_text,0.75
CSQP-SFHC-TEXT-163,CSQP-SFHC-TEXT-163-ENT-2091,date,1953,1953,year_raw,0.75
CSQP-SFHC-TEXT-163,CSQP-SFHC-TEXT-163-ENT-2092,style_formula,敬禀者,敬禀者,common_formulae,0.7
CSQP-SFHC-TEXT-163,CSQP-SFHC-TEXT-163-ENT-2093,style_formula,膝下,膝下,common_formulae,0.7
CSQP-SFHC-TEXT-163,CSQP-SFHC-TEXT-163-ENT-2094,style_formula,查收,查收,common_formulae,0.7
CSQP-SFHC-TEXT-163,CSQP-SFHC-TEXT-163-ENT-2095,style_formula,福安,福安,common_formulae,0.7
CSQP-SFHC-TEXT-163,CSQP-SFHC-TEXT-163-ENT-2096,style_formula,查收,查收,remittance_formulae,0.7
CSQP-SFHC-TEXT-163,CSQP-SFHC-TEXT-163-ENT-2097,style_formula,嘱,嘱,instruction_formulae,0.7
CSQP-SFHC-TEXT-164,CSQP-SFHC-TEXT-164-ENT-2098,person,叻坡陈镜梅,陈镜梅,sender,0.85
CSQP-SFHC-TEXT-164,CSQP-SFHC-TEXT-164-ENT-2099,person,潮汕家国姻弟、妙姿姻姊,家国姻弟、妙姿姻姊,recipient,0.85
CSQP-SFHC-TEXT-164,CSQP-SFHC-TEXT-164-ENT-2100,kinship,弟,弟,kinship_terms,0.8
CSQP-SFHC-TEXT-164,CSQP-SFHC-TEXT-164-ENT-2101,kinship,儿,儿,kinship_terms,0.8
CSQP-SFHC-TEXT-164,CSQP-SFHC-TEXT-164-ENT-2102,kinship,姊,姊,kinship_terms,0.8
CSQP-SFHC-TEXT-164,CSQP-SFHC-TEXT-164-ENT-2103,date,一九五三年三月初九日,一九五三年三月初九日,date_text,0.75
CSQP-SFHC-TEXT-164,CSQP-SFHC-TEXT-164-ENT-2104,date,一九五三年三月初九日 叻坡陈镜海泐,一九五三年三月初九日 叻坡陈镜海泐,written_date_text,0.75
CSQP-SFHC-TEXT-164,CSQP-SFHC-TEXT-164-ENT-2105,style_formula,查收,查收,common_formulae,0.7
CSQP-SFHC-TEXT-164,CSQP-SFHC-TEXT-164-ENT-2106,style_formula,寄上,寄上,remittance_formulae,0.7
CSQP-SFHC-TEXT-164,CSQP-SFHC-TEXT-164-ENT-2107,style_formula,查收,查收,remittance_formulae,0.7
CSQP-SFHC-TEXT-165,CSQP-SFHC-TEXT-165-ENT-2108,person,外洋攀河,攀河,sender,0.85
CSQP-SFHC-TEXT-165,CSQP-SFHC-TEXT-165-ENT-2109,person,潮汕慈亲大人,慈亲,recipient,0.85
CSQP-SFHC-TEXT-165,CSQP-SFHC-TEXT-165-ENT-2110,kinship,慈亲,慈亲,kinship_terms,0.8
CSQP-SFHC-TEXT-165,CSQP-SFHC-TEXT-165-ENT-2111,kinship,弟,弟,kinship_terms,0.8
CSQP-SFHC-TEXT-165,CSQP-SFHC-TEXT-165-ENT-2112,kinship,儿,儿,kinship_terms,0.8
CSQP-SFHC-TEXT-165,CSQP-SFHC-TEXT-165-ENT-2113,date,一九五三年十二月廿九日,一九五三年十二月廿九日,date_text,0.75
CSQP-SFHC-TEXT-165,CSQP-SFHC-TEXT-165-ENT-2114,style_formula,膝下,膝下,common_formulae,0.7
CSQP-SFHC-TEXT-165,CSQP-SFHC-TEXT-165-ENT-2115,style_formula,谨禀,谨禀,common_formulae,0.7
CSQP-SFHC-TEXT-165,CSQP-SFHC-TEXT-165-ENT-2116,style_formula,金安,金安,common_formulae,0.7
CSQP-SFHC-TEXT-165,CSQP-SFHC-TEXT-165-ENT-2117,style_formula,奉上,奉上,remittance_formulae,0.7
CSQP-SFHC-TEXT-166,CSQP-SFHC-TEXT-166-ENT-2118,person,叻陈禅兰,陈禅兰,sender,0.85
CSQP-SFHC-TEXT-166,CSQP-SFHC-TEXT-166-ENT-2119,person,潮安秋溪陈炎梅先生,秋溪陈炎梅,recipient,0.85
CSQP-SFHC-TEXT-166,CSQP-SFHC-TEXT-166-ENT-2120,kinship,弟,弟,kinship_terms,0.8
CSQP-SFHC-TEXT-166,CSQP-SFHC-TEXT-166-ENT-2121,kinship,姐,姐,kinship_terms,0.8
CSQP-SFHC-TEXT-166,CSQP-SFHC-TEXT-166-ENT-2122,date,一九五四年元月十五日,一九五四年元月十五日,date_text,0.75
CSQP-SFHC-TEXT-166,CSQP-SFHC-TEXT-166-ENT-2123,date,公元一九五四年元月十五日 叻愚姐陈禅兰托,公元一九五四年元月十五日 叻愚姐陈禅兰托,written_date_text,0.75
CSQP-SFHC-TEXT-166,CSQP-SFHC-TEXT-166-ENT-2124,style_formula,查收,查收,common_formulae,0.7
CSQP-SFHC-TEXT-166,CSQP-SFHC-TEXT-166-ENT-2125,style_formula,查收,查收,remittance_formulae,0.7
CSQP-SFHC-TEXT-167,CSQP-SFHC-TEXT-167-ENT-2126,person,叻廖仕泉,廖仕泉,sender,0.85
CSQP-SFHC-TEXT-167,CSQP-SFHC-TEXT-167-ENT-2127,person,潮安第七区家慈亲大人,慈亲,recipient,0.85
CSQP-SFHC-TEXT-167,CSQP-SFHC-TEXT-167-ENT-2128,kinship,慈亲,慈亲,kinship_terms,0.8
CSQP-SFHC-TEXT-167,CSQP-SFHC-TEXT-167-ENT-2129,kinship,儿,儿,kinship_terms,0.8
CSQP-SFHC-TEXT-167,CSQP-SFHC-TEXT-167-ENT-2130,date,一九五四年二月初六日,一九五四年二月初六日,date_text,0.75
CSQP-SFHC-TEXT-167,CSQP-SFHC-TEXT-167-ENT-2131,date,"儿仕泉上
五四，二月初六日","儿仕泉上
五四，二月初六日",written_date_text,0.75
CSQP-SFHC-TEXT-167,CSQP-SFHC-TEXT-167-ENT-2132,style_formula,膝下,膝下,common_formulae,0.7
CSQP-SFHC-TEXT-167,CSQP-SFHC-TEXT-167-ENT-2133,style_formula,尊前,尊前,common_formulae,0.7
CSQP-SFHC-TEXT-167,CSQP-SFHC-TEXT-167-ENT-2134,style_formula,容后,容后,common_formulae,0.7
CSQP-SFHC-TEXT-167,CSQP-SFHC-TEXT-167-ENT-2135,style_formula,寄去,寄去,remittance_formulae,0.7
CSQP-SFHC-TEXT-168,CSQP-SFHC-TEXT-168-ENT-2136,person,叻张乾兴,张乾兴,sender,0.85
CSQP-SFHC-TEXT-168,CSQP-SFHC-TEXT-168-ENT-2137,person,潮安西洋乡张君远吾儿,张君远,recipient,0.85
CSQP-SFHC-TEXT-168,CSQP-SFHC-TEXT-168-ENT-2138,kinship,儿,儿,kinship_terms,0.8
CSQP-SFHC-TEXT-168,CSQP-SFHC-TEXT-168-ENT-2139,kinship,姑,姑,kinship_terms,0.8
CSQP-SFHC-TEXT-168,CSQP-SFHC-TEXT-168-ENT-2140,date,一九五四年十一月十日,一九五四年十一月十日,date_text,0.75
CSQP-SFHC-TEXT-168,CSQP-SFHC-TEXT-168-ENT-2141,date,张乾兴上,张乾兴上,written_date_text,0.75
CSQP-SFHC-TEXT-168,CSQP-SFHC-TEXT-168-ENT-2142,style_formula,查收,查收,common_formulae,0.7
CSQP-SFHC-TEXT-168,CSQP-SFHC-TEXT-168-ENT-2143,style_formula,不一,不一,common_formulae,0.7
CSQP-SFHC-TEXT-168,CSQP-SFHC-TEXT-168-ENT-2144,style_formula,付去,付去,remittance_formulae,0.7
CSQP-SFHC-TEXT-168,CSQP-SFHC-TEXT-168-ENT-2145,style_formula,查收,查收,remittance_formulae,0.7
CSQP-SFHC-TEXT-169,CSQP-SFHC-TEXT-169-ENT-2146,person,外洋锦邓寄潮汕锦娥吾姊；甲午年（1955）完月（十二月）十八日，外洋瑞香,锦邓寄潮汕锦娥吾姊；甲午年完月十八日，外洋瑞香,sender,0.85
CSQP-SFHC-TEXT-169,CSQP-SFHC-TEXT-169-ENT-2147,person,潮汕姑母大人,姑母,recipient,0.85
CSQP-SFHC-TEXT-169,CSQP-SFHC-TEXT-169-ENT-2148,kinship,祖母,祖母,kinship_terms,0.8
CSQP-SFHC-TEXT-169,CSQP-SFHC-TEXT-169-ENT-2149,kinship,弟,弟,kinship_terms,0.8
CSQP-SFHC-TEXT-169,CSQP-SFHC-TEXT-169-ENT-2150,kinship,儿,儿,kinship_terms,0.8
CSQP-SFHC-TEXT-169,CSQP-SFHC-TEXT-169-ENT-2151,kinship,男,男,kinship_terms,0.8
CSQP-SFHC-TEXT-169,CSQP-SFHC-TEXT-169-ENT-2152,kinship,侄,侄,kinship_terms,0.8
CSQP-SFHC-TEXT-169,CSQP-SFHC-TEXT-169-ENT-2153,kinship,姊,姊,kinship_terms,0.8
CSQP-SFHC-TEXT-169,CSQP-SFHC-TEXT-169-ENT-2154,kinship,姐,姐,kinship_terms,0.8
CSQP-SFHC-TEXT-169,CSQP-SFHC-TEXT-169-ENT-2155,kinship,姑,姑,kinship_terms,0.8
CSQP-SFHC-TEXT-169,CSQP-SFHC-TEXT-169-ENT-2156,date,旧完月（十二月）十八日（1955）,旧完月（十二月）十八日（1955）,date_text,0.75
CSQP-SFHC-TEXT-169,CSQP-SFHC-TEXT-169-ENT-2157,date,"侄女瑞香上言
甲午年完月十八日","侄女瑞香上言
甲午年完月十八日",written_date_text,0.75
CSQP-SFHC-TEXT-169,CSQP-SFHC-TEXT-169-ENT-2158,date,1955,1955,year_raw,0.75
CSQP-SFHC-TEXT-169,CSQP-SFHC-TEXT-169-ENT-2159,style_formula,尊前,尊前,common_formulae,0.7
CSQP-SFHC-TEXT-169,CSQP-SFHC-TEXT-169-ENT-2160,style_formula,福安,福安,common_formulae,0.7
CSQP-SFHC-TEXT-169,CSQP-SFHC-TEXT-169-ENT-2161,style_formula,容后,容后,common_formulae,0.7
CSQP-SFHC-TEXT-169,CSQP-SFHC-TEXT-169-ENT-2162,style_formula,平安,平安,safety_formulae,0.7
CSQP-SFHC-TEXT-170,CSQP-SFHC-TEXT-170-ENT-2163,person,外洋木辉,木辉,sender,0.85
CSQP-SFHC-TEXT-170,CSQP-SFHC-TEXT-170-ENT-2164,person,潮汕慈亲大人,慈亲,recipient,0.85
CSQP-SFHC-TEXT-170,CSQP-SFHC-TEXT-170-ENT-2165,kinship,慈亲,慈亲,kinship_terms,0.8
CSQP-SFHC-TEXT-170,CSQP-SFHC-TEXT-170-ENT-2166,kinship,儿,儿,kinship_terms,0.8
CSQP-SFHC-TEXT-170,CSQP-SFHC-TEXT-170-ENT-2167,date,55年5月1日,55年5月1日,date_text,0.75
CSQP-SFHC-TEXT-170,CSQP-SFHC-TEXT-170-ENT-2168,style_formula,敬禀者,敬禀者,common_formulae,0.7
CSQP-SFHC-TEXT-170,CSQP-SFHC-TEXT-170-ENT-2169,style_formula,尊前,尊前,common_formulae,0.7
CSQP-SFHC-TEXT-170,CSQP-SFHC-TEXT-170-ENT-2170,style_formula,查收,查收,common_formulae,0.7
CSQP-SFHC-TEXT-170,CSQP-SFHC-TEXT-170-ENT-2171,style_formula,福安,福安,common_formulae,0.7
CSQP-SFHC-TEXT-170,CSQP-SFHC-TEXT-170-ENT-2172,style_formula,查收,查收,remittance_formulae,0.7
CSQP-SFHC-TEXT-171,CSQP-SFHC-TEXT-171-ENT-2173,person,外洋御泰,御泰,sender,0.85
CSQP-SFHC-TEXT-171,CSQP-SFHC-TEXT-171-ENT-2174,person,潮汕岳母大人,岳母,recipient,0.85
CSQP-SFHC-TEXT-171,CSQP-SFHC-TEXT-171-ENT-2175,kinship,岳母,岳母,kinship_terms,0.8
CSQP-SFHC-TEXT-171,CSQP-SFHC-TEXT-171-ENT-2176,date,一九五五年十二月十四日,一九五五年十二月十四日,date_text,0.75
CSQP-SFHC-TEXT-171,CSQP-SFHC-TEXT-171-ENT-2177,date,"婚御泰叩禀
一九五五年十二月十四日","婚御泰叩禀
一九五五年十二月十四日",written_date_text,0.75
CSQP-SFHC-TEXT-171,CSQP-SFHC-TEXT-171-ENT-2178,style_formula,敬禀者,敬禀者,common_formulae,0.7
CSQP-SFHC-TEXT-171,CSQP-SFHC-TEXT-171-ENT-2179,style_formula,膝下,膝下,common_formulae,0.7
CSQP-SFHC-TEXT-171,CSQP-SFHC-TEXT-171-ENT-2180,style_formula,查收,查收,common_formulae,0.7
CSQP-SFHC-TEXT-171,CSQP-SFHC-TEXT-171-ENT-2181,style_formula,金安,金安,common_formulae,0.7
CSQP-SFHC-TEXT-171,CSQP-SFHC-TEXT-171-ENT-2182,style_formula,奉上,奉上,remittance_formulae,0.7
CSQP-SFHC-TEXT-171,CSQP-SFHC-TEXT-171-ENT-2183,style_formula,查收,查收,remittance_formulae,0.7
CSQP-SFHC-TEXT-171,CSQP-SFHC-TEXT-171-ENT-2184,style_formula,平安,平安,safety_formulae,0.7
CSQP-SFHC-TEXT-171,CSQP-SFHC-TEXT-171-ENT-2185,style_formula,须,须,instruction_formulae,0.7
CSQP-SFHC-TEXT-172,CSQP-SFHC-TEXT-172-ENT-2186,person,外洋潘贤伟,潘贤伟,sender,0.85
CSQP-SFHC-TEXT-172,CSQP-SFHC-TEXT-172-ENT-2187,person,潮汕树荣,树荣,recipient,0.85
CSQP-SFHC-TEXT-172,CSQP-SFHC-TEXT-172-ENT-2188,kinship,嫂,嫂,kinship_terms,0.8
CSQP-SFHC-TEXT-172,CSQP-SFHC-TEXT-172-ENT-2189,kinship,兄,兄,kinship_terms,0.8
CSQP-SFHC-TEXT-172,CSQP-SFHC-TEXT-172-ENT-2190,kinship,弟,弟,kinship_terms,0.8
CSQP-SFHC-TEXT-172,CSQP-SFHC-TEXT-172-ENT-2191,date,一九五六年元月廿四日,一九五六年元月廿四日,date_text,0.75
CSQP-SFHC-TEXT-172,CSQP-SFHC-TEXT-172-ENT-2192,date,"弟潘贤伟顿
一九五六年元月廿四日","弟潘贤伟顿
一九五六年元月廿四日",written_date_text,0.75
CSQP-SFHC-TEXT-172,CSQP-SFHC-TEXT-172-ENT-2193,style_formula,寄上,寄上,remittance_formulae,0.7
CSQP-SFHC-TEXT-172,CSQP-SFHC-TEXT-172-ENT-2194,style_formula,平安,平安,safety_formulae,0.7
CSQP-SFHC-TEXT-172,CSQP-SFHC-TEXT-172-ENT-2195,style_formula,起居,起居,safety_formulae,0.7
CSQP-SFHC-TEXT-173,CSQP-SFHC-TEXT-173-ENT-2196,person,叻谢琴音,谢琴音,sender,0.85
CSQP-SFHC-TEXT-173,CSQP-SFHC-TEXT-173-ENT-2197,person,潮安鹳巢乡李再赐先生,鹳巢乡李再赐,recipient,0.85
CSQP-SFHC-TEXT-173,CSQP-SFHC-TEXT-173-ENT-2198,kinship,妹,妹,kinship_terms,0.8
CSQP-SFHC-TEXT-173,CSQP-SFHC-TEXT-173-ENT-2199,date,一九五六年四月廿八日,一九五六年四月廿八日,date_text,0.75
CSQP-SFHC-TEXT-173,CSQP-SFHC-TEXT-173-ENT-2200,date,妹谢琴音敬上,妹谢琴音敬上,written_date_text,0.75
CSQP-SFHC-TEXT-173,CSQP-SFHC-TEXT-173-ENT-2201,style_formula,平安,平安,safety_formulae,0.7
CSQP-SFHC-TEXT-174,CSQP-SFHC-TEXT-174-ENT-2202,person,外洋正贤、遂心,正贤、遂心,sender,0.85
CSQP-SFHC-TEXT-174,CSQP-SFHC-TEXT-174-ENT-2203,person,潮汕岳母大人,岳母,recipient,0.85
CSQP-SFHC-TEXT-174,CSQP-SFHC-TEXT-174-ENT-2204,kinship,母亲,母亲,kinship_terms,0.8
CSQP-SFHC-TEXT-174,CSQP-SFHC-TEXT-174-ENT-2205,kinship,岳母,岳母,kinship_terms,0.8
CSQP-SFHC-TEXT-174,CSQP-SFHC-TEXT-174-ENT-2206,date,1957年7月28日,1957年7月28日,date_text,0.75
CSQP-SFHC-TEXT-174,CSQP-SFHC-TEXT-174-ENT-2207,date,婚正贤、女遂芯合禀,婚正贤、女遂芯合禀,written_date_text,0.75
CSQP-SFHC-TEXT-174,CSQP-SFHC-TEXT-174-ENT-2208,date,1957,1957,year_raw,0.75
CSQP-SFHC-TEXT-174,CSQP-SFHC-TEXT-174-ENT-2209,style_formula,尊前,尊前,common_formulae,0.7
CSQP-SFHC-TEXT-174,CSQP-SFHC-TEXT-174-ENT-2210,style_formula,祈查收,祈查收,common_formulae,0.7
CSQP-SFHC-TEXT-174,CSQP-SFHC-TEXT-174-ENT-2211,style_formula,查收,查收,common_formulae,0.7
CSQP-SFHC-TEXT-174,CSQP-SFHC-TEXT-174-ENT-2212,style_formula,福安,福安,common_formulae,0.7
CSQP-SFHC-TEXT-174,CSQP-SFHC-TEXT-174-ENT-2213,style_formula,查收,查收,remittance_formulae,0.7
CSQP-SFHC-TEXT-174,CSQP-SFHC-TEXT-174-ENT-2214,style_formula,平安,平安,safety_formulae,0.7
CSQP-SFHC-TEXT-175,CSQP-SFHC-TEXT-175-ENT-2215,person,叻郑奕江,郑奕江,sender,0.85
CSQP-SFHC-TEXT-175,CSQP-SFHC-TEXT-175-ENT-2216,person,汕头华侨中学校郑万里吾儿,华侨中学校郑万里,recipient,0.85
CSQP-SFHC-TEXT-175,CSQP-SFHC-TEXT-175-ENT-2217,kinship,儿,儿,kinship_terms,0.8
CSQP-SFHC-TEXT-175,CSQP-SFHC-TEXT-175-ENT-2218,date,一九五七年,一九五七年,date_text,0.75
CSQP-SFHC-TEXT-176,CSQP-SFHC-TEXT-176-ENT-2219,person,外洋黄居禧,黄居禧,sender,0.85
CSQP-SFHC-TEXT-176,CSQP-SFHC-TEXT-176-ENT-2220,person,潮汕岳母大人,岳母,recipient,0.85
CSQP-SFHC-TEXT-176,CSQP-SFHC-TEXT-176-ENT-2221,kinship,岳母,岳母,kinship_terms,0.8
CSQP-SFHC-TEXT-176,CSQP-SFHC-TEXT-176-ENT-2222,date,一九五八年三月五日,一九五八年三月五日,date_text,0.75
CSQP-SFHC-TEXT-176,CSQP-SFHC-TEXT-176-ENT-2223,date,"婚黄居禧拜上
一九五八年三月五日，正月十六","婚黄居禧拜上
一九五八年三月五日，正月十六",written_date_text,0.75
CSQP-SFHC-TEXT-176,CSQP-SFHC-TEXT-176-ENT-2224,style_formula,福安,福安,common_formulae,0.7
CSQP-SFHC-TEXT-177,CSQP-SFHC-TEXT-177-ENT-2225,person,外洋杰民,杰民,sender,0.85
CSQP-SFHC-TEXT-177,CSQP-SFHC-TEXT-177-ENT-2226,person,潮汕丘氏吾妻,丘氏吾妻,recipient,0.85
CSQP-SFHC-TEXT-177,CSQP-SFHC-TEXT-177-ENT-2227,kinship,妻,妻,kinship_terms,0.8
CSQP-SFHC-TEXT-177,CSQP-SFHC-TEXT-177-ENT-2228,kinship,儿,儿,kinship_terms,0.8
CSQP-SFHC-TEXT-177,CSQP-SFHC-TEXT-177-ENT-2229,date,一九五八年十月十四日,一九五八年十月十四日,date_text,0.75
CSQP-SFHC-TEXT-177,CSQP-SFHC-TEXT-177-ENT-2230,date,一九五八年十月十四日,一九五八年十月十四日,written_date_text,0.75
CSQP-SFHC-TEXT-177,CSQP-SFHC-TEXT-177-ENT-2231,style_formula,查收,查收,common_formulae,0.7
CSQP-SFHC-TEXT-177,CSQP-SFHC-TEXT-177-ENT-2232,style_formula,付去,付去,remittance_formulae,0.7
CSQP-SFHC-TEXT-177,CSQP-SFHC-TEXT-177-ENT-2233,style_formula,查收,查收,remittance_formulae,0.7
CSQP-SFHC-TEXT-177,CSQP-SFHC-TEXT-177-ENT-2234,style_formula,不可,不可,instruction_formulae,0.7
CSQP-SFHC-TEXT-178,CSQP-SFHC-TEXT-178-ENT-2235,person,外洋潘贤伟,潘贤伟,sender,0.85
CSQP-SFHC-TEXT-178,CSQP-SFHC-TEXT-178-ENT-2236,person,潮汕家贤保吾兄,家贤保吾兄,recipient,0.85
CSQP-SFHC-TEXT-178,CSQP-SFHC-TEXT-178-ENT-2237,kinship,兄,兄,kinship_terms,0.8
CSQP-SFHC-TEXT-178,CSQP-SFHC-TEXT-178-ENT-2238,kinship,弟,弟,kinship_terms,0.8
CSQP-SFHC-TEXT-178,CSQP-SFHC-TEXT-178-ENT-2239,date,一九五九年元月廿六日,一九五九年元月廿六日,date_text,0.75
CSQP-SFHC-TEXT-178,CSQP-SFHC-TEXT-178-ENT-2240,date,"潘贤伟顿
一九五九年元月廿六日","潘贤伟顿
一九五九年元月廿六日",written_date_text,0.75
CSQP-SFHC-TEXT-178,CSQP-SFHC-TEXT-178-ENT-2241,style_formula,平安,平安,safety_formulae,0.7
CSQP-SFHC-TEXT-179,CSQP-SFHC-TEXT-179-ENT-2242,person,叻张旭秋,张旭秋,sender,0.85
CSQP-SFHC-TEXT-179,CSQP-SFHC-TEXT-179-ENT-2243,person,潮安南桂郑淑坚先生,郑淑坚,recipient,0.85
CSQP-SFHC-TEXT-179,CSQP-SFHC-TEXT-179-ENT-2244,kinship,慈亲,慈亲,kinship_terms,0.8
CSQP-SFHC-TEXT-179,CSQP-SFHC-TEXT-179-ENT-2245,kinship,儿,儿,kinship_terms,0.8
CSQP-SFHC-TEXT-179,CSQP-SFHC-TEXT-179-ENT-2246,date,己三月廿九日,己三月廿九日,date_text,0.75
CSQP-SFHC-TEXT-179,CSQP-SFHC-TEXT-179-ENT-2247,date,"儿张旭秋泐
己三月廿九日","儿张旭秋泐
己三月廿九日",written_date_text,0.75
CSQP-SFHC-TEXT-179,CSQP-SFHC-TEXT-179-ENT-2248,date,1959,1959,year_raw,0.75
CSQP-SFHC-TEXT-179,CSQP-SFHC-TEXT-179-ENT-2249,style_formula,敬禀者,敬禀者,common_formulae,0.7
CSQP-SFHC-TEXT-179,CSQP-SFHC-TEXT-179-ENT-2250,style_formula,查收,查收,common_formulae,0.7
CSQP-SFHC-TEXT-179,CSQP-SFHC-TEXT-179-ENT-2251,style_formula,金安,金安,common_formulae,0.7
CSQP-SFHC-TEXT-179,CSQP-SFHC-TEXT-179-ENT-2252,style_formula,查收,查收,remittance_formulae,0.7
CSQP-SFHC-TEXT-179,CSQP-SFHC-TEXT-179-ENT-2253,style_formula,平安,平安,safety_formulae,0.7
CSQP-SFHC-TEXT-179,CSQP-SFHC-TEXT-179-ENT-2254,style_formula,祈为,祈为,instruction_formulae,0.7
CSQP-SFHC-TEXT-180,CSQP-SFHC-TEXT-180-ENT-2255,person,叻成子梅,成子梅,sender,0.85
CSQP-SFHC-TEXT-180,CSQP-SFHC-TEXT-180-ENT-2256,person,潮汕慈座大人,慈座,recipient,0.85
CSQP-SFHC-TEXT-180,CSQP-SFHC-TEXT-180-ENT-2257,kinship,慈亲,慈亲,kinship_terms,0.8
CSQP-SFHC-TEXT-180,CSQP-SFHC-TEXT-180-ENT-2258,kinship,儿,儿,kinship_terms,0.8
CSQP-SFHC-TEXT-180,CSQP-SFHC-TEXT-180-ENT-2259,date,壬寅年（1962）八月十八日,壬寅年（1962）八月十八日,date_text,0.75
CSQP-SFHC-TEXT-180,CSQP-SFHC-TEXT-180-ENT-2260,date,儿成子梅托,儿成子梅托,written_date_text,0.75
CSQP-SFHC-TEXT-180,CSQP-SFHC-TEXT-180-ENT-2261,date,1962,1962,year_raw,0.75
CSQP-SFHC-TEXT-180,CSQP-SFHC-TEXT-180-ENT-2262,style_formula,敬禀者,敬禀者,common_formulae,0.7
CSQP-SFHC-TEXT-180,CSQP-SFHC-TEXT-180-ENT-2263,style_formula,膝下,膝下,common_formulae,0.7
CSQP-SFHC-TEXT-180,CSQP-SFHC-TEXT-180-ENT-2264,style_formula,平安,平安,safety_formulae,0.7
CSQP-SFHC-TEXT-181,CSQP-SFHC-TEXT-181-ENT-2265,person,暹罗许金乾,许金乾,sender,0.85
CSQP-SFHC-TEXT-181,CSQP-SFHC-TEXT-181-ENT-2266,person,汀樟藉乡母亲,汀樟藉乡母亲,recipient,0.85
CSQP-SFHC-TEXT-181,CSQP-SFHC-TEXT-181-ENT-2267,kinship,慈亲,慈亲,kinship_terms,0.8
CSQP-SFHC-TEXT-181,CSQP-SFHC-TEXT-181-ENT-2268,kinship,母亲,母亲,kinship_terms,0.8
CSQP-SFHC-TEXT-181,CSQP-SFHC-TEXT-181-ENT-2269,kinship,儿,儿,kinship_terms,0.8
CSQP-SFHC-TEXT-181,CSQP-SFHC-TEXT-181-ENT-2270,date,一九六三年十一月廿二日,一九六三年十一月廿二日,date_text,0.75
CSQP-SFHC-TEXT-181,CSQP-SFHC-TEXT-181-ENT-2271,date,"儿金乾叩上
一九六三年十一月廿二日","儿金乾叩上
一九六三年十一月廿二日",written_date_text,0.75
CSQP-SFHC-TEXT-181,CSQP-SFHC-TEXT-181-ENT-2272,style_formula,敬禀者,敬禀者,common_formulae,0.7
CSQP-SFHC-TEXT-181,CSQP-SFHC-TEXT-181-ENT-2273,style_formula,叩上,叩上,common_formulae,0.7
CSQP-SFHC-TEXT-181,CSQP-SFHC-TEXT-181-ENT-2274,style_formula,查收,查收,common_formulae,0.7
CSQP-SFHC-TEXT-181,CSQP-SFHC-TEXT-181-ENT-2275,style_formula,福安,福安,common_formulae,0.7
CSQP-SFHC-TEXT-181,CSQP-SFHC-TEXT-181-ENT-2276,style_formula,奉上,奉上,remittance_formulae,0.7
CSQP-SFHC-TEXT-181,CSQP-SFHC-TEXT-181-ENT-2277,style_formula,查收,查收,remittance_formulae,0.7
CSQP-SFHC-TEXT-182,CSQP-SFHC-TEXT-182-ENT-2278,person,陈其岳,陈其岳,sender,0.85
CSQP-SFHC-TEXT-182,CSQP-SFHC-TEXT-182-ENT-2279,person,潮安鳌头洋东乡母亲大人,鳌头洋东乡母亲,recipient,0.85
CSQP-SFHC-TEXT-182,CSQP-SFHC-TEXT-182-ENT-2280,kinship,母亲,母亲,kinship_terms,0.8
CSQP-SFHC-TEXT-182,CSQP-SFHC-TEXT-182-ENT-2281,date,一九六四年五月十三日,一九六四年五月十三日,date_text,0.75
CSQP-SFHC-TEXT-182,CSQP-SFHC-TEXT-182-ENT-2282,date,"其岳上
一九六四年五月十三日","其岳上
一九六四年五月十三日",written_date_text,0.75
CSQP-SFHC-TEXT-182,CSQP-SFHC-TEXT-182-ENT-2283,style_formula,敬禀者,敬禀者,common_formulae,0.7
CSQP-SFHC-TEXT-182,CSQP-SFHC-TEXT-182-ENT-2284,style_formula,尊前,尊前,common_formulae,0.7
CSQP-SFHC-TEXT-182,CSQP-SFHC-TEXT-182-ENT-2285,style_formula,查收,查收,common_formulae,0.7
CSQP-SFHC-TEXT-182,CSQP-SFHC-TEXT-182-ENT-2286,style_formula,福安,福安,common_formulae,0.7
CSQP-SFHC-TEXT-182,CSQP-SFHC-TEXT-182-ENT-2287,style_formula,寄上,寄上,remittance_formulae,0.7
CSQP-SFHC-TEXT-182,CSQP-SFHC-TEXT-182-ENT-2288,style_formula,查收,查收,remittance_formulae,0.7
CSQP-SFHC-TEXT-183,CSQP-SFHC-TEXT-183-ENT-2289,person,叻陈捷树,陈捷树,sender,0.85
CSQP-SFHC-TEXT-183,CSQP-SFHC-TEXT-183-ENT-2290,person,潮安鳌头沈亚噯荆妻,鳌头沈亚噯荆妻,recipient,0.85
CSQP-SFHC-TEXT-183,CSQP-SFHC-TEXT-183-ENT-2291,kinship,妻,妻,kinship_terms,0.8
CSQP-SFHC-TEXT-183,CSQP-SFHC-TEXT-183-ENT-2292,kinship,荆妻,荆妻,kinship_terms,0.8
CSQP-SFHC-TEXT-183,CSQP-SFHC-TEXT-183-ENT-2293,kinship,贤妻,贤妻,kinship_terms,0.8
CSQP-SFHC-TEXT-183,CSQP-SFHC-TEXT-183-ENT-2294,date,甲辰年十一月十一日,甲辰年十一月十一日,date_text,0.75
CSQP-SFHC-TEXT-183,CSQP-SFHC-TEXT-183-ENT-2295,date,"夫捷树启
甲辰年十一月十一日","夫捷树启
甲辰年十一月十一日",written_date_text,0.75
CSQP-SFHC-TEXT-183,CSQP-SFHC-TEXT-183-ENT-2296,date,1964,1964,year_raw,0.75
CSQP-SFHC-TEXT-183,CSQP-SFHC-TEXT-183-ENT-2297,style_formula,祈查收,祈查收,common_formulae,0.7
CSQP-SFHC-TEXT-183,CSQP-SFHC-TEXT-183-ENT-2298,style_formula,至祈查收,至祈查收,common_formulae,0.7
CSQP-SFHC-TEXT-183,CSQP-SFHC-TEXT-183-ENT-2299,style_formula,查收,查收,common_formulae,0.7
CSQP-SFHC-TEXT-183,CSQP-SFHC-TEXT-183-ENT-2300,style_formula,奉上,奉上,remittance_formulae,0.7
CSQP-SFHC-TEXT-183,CSQP-SFHC-TEXT-183-ENT-2301,style_formula,查收,查收,remittance_formulae,0.7
CSQP-SFHC-TEXT-183,CSQP-SFHC-TEXT-183-ENT-2302,style_formula,平安,平安,safety_formulae,0.7
CSQP-SFHC-TEXT-184,CSQP-SFHC-TEXT-184-ENT-2303,person,外洋振海,振海,sender,0.85
CSQP-SFHC-TEXT-184,CSQP-SFHC-TEXT-184-ENT-2304,person,潮汕外祖父母大人,外祖父母,recipient,0.85
CSQP-SFHC-TEXT-184,CSQP-SFHC-TEXT-184-ENT-2305,kinship,祖父,祖父,kinship_terms,0.8
CSQP-SFHC-TEXT-184,CSQP-SFHC-TEXT-184-ENT-2306,kinship,外祖父,外祖父,kinship_terms,0.8
CSQP-SFHC-TEXT-184,CSQP-SFHC-TEXT-184-ENT-2307,kinship,外祖父母,外祖父母,kinship_terms,0.8
CSQP-SFHC-TEXT-184,CSQP-SFHC-TEXT-184-ENT-2308,kinship,儿,儿,kinship_terms,0.8
CSQP-SFHC-TEXT-184,CSQP-SFHC-TEXT-184-ENT-2309,kinship,孙,孙,kinship_terms,0.8
CSQP-SFHC-TEXT-184,CSQP-SFHC-TEXT-184-ENT-2310,date,一九六六年一月七日,一九六六年一月七日,date_text,0.75
CSQP-SFHC-TEXT-184,CSQP-SFHC-TEXT-184-ENT-2311,date,一九六六年一月七日（农历十二月十六日）,一九六六年一月七日（农历十二月十六日）,written_date_text,0.75
CSQP-SFHC-TEXT-184,CSQP-SFHC-TEXT-184-ENT-2312,style_formula,敬禀者,敬禀者,common_formulae,0.7
CSQP-SFHC-TEXT-184,CSQP-SFHC-TEXT-184-ENT-2313,style_formula,膝下,膝下,common_formulae,0.7
CSQP-SFHC-TEXT-184,CSQP-SFHC-TEXT-184-ENT-2314,style_formula,福安,福安,common_formulae,0.7
CSQP-SFHC-TEXT-184,CSQP-SFHC-TEXT-184-ENT-2315,style_formula,寄上,寄上,remittance_formulae,0.7
CSQP-SFHC-TEXT-184,CSQP-SFHC-TEXT-184-ENT-2316,style_formula,须,须,instruction_formulae,0.7
CSQP-SFHC-TEXT-184,CSQP-SFHC-TEXT-184-ENT-2317,style_formula,不可,不可,instruction_formulae,0.7
CSQP-SFHC-TEXT-185,CSQP-SFHC-TEXT-185-ENT-2318,person,叻陈玩娇,陈玩娇,sender,0.85
CSQP-SFHC-TEXT-185,CSQP-SFHC-TEXT-185-ENT-2319,person,潮安鳌头乡陈广标先生,鳌头乡陈广标,recipient,0.85
CSQP-SFHC-TEXT-185,CSQP-SFHC-TEXT-185-ENT-2320,kinship,慈亲,慈亲,kinship_terms,0.8
CSQP-SFHC-TEXT-185,CSQP-SFHC-TEXT-185-ENT-2321,date,一九六六年十月十二日,一九六六年十月十二日,date_text,0.75
CSQP-SFHC-TEXT-185,CSQP-SFHC-TEXT-185-ENT-2322,date,"女玩娇上
一九六六年十月十二日","女玩娇上
一九六六年十月十二日",written_date_text,0.75
CSQP-SFHC-TEXT-185,CSQP-SFHC-TEXT-185-ENT-2323,style_formula,敬禀者,敬禀者,common_formulae,0.7
CSQP-SFHC-TEXT-185,CSQP-SFHC-TEXT-185-ENT-2324,style_formula,尊前,尊前,common_formulae,0.7
CSQP-SFHC-TEXT-185,CSQP-SFHC-TEXT-185-ENT-2325,style_formula,祈查收,祈查收,common_formulae,0.7
CSQP-SFHC-TEXT-185,CSQP-SFHC-TEXT-185-ENT-2326,style_formula,查收,查收,common_formulae,0.7
CSQP-SFHC-TEXT-185,CSQP-SFHC-TEXT-185-ENT-2327,style_formula,福安,福安,common_formulae,0.7
CSQP-SFHC-TEXT-185,CSQP-SFHC-TEXT-185-ENT-2328,style_formula,查收,查收,remittance_formulae,0.7
CSQP-SFHC-TEXT-186,CSQP-SFHC-TEXT-186-ENT-2329,person,马来亚郑裕潮,马来亚郑裕潮,sender,0.85
CSQP-SFHC-TEXT-186,CSQP-SFHC-TEXT-186-ENT-2330,person,潮安县东风乡家慈亲大人,慈亲,recipient,0.85
CSQP-SFHC-TEXT-186,CSQP-SFHC-TEXT-186-ENT-2331,kinship,慈亲,慈亲,kinship_terms,0.8
CSQP-SFHC-TEXT-186,CSQP-SFHC-TEXT-186-ENT-2332,kinship,母亲,母亲,kinship_terms,0.8
CSQP-SFHC-TEXT-186,CSQP-SFHC-TEXT-186-ENT-2333,kinship,弟,弟,kinship_terms,0.8
CSQP-SFHC-TEXT-186,CSQP-SFHC-TEXT-186-ENT-2334,kinship,儿,儿,kinship_terms,0.8
CSQP-SFHC-TEXT-186,CSQP-SFHC-TEXT-186-ENT-2335,date,1967年5月12日,1967年5月12日,date_text,0.75
CSQP-SFHC-TEXT-186,CSQP-SFHC-TEXT-186-ENT-2336,date,儿裕潮上,儿裕潮上,written_date_text,0.75
CSQP-SFHC-TEXT-186,CSQP-SFHC-TEXT-186-ENT-2337,date,1967,1967,year_raw,0.75
CSQP-SFHC-TEXT-186,CSQP-SFHC-TEXT-186-ENT-2338,style_formula,膝下,膝下,common_formulae,0.7
CSQP-SFHC-TEXT-186,CSQP-SFHC-TEXT-186-ENT-2339,style_formula,查收,查收,common_formulae,0.7
CSQP-SFHC-TEXT-186,CSQP-SFHC-TEXT-186-ENT-2340,style_formula,查收,查收,remittance_formulae,0.7
CSQP-SFHC-TEXT-187,CSQP-SFHC-TEXT-187-ENT-2341,person,外洋振海,振海,sender,0.85
CSQP-SFHC-TEXT-187,CSQP-SFHC-TEXT-187-ENT-2342,person,潮汕外祖父母大人,外祖父母,recipient,0.85
CSQP-SFHC-TEXT-187,CSQP-SFHC-TEXT-187-ENT-2343,kinship,父亲,父亲,kinship_terms,0.8
CSQP-SFHC-TEXT-187,CSQP-SFHC-TEXT-187-ENT-2344,kinship,祖父,祖父,kinship_terms,0.8
CSQP-SFHC-TEXT-187,CSQP-SFHC-TEXT-187-ENT-2345,kinship,外祖父,外祖父,kinship_terms,0.8
CSQP-SFHC-TEXT-187,CSQP-SFHC-TEXT-187-ENT-2346,kinship,外祖父母,外祖父母,kinship_terms,0.8
CSQP-SFHC-TEXT-187,CSQP-SFHC-TEXT-187-ENT-2347,kinship,儿,儿,kinship_terms,0.8
CSQP-SFHC-TEXT-187,CSQP-SFHC-TEXT-187-ENT-2348,kinship,孙,孙,kinship_terms,0.8
CSQP-SFHC-TEXT-187,CSQP-SFHC-TEXT-187-ENT-2349,date,一九六八年九月八日,一九六八年九月八日,date_text,0.75
CSQP-SFHC-TEXT-187,CSQP-SFHC-TEXT-187-ENT-2350,style_formula,敬禀者,敬禀者,common_formulae,0.7
CSQP-SFHC-TEXT-187,CSQP-SFHC-TEXT-187-ENT-2351,style_formula,尊前,尊前,common_formulae,0.7
CSQP-SFHC-TEXT-187,CSQP-SFHC-TEXT-187-ENT-2352,style_formula,福安,福安,common_formulae,0.7
CSQP-SFHC-TEXT-187,CSQP-SFHC-TEXT-187-ENT-2353,style_formula,容后,容后,common_formulae,0.7
CSQP-SFHC-TEXT-187,CSQP-SFHC-TEXT-187-ENT-2354,style_formula,寄上,寄上,remittance_formulae,0.7
CSQP-SFHC-TEXT-188,CSQP-SFHC-TEXT-188-ENT-2355,person,泰国黄璋发,黄璋发,sender,0.85
CSQP-SFHC-TEXT-188,CSQP-SFHC-TEXT-188-ENT-2356,person,潮安秋溪都陈贤进姻兄,秋溪都陈贤进姻兄,recipient,0.85
CSQP-SFHC-TEXT-188,CSQP-SFHC-TEXT-188-ENT-2357,kinship,兄,兄,kinship_terms,0.8
CSQP-SFHC-TEXT-188,CSQP-SFHC-TEXT-188-ENT-2358,kinship,弟,弟,kinship_terms,0.8
CSQP-SFHC-TEXT-188,CSQP-SFHC-TEXT-188-ENT-2359,kinship,妗,妗,kinship_terms,0.8
CSQP-SFHC-TEXT-188,CSQP-SFHC-TEXT-188-ENT-2360,date,1972年1月25日,1972年1月25日,date_text,0.75
CSQP-SFHC-TEXT-188,CSQP-SFHC-TEXT-188-ENT-2361,date,1972,1972,year_raw,0.75
CSQP-SFHC-TEXT-188,CSQP-SFHC-TEXT-188-ENT-2362,style_formula,寄上,寄上,remittance_formulae,0.7
CSQP-SFHC-TEXT-188,CSQP-SFHC-TEXT-188-ENT-2363,style_formula,平安,平安,safety_formulae,0.7
CSQP-SFHC-TEXT-188,CSQP-SFHC-TEXT-188-ENT-2364,style_formula,起居,起居,safety_formulae,0.7
CSQP-SFHC-TEXT-189,CSQP-SFHC-TEXT-189-ENT-2365,person,外洋蓝松江,蓝松江,sender,0.85
CSQP-SFHC-TEXT-189,CSQP-SFHC-TEXT-189-ENT-2366,person,潮汕绍浩兄台,绍浩兄台,recipient,0.85
CSQP-SFHC-TEXT-189,CSQP-SFHC-TEXT-189-ENT-2367,kinship,兄,兄,kinship_terms,0.8
CSQP-SFHC-TEXT-189,CSQP-SFHC-TEXT-189-ENT-2368,kinship,弟,弟,kinship_terms,0.8
CSQP-SFHC-TEXT-189,CSQP-SFHC-TEXT-189-ENT-2369,date,一九七三年八月廿九日,一九七三年八月廿九日,date_text,0.75
CSQP-SFHC-TEXT-189,CSQP-SFHC-TEXT-189-ENT-2370,date,愚蓝松江手启,愚蓝松江手启,written_date_text,0.75
CSQP-SFHC-TEXT-189,CSQP-SFHC-TEXT-189-ENT-2371,style_formula,查收,查收,common_formulae,0.7
CSQP-SFHC-TEXT-189,CSQP-SFHC-TEXT-189-ENT-2372,style_formula,查收,查收,remittance_formulae,0.7
CSQP-SFHC-TEXT-190,CSQP-SFHC-TEXT-190-ENT-2373,person,外洋邢树熙、陈婵珠,邢树熙、陈婵珠,sender,0.85
CSQP-SFHC-TEXT-190,CSQP-SFHC-TEXT-190-ENT-2374,person,潮汕岳双亲大人,岳双亲,recipient,0.85
CSQP-SFHC-TEXT-190,CSQP-SFHC-TEXT-190-ENT-2375,kinship,双亲,双亲,kinship_terms,0.8
CSQP-SFHC-TEXT-190,CSQP-SFHC-TEXT-190-ENT-2376,kinship,儿,儿,kinship_terms,0.8
CSQP-SFHC-TEXT-190,CSQP-SFHC-TEXT-190-ENT-2377,kinship,孙,孙,kinship_terms,0.8
CSQP-SFHC-TEXT-190,CSQP-SFHC-TEXT-190-ENT-2378,kinship,妹,妹,kinship_terms,0.8
CSQP-SFHC-TEXT-190,CSQP-SFHC-TEXT-190-ENT-2379,kinship,叔,叔,kinship_terms,0.8
CSQP-SFHC-TEXT-190,CSQP-SFHC-TEXT-190-ENT-2380,kinship,婶,婶,kinship_terms,0.8
CSQP-SFHC-TEXT-190,CSQP-SFHC-TEXT-190-ENT-2381,kinship,姑,姑,kinship_terms,0.8
CSQP-SFHC-TEXT-190,CSQP-SFHC-TEXT-190-ENT-2382,date,一九八五年元月廿一日,一九八五年元月廿一日,date_text,0.75
CSQP-SFHC-TEXT-190,CSQP-SFHC-TEXT-190-ENT-2383,date,婚邢树熙、女陈婵珠仝谨上,婚邢树熙、女陈婵珠仝谨上,written_date_text,0.75
CSQP-SFHC-TEXT-190,CSQP-SFHC-TEXT-190-ENT-2384,style_formula,敬禀者,敬禀者,common_formulae,0.7
CSQP-SFHC-TEXT-190,CSQP-SFHC-TEXT-190-ENT-2385,style_formula,尊前,尊前,common_formulae,0.7
CSQP-SFHC-TEXT-190,CSQP-SFHC-TEXT-190-ENT-2386,style_formula,查收,查收,common_formulae,0.7
CSQP-SFHC-TEXT-190,CSQP-SFHC-TEXT-190-ENT-2387,style_formula,福安,福安,common_formulae,0.7
CSQP-SFHC-TEXT-190,CSQP-SFHC-TEXT-190-ENT-2388,style_formula,汇上,汇上,remittance_formulae,0.7
CSQP-SFHC-TEXT-190,CSQP-SFHC-TEXT-190-ENT-2389,style_formula,查收,查收,remittance_formulae,0.7
CSQP-SFHC-TEXT-191,CSQP-SFHC-TEXT-191-ENT-2390,person,外洋英锋,英锋,sender,0.85
CSQP-SFHC-TEXT-191,CSQP-SFHC-TEXT-191-ENT-2391,person,潮汕母亲大人,母亲,recipient,0.85
CSQP-SFHC-TEXT-191,CSQP-SFHC-TEXT-191-ENT-2392,kinship,母亲,母亲,kinship_terms,0.8
CSQP-SFHC-TEXT-191,CSQP-SFHC-TEXT-191-ENT-2393,kinship,兄,兄,kinship_terms,0.8
CSQP-SFHC-TEXT-191,CSQP-SFHC-TEXT-191-ENT-2394,kinship,弟,弟,kinship_terms,0.8
CSQP-SFHC-TEXT-191,CSQP-SFHC-TEXT-191-ENT-2395,kinship,男,男,kinship_terms,0.8
CSQP-SFHC-TEXT-191,CSQP-SFHC-TEXT-191-ENT-2396,kinship,妗,妗,kinship_terms,0.8
CSQP-SFHC-TEXT-191,CSQP-SFHC-TEXT-191-ENT-2397,date,己七月初二日（1949后）,己七月初二日（1949后）,date_text,0.75
CSQP-SFHC-TEXT-191,CSQP-SFHC-TEXT-191-ENT-2398,date,1949后,1949后,year_raw,0.75
CSQP-SFHC-TEXT-191,CSQP-SFHC-TEXT-191-ENT-2399,style_formula,敬禀者,敬禀者,common_formulae,0.7
CSQP-SFHC-TEXT-191,CSQP-SFHC-TEXT-191-ENT-2400,style_formula,膝下,膝下,common_formulae,0.7
CSQP-SFHC-TEXT-191,CSQP-SFHC-TEXT-191-ENT-2401,style_formula,祈查收,祈查收,common_formulae,0.7
CSQP-SFHC-TEXT-191,CSQP-SFHC-TEXT-191-ENT-2402,style_formula,至祈查收,至祈查收,common_formulae,0.7
CSQP-SFHC-TEXT-191,CSQP-SFHC-TEXT-191-ENT-2403,style_formula,谨禀,谨禀,common_formulae,0.7
CSQP-SFHC-TEXT-191,CSQP-SFHC-TEXT-191-ENT-2404,style_formula,查收,查收,common_formulae,0.7
CSQP-SFHC-TEXT-191,CSQP-SFHC-TEXT-191-ENT-2405,style_formula,福安,福安,common_formulae,0.7
CSQP-SFHC-TEXT-191,CSQP-SFHC-TEXT-191-ENT-2406,style_formula,寄上,寄上,remittance_formulae,0.7
CSQP-SFHC-TEXT-191,CSQP-SFHC-TEXT-191-ENT-2407,style_formula,奉上,奉上,remittance_formulae,0.7
CSQP-SFHC-TEXT-191,CSQP-SFHC-TEXT-191-ENT-2408,style_formula,查收,查收,remittance_formulae,0.7
CSQP-SFHC-TEXT-191,CSQP-SFHC-TEXT-191-ENT-2409,style_formula,安好,安好,safety_formulae,0.7
CSQP-SFHC-TEXT-191,CSQP-SFHC-TEXT-191-ENT-2410,style_formula,嘱,嘱,instruction_formulae,0.7
CSQP-SFHC-TEXT-192,CSQP-SFHC-TEXT-192-ENT-2411,person,外洋永河,永河,sender,0.85
CSQP-SFHC-TEXT-192,CSQP-SFHC-TEXT-192-ENT-2412,person,潮汕佩莺吾妻,佩莺吾妻,recipient,0.85
CSQP-SFHC-TEXT-192,CSQP-SFHC-TEXT-192-ENT-2413,kinship,岳父,岳父,kinship_terms,0.8
CSQP-SFHC-TEXT-192,CSQP-SFHC-TEXT-192-ENT-2414,kinship,妻,妻,kinship_terms,0.8
CSQP-SFHC-TEXT-192,CSQP-SFHC-TEXT-192-ENT-2415,kinship,姐,姐,kinship_terms,0.8
CSQP-SFHC-TEXT-192,CSQP-SFHC-TEXT-192-ENT-2416,kinship,叔,叔,kinship_terms,0.8
CSQP-SFHC-TEXT-192,CSQP-SFHC-TEXT-192-ENT-2417,date,庚九月廿日（1949后）,庚九月廿日（1949后）,date_text,0.75
CSQP-SFHC-TEXT-192,CSQP-SFHC-TEXT-192-ENT-2418,date,庚九月卅日 予永河草,庚九月卅日 予永河草,written_date_text,0.75
CSQP-SFHC-TEXT-192,CSQP-SFHC-TEXT-192-ENT-2419,date,1949后,1949后,year_raw,0.75
CSQP-SFHC-TEXT-192,CSQP-SFHC-TEXT-192-ENT-2420,style_formula,寄去,寄去,remittance_formulae,0.7
CSQP-SFHC-TEXT-192,CSQP-SFHC-TEXT-192-ENT-2421,style_formula,平安,平安,safety_formulae,0.7
CSQP-SFHC-TEXT-193,CSQP-SFHC-TEXT-193-ENT-2422,person,外洋孝钦,孝钦,sender,0.85
CSQP-SFHC-TEXT-193,CSQP-SFHC-TEXT-193-ENT-2423,person,潮汕赛兰吾妻,赛兰吾妻,recipient,0.85
CSQP-SFHC-TEXT-193,CSQP-SFHC-TEXT-193-ENT-2424,kinship,母亲,母亲,kinship_terms,0.8
CSQP-SFHC-TEXT-193,CSQP-SFHC-TEXT-193-ENT-2425,kinship,嫂,嫂,kinship_terms,0.8
CSQP-SFHC-TEXT-193,CSQP-SFHC-TEXT-193-ENT-2426,kinship,妻,妻,kinship_terms,0.8
CSQP-SFHC-TEXT-193,CSQP-SFHC-TEXT-193-ENT-2427,kinship,媳,媳,kinship_terms,0.8
CSQP-SFHC-TEXT-193,CSQP-SFHC-TEXT-193-ENT-2428,date,庚十一月初六（1949后）,庚十一月初六（1949后）,date_text,0.75
CSQP-SFHC-TEXT-193,CSQP-SFHC-TEXT-193-ENT-2429,date,庚十一月初六,庚十一月初六,written_date_text,0.75
CSQP-SFHC-TEXT-193,CSQP-SFHC-TEXT-193-ENT-2430,date,1949后,1949后,year_raw,0.75
CSQP-SFHC-TEXT-193,CSQP-SFHC-TEXT-193-ENT-2431,style_formula,付去,付去,remittance_formulae,0.7
CSQP-SFHC-TEXT-193,CSQP-SFHC-TEXT-193-ENT-2432,style_formula,平安,平安,safety_formulae,0.7
CSQP-SFHC-TEXT-194,CSQP-SFHC-TEXT-194-ENT-2433,person,叻郭思照,郭思照,sender,0.85
CSQP-SFHC-TEXT-194,CSQP-SFHC-TEXT-194-ENT-2434,person,潮宁大黄坑家慈亲大人,慈亲,recipient,0.85
CSQP-SFHC-TEXT-194,CSQP-SFHC-TEXT-194-ENT-2435,kinship,慈亲,慈亲,kinship_terms,0.8
CSQP-SFHC-TEXT-194,CSQP-SFHC-TEXT-194-ENT-2436,kinship,弟,弟,kinship_terms,0.8
CSQP-SFHC-TEXT-194,CSQP-SFHC-TEXT-194-ENT-2437,kinship,儿,儿,kinship_terms,0.8
CSQP-SFHC-TEXT-194,CSQP-SFHC-TEXT-194-ENT-2438,date,辛八月廿日,辛八月廿日,date_text,0.75
CSQP-SFHC-TEXT-194,CSQP-SFHC-TEXT-194-ENT-2439,date,"儿郭斯照禀
辛八月廿日","儿郭斯照禀
辛八月廿日",written_date_text,0.75
CSQP-SFHC-TEXT-194,CSQP-SFHC-TEXT-194-ENT-2440,date,1949后,1949后,year_raw,0.75
CSQP-SFHC-TEXT-194,CSQP-SFHC-TEXT-194-ENT-2441,style_formula,敬禀者,敬禀者,common_formulae,0.7
CSQP-SFHC-TEXT-194,CSQP-SFHC-TEXT-194-ENT-2442,style_formula,尊前,尊前,common_formulae,0.7
CSQP-SFHC-TEXT-194,CSQP-SFHC-TEXT-194-ENT-2443,style_formula,查收,查收,common_formulae,0.7
CSQP-SFHC-TEXT-194,CSQP-SFHC-TEXT-194-ENT-2444,style_formula,顺候,顺候,common_formulae,0.7
CSQP-SFHC-TEXT-194,CSQP-SFHC-TEXT-194-ENT-2445,style_formula,福安,福安,common_formulae,0.7
CSQP-SFHC-TEXT-194,CSQP-SFHC-TEXT-194-ENT-2446,style_formula,查收,查收,remittance_formulae,0.7
CSQP-SFHC-TEXT-194,CSQP-SFHC-TEXT-194-ENT-2447,style_formula,祈为,祈为,instruction_formulae,0.7
CSQP-SFHC-TEXT-195,CSQP-SFHC-TEXT-195-ENT-2448,person,外洋正贤、遂蕊,正贤、遂蕊,sender,0.85
CSQP-SFHC-TEXT-195,CSQP-SFHC-TEXT-195-ENT-2449,person,潮汕岳母大人,岳母,recipient,0.85
CSQP-SFHC-TEXT-195,CSQP-SFHC-TEXT-195-ENT-2450,kinship,岳母,岳母,kinship_terms,0.8
CSQP-SFHC-TEXT-195,CSQP-SFHC-TEXT-195-ENT-2451,date,农元月初八日（1949后）,农元月初八日（1949后）,date_text,0.75
CSQP-SFHC-TEXT-195,CSQP-SFHC-TEXT-195-ENT-2452,date,"正贤、遂蕊仝上
农元月初八日","正贤、遂蕊仝上
农元月初八日",written_date_text,0.75
CSQP-SFHC-TEXT-195,CSQP-SFHC-TEXT-195-ENT-2453,date,1949后,1949后,year_raw,0.75
CSQP-SFHC-TEXT-195,CSQP-SFHC-TEXT-195-ENT-2454,style_formula,尊前,尊前,common_formulae,0.7
CSQP-SFHC-TEXT-195,CSQP-SFHC-TEXT-195-ENT-2455,style_formula,祈查收,祈查收,common_formulae,0.7
CSQP-SFHC-TEXT-195,CSQP-SFHC-TEXT-195-ENT-2456,style_formula,查收,查收,common_formulae,0.7
CSQP-SFHC-TEXT-195,CSQP-SFHC-TEXT-195-ENT-2457,style_formula,福安,福安,common_formulae,0.7
CSQP-SFHC-TEXT-195,CSQP-SFHC-TEXT-195-ENT-2458,style_formula,奉上,奉上,remittance_formulae,0.7
CSQP-SFHC-TEXT-195,CSQP-SFHC-TEXT-195-ENT-2459,style_formula,查收,查收,remittance_formulae,0.7
CSQP-SFHC-TEXT-196,CSQP-SFHC-TEXT-196-ENT-2460,person,叻郑壁奎,郑壁奎,sender,0.85
CSQP-SFHC-TEXT-196,CSQP-SFHC-TEXT-196-ENT-2461,person,潮安南桂家慈亲大人,慈亲,recipient,0.85
CSQP-SFHC-TEXT-196,CSQP-SFHC-TEXT-196-ENT-2462,kinship,慈亲,慈亲,kinship_terms,0.8
CSQP-SFHC-TEXT-196,CSQP-SFHC-TEXT-196-ENT-2463,kinship,儿,儿,kinship_terms,0.8
CSQP-SFHC-TEXT-196,CSQP-SFHC-TEXT-196-ENT-2464,date,元月十四日,元月十四日,date_text,0.75
CSQP-SFHC-TEXT-196,CSQP-SFHC-TEXT-196-ENT-2465,date,1949后,1949后,year_raw,0.75
CSQP-SFHC-TEXT-196,CSQP-SFHC-TEXT-196-ENT-2466,style_formula,敬禀者,敬禀者,common_formulae,0.7
CSQP-SFHC-TEXT-196,CSQP-SFHC-TEXT-196-ENT-2467,style_formula,尊前,尊前,common_formulae,0.7
CSQP-SFHC-TEXT-196,CSQP-SFHC-TEXT-196-ENT-2468,style_formula,谨禀,谨禀,common_formulae,0.7
CSQP-SFHC-TEXT-196,CSQP-SFHC-TEXT-196-ENT-2469,style_formula,查收,查收,common_formulae,0.7
CSQP-SFHC-TEXT-196,CSQP-SFHC-TEXT-196-ENT-2470,style_formula,福安,福安,common_formulae,0.7
CSQP-SFHC-TEXT-196,CSQP-SFHC-TEXT-196-ENT-2471,style_formula,容后,容后,common_formulae,0.7
CSQP-SFHC-TEXT-196,CSQP-SFHC-TEXT-196-ENT-2472,style_formula,奉上,奉上,remittance_formulae,0.7
CSQP-SFHC-TEXT-196,CSQP-SFHC-TEXT-196-ENT-2473,style_formula,寄去,寄去,remittance_formulae,0.7
CSQP-SFHC-TEXT-196,CSQP-SFHC-TEXT-196-ENT-2474,style_formula,查收,查收,remittance_formulae,0.7
CSQP-SFHC-TEXT-196,CSQP-SFHC-TEXT-196-ENT-2475,style_formula,切勿,切勿,instruction_formulae,0.7
CSQP-SFHC-TEXT-197,CSQP-SFHC-TEXT-197-ENT-2476,person,麻坡郑裕潮,麻坡郑裕潮,sender,0.85
CSQP-SFHC-TEXT-197,CSQP-SFHC-TEXT-197-ENT-2477,person,潮安第五区家慈亲大人,慈亲,recipient,0.85
CSQP-SFHC-TEXT-197,CSQP-SFHC-TEXT-197-ENT-2478,kinship,慈亲,慈亲,kinship_terms,0.8
CSQP-SFHC-TEXT-197,CSQP-SFHC-TEXT-197-ENT-2479,kinship,祖母,祖母,kinship_terms,0.8
CSQP-SFHC-TEXT-197,CSQP-SFHC-TEXT-197-ENT-2480,kinship,外祖母,外祖母,kinship_terms,0.8
CSQP-SFHC-TEXT-197,CSQP-SFHC-TEXT-197-ENT-2481,kinship,男,男,kinship_terms,0.8
CSQP-SFHC-TEXT-197,CSQP-SFHC-TEXT-197-ENT-2482,kinship,姑,姑,kinship_terms,0.8
CSQP-SFHC-TEXT-197,CSQP-SFHC-TEXT-197-ENT-2483,date,二月初四日,二月初四日,date_text,0.75
CSQP-SFHC-TEXT-197,CSQP-SFHC-TEXT-197-ENT-2484,date,"男裕潮谨上
二月初四日","男裕潮谨上
二月初四日",written_date_text,0.75
CSQP-SFHC-TEXT-197,CSQP-SFHC-TEXT-197-ENT-2485,date,1949后,1949后,year_raw,0.75
CSQP-SFHC-TEXT-197,CSQP-SFHC-TEXT-197-ENT-2486,style_formula,敬禀者,敬禀者,common_formulae,0.7
CSQP-SFHC-TEXT-197,CSQP-SFHC-TEXT-197-ENT-2487,style_formula,膝下,膝下,common_formulae,0.7
CSQP-SFHC-TEXT-197,CSQP-SFHC-TEXT-197-ENT-2488,style_formula,尊前,尊前,common_formulae,0.7
CSQP-SFHC-TEXT-197,CSQP-SFHC-TEXT-197-ENT-2489,style_formula,查收,查收,common_formulae,0.7
CSQP-SFHC-TEXT-197,CSQP-SFHC-TEXT-197-ENT-2490,style_formula,奉上,奉上,remittance_formulae,0.7
CSQP-SFHC-TEXT-197,CSQP-SFHC-TEXT-197-ENT-2491,style_formula,查收,查收,remittance_formulae,0.7
CSQP-SFHC-TEXT-197,CSQP-SFHC-TEXT-197-ENT-2492,style_formula,须,须,instruction_formulae,0.7
CSQP-SFHC-TEXT-198,CSQP-SFHC-TEXT-198-ENT-2493,person,叻张居兴,张居兴,sender,0.85
CSQP-SFHC-TEXT-198,CSQP-SFHC-TEXT-198-ENT-2494,person,潮安南桂张牛牯侄儿,张牛牯侄儿,recipient,0.85
CSQP-SFHC-TEXT-198,CSQP-SFHC-TEXT-198-ENT-2495,kinship,嫂,嫂,kinship_terms,0.8
CSQP-SFHC-TEXT-198,CSQP-SFHC-TEXT-198-ENT-2496,kinship,大嫂,大嫂,kinship_terms,0.8
CSQP-SFHC-TEXT-198,CSQP-SFHC-TEXT-198-ENT-2497,kinship,兄,兄,kinship_terms,0.8
CSQP-SFHC-TEXT-198,CSQP-SFHC-TEXT-198-ENT-2498,kinship,儿,儿,kinship_terms,0.8
CSQP-SFHC-TEXT-198,CSQP-SFHC-TEXT-198-ENT-2499,kinship,侄,侄,kinship_terms,0.8
CSQP-SFHC-TEXT-198,CSQP-SFHC-TEXT-198-ENT-2500,kinship,叔,叔,kinship_terms,0.8
CSQP-SFHC-TEXT-198,CSQP-SFHC-TEXT-198-ENT-2501,date,二月十七日,二月十七日,date_text,0.75
CSQP-SFHC-TEXT-198,CSQP-SFHC-TEXT-198-ENT-2502,date,1949后,1949后,year_raw,0.75
CSQP-SFHC-TEXT-198,CSQP-SFHC-TEXT-198-ENT-2503,style_formula,寄去,寄去,remittance_formulae,0.7
CSQP-SFHC-TEXT-198,CSQP-SFHC-TEXT-198-ENT-2504,style_formula,须,须,instruction_formulae,0.7
CSQP-SFHC-TEXT-199,CSQP-SFHC-TEXT-199-ENT-2505,person,外洋丁陈氏,丁陈氏,sender,0.85
CSQP-SFHC-TEXT-199,CSQP-SFHC-TEXT-199-ENT-2506,person,潮汕家姑大人,家姑,recipient,0.85
CSQP-SFHC-TEXT-199,CSQP-SFHC-TEXT-199-ENT-2507,kinship,媳,媳,kinship_terms,0.8
CSQP-SFHC-TEXT-199,CSQP-SFHC-TEXT-199-ENT-2508,kinship,叔,叔,kinship_terms,0.8
CSQP-SFHC-TEXT-199,CSQP-SFHC-TEXT-199-ENT-2509,kinship,姑,姑,kinship_terms,0.8
CSQP-SFHC-TEXT-199,CSQP-SFHC-TEXT-199-ENT-2510,date,四月初四（1949后）,四月初四（1949后）,date_text,0.75
CSQP-SFHC-TEXT-199,CSQP-SFHC-TEXT-199-ENT-2511,date,"媳丁陈氏禀
四，初四","媳丁陈氏禀
四，初四",written_date_text,0.75
CSQP-SFHC-TEXT-199,CSQP-SFHC-TEXT-199-ENT-2512,date,1949后,1949后,year_raw,0.75
CSQP-SFHC-TEXT-199,CSQP-SFHC-TEXT-199-ENT-2513,style_formula,敬禀者,敬禀者,common_formulae,0.7
CSQP-SFHC-TEXT-199,CSQP-SFHC-TEXT-199-ENT-2514,style_formula,膝下,膝下,common_formulae,0.7
CSQP-SFHC-TEXT-199,CSQP-SFHC-TEXT-199-ENT-2515,style_formula,查收,查收,common_formulae,0.7
CSQP-SFHC-TEXT-199,CSQP-SFHC-TEXT-199-ENT-2516,style_formula,金安,金安,common_formulae,0.7
CSQP-SFHC-TEXT-199,CSQP-SFHC-TEXT-199-ENT-2517,style_formula,奉上,奉上,remittance_formulae,0.7
CSQP-SFHC-TEXT-199,CSQP-SFHC-TEXT-199-ENT-2518,style_formula,查收,查收,remittance_formulae,0.7
CSQP-SFHC-TEXT-200,CSQP-SFHC-TEXT-200-ENT-2519,person,外洋父,外洋父,sender,0.85
CSQP-SFHC-TEXT-200,CSQP-SFHC-TEXT-200-ENT-2520,person,潮汕利仙、英仙女儿,利仙、英仙女儿,recipient,0.85
CSQP-SFHC-TEXT-200,CSQP-SFHC-TEXT-200-ENT-2521,kinship,嫂,嫂,kinship_terms,0.8
CSQP-SFHC-TEXT-200,CSQP-SFHC-TEXT-200-ENT-2522,kinship,妻,妻,kinship_terms,0.8
CSQP-SFHC-TEXT-200,CSQP-SFHC-TEXT-200-ENT-2523,kinship,儿,儿,kinship_terms,0.8
CSQP-SFHC-TEXT-200,CSQP-SFHC-TEXT-200-ENT-2524,date,四月七日（1949后）,四月七日（1949后）,date_text,0.75
CSQP-SFHC-TEXT-200,CSQP-SFHC-TEXT-200-ENT-2525,date,"父字
四月七日寄","父字
四月七日寄",written_date_text,0.75
CSQP-SFHC-TEXT-200,CSQP-SFHC-TEXT-200-ENT-2526,date,1949后,1949后,year_raw,0.75
CSQP-SFHC-TEXT-200,CSQP-SFHC-TEXT-200-ENT-2527,style_formula,查收,查收,common_formulae,0.7
CSQP-SFHC-TEXT-200,CSQP-SFHC-TEXT-200-ENT-2528,style_formula,寄去,寄去,remittance_formulae,0.7
CSQP-SFHC-TEXT-200,CSQP-SFHC-TEXT-200-ENT-2529,style_formula,查收,查收,remittance_formulae,0.7
CSQP-SFHC-TEXT-201,CSQP-SFHC-TEXT-201-ENT-2530,person,外洋张运俊,张运俊,sender,0.85
CSQP-SFHC-TEXT-201,CSQP-SFHC-TEXT-201-ENT-2531,person,潮汕绍娟内助,绍娟,recipient,0.85
CSQP-SFHC-TEXT-201,CSQP-SFHC-TEXT-201-ENT-2532,kinship,内助,内助,kinship_terms,0.8
CSQP-SFHC-TEXT-201,CSQP-SFHC-TEXT-201-ENT-2533,kinship,儿,儿,kinship_terms,0.8
CSQP-SFHC-TEXT-201,CSQP-SFHC-TEXT-201-ENT-2534,kinship,侄,侄,kinship_terms,0.8
CSQP-SFHC-TEXT-201,CSQP-SFHC-TEXT-201-ENT-2535,kinship,内侄,内侄,kinship_terms,0.8
CSQP-SFHC-TEXT-201,CSQP-SFHC-TEXT-201-ENT-2536,date,五月初二日（1949后）,五月初二日（1949后）,date_text,0.75
CSQP-SFHC-TEXT-201,CSQP-SFHC-TEXT-201-ENT-2537,date,"张运俊手书
五月初二日","张运俊手书
五月初二日",written_date_text,0.75
CSQP-SFHC-TEXT-201,CSQP-SFHC-TEXT-201-ENT-2538,date,1949后,1949后,year_raw,0.75
CSQP-SFHC-TEXT-201,CSQP-SFHC-TEXT-201-ENT-2539,style_formula,付去,付去,remittance_formulae,0.7
CSQP-SFHC-TEXT-201,CSQP-SFHC-TEXT-201-ENT-2540,style_formula,寄去,寄去,remittance_formulae,0.7
CSQP-SFHC-TEXT-201,CSQP-SFHC-TEXT-201-ENT-2541,style_formula,分抹,分抹,remittance_formulae,0.7
CSQP-SFHC-TEXT-201,CSQP-SFHC-TEXT-201-ENT-2542,style_formula,平安,平安,safety_formulae,0.7
CSQP-SFHC-TEXT-201,CSQP-SFHC-TEXT-201-ENT-2543,style_formula,须,须,instruction_formulae,0.7
CSQP-SFHC-TEXT-202,CSQP-SFHC-TEXT-202-ENT-2544,person,外洋杨秀兰,杨秀兰,sender,0.85
CSQP-SFHC-TEXT-202,CSQP-SFHC-TEXT-202-ENT-2545,person,潮汕楚鸿吾儿,楚鸿,recipient,0.85
CSQP-SFHC-TEXT-202,CSQP-SFHC-TEXT-202-ENT-2546,kinship,母亲,母亲,kinship_terms,0.8
CSQP-SFHC-TEXT-202,CSQP-SFHC-TEXT-202-ENT-2547,kinship,儿,儿,kinship_terms,0.8
CSQP-SFHC-TEXT-202,CSQP-SFHC-TEXT-202-ENT-2548,kinship,孙,孙,kinship_terms,0.8
CSQP-SFHC-TEXT-202,CSQP-SFHC-TEXT-202-ENT-2549,kinship,姑,姑,kinship_terms,0.8
CSQP-SFHC-TEXT-202,CSQP-SFHC-TEXT-202-ENT-2550,date,五月廿五日（1949后）,五月廿五日（1949后）,date_text,0.75
CSQP-SFHC-TEXT-202,CSQP-SFHC-TEXT-202-ENT-2551,date,1949后,1949后,year_raw,0.75
CSQP-SFHC-TEXT-202,CSQP-SFHC-TEXT-202-ENT-2552,style_formula,查收,查收,common_formulae,0.7
CSQP-SFHC-TEXT-202,CSQP-SFHC-TEXT-202-ENT-2553,style_formula,寄去,寄去,remittance_formulae,0.7
CSQP-SFHC-TEXT-202,CSQP-SFHC-TEXT-202-ENT-2554,style_formula,查收,查收,remittance_formulae,0.7
CSQP-SFHC-TEXT-202,CSQP-SFHC-TEXT-202-ENT-2555,style_formula,须,须,instruction_formulae,0.7
CSQP-SFHC-TEXT-202,CSQP-SFHC-TEXT-202-ENT-2556,style_formula,勤俭,勤俭,instruction_formulae,0.7
CSQP-SFHC-TEXT-203,CSQP-SFHC-TEXT-203-ENT-2557,person,外洋丁陈氏,丁陈氏,sender,0.85
CSQP-SFHC-TEXT-203,CSQP-SFHC-TEXT-203-ENT-2558,person,潮汕家姑大人,家姑,recipient,0.85
CSQP-SFHC-TEXT-203,CSQP-SFHC-TEXT-203-ENT-2559,kinship,媳,媳,kinship_terms,0.8
CSQP-SFHC-TEXT-203,CSQP-SFHC-TEXT-203-ENT-2560,kinship,叔,叔,kinship_terms,0.8
CSQP-SFHC-TEXT-203,CSQP-SFHC-TEXT-203-ENT-2561,kinship,姑,姑,kinship_terms,0.8
CSQP-SFHC-TEXT-203,CSQP-SFHC-TEXT-203-ENT-2562,date,五月廿九日（1949后）,五月廿九日（1949后）,date_text,0.75
CSQP-SFHC-TEXT-203,CSQP-SFHC-TEXT-203-ENT-2563,date,"媳丁陈氏禀
五，廿九","媳丁陈氏禀
五，廿九",written_date_text,0.75
CSQP-SFHC-TEXT-203,CSQP-SFHC-TEXT-203-ENT-2564,date,1949后,1949后,year_raw,0.75
CSQP-SFHC-TEXT-203,CSQP-SFHC-TEXT-203-ENT-2565,style_formula,敬禀者,敬禀者,common_formulae,0.7
CSQP-SFHC-TEXT-203,CSQP-SFHC-TEXT-203-ENT-2566,style_formula,尊前,尊前,common_formulae,0.7
CSQP-SFHC-TEXT-203,CSQP-SFHC-TEXT-203-ENT-2567,style_formula,福安,福安,common_formulae,0.7
CSQP-SFHC-TEXT-204,CSQP-SFHC-TEXT-204-ENT-2568,person,外洋父,外洋父,sender,0.85
CSQP-SFHC-TEXT-204,CSQP-SFHC-TEXT-204-ENT-2569,person,潮汕茂鉴儿,茂鉴儿,recipient,0.85
CSQP-SFHC-TEXT-204,CSQP-SFHC-TEXT-204-ENT-2570,kinship,母亲,母亲,kinship_terms,0.8
CSQP-SFHC-TEXT-204,CSQP-SFHC-TEXT-204-ENT-2571,kinship,弟,弟,kinship_terms,0.8
CSQP-SFHC-TEXT-204,CSQP-SFHC-TEXT-204-ENT-2572,kinship,儿,儿,kinship_terms,0.8
CSQP-SFHC-TEXT-204,CSQP-SFHC-TEXT-204-ENT-2573,kinship,侄,侄,kinship_terms,0.8
CSQP-SFHC-TEXT-204,CSQP-SFHC-TEXT-204-ENT-2574,date,农历五月廿九日（1949后）,农历五月廿九日（1949后）,date_text,0.75
CSQP-SFHC-TEXT-204,CSQP-SFHC-TEXT-204-ENT-2575,date,农历五月廿九日 父字,农历五月廿九日 父字,written_date_text,0.75
CSQP-SFHC-TEXT-204,CSQP-SFHC-TEXT-204-ENT-2576,date,1949后,1949后,year_raw,0.75
CSQP-SFHC-TEXT-204,CSQP-SFHC-TEXT-204-ENT-2577,style_formula,寄去,寄去,remittance_formulae,0.7
CSQP-SFHC-TEXT-204,CSQP-SFHC-TEXT-204-ENT-2578,style_formula,嘱,嘱,instruction_formulae,0.7
CSQP-SFHC-TEXT-205,CSQP-SFHC-TEXT-205-ENT-2579,person,外洋继豪,继豪,sender,0.85
CSQP-SFHC-TEXT-205,CSQP-SFHC-TEXT-205-ENT-2580,person,潮汕浩基侄儿,浩基侄儿,recipient,0.85
CSQP-SFHC-TEXT-205,CSQP-SFHC-TEXT-205-ENT-2581,kinship,祖母,祖母,kinship_terms,0.8
CSQP-SFHC-TEXT-205,CSQP-SFHC-TEXT-205-ENT-2582,kinship,弟,弟,kinship_terms,0.8
CSQP-SFHC-TEXT-205,CSQP-SFHC-TEXT-205-ENT-2583,kinship,儿,儿,kinship_terms,0.8
CSQP-SFHC-TEXT-205,CSQP-SFHC-TEXT-205-ENT-2584,kinship,侄,侄,kinship_terms,0.8
CSQP-SFHC-TEXT-205,CSQP-SFHC-TEXT-205-ENT-2585,kinship,叔,叔,kinship_terms,0.8
CSQP-SFHC-TEXT-205,CSQP-SFHC-TEXT-205-ENT-2586,date,六月初六日（1949后）,六月初六日（1949后）,date_text,0.75
CSQP-SFHC-TEXT-205,CSQP-SFHC-TEXT-205-ENT-2587,date,"愚叔继豪字
六月初六日","愚叔继豪字
六月初六日",written_date_text,0.75
CSQP-SFHC-TEXT-205,CSQP-SFHC-TEXT-205-ENT-2588,date,1949后,1949后,year_raw,0.75
CSQP-SFHC-TEXT-205,CSQP-SFHC-TEXT-205-ENT-2589,style_formula,查收,查收,common_formulae,0.7
CSQP-SFHC-TEXT-205,CSQP-SFHC-TEXT-205-ENT-2590,style_formula,寄去,寄去,remittance_formulae,0.7
CSQP-SFHC-TEXT-205,CSQP-SFHC-TEXT-205-ENT-2591,style_formula,查收,查收,remittance_formulae,0.7
CSQP-SFHC-TEXT-205,CSQP-SFHC-TEXT-205-ENT-2592,style_formula,嘱,嘱,instruction_formulae,0.7
CSQP-SFHC-TEXT-206,CSQP-SFHC-TEXT-206-ENT-2593,person,叻杨秀兰,杨秀兰,sender,0.85
CSQP-SFHC-TEXT-206,CSQP-SFHC-TEXT-206-ENT-2594,person,潮安东风乡陈楚鸿吾儿,东风乡陈楚鸿,recipient,0.85
CSQP-SFHC-TEXT-206,CSQP-SFHC-TEXT-206-ENT-2595,kinship,母亲,母亲,kinship_terms,0.8
CSQP-SFHC-TEXT-206,CSQP-SFHC-TEXT-206-ENT-2596,kinship,儿,儿,kinship_terms,0.8
CSQP-SFHC-TEXT-206,CSQP-SFHC-TEXT-206-ENT-2597,kinship,叔,叔,kinship_terms,0.8
CSQP-SFHC-TEXT-206,CSQP-SFHC-TEXT-206-ENT-2598,kinship,姑,姑,kinship_terms,0.8
CSQP-SFHC-TEXT-206,CSQP-SFHC-TEXT-206-ENT-2599,date,六月廿七日,六月廿七日,date_text,0.75
CSQP-SFHC-TEXT-206,CSQP-SFHC-TEXT-206-ENT-2600,date,1949后,1949后,year_raw,0.75
CSQP-SFHC-TEXT-206,CSQP-SFHC-TEXT-206-ENT-2601,style_formula,查收,查收,common_formulae,0.7
CSQP-SFHC-TEXT-206,CSQP-SFHC-TEXT-206-ENT-2602,style_formula,付去,付去,remittance_formulae,0.7
CSQP-SFHC-TEXT-206,CSQP-SFHC-TEXT-206-ENT-2603,style_formula,寄去,寄去,remittance_formulae,0.7
CSQP-SFHC-TEXT-206,CSQP-SFHC-TEXT-206-ENT-2604,style_formula,查收,查收,remittance_formulae,0.7
CSQP-SFHC-TEXT-206,CSQP-SFHC-TEXT-206-ENT-2605,style_formula,平安,平安,safety_formulae,0.7
CSQP-SFHC-TEXT-206,CSQP-SFHC-TEXT-206-ENT-2606,style_formula,须,须,instruction_formulae,0.7
CSQP-SFHC-TEXT-207,CSQP-SFHC-TEXT-207-ENT-2607,person,外洋永绵,永绵,sender,0.85
CSQP-SFHC-TEXT-207,CSQP-SFHC-TEXT-207-ENT-2608,person,潮汕母亲大人,母亲,recipient,0.85
CSQP-SFHC-TEXT-207,CSQP-SFHC-TEXT-207-ENT-2609,kinship,母亲,母亲,kinship_terms,0.8
CSQP-SFHC-TEXT-207,CSQP-SFHC-TEXT-207-ENT-2610,kinship,祖母,祖母,kinship_terms,0.8
CSQP-SFHC-TEXT-207,CSQP-SFHC-TEXT-207-ENT-2611,kinship,弟,弟,kinship_terms,0.8
CSQP-SFHC-TEXT-207,CSQP-SFHC-TEXT-207-ENT-2612,kinship,男,男,kinship_terms,0.8
CSQP-SFHC-TEXT-207,CSQP-SFHC-TEXT-207-ENT-2613,kinship,妹,妹,kinship_terms,0.8
CSQP-SFHC-TEXT-207,CSQP-SFHC-TEXT-207-ENT-2614,kinship,姑,姑,kinship_terms,0.8
CSQP-SFHC-TEXT-207,CSQP-SFHC-TEXT-207-ENT-2615,date,七月十三日（1949后）,七月十三日（1949后）,date_text,0.75
CSQP-SFHC-TEXT-207,CSQP-SFHC-TEXT-207-ENT-2616,date,"永绵谨禀
七月十三日","永绵谨禀
七月十三日",written_date_text,0.75
CSQP-SFHC-TEXT-207,CSQP-SFHC-TEXT-207-ENT-2617,date,1949后,1949后,year_raw,0.75
CSQP-SFHC-TEXT-207,CSQP-SFHC-TEXT-207-ENT-2618,style_formula,敬禀者,敬禀者,common_formulae,0.7
CSQP-SFHC-TEXT-207,CSQP-SFHC-TEXT-207-ENT-2619,style_formula,谨禀,谨禀,common_formulae,0.7
CSQP-SFHC-TEXT-207,CSQP-SFHC-TEXT-207-ENT-2620,style_formula,查收,查收,common_formulae,0.7
CSQP-SFHC-TEXT-207,CSQP-SFHC-TEXT-207-ENT-2621,style_formula,福安,福安,common_formulae,0.7
CSQP-SFHC-TEXT-207,CSQP-SFHC-TEXT-207-ENT-2622,style_formula,奉上,奉上,remittance_formulae,0.7
CSQP-SFHC-TEXT-207,CSQP-SFHC-TEXT-207-ENT-2623,style_formula,查收,查收,remittance_formulae,0.7
CSQP-SFHC-TEXT-207,CSQP-SFHC-TEXT-207-ENT-2624,style_formula,祈为,祈为,instruction_formulae,0.7
CSQP-SFHC-TEXT-208,CSQP-SFHC-TEXT-208-ENT-2625,person,叻陈碧心,陈碧心,sender,0.85
CSQP-SFHC-TEXT-208,CSQP-SFHC-TEXT-208-ENT-2626,person,澄邑隆都潘舜良女儿,隆都潘舜良女儿,recipient,0.85
CSQP-SFHC-TEXT-208,CSQP-SFHC-TEXT-208-ENT-2627,kinship,母亲,母亲,kinship_terms,0.8
CSQP-SFHC-TEXT-208,CSQP-SFHC-TEXT-208-ENT-2628,kinship,兄,兄,kinship_terms,0.8
CSQP-SFHC-TEXT-208,CSQP-SFHC-TEXT-208-ENT-2629,kinship,儿,儿,kinship_terms,0.8
CSQP-SFHC-TEXT-208,CSQP-SFHC-TEXT-208-ENT-2630,kinship,叔,叔,kinship_terms,0.8
CSQP-SFHC-TEXT-208,CSQP-SFHC-TEXT-208-ENT-2631,date,八月廿日,八月廿日,date_text,0.75
CSQP-SFHC-TEXT-208,CSQP-SFHC-TEXT-208-ENT-2632,date,"母亲字
八月廿日","母亲字
八月廿日",written_date_text,0.75
CSQP-SFHC-TEXT-208,CSQP-SFHC-TEXT-208-ENT-2633,date,1949后,1949后,year_raw,0.75
CSQP-SFHC-TEXT-208,CSQP-SFHC-TEXT-208-ENT-2634,style_formula,查收,查收,common_formulae,0.7
CSQP-SFHC-TEXT-208,CSQP-SFHC-TEXT-208-ENT-2635,style_formula,寄去,寄去,remittance_formulae,0.7
CSQP-SFHC-TEXT-208,CSQP-SFHC-TEXT-208-ENT-2636,style_formula,查收,查收,remittance_formulae,0.7
CSQP-SFHC-TEXT-208,CSQP-SFHC-TEXT-208-ENT-2637,style_formula,嘱,嘱,instruction_formulae,0.7
CSQP-SFHC-TEXT-209,CSQP-SFHC-TEXT-209-ENT-2638,person,外洋陈和武,陈和武,sender,0.85
CSQP-SFHC-TEXT-209,CSQP-SFHC-TEXT-209-ENT-2639,person,潮汕李氏荆妻,李氏荆妻,recipient,0.85
CSQP-SFHC-TEXT-209,CSQP-SFHC-TEXT-209-ENT-2640,kinship,妻,妻,kinship_terms,0.8
CSQP-SFHC-TEXT-209,CSQP-SFHC-TEXT-209-ENT-2641,kinship,荆妻,荆妻,kinship_terms,0.8
CSQP-SFHC-TEXT-209,CSQP-SFHC-TEXT-209-ENT-2642,kinship,叔,叔,kinship_terms,0.8
CSQP-SFHC-TEXT-209,CSQP-SFHC-TEXT-209-ENT-2643,kinship,婶,婶,kinship_terms,0.8
CSQP-SFHC-TEXT-209,CSQP-SFHC-TEXT-209-ENT-2644,kinship,姑,姑,kinship_terms,0.8
CSQP-SFHC-TEXT-209,CSQP-SFHC-TEXT-209-ENT-2645,date,十一月二日（1949后）,十一月二日（1949后）,date_text,0.75
CSQP-SFHC-TEXT-209,CSQP-SFHC-TEXT-209-ENT-2646,date,十一月二日,十一月二日,written_date_text,0.75
CSQP-SFHC-TEXT-209,CSQP-SFHC-TEXT-209-ENT-2647,date,1949后,1949后,year_raw,0.75
CSQP-SFHC-TEXT-209,CSQP-SFHC-TEXT-209-ENT-2648,style_formula,查收,查收,common_formulae,0.7
CSQP-SFHC-TEXT-209,CSQP-SFHC-TEXT-209-ENT-2649,style_formula,付去,付去,remittance_formulae,0.7
CSQP-SFHC-TEXT-209,CSQP-SFHC-TEXT-209-ENT-2650,style_formula,查收,查收,remittance_formulae,0.7
CSQP-SFHC-TEXT-209,CSQP-SFHC-TEXT-209-ENT-2651,style_formula,平安,平安,safety_formulae,0.7
CSQP-SFHC-TEXT-210,CSQP-SFHC-TEXT-210-ENT-2652,person,香蔡得钦,蔡得钦,sender,0.85
CSQP-SFHC-TEXT-210,CSQP-SFHC-TEXT-210-ENT-2653,person,潮安登隆都蔡永钦先生,登隆都蔡永钦,recipient,0.85
CSQP-SFHC-TEXT-210,CSQP-SFHC-TEXT-210-ENT-2654,kinship,兄,兄,kinship_terms,0.8
CSQP-SFHC-TEXT-210,CSQP-SFHC-TEXT-210-ENT-2655,kinship,弟,弟,kinship_terms,0.8
CSQP-SFHC-TEXT-210,CSQP-SFHC-TEXT-210-ENT-2656,date,十一月廿二,十一月廿二,date_text,0.75
CSQP-SFHC-TEXT-210,CSQP-SFHC-TEXT-210-ENT-2657,date,"弟得钦启
十一，廿二","弟得钦启
十一，廿二",written_date_text,0.75
CSQP-SFHC-TEXT-210,CSQP-SFHC-TEXT-210-ENT-2658,date,1949后,1949后,year_raw,0.75
CSQP-SFHC-TEXT-210,CSQP-SFHC-TEXT-210-ENT-2659,style_formula,寄上,寄上,remittance_formulae,0.7
CSQP-SFHC-TEXT-211,CSQP-SFHC-TEXT-211-ENT-2660,person,外洋巧仙,巧仙,sender,0.85
CSQP-SFHC-TEXT-211,CSQP-SFHC-TEXT-211-ENT-2661,person,潮汕双亲大人,双亲,recipient,0.85
CSQP-SFHC-TEXT-211,CSQP-SFHC-TEXT-211-ENT-2662,kinship,慈亲,慈亲,kinship_terms,0.8
CSQP-SFHC-TEXT-211,CSQP-SFHC-TEXT-211-ENT-2663,kinship,双亲,双亲,kinship_terms,0.8
CSQP-SFHC-TEXT-211,CSQP-SFHC-TEXT-211-ENT-2664,kinship,祖母,祖母,kinship_terms,0.8
CSQP-SFHC-TEXT-211,CSQP-SFHC-TEXT-211-ENT-2665,date,十一月廿七日（1949后）,十一月廿七日（1949后）,date_text,0.75
CSQP-SFHC-TEXT-211,CSQP-SFHC-TEXT-211-ENT-2666,date,"女巧仙禀上
十一月廿七日","女巧仙禀上
十一月廿七日",written_date_text,0.75
CSQP-SFHC-TEXT-211,CSQP-SFHC-TEXT-211-ENT-2667,date,1949后,1949后,year_raw,0.75
CSQP-SFHC-TEXT-211,CSQP-SFHC-TEXT-211-ENT-2668,style_formula,尊前,尊前,common_formulae,0.7
CSQP-SFHC-TEXT-211,CSQP-SFHC-TEXT-211-ENT-2669,style_formula,福安,福安,common_formulae,0.7
CSQP-SFHC-TEXT-211,CSQP-SFHC-TEXT-211-ENT-2670,style_formula,容后,容后,common_formulae,0.7
CSQP-SFHC-TEXT-211,CSQP-SFHC-TEXT-211-ENT-2671,style_formula,起居,起居,safety_formulae,0.7
CSQP-SFHC-TEXT-212,CSQP-SFHC-TEXT-212-ENT-2672,person,黄万权,黄万权,sender,0.85
CSQP-SFHC-TEXT-212,CSQP-SFHC-TEXT-212-ENT-2673,person,澄属南砂乡林宅岳母大人,澄属南砂乡林宅岳母,recipient,0.85
CSQP-SFHC-TEXT-212,CSQP-SFHC-TEXT-212-ENT-2674,kinship,岳母,岳母,kinship_terms,0.8
CSQP-SFHC-TEXT-212,CSQP-SFHC-TEXT-212-ENT-2675,kinship,兄,兄,kinship_terms,0.8
CSQP-SFHC-TEXT-212,CSQP-SFHC-TEXT-212-ENT-2676,kinship,侄,侄,kinship_terms,0.8
CSQP-SFHC-TEXT-212,CSQP-SFHC-TEXT-212-ENT-2677,kinship,媳,媳,kinship_terms,0.8
CSQP-SFHC-TEXT-212,CSQP-SFHC-TEXT-212-ENT-2678,kinship,妹,妹,kinship_terms,0.8
CSQP-SFHC-TEXT-212,CSQP-SFHC-TEXT-212-ENT-2679,kinship,姑,姑,kinship_terms,0.8
CSQP-SFHC-TEXT-212,CSQP-SFHC-TEXT-212-ENT-2680,date,农历十二月十二日,农历十二月十二日,date_text,0.75
CSQP-SFHC-TEXT-212,CSQP-SFHC-TEXT-212-ENT-2681,date,"婿喜林、女银莲仝禀
农历十二月十二日","婿喜林、女银莲仝禀
农历十二月十二日",written_date_text,0.75
CSQP-SFHC-TEXT-212,CSQP-SFHC-TEXT-212-ENT-2682,date,1949后,1949后,year_raw,0.75
CSQP-SFHC-TEXT-212,CSQP-SFHC-TEXT-212-ENT-2683,style_formula,敬禀者,敬禀者,common_formulae,0.7
CSQP-SFHC-TEXT-212,CSQP-SFHC-TEXT-212-ENT-2684,style_formula,膝下,膝下,common_formulae,0.7
CSQP-SFHC-TEXT-212,CSQP-SFHC-TEXT-212-ENT-2685,style_formula,金安,金安,common_formulae,0.7
CSQP-SFHC-TEXT-213,CSQP-SFHC-TEXT-213-ENT-2686,person,（1949后）外洋张茂□,张茂□,sender,0.85
CSQP-SFHC-TEXT-213,CSQP-SFHC-TEXT-213-ENT-2687,person,潮汕祖母大人,祖母,recipient,0.85
CSQP-SFHC-TEXT-213,CSQP-SFHC-TEXT-213-ENT-2688,kinship,祖母,祖母,kinship_terms,0.8
CSQP-SFHC-TEXT-213,CSQP-SFHC-TEXT-213-ENT-2689,kinship,男,男,kinship_terms,0.8
CSQP-SFHC-TEXT-213,CSQP-SFHC-TEXT-213-ENT-2690,kinship,孙,孙,kinship_terms,0.8
CSQP-SFHC-TEXT-213,CSQP-SFHC-TEXT-213-ENT-2691,kinship,姑,姑,kinship_terms,0.8
CSQP-SFHC-TEXT-213,CSQP-SFHC-TEXT-213-ENT-2692,date,孙男张茂□禀,孙男张茂□禀,written_date_text,0.75
CSQP-SFHC-TEXT-213,CSQP-SFHC-TEXT-213-ENT-2693,date,1949后,1949后,year_raw,0.75
CSQP-SFHC-TEXT-213,CSQP-SFHC-TEXT-213-ENT-2694,style_formula,尊前,尊前,common_formulae,0.7
CSQP-SFHC-TEXT-213,CSQP-SFHC-TEXT-213-ENT-2695,style_formula,金安,金安,common_formulae,0.7
CSQP-SFHC-TEXT-213,CSQP-SFHC-TEXT-213-ENT-2696,style_formula,嘱,嘱,instruction_formulae,0.7
CSQP-SFHC-TEXT-001,CSQP-SFHC-TEXT-001-ENT-2697,place,越南,越南,title_reference,0.8
CSQP-SFHC-TEXT-001,CSQP-SFHC-TEXT-001-ENT-2698,place,海邑,广东澄海,title_reference,0.8
CSQP-SFHC-TEXT-001,CSQP-SFHC-TEXT-001-ENT-2699,place,西洋乡,广东侨乡西洋乡,title_reference,0.8
CSQP-SFHC-TEXT-001,CSQP-SFHC-TEXT-001-ENT-2700,place,越南,越南,sender,0.8
CSQP-SFHC-TEXT-001,CSQP-SFHC-TEXT-001-ENT-2701,place,海邑,广东澄海,recipient,0.8
CSQP-SFHC-TEXT-001,CSQP-SFHC-TEXT-001-ENT-2702,place,西洋乡,广东侨乡西洋乡,recipient,0.8
CSQP-SFHC-TEXT-001,CSQP-SFHC-TEXT-001-ENT-2703,place,越南,越南,body_clean,0.8
CSQP-SFHC-TEXT-001,CSQP-SFHC-TEXT-001-ENT-2704,place,海邑,广东澄海,body_clean,0.8
CSQP-SFHC-TEXT-001,CSQP-SFHC-TEXT-001-ENT-2705,place,西洋乡,广东侨乡西洋乡,body_clean,0.8
CSQP-SFHC-TEXT-001,CSQP-SFHC-TEXT-001-ENT-2706,place,越南,越南,place_mentions,0.8
CSQP-SFHC-TEXT-001,CSQP-SFHC-TEXT-001-ENT-2707,place,海邑,广东澄海,place_mentions,0.8
CSQP-SFHC-TEXT-001,CSQP-SFHC-TEXT-001-ENT-2708,place,西洋乡,广东侨乡西洋乡,place_mentions,0.8
CSQP-SFHC-TEXT-002,CSQP-SFHC-TEXT-002-ENT-2709,place,新加坡,新加坡,title_reference,0.8
CSQP-SFHC-TEXT-002,CSQP-SFHC-TEXT-002-ENT-2710,place,叻坡,新加坡,title_reference,0.8
CSQP-SFHC-TEXT-002,CSQP-SFHC-TEXT-002-ENT-2711,place,潮安,广东潮安,title_reference,0.8
CSQP-SFHC-TEXT-002,CSQP-SFHC-TEXT-002-ENT-2712,place,大寨,广东潮安大寨,title_reference,0.8
CSQP-SFHC-TEXT-002,CSQP-SFHC-TEXT-002-ENT-2713,place,叻坡,新加坡,sender,0.8
CSQP-SFHC-TEXT-002,CSQP-SFHC-TEXT-002-ENT-2714,place,叻,新加坡,sender,0.8
CSQP-SFHC-TEXT-002,CSQP-SFHC-TEXT-002-ENT-2715,place,潮安,广东潮安,recipient,0.8
CSQP-SFHC-TEXT-002,CSQP-SFHC-TEXT-002-ENT-2716,place,大寨,广东潮安大寨,recipient,0.8
CSQP-SFHC-TEXT-002,CSQP-SFHC-TEXT-002-ENT-2717,place,叻坡,新加坡,body_clean,0.8
CSQP-SFHC-TEXT-002,CSQP-SFHC-TEXT-002-ENT-2718,place,潮安,广东潮安,body_clean,0.8
CSQP-SFHC-TEXT-002,CSQP-SFHC-TEXT-002-ENT-2719,place,大寨,广东潮安大寨,body_clean,0.8
CSQP-SFHC-TEXT-002,CSQP-SFHC-TEXT-002-ENT-2720,place,新加坡,新加坡,place_mentions,0.8
CSQP-SFHC-TEXT-002,CSQP-SFHC-TEXT-002-ENT-2721,place,叻坡,新加坡,place_mentions,0.8
CSQP-SFHC-TEXT-002,CSQP-SFHC-TEXT-002-ENT-2722,place,潮安,广东潮安,place_mentions,0.8
CSQP-SFHC-TEXT-002,CSQP-SFHC-TEXT-002-ENT-2723,place,大寨,广东潮安大寨,place_mentions,0.8
CSQP-SFHC-TEXT-002,CSQP-SFHC-TEXT-002-ENT-2724,place,叻,新加坡,place_mentions,0.8
CSQP-SFHC-TEXT-003,CSQP-SFHC-TEXT-003-ENT-2725,place,新加坡,新加坡,title_reference,0.8
CSQP-SFHC-TEXT-003,CSQP-SFHC-TEXT-003-ENT-2726,place,潮安,广东潮安,title_reference,0.8
CSQP-SFHC-TEXT-003,CSQP-SFHC-TEXT-003-ENT-2727,place,大寨,广东潮安大寨,title_reference,0.8
CSQP-SFHC-TEXT-003,CSQP-SFHC-TEXT-003-ENT-2728,place,叻坡,新加坡,sender,0.8
CSQP-SFHC-TEXT-003,CSQP-SFHC-TEXT-003-ENT-2729,place,叻,新加坡,sender,0.8
CSQP-SFHC-TEXT-003,CSQP-SFHC-TEXT-003-ENT-2730,place,潮安,广东潮安,recipient,0.8
CSQP-SFHC-TEXT-003,CSQP-SFHC-TEXT-003-ENT-2731,place,大寨,广东潮安大寨,recipient,0.8
CSQP-SFHC-TEXT-003,CSQP-SFHC-TEXT-003-ENT-2732,place,叻坡,新加坡,body_clean,0.8
CSQP-SFHC-TEXT-003,CSQP-SFHC-TEXT-003-ENT-2733,place,潮安,广东潮安,body_clean,0.8
CSQP-SFHC-TEXT-003,CSQP-SFHC-TEXT-003-ENT-2734,place,大寨,广东潮安大寨,body_clean,0.8
CSQP-SFHC-TEXT-003,CSQP-SFHC-TEXT-003-ENT-2735,place,新加坡,新加坡,place_mentions,0.8
CSQP-SFHC-TEXT-003,CSQP-SFHC-TEXT-003-ENT-2736,place,叻坡,新加坡,place_mentions,0.8
CSQP-SFHC-TEXT-003,CSQP-SFHC-TEXT-003-ENT-2737,place,潮安,广东潮安,place_mentions,0.8
CSQP-SFHC-TEXT-003,CSQP-SFHC-TEXT-003-ENT-2738,place,大寨,广东潮安大寨,place_mentions,0.8
CSQP-SFHC-TEXT-003,CSQP-SFHC-TEXT-003-ENT-2739,place,叻,新加坡,place_mentions,0.8
CSQP-SFHC-TEXT-004,CSQP-SFHC-TEXT-004-ENT-2740,place,潮汕,广东侨乡,title_reference,0.8
CSQP-SFHC-TEXT-004,CSQP-SFHC-TEXT-004-ENT-2741,place,潮汕,广东侨乡,recipient,0.8
CSQP-SFHC-TEXT-004,CSQP-SFHC-TEXT-004-ENT-2742,place,潮汕,广东侨乡,place_mentions,0.8
CSQP-SFHC-TEXT-005,CSQP-SFHC-TEXT-005-ENT-2743,place,澄邑,广东澄海,title_reference,0.8
CSQP-SFHC-TEXT-005,CSQP-SFHC-TEXT-005-ENT-2744,place,澄邑,广东澄海,recipient,0.8
CSQP-SFHC-TEXT-005,CSQP-SFHC-TEXT-005-ENT-2745,place,澄邑,广东澄海,place_mentions,0.8
CSQP-SFHC-TEXT-006,CSQP-SFHC-TEXT-006-ENT-2746,place,潮汕,广东侨乡,title_reference,0.8
CSQP-SFHC-TEXT-006,CSQP-SFHC-TEXT-006-ENT-2747,place,潮汕,广东侨乡,recipient,0.8
CSQP-SFHC-TEXT-006,CSQP-SFHC-TEXT-006-ENT-2748,place,潮汕,广东侨乡,place_mentions,0.8
CSQP-SFHC-TEXT-006,CSQP-SFHC-TEXT-006-ENT-2749,place,暹,泰国,place_mentions,0.8
CSQP-SFHC-TEXT-007,CSQP-SFHC-TEXT-007-ENT-2750,place,泰国,泰国,title_reference,0.8
CSQP-SFHC-TEXT-007,CSQP-SFHC-TEXT-007-ENT-2751,place,汀邑,广东澄海,recipient,0.8
CSQP-SFHC-TEXT-007,CSQP-SFHC-TEXT-007-ENT-2752,place,汀邑,广东澄海,body_clean,0.8
CSQP-SFHC-TEXT-007,CSQP-SFHC-TEXT-007-ENT-2753,place,泰国,泰国,place_mentions,0.8
CSQP-SFHC-TEXT-007,CSQP-SFHC-TEXT-007-ENT-2754,place,汀邑,广东澄海,place_mentions,0.8
CSQP-SFHC-TEXT-007,CSQP-SFHC-TEXT-007-ENT-2755,place,暹,泰国,place_mentions,0.8
CSQP-SFHC-TEXT-008,CSQP-SFHC-TEXT-008-ENT-2756,place,潮汕,广东侨乡,title_reference,0.8
CSQP-SFHC-TEXT-008,CSQP-SFHC-TEXT-008-ENT-2757,place,潮汕,广东侨乡,recipient,0.8
CSQP-SFHC-TEXT-008,CSQP-SFHC-TEXT-008-ENT-2758,place,潮汕,广东侨乡,place_mentions,0.8
CSQP-SFHC-TEXT-009,CSQP-SFHC-TEXT-009-ENT-2759,place,澄莲,广东澄海,title_reference,0.8
CSQP-SFHC-TEXT-009,CSQP-SFHC-TEXT-009-ENT-2760,place,澄莲,广东澄海,recipient,0.8
CSQP-SFHC-TEXT-009,CSQP-SFHC-TEXT-009-ENT-2761,place,澄莲,广东澄海,place_mentions,0.8
CSQP-SFHC-TEXT-010,CSQP-SFHC-TEXT-010-ENT-2762,place,潮汕,广东侨乡,title_reference,0.8
CSQP-SFHC-TEXT-010,CSQP-SFHC-TEXT-010-ENT-2763,place,潮汕,广东侨乡,recipient,0.8
CSQP-SFHC-TEXT-010,CSQP-SFHC-TEXT-010-ENT-2764,place,潮汕,广东侨乡,place_mentions,0.8
CSQP-SFHC-TEXT-011,CSQP-SFHC-TEXT-011-ENT-2765,place,彭亨,马来西亚彭亨,title_reference,0.8
CSQP-SFHC-TEXT-011,CSQP-SFHC-TEXT-011-ENT-2766,place,潮安,广东潮安,title_reference,0.8
CSQP-SFHC-TEXT-011,CSQP-SFHC-TEXT-011-ENT-2767,place,东凤,广东潮安东凤,title_reference,0.8
CSQP-SFHC-TEXT-011,CSQP-SFHC-TEXT-011-ENT-2768,place,彭亨,马来西亚彭亨,sender,0.8
CSQP-SFHC-TEXT-011,CSQP-SFHC-TEXT-011-ENT-2769,place,潮安,广东潮安,recipient,0.8
CSQP-SFHC-TEXT-011,CSQP-SFHC-TEXT-011-ENT-2770,place,东凤,广东潮安东凤,recipient,0.8
CSQP-SFHC-TEXT-011,CSQP-SFHC-TEXT-011-ENT-2771,place,彭亨,马来西亚彭亨,body_clean,0.8
CSQP-SFHC-TEXT-011,CSQP-SFHC-TEXT-011-ENT-2772,place,嘭,马来西亚彭亨,body_clean,0.8
CSQP-SFHC-TEXT-011,CSQP-SFHC-TEXT-011-ENT-2773,place,潮安,广东潮安,body_clean,0.8
CSQP-SFHC-TEXT-011,CSQP-SFHC-TEXT-011-ENT-2774,place,东凤,广东潮安东凤,body_clean,0.8
CSQP-SFHC-TEXT-011,CSQP-SFHC-TEXT-011-ENT-2775,place,彭亨,马来西亚彭亨,place_mentions,0.8
CSQP-SFHC-TEXT-011,CSQP-SFHC-TEXT-011-ENT-2776,place,嘭,马来西亚彭亨,place_mentions,0.8
CSQP-SFHC-TEXT-011,CSQP-SFHC-TEXT-011-ENT-2777,place,潮安,广东潮安,place_mentions,0.8
CSQP-SFHC-TEXT-011,CSQP-SFHC-TEXT-011-ENT-2778,place,东凤,广东潮安东凤,place_mentions,0.8
CSQP-SFHC-TEXT-012,CSQP-SFHC-TEXT-012-ENT-2779,place,潮安,广东潮安,title_reference,0.8
CSQP-SFHC-TEXT-012,CSQP-SFHC-TEXT-012-ENT-2780,place,叻,新加坡,sender,0.8
CSQP-SFHC-TEXT-012,CSQP-SFHC-TEXT-012-ENT-2781,place,潮安,广东潮安,recipient,0.8
CSQP-SFHC-TEXT-012,CSQP-SFHC-TEXT-012-ENT-2782,place,叻坡,新加坡,body_clean,0.8
CSQP-SFHC-TEXT-012,CSQP-SFHC-TEXT-012-ENT-2783,place,叻,新加坡,body_clean,0.8
CSQP-SFHC-TEXT-012,CSQP-SFHC-TEXT-012-ENT-2784,place,叻坡,新加坡,place_mentions,0.8
CSQP-SFHC-TEXT-012,CSQP-SFHC-TEXT-012-ENT-2785,place,潮安,广东潮安,place_mentions,0.8
CSQP-SFHC-TEXT-012,CSQP-SFHC-TEXT-012-ENT-2786,place,叻,新加坡,place_mentions,0.8
CSQP-SFHC-TEXT-012,CSQP-SFHC-TEXT-012-ENT-2787,place,暹,泰国,place_mentions,0.8
CSQP-SFHC-TEXT-013,CSQP-SFHC-TEXT-013-ENT-2788,place,暹,泰国,place_mentions,0.8
CSQP-SFHC-TEXT-014,CSQP-SFHC-TEXT-014-ENT-2789,place,澄海,广东澄海,title_reference,0.8
CSQP-SFHC-TEXT-014,CSQP-SFHC-TEXT-014-ENT-2790,place,澄邑,广东澄海,recipient,0.8
CSQP-SFHC-TEXT-014,CSQP-SFHC-TEXT-014-ENT-2791,place,澄邑,广东澄海,body_clean,0.8
CSQP-SFHC-TEXT-014,CSQP-SFHC-TEXT-014-ENT-2792,place,澄海,广东澄海,place_mentions,0.8
CSQP-SFHC-TEXT-014,CSQP-SFHC-TEXT-014-ENT-2793,place,澄邑,广东澄海,place_mentions,0.8
CSQP-SFHC-TEXT-014,CSQP-SFHC-TEXT-014-ENT-2794,place,暹,泰国,place_mentions,0.8
CSQP-SFHC-TEXT-015,CSQP-SFHC-TEXT-015-ENT-2795,place,潮汕,广东侨乡,title_reference,0.8
CSQP-SFHC-TEXT-015,CSQP-SFHC-TEXT-015-ENT-2796,place,潮汕,广东侨乡,recipient,0.8
CSQP-SFHC-TEXT-015,CSQP-SFHC-TEXT-015-ENT-2797,place,潮汕,广东侨乡,place_mentions,0.8
CSQP-SFHC-TEXT-016,CSQP-SFHC-TEXT-016-ENT-2798,place,潮汕,广东侨乡,title_reference,0.8
CSQP-SFHC-TEXT-016,CSQP-SFHC-TEXT-016-ENT-2799,place,潮汕,广东侨乡,recipient,0.8
CSQP-SFHC-TEXT-016,CSQP-SFHC-TEXT-016-ENT-2800,place,潮汕,广东侨乡,place_mentions,0.8
CSQP-SFHC-TEXT-017,CSQP-SFHC-TEXT-017-ENT-2801,place,安南,越南,title_reference,0.8
CSQP-SFHC-TEXT-017,CSQP-SFHC-TEXT-017-ENT-2802,place,潮安,广东潮安,title_reference,0.8
CSQP-SFHC-TEXT-017,CSQP-SFHC-TEXT-017-ENT-2803,place,安南,越南,recipient,0.8
CSQP-SFHC-TEXT-017,CSQP-SFHC-TEXT-017-ENT-2804,place,潮安,广东潮安,recipient,0.8
CSQP-SFHC-TEXT-017,CSQP-SFHC-TEXT-017-ENT-2805,place,安南,越南,body_clean,0.8
CSQP-SFHC-TEXT-017,CSQP-SFHC-TEXT-017-ENT-2806,place,潮安,广东潮安,body_clean,0.8
CSQP-SFHC-TEXT-017,CSQP-SFHC-TEXT-017-ENT-2807,place,安南,越南,place_mentions,0.8
CSQP-SFHC-TEXT-017,CSQP-SFHC-TEXT-017-ENT-2808,place,潮安,广东潮安,place_mentions,0.8
CSQP-SFHC-TEXT-018,CSQP-SFHC-TEXT-018-ENT-2809,place,潮汕,广东侨乡,title_reference,0.8
CSQP-SFHC-TEXT-018,CSQP-SFHC-TEXT-018-ENT-2810,place,潮汕,广东侨乡,recipient,0.8
CSQP-SFHC-TEXT-018,CSQP-SFHC-TEXT-018-ENT-2811,place,潮汕,广东侨乡,place_mentions,0.8
CSQP-SFHC-TEXT-019,CSQP-SFHC-TEXT-019-ENT-2812,place,潮汕,广东侨乡,title_reference,0.8
CSQP-SFHC-TEXT-019,CSQP-SFHC-TEXT-019-ENT-2813,place,潮汕,广东侨乡,recipient,0.8
CSQP-SFHC-TEXT-019,CSQP-SFHC-TEXT-019-ENT-2814,place,潮汕,广东侨乡,place_mentions,0.8
CSQP-SFHC-TEXT-020,CSQP-SFHC-TEXT-020-ENT-2815,place,彭亨,马来西亚彭亨,title_reference,0.8
CSQP-SFHC-TEXT-020,CSQP-SFHC-TEXT-020-ENT-2816,place,潮安,广东潮安,title_reference,0.8
CSQP-SFHC-TEXT-020,CSQP-SFHC-TEXT-020-ENT-2817,place,东凤,广东潮安东凤,title_reference,0.8
CSQP-SFHC-TEXT-020,CSQP-SFHC-TEXT-020-ENT-2818,place,彭亨,马来西亚彭亨,sender,0.8
CSQP-SFHC-TEXT-020,CSQP-SFHC-TEXT-020-ENT-2819,place,潮安,广东潮安,recipient,0.8
CSQP-SFHC-TEXT-020,CSQP-SFHC-TEXT-020-ENT-2820,place,东凤,广东潮安东凤,recipient,0.8
CSQP-SFHC-TEXT-020,CSQP-SFHC-TEXT-020-ENT-2821,place,叻,新加坡,body_clean,0.8
CSQP-SFHC-TEXT-020,CSQP-SFHC-TEXT-020-ENT-2822,place,彭亨,马来西亚彭亨,place_mentions,0.8
CSQP-SFHC-TEXT-020,CSQP-SFHC-TEXT-020-ENT-2823,place,潮安,广东潮安,place_mentions,0.8
CSQP-SFHC-TEXT-020,CSQP-SFHC-TEXT-020-ENT-2824,place,东凤,广东潮安东凤,place_mentions,0.8
CSQP-SFHC-TEXT-020,CSQP-SFHC-TEXT-020-ENT-2825,place,叻,新加坡,place_mentions,0.8
CSQP-SFHC-TEXT-021,CSQP-SFHC-TEXT-021-ENT-2826,place,潮汕,广东侨乡,title_reference,0.8
CSQP-SFHC-TEXT-021,CSQP-SFHC-TEXT-021-ENT-2827,place,潮汕,广东侨乡,recipient,0.8
CSQP-SFHC-TEXT-021,CSQP-SFHC-TEXT-021-ENT-2828,place,潮汕,广东侨乡,place_mentions,0.8
CSQP-SFHC-TEXT-022,CSQP-SFHC-TEXT-022-ENT-2829,place,饶邑,广东饶平,title_reference,0.8
CSQP-SFHC-TEXT-022,CSQP-SFHC-TEXT-022-ENT-2830,place,饶邑,广东饶平,recipient,0.8
CSQP-SFHC-TEXT-022,CSQP-SFHC-TEXT-022-ENT-2831,place,饶邑,广东饶平,place_mentions,0.8
CSQP-SFHC-TEXT-022,CSQP-SFHC-TEXT-022-ENT-2832,place,暹,泰国,place_mentions,0.8
CSQP-SFHC-TEXT-023,CSQP-SFHC-TEXT-023-ENT-2833,place,暹,泰国,place_mentions,0.8
CSQP-SFHC-TEXT-024,CSQP-SFHC-TEXT-024-ENT-2834,place,汀邑,广东澄海,recipient,0.8
CSQP-SFHC-TEXT-024,CSQP-SFHC-TEXT-024-ENT-2835,place,汀邑,广东澄海,body_clean,0.8
CSQP-SFHC-TEXT-024,CSQP-SFHC-TEXT-024-ENT-2836,place,汀邑,广东澄海,place_mentions,0.8
CSQP-SFHC-TEXT-024,CSQP-SFHC-TEXT-024-ENT-2837,place,暹,泰国,place_mentions,0.8
CSQP-SFHC-TEXT-025,CSQP-SFHC-TEXT-025-ENT-2838,place,潮汕,广东侨乡,title_reference,0.8
CSQP-SFHC-TEXT-025,CSQP-SFHC-TEXT-025-ENT-2839,place,潮汕,广东侨乡,recipient,0.8
CSQP-SFHC-TEXT-025,CSQP-SFHC-TEXT-025-ENT-2840,place,潮汕,广东侨乡,place_mentions,0.8
CSQP-SFHC-TEXT-026,CSQP-SFHC-TEXT-026-ENT-2841,place,潮汕,广东侨乡,title_reference,0.8
CSQP-SFHC-TEXT-026,CSQP-SFHC-TEXT-026-ENT-2842,place,潮汕,广东侨乡,recipient,0.8
CSQP-SFHC-TEXT-026,CSQP-SFHC-TEXT-026-ENT-2843,place,潮汕,广东侨乡,place_mentions,0.8
CSQP-SFHC-TEXT-027,CSQP-SFHC-TEXT-027-ENT-2844,place,澄莲,广东澄海,title_reference,0.8
CSQP-SFHC-TEXT-027,CSQP-SFHC-TEXT-027-ENT-2845,place,澄莲,广东澄海,recipient,0.8
CSQP-SFHC-TEXT-027,CSQP-SFHC-TEXT-027-ENT-2846,place,澄莲,广东澄海,place_mentions,0.8
CSQP-SFHC-TEXT-028,CSQP-SFHC-TEXT-028-ENT-2847,place,潮汕,广东侨乡,title_reference,0.8
CSQP-SFHC-TEXT-028,CSQP-SFHC-TEXT-028-ENT-2848,place,潮汕,广东侨乡,recipient,0.8
CSQP-SFHC-TEXT-028,CSQP-SFHC-TEXT-028-ENT-2849,place,叻,新加坡,body_clean,0.8
CSQP-SFHC-TEXT-028,CSQP-SFHC-TEXT-028-ENT-2850,place,潮汕,广东侨乡,place_mentions,0.8
CSQP-SFHC-TEXT-028,CSQP-SFHC-TEXT-028-ENT-2851,place,叻,新加坡,place_mentions,0.8
CSQP-SFHC-TEXT-029,CSQP-SFHC-TEXT-029-ENT-2852,place,澄邑,广东澄海,title_reference,0.8
CSQP-SFHC-TEXT-029,CSQP-SFHC-TEXT-029-ENT-2853,place,澄邑,广东澄海,recipient,0.8
CSQP-SFHC-TEXT-029,CSQP-SFHC-TEXT-029-ENT-2854,place,澄邑,广东澄海,body_clean,0.8
CSQP-SFHC-TEXT-029,CSQP-SFHC-TEXT-029-ENT-2855,place,澄邑,广东澄海,place_mentions,0.8
CSQP-SFHC-TEXT-030,CSQP-SFHC-TEXT-030-ENT-2856,place,澄莲,广东澄海,title_reference,0.8
CSQP-SFHC-TEXT-030,CSQP-SFHC-TEXT-030-ENT-2857,place,澄莲,广东澄海,recipient,0.8
CSQP-SFHC-TEXT-030,CSQP-SFHC-TEXT-030-ENT-2858,place,澄莲,广东澄海,body_clean,0.8
CSQP-SFHC-TEXT-030,CSQP-SFHC-TEXT-030-ENT-2859,place,澄莲,广东澄海,place_mentions,0.8
CSQP-SFHC-TEXT-031,CSQP-SFHC-TEXT-031-ENT-2860,place,潮汕,广东侨乡,title_reference,0.8
CSQP-SFHC-TEXT-031,CSQP-SFHC-TEXT-031-ENT-2861,place,潮汕,广东侨乡,recipient,0.8
CSQP-SFHC-TEXT-031,CSQP-SFHC-TEXT-031-ENT-2862,place,潮汕,广东侨乡,place_mentions,0.8
CSQP-SFHC-TEXT-031,CSQP-SFHC-TEXT-031-ENT-2863,place,暹,泰国,place_mentions,0.8
CSQP-SFHC-TEXT-032,CSQP-SFHC-TEXT-032-ENT-2864,place,潮汕,广东侨乡,title_reference,0.8
CSQP-SFHC-TEXT-032,CSQP-SFHC-TEXT-032-ENT-2865,place,潮汕,广东侨乡,recipient,0.8
CSQP-SFHC-TEXT-032,CSQP-SFHC-TEXT-032-ENT-2866,place,潮汕,广东侨乡,place_mentions,0.8
CSQP-SFHC-TEXT-033,CSQP-SFHC-TEXT-033-ENT-2867,place,潮安,广东潮安,title_reference,0.8
CSQP-SFHC-TEXT-033,CSQP-SFHC-TEXT-033-ENT-2868,place,潮安,广东潮安,recipient,0.8
CSQP-SFHC-TEXT-033,CSQP-SFHC-TEXT-033-ENT-2869,place,潮安,广东潮安,body_clean,0.8
CSQP-SFHC-TEXT-033,CSQP-SFHC-TEXT-033-ENT-2870,place,潮安,广东潮安,place_mentions,0.8
CSQP-SFHC-TEXT-034,CSQP-SFHC-TEXT-034-ENT-2871,place,汀邑,广东澄海,recipient,0.8
CSQP-SFHC-TEXT-034,CSQP-SFHC-TEXT-034-ENT-2872,place,汀邑,广东澄海,body_clean,0.8
CSQP-SFHC-TEXT-034,CSQP-SFHC-TEXT-034-ENT-2873,place,汀邑,广东澄海,place_mentions,0.8
CSQP-SFHC-TEXT-035,CSQP-SFHC-TEXT-035-ENT-2874,place,潮汕,广东侨乡,title_reference,0.8
CSQP-SFHC-TEXT-035,CSQP-SFHC-TEXT-035-ENT-2875,place,潮汕,广东侨乡,recipient,0.8
CSQP-SFHC-TEXT-035,CSQP-SFHC-TEXT-035-ENT-2876,place,潮汕,广东侨乡,place_mentions,0.8
CSQP-SFHC-TEXT-036,CSQP-SFHC-TEXT-036-ENT-2877,place,潮安,广东潮安,title_reference,0.8
CSQP-SFHC-TEXT-036,CSQP-SFHC-TEXT-036-ENT-2878,place,东凤,广东潮安东凤,title_reference,0.8
CSQP-SFHC-TEXT-036,CSQP-SFHC-TEXT-036-ENT-2879,place,潮安,广东潮安,recipient,0.8
CSQP-SFHC-TEXT-036,CSQP-SFHC-TEXT-036-ENT-2880,place,潮安,广东潮安,body_clean,0.8
CSQP-SFHC-TEXT-036,CSQP-SFHC-TEXT-036-ENT-2881,place,潮安,广东潮安,place_mentions,0.8
CSQP-SFHC-TEXT-036,CSQP-SFHC-TEXT-036-ENT-2882,place,东凤,广东潮安东凤,place_mentions,0.8
CSQP-SFHC-TEXT-037,CSQP-SFHC-TEXT-037-ENT-2883,place,潮汕,广东侨乡,title_reference,0.8
CSQP-SFHC-TEXT-037,CSQP-SFHC-TEXT-037-ENT-2884,place,潮汕,广东侨乡,recipient,0.8
CSQP-SFHC-TEXT-037,CSQP-SFHC-TEXT-037-ENT-2885,place,潮汕,广东侨乡,place_mentions,0.8
CSQP-SFHC-TEXT-038,CSQP-SFHC-TEXT-038-ENT-2886,place,潮安,广东潮安,title_reference,0.8
CSQP-SFHC-TEXT-038,CSQP-SFHC-TEXT-038-ENT-2887,place,叻,新加坡,sender,0.8
CSQP-SFHC-TEXT-038,CSQP-SFHC-TEXT-038-ENT-2888,place,潮安,广东潮安,recipient,0.8
CSQP-SFHC-TEXT-038,CSQP-SFHC-TEXT-038-ENT-2889,place,潮安,广东潮安,body_clean,0.8
CSQP-SFHC-TEXT-038,CSQP-SFHC-TEXT-038-ENT-2890,place,潮安,广东潮安,place_mentions,0.8
CSQP-SFHC-TEXT-038,CSQP-SFHC-TEXT-038-ENT-2891,place,叻,新加坡,place_mentions,0.8
CSQP-SFHC-TEXT-039,CSQP-SFHC-TEXT-039-ENT-2892,place,潮安,广东潮安,title_reference,0.8
CSQP-SFHC-TEXT-039,CSQP-SFHC-TEXT-039-ENT-2893,place,东凤,广东潮安东凤,title_reference,0.8
CSQP-SFHC-TEXT-039,CSQP-SFHC-TEXT-039-ENT-2894,place,叻,新加坡,sender,0.8
CSQP-SFHC-TEXT-039,CSQP-SFHC-TEXT-039-ENT-2895,place,潮安,广东潮安,recipient,0.8
CSQP-SFHC-TEXT-039,CSQP-SFHC-TEXT-039-ENT-2896,place,潮安,广东潮安,body_clean,0.8
CSQP-SFHC-TEXT-039,CSQP-SFHC-TEXT-039-ENT-2897,place,潮安,广东潮安,place_mentions,0.8
CSQP-SFHC-TEXT-039,CSQP-SFHC-TEXT-039-ENT-2898,place,东凤,广东潮安东凤,place_mentions,0.8
CSQP-SFHC-TEXT-039,CSQP-SFHC-TEXT-039-ENT-2899,place,叻,新加坡,place_mentions,0.8
CSQP-SFHC-TEXT-040,CSQP-SFHC-TEXT-040-ENT-2900,place,潮汕,广东侨乡,title_reference,0.8
CSQP-SFHC-TEXT-040,CSQP-SFHC-TEXT-040-ENT-2901,place,潮汕,广东侨乡,recipient,0.8
CSQP-SFHC-TEXT-040,CSQP-SFHC-TEXT-040-ENT-2902,place,潮汕,广东侨乡,place_mentions,0.8
CSQP-SFHC-TEXT-041,CSQP-SFHC-TEXT-041-ENT-2903,place,潮安,广东潮安,title_reference,0.8
CSQP-SFHC-TEXT-041,CSQP-SFHC-TEXT-041-ENT-2904,place,叻,新加坡,sender,0.8
CSQP-SFHC-TEXT-041,CSQP-SFHC-TEXT-041-ENT-2905,place,潮安,广东潮安,recipient,0.8
CSQP-SFHC-TEXT-041,CSQP-SFHC-TEXT-041-ENT-2906,place,潮安,广东潮安,body_clean,0.8
CSQP-SFHC-TEXT-041,CSQP-SFHC-TEXT-041-ENT-2907,place,潮安,广东潮安,place_mentions,0.8
CSQP-SFHC-TEXT-041,CSQP-SFHC-TEXT-041-ENT-2908,place,叻,新加坡,place_mentions,0.8
CSQP-SFHC-TEXT-042,CSQP-SFHC-TEXT-042-ENT-2909,place,潮汕,广东侨乡,title_reference,0.8
CSQP-SFHC-TEXT-042,CSQP-SFHC-TEXT-042-ENT-2910,place,潮汕,广东侨乡,recipient,0.8
CSQP-SFHC-TEXT-042,CSQP-SFHC-TEXT-042-ENT-2911,place,潮汕,广东侨乡,place_mentions,0.8
CSQP-SFHC-TEXT-043,CSQP-SFHC-TEXT-043-ENT-2912,place,潮汕,广东侨乡,title_reference,0.8
CSQP-SFHC-TEXT-043,CSQP-SFHC-TEXT-043-ENT-2913,place,潮汕,广东侨乡,recipient,0.8
CSQP-SFHC-TEXT-043,CSQP-SFHC-TEXT-043-ENT-2914,place,潮汕,广东侨乡,place_mentions,0.8
CSQP-SFHC-TEXT-044,CSQP-SFHC-TEXT-044-ENT-2915,place,潮汕,广东侨乡,title_reference,0.8
CSQP-SFHC-TEXT-044,CSQP-SFHC-TEXT-044-ENT-2916,place,潮汕,广东侨乡,recipient,0.8
CSQP-SFHC-TEXT-044,CSQP-SFHC-TEXT-044-ENT-2917,place,潮汕,广东侨乡,place_mentions,0.8
CSQP-SFHC-TEXT-045,CSQP-SFHC-TEXT-045-ENT-2918,place,饶邑,广东饶平,title_reference,0.8
CSQP-SFHC-TEXT-045,CSQP-SFHC-TEXT-045-ENT-2919,place,饶邑,广东饶平,recipient,0.8
CSQP-SFHC-TEXT-045,CSQP-SFHC-TEXT-045-ENT-2920,place,饶邑,广东饶平,place_mentions,0.8
CSQP-SFHC-TEXT-045,CSQP-SFHC-TEXT-045-ENT-2921,place,暹,泰国,place_mentions,0.8
CSQP-SFHC-TEXT-046,CSQP-SFHC-TEXT-046-ENT-2922,place,潮汕,广东侨乡,title_reference,0.8
CSQP-SFHC-TEXT-046,CSQP-SFHC-TEXT-046-ENT-2923,place,潮汕,广东侨乡,recipient,0.8
CSQP-SFHC-TEXT-046,CSQP-SFHC-TEXT-046-ENT-2924,place,潮汕,广东侨乡,place_mentions,0.8
CSQP-SFHC-TEXT-047,CSQP-SFHC-TEXT-047-ENT-2925,place,彭亨,马来西亚彭亨,title_reference,0.8
CSQP-SFHC-TEXT-047,CSQP-SFHC-TEXT-047-ENT-2926,place,潮安,广东潮安,title_reference,0.8
CSQP-SFHC-TEXT-047,CSQP-SFHC-TEXT-047-ENT-2927,place,东凤,广东潮安东凤,title_reference,0.8
CSQP-SFHC-TEXT-047,CSQP-SFHC-TEXT-047-ENT-2928,place,彭亨,马来西亚彭亨,sender,0.8
CSQP-SFHC-TEXT-047,CSQP-SFHC-TEXT-047-ENT-2929,place,潮安,广东潮安,recipient,0.8
CSQP-SFHC-TEXT-047,CSQP-SFHC-TEXT-047-ENT-2930,place,彭亨,马来西亚彭亨,body_clean,0.8
CSQP-SFHC-TEXT-047,CSQP-SFHC-TEXT-047-ENT-2931,place,潮安,广东潮安,body_clean,0.8
CSQP-SFHC-TEXT-047,CSQP-SFHC-TEXT-047-ENT-2932,place,彭亨,马来西亚彭亨,place_mentions,0.8
CSQP-SFHC-TEXT-047,CSQP-SFHC-TEXT-047-ENT-2933,place,潮安,广东潮安,place_mentions,0.8
CSQP-SFHC-TEXT-047,CSQP-SFHC-TEXT-047-ENT-2934,place,东凤,广东潮安东凤,place_mentions,0.8
CSQP-SFHC-TEXT-048,CSQP-SFHC-TEXT-048-ENT-2935,place,潮汕,广东侨乡,title_reference,0.8
CSQP-SFHC-TEXT-048,CSQP-SFHC-TEXT-048-ENT-2936,place,潮汕,广东侨乡,recipient,0.8
CSQP-SFHC-TEXT-048,CSQP-SFHC-TEXT-048-ENT-2937,place,潮汕,广东侨乡,place_mentions,0.8
CSQP-SFHC-TEXT-049,CSQP-SFHC-TEXT-049-ENT-2938,place,潮汕,广东侨乡,title_reference,0.8
CSQP-SFHC-TEXT-049,CSQP-SFHC-TEXT-049-ENT-2939,place,潮汕,广东侨乡,recipient,0.8
CSQP-SFHC-TEXT-049,CSQP-SFHC-TEXT-049-ENT-2940,place,潮汕,广东侨乡,place_mentions,0.8
CSQP-SFHC-TEXT-050,CSQP-SFHC-TEXT-050-ENT-2941,place,潮汕,广东侨乡,title_reference,0.8
CSQP-SFHC-TEXT-050,CSQP-SFHC-TEXT-050-ENT-2942,place,潮汕,广东侨乡,recipient,0.8
CSQP-SFHC-TEXT-050,CSQP-SFHC-TEXT-050-ENT-2943,place,潮汕,广东侨乡,place_mentions,0.8
CSQP-SFHC-TEXT-050,CSQP-SFHC-TEXT-050-ENT-2944,place,暹,泰国,place_mentions,0.8
CSQP-SFHC-TEXT-051,CSQP-SFHC-TEXT-051-ENT-2945,place,潮汕,广东侨乡,title_reference,0.8
CSQP-SFHC-TEXT-051,CSQP-SFHC-TEXT-051-ENT-2946,place,潮汕,广东侨乡,recipient,0.8
CSQP-SFHC-TEXT-051,CSQP-SFHC-TEXT-051-ENT-2947,place,潮汕,广东侨乡,place_mentions,0.8
CSQP-SFHC-TEXT-052,CSQP-SFHC-TEXT-052-ENT-2948,place,澄海,广东澄海,title_reference,0.8
CSQP-SFHC-TEXT-052,CSQP-SFHC-TEXT-052-ENT-2949,place,叻,新加坡,sender,0.8
CSQP-SFHC-TEXT-052,CSQP-SFHC-TEXT-052-ENT-2950,place,澄海,广东澄海,recipient,0.8
CSQP-SFHC-TEXT-052,CSQP-SFHC-TEXT-052-ENT-2951,place,澄海,广东澄海,body_clean,0.8
CSQP-SFHC-TEXT-052,CSQP-SFHC-TEXT-052-ENT-2952,place,叻,新加坡,body_clean,0.8
CSQP-SFHC-TEXT-052,CSQP-SFHC-TEXT-052-ENT-2953,place,澄海,广东澄海,place_mentions,0.8
CSQP-SFHC-TEXT-052,CSQP-SFHC-TEXT-052-ENT-2954,place,叻,新加坡,place_mentions,0.8
CSQP-SFHC-TEXT-053,CSQP-SFHC-TEXT-053-ENT-2955,place,潮安,广东潮安,title_reference,0.8
CSQP-SFHC-TEXT-053,CSQP-SFHC-TEXT-053-ENT-2956,place,潮安,广东潮安,sender,0.8
CSQP-SFHC-TEXT-053,CSQP-SFHC-TEXT-053-ENT-2957,place,潮安,广东潮安,body_clean,0.8
CSQP-SFHC-TEXT-053,CSQP-SFHC-TEXT-053-ENT-2958,place,潮安,广东潮安,place_mentions,0.8
CSQP-SFHC-TEXT-054,CSQP-SFHC-TEXT-054-ENT-2959,place,潮汕,广东侨乡,title_reference,0.8
CSQP-SFHC-TEXT-054,CSQP-SFHC-TEXT-054-ENT-2960,place,潮汕,广东侨乡,recipient,0.8
CSQP-SFHC-TEXT-054,CSQP-SFHC-TEXT-054-ENT-2961,place,潮汕,广东侨乡,place_mentions,0.8
CSQP-SFHC-TEXT-055,CSQP-SFHC-TEXT-055-ENT-2962,place,潮汕,广东侨乡,title_reference,0.8
CSQP-SFHC-TEXT-055,CSQP-SFHC-TEXT-055-ENT-2963,place,潮汕,广东侨乡,recipient,0.8
CSQP-SFHC-TEXT-055,CSQP-SFHC-TEXT-055-ENT-2964,place,潮汕,广东侨乡,place_mentions,0.8
CSQP-SFHC-TEXT-056,CSQP-SFHC-TEXT-056-ENT-2965,place,澄邑,广东澄海,title_reference,0.8
CSQP-SFHC-TEXT-056,CSQP-SFHC-TEXT-056-ENT-2966,place,叻,新加坡,sender,0.8
CSQP-SFHC-TEXT-056,CSQP-SFHC-TEXT-056-ENT-2967,place,澄邑,广东澄海,recipient,0.8
CSQP-SFHC-TEXT-056,CSQP-SFHC-TEXT-056-ENT-2968,place,澄邑,广东澄海,body_clean,0.8
CSQP-SFHC-TEXT-056,CSQP-SFHC-TEXT-056-ENT-2969,place,澄邑,广东澄海,place_mentions,0.8
CSQP-SFHC-TEXT-056,CSQP-SFHC-TEXT-056-ENT-2970,place,叻,新加坡,place_mentions,0.8
CSQP-SFHC-TEXT-057,CSQP-SFHC-TEXT-057-ENT-2971,place,潮汕,广东侨乡,title_reference,0.8
CSQP-SFHC-TEXT-057,CSQP-SFHC-TEXT-057-ENT-2972,place,潮汕,广东侨乡,recipient,0.8
CSQP-SFHC-TEXT-057,CSQP-SFHC-TEXT-057-ENT-2973,place,潮汕,广东侨乡,place_mentions,0.8
CSQP-SFHC-TEXT-058,CSQP-SFHC-TEXT-058-ENT-2974,place,潮汕,广东侨乡,title_reference,0.8
CSQP-SFHC-TEXT-058,CSQP-SFHC-TEXT-058-ENT-2975,place,潮汕,广东侨乡,recipient,0.8
CSQP-SFHC-TEXT-058,CSQP-SFHC-TEXT-058-ENT-2976,place,潮汕,广东侨乡,place_mentions,0.8
CSQP-SFHC-TEXT-059,CSQP-SFHC-TEXT-059-ENT-2977,place,澄邑,广东澄海,title_reference,0.8
CSQP-SFHC-TEXT-059,CSQP-SFHC-TEXT-059-ENT-2978,place,澄邑,广东澄海,recipient,0.8
CSQP-SFHC-TEXT-059,CSQP-SFHC-TEXT-059-ENT-2979,place,澄邑,广东澄海,body_clean,0.8
CSQP-SFHC-TEXT-059,CSQP-SFHC-TEXT-059-ENT-2980,place,澄邑,广东澄海,place_mentions,0.8
CSQP-SFHC-TEXT-060,CSQP-SFHC-TEXT-060-ENT-2981,place,澄邑,广东澄海,title_reference,0.8
CSQP-SFHC-TEXT-060,CSQP-SFHC-TEXT-060-ENT-2982,place,叻,新加坡,sender,0.8
CSQP-SFHC-TEXT-060,CSQP-SFHC-TEXT-060-ENT-2983,place,澄邑,广东澄海,recipient,0.8
CSQP-SFHC-TEXT-060,CSQP-SFHC-TEXT-060-ENT-2984,place,澄邑,广东澄海,body_clean,0.8
CSQP-SFHC-TEXT-060,CSQP-SFHC-TEXT-060-ENT-2985,place,汕头,广东汕头,body_clean,0.8
CSQP-SFHC-TEXT-060,CSQP-SFHC-TEXT-060-ENT-2986,place,广东,广东,body_clean,0.8
CSQP-SFHC-TEXT-060,CSQP-SFHC-TEXT-060-ENT-2987,place,澄邑,广东澄海,place_mentions,0.8
CSQP-SFHC-TEXT-060,CSQP-SFHC-TEXT-060-ENT-2988,place,汕头,广东汕头,place_mentions,0.8
CSQP-SFHC-TEXT-060,CSQP-SFHC-TEXT-060-ENT-2989,place,广东,广东,place_mentions,0.8
CSQP-SFHC-TEXT-060,CSQP-SFHC-TEXT-060-ENT-2990,place,叻,新加坡,place_mentions,0.8
CSQP-SFHC-TEXT-061,CSQP-SFHC-TEXT-061-ENT-2991,place,香港,香港,title_reference,0.8
CSQP-SFHC-TEXT-061,CSQP-SFHC-TEXT-061-ENT-2992,place,饶邑,广东饶平,title_reference,0.8
CSQP-SFHC-TEXT-061,CSQP-SFHC-TEXT-061-ENT-2993,place,香港,香港,sender,0.8
CSQP-SFHC-TEXT-061,CSQP-SFHC-TEXT-061-ENT-2994,place,饶邑,广东饶平,recipient,0.8
CSQP-SFHC-TEXT-061,CSQP-SFHC-TEXT-061-ENT-2995,place,香港,香港,body_clean,0.8
CSQP-SFHC-TEXT-061,CSQP-SFHC-TEXT-061-ENT-2996,place,饶邑,广东饶平,body_clean,0.8
CSQP-SFHC-TEXT-061,CSQP-SFHC-TEXT-061-ENT-2997,place,香港,香港,place_mentions,0.8
CSQP-SFHC-TEXT-061,CSQP-SFHC-TEXT-061-ENT-2998,place,饶邑,广东饶平,place_mentions,0.8
CSQP-SFHC-TEXT-062,CSQP-SFHC-TEXT-062-ENT-2999,place,潮汕,广东侨乡,title_reference,0.8
CSQP-SFHC-TEXT-062,CSQP-SFHC-TEXT-062-ENT-3000,place,潮汕,广东侨乡,recipient,0.8
CSQP-SFHC-TEXT-062,CSQP-SFHC-TEXT-062-ENT-3001,place,澄邑,广东澄海,body_clean,0.8
CSQP-SFHC-TEXT-062,CSQP-SFHC-TEXT-062-ENT-3002,place,澄邑,广东澄海,place_mentions,0.8
CSQP-SFHC-TEXT-062,CSQP-SFHC-TEXT-062-ENT-3003,place,潮汕,广东侨乡,place_mentions,0.8
CSQP-SFHC-TEXT-063,CSQP-SFHC-TEXT-063-ENT-3004,place,饶隆,广东饶平,title_reference,0.8
CSQP-SFHC-TEXT-063,CSQP-SFHC-TEXT-063-ENT-3005,place,饶隆,广东饶平,recipient,0.8
CSQP-SFHC-TEXT-063,CSQP-SFHC-TEXT-063-ENT-3006,place,饶隆,广东饶平,body_clean,0.8
CSQP-SFHC-TEXT-063,CSQP-SFHC-TEXT-063-ENT-3007,place,饶隆,广东饶平,place_mentions,0.8
CSQP-SFHC-TEXT-064,CSQP-SFHC-TEXT-064-ENT-3008,place,安南,越南,title_reference,0.8
CSQP-SFHC-TEXT-064,CSQP-SFHC-TEXT-064-ENT-3009,place,潮安,广东潮安,title_reference,0.8
CSQP-SFHC-TEXT-064,CSQP-SFHC-TEXT-064-ENT-3010,place,安南,越南,recipient,0.8
CSQP-SFHC-TEXT-064,CSQP-SFHC-TEXT-064-ENT-3011,place,潮安,广东潮安,recipient,0.8
CSQP-SFHC-TEXT-064,CSQP-SFHC-TEXT-064-ENT-3012,place,安南,越南,body_clean,0.8
CSQP-SFHC-TEXT-064,CSQP-SFHC-TEXT-064-ENT-3013,place,潮安,广东潮安,body_clean,0.8
CSQP-SFHC-TEXT-064,CSQP-SFHC-TEXT-064-ENT-3014,place,安南,越南,place_mentions,0.8
CSQP-SFHC-TEXT-064,CSQP-SFHC-TEXT-064-ENT-3015,place,潮安,广东潮安,place_mentions,0.8
CSQP-SFHC-TEXT-065,CSQP-SFHC-TEXT-065-ENT-3016,place,潮汕,广东侨乡,title_reference,0.8
CSQP-SFHC-TEXT-065,CSQP-SFHC-TEXT-065-ENT-3017,place,潮汕,广东侨乡,recipient,0.8
CSQP-SFHC-TEXT-065,CSQP-SFHC-TEXT-065-ENT-3018,place,潮汕,广东侨乡,place_mentions,0.8
CSQP-SFHC-TEXT-066,CSQP-SFHC-TEXT-066-ENT-3019,place,饶邑,广东饶平,title_reference,0.8
CSQP-SFHC-TEXT-066,CSQP-SFHC-TEXT-066-ENT-3020,place,饶邑,广东饶平,recipient,0.8
CSQP-SFHC-TEXT-066,CSQP-SFHC-TEXT-066-ENT-3021,place,饶邑,广东饶平,body_clean,0.8
CSQP-SFHC-TEXT-066,CSQP-SFHC-TEXT-066-ENT-3022,place,饶邑,广东饶平,place_mentions,0.8
CSQP-SFHC-TEXT-067,CSQP-SFHC-TEXT-067-ENT-3023,place,饶隆,广东饶平,title_reference,0.8
CSQP-SFHC-TEXT-067,CSQP-SFHC-TEXT-067-ENT-3024,place,饶隆,广东饶平,recipient,0.8
CSQP-SFHC-TEXT-067,CSQP-SFHC-TEXT-067-ENT-3025,place,饶隆,广东饶平,body_clean,0.8
CSQP-SFHC-TEXT-067,CSQP-SFHC-TEXT-067-ENT-3026,place,饶隆,广东饶平,place_mentions,0.8
CSQP-SFHC-TEXT-068,CSQP-SFHC-TEXT-068-ENT-3027,place,安南,越南,title_reference,0.8
CSQP-SFHC-TEXT-068,CSQP-SFHC-TEXT-068-ENT-3028,place,潮安,广东潮安,title_reference,0.8
CSQP-SFHC-TEXT-068,CSQP-SFHC-TEXT-068-ENT-3029,place,安南,越南,recipient,0.8
CSQP-SFHC-TEXT-068,CSQP-SFHC-TEXT-068-ENT-3030,place,潮安,广东潮安,recipient,0.8
CSQP-SFHC-TEXT-068,CSQP-SFHC-TEXT-068-ENT-3031,place,安南,越南,body_clean,0.8
CSQP-SFHC-TEXT-068,CSQP-SFHC-TEXT-068-ENT-3032,place,潮安,广东潮安,body_clean,0.8
CSQP-SFHC-TEXT-068,CSQP-SFHC-TEXT-068-ENT-3033,place,安南,越南,place_mentions,0.8
CSQP-SFHC-TEXT-068,CSQP-SFHC-TEXT-068-ENT-3034,place,潮安,广东潮安,place_mentions,0.8
CSQP-SFHC-TEXT-069,CSQP-SFHC-TEXT-069-ENT-3035,place,潮汕,广东侨乡,title_reference,0.8
CSQP-SFHC-TEXT-069,CSQP-SFHC-TEXT-069-ENT-3036,place,潮汕,广东侨乡,recipient,0.8
CSQP-SFHC-TEXT-069,CSQP-SFHC-TEXT-069-ENT-3037,place,潮汕,广东侨乡,place_mentions,0.8
CSQP-SFHC-TEXT-070,CSQP-SFHC-TEXT-070-ENT-3038,place,潮安,广东潮安,title_reference,0.8
CSQP-SFHC-TEXT-070,CSQP-SFHC-TEXT-070-ENT-3039,place,西洋乡,广东侨乡西洋乡,title_reference,0.8
CSQP-SFHC-TEXT-070,CSQP-SFHC-TEXT-070-ENT-3040,place,叻,新加坡,sender,0.8
CSQP-SFHC-TEXT-070,CSQP-SFHC-TEXT-070-ENT-3041,place,潮安,广东潮安,recipient,0.8
CSQP-SFHC-TEXT-070,CSQP-SFHC-TEXT-070-ENT-3042,place,西洋乡,广东侨乡西洋乡,recipient,0.8
CSQP-SFHC-TEXT-070,CSQP-SFHC-TEXT-070-ENT-3043,place,潮安,广东潮安,body_clean,0.8
CSQP-SFHC-TEXT-070,CSQP-SFHC-TEXT-070-ENT-3044,place,西洋乡,广东侨乡西洋乡,body_clean,0.8
CSQP-SFHC-TEXT-070,CSQP-SFHC-TEXT-070-ENT-3045,place,潮安,广东潮安,place_mentions,0.8
CSQP-SFHC-TEXT-070,CSQP-SFHC-TEXT-070-ENT-3046,place,西洋乡,广东侨乡西洋乡,place_mentions,0.8
CSQP-SFHC-TEXT-070,CSQP-SFHC-TEXT-070-ENT-3047,place,叻,新加坡,place_mentions,0.8
CSQP-SFHC-TEXT-071,CSQP-SFHC-TEXT-071-ENT-3048,place,澄邑,广东澄海,title_reference,0.8
CSQP-SFHC-TEXT-071,CSQP-SFHC-TEXT-071-ENT-3049,place,叻,新加坡,sender,0.8
CSQP-SFHC-TEXT-071,CSQP-SFHC-TEXT-071-ENT-3050,place,澄邑,广东澄海,recipient,0.8
CSQP-SFHC-TEXT-071,CSQP-SFHC-TEXT-071-ENT-3051,place,澄邑,广东澄海,body_clean,0.8
CSQP-SFHC-TEXT-071,CSQP-SFHC-TEXT-071-ENT-3052,place,汕头,广东汕头,body_clean,0.8
CSQP-SFHC-TEXT-071,CSQP-SFHC-TEXT-071-ENT-3053,place,叻,新加坡,body_clean,0.8
CSQP-SFHC-TEXT-071,CSQP-SFHC-TEXT-071-ENT-3054,place,澄邑,广东澄海,place_mentions,0.8
CSQP-SFHC-TEXT-071,CSQP-SFHC-TEXT-071-ENT-3055,place,汕头,广东汕头,place_mentions,0.8
CSQP-SFHC-TEXT-071,CSQP-SFHC-TEXT-071-ENT-3056,place,叻,新加坡,place_mentions,0.8
CSQP-SFHC-TEXT-072,CSQP-SFHC-TEXT-072-ENT-3057,place,潮安,广东潮安,title_reference,0.8
CSQP-SFHC-TEXT-072,CSQP-SFHC-TEXT-072-ENT-3058,place,潮安,广东潮安,recipient,0.8
CSQP-SFHC-TEXT-072,CSQP-SFHC-TEXT-072-ENT-3059,place,潮安,广东潮安,body_clean,0.8
CSQP-SFHC-TEXT-072,CSQP-SFHC-TEXT-072-ENT-3060,place,叻,新加坡,body_clean,0.8
CSQP-SFHC-TEXT-072,CSQP-SFHC-TEXT-072-ENT-3061,place,潮安,广东潮安,place_mentions,0.8
CSQP-SFHC-TEXT-072,CSQP-SFHC-TEXT-072-ENT-3062,place,叻,新加坡,place_mentions,0.8
CSQP-SFHC-TEXT-073,CSQP-SFHC-TEXT-073-ENT-3063,place,潮安,广东潮安,title_reference,0.8
CSQP-SFHC-TEXT-073,CSQP-SFHC-TEXT-073-ENT-3064,place,潮安,广东潮安,recipient,0.8
CSQP-SFHC-TEXT-073,CSQP-SFHC-TEXT-073-ENT-3065,place,潮安,广东潮安,body_clean,0.8
CSQP-SFHC-TEXT-073,CSQP-SFHC-TEXT-073-ENT-3066,place,潮安,广东潮安,place_mentions,0.8
CSQP-SFHC-TEXT-074,CSQP-SFHC-TEXT-074-ENT-3067,place,汀邑,广东澄海,recipient,0.8
CSQP-SFHC-TEXT-074,CSQP-SFHC-TEXT-074-ENT-3068,place,汀邑,广东澄海,body_clean,0.8
CSQP-SFHC-TEXT-074,CSQP-SFHC-TEXT-074-ENT-3069,place,汀邑,广东澄海,place_mentions,0.8
CSQP-SFHC-TEXT-075,CSQP-SFHC-TEXT-075-ENT-3070,place,澄邑,广东澄海,title_reference,0.8
CSQP-SFHC-TEXT-075,CSQP-SFHC-TEXT-075-ENT-3071,place,澄邑,广东澄海,recipient,0.8
CSQP-SFHC-TEXT-075,CSQP-SFHC-TEXT-075-ENT-3072,place,澄邑,广东澄海,place_mentions,0.8
CSQP-SFHC-TEXT-076,CSQP-SFHC-TEXT-076-ENT-3073,place,泰国,泰国,title_reference,0.8
CSQP-SFHC-TEXT-076,CSQP-SFHC-TEXT-076-ENT-3074,place,澄邑,广东澄海,title_reference,0.8
CSQP-SFHC-TEXT-076,CSQP-SFHC-TEXT-076-ENT-3075,place,泰国,泰国,sender,0.8
CSQP-SFHC-TEXT-076,CSQP-SFHC-TEXT-076-ENT-3076,place,澄邑,广东澄海,recipient,0.8
CSQP-SFHC-TEXT-076,CSQP-SFHC-TEXT-076-ENT-3077,place,泰国,泰国,place_mentions,0.8
CSQP-SFHC-TEXT-076,CSQP-SFHC-TEXT-076-ENT-3078,place,澄邑,广东澄海,place_mentions,0.8
CSQP-SFHC-TEXT-076,CSQP-SFHC-TEXT-076-ENT-3079,place,暹,泰国,place_mentions,0.8
CSQP-SFHC-TEXT-077,CSQP-SFHC-TEXT-077-ENT-3080,place,潮安,广东潮安,title_reference,0.8
CSQP-SFHC-TEXT-077,CSQP-SFHC-TEXT-077-ENT-3081,place,潮安,广东潮安,sender,0.8
CSQP-SFHC-TEXT-077,CSQP-SFHC-TEXT-077-ENT-3082,place,潮安,广东潮安,body_clean,0.8
CSQP-SFHC-TEXT-077,CSQP-SFHC-TEXT-077-ENT-3083,place,潮安,广东潮安,place_mentions,0.8
CSQP-SFHC-TEXT-078,CSQP-SFHC-TEXT-078-ENT-3084,place,澄邑,广东澄海,title_reference,0.8
CSQP-SFHC-TEXT-078,CSQP-SFHC-TEXT-078-ENT-3085,place,澄邑,广东澄海,recipient,0.8
CSQP-SFHC-TEXT-078,CSQP-SFHC-TEXT-078-ENT-3086,place,澄邑,广东澄海,body_clean,0.8
CSQP-SFHC-TEXT-078,CSQP-SFHC-TEXT-078-ENT-3087,place,澄邑,广东澄海,place_mentions,0.8
CSQP-SFHC-TEXT-079,CSQP-SFHC-TEXT-079-ENT-3088,place,潮安,广东潮安,title_reference,0.8
CSQP-SFHC-TEXT-079,CSQP-SFHC-TEXT-079-ENT-3089,place,东凤,广东潮安东凤,title_reference,0.8
CSQP-SFHC-TEXT-079,CSQP-SFHC-TEXT-079-ENT-3090,place,叻,新加坡,sender,0.8
CSQP-SFHC-TEXT-079,CSQP-SFHC-TEXT-079-ENT-3091,place,潮安,广东潮安,recipient,0.8
CSQP-SFHC-TEXT-079,CSQP-SFHC-TEXT-079-ENT-3092,place,香港,香港,body_clean,0.8
CSQP-SFHC-TEXT-079,CSQP-SFHC-TEXT-079-ENT-3093,place,潮安,广东潮安,body_clean,0.8
CSQP-SFHC-TEXT-079,CSQP-SFHC-TEXT-079-ENT-3094,place,叻,新加坡,body_clean,0.8
CSQP-SFHC-TEXT-079,CSQP-SFHC-TEXT-079-ENT-3095,place,香港,香港,place_mentions,0.8
CSQP-SFHC-TEXT-079,CSQP-SFHC-TEXT-079-ENT-3096,place,潮安,广东潮安,place_mentions,0.8
CSQP-SFHC-TEXT-079,CSQP-SFHC-TEXT-079-ENT-3097,place,东凤,广东潮安东凤,place_mentions,0.8
CSQP-SFHC-TEXT-079,CSQP-SFHC-TEXT-079-ENT-3098,place,叻,新加坡,place_mentions,0.8
CSQP-SFHC-TEXT-080,CSQP-SFHC-TEXT-080-ENT-3099,place,潮安,广东潮安,title_reference,0.8
CSQP-SFHC-TEXT-080,CSQP-SFHC-TEXT-080-ENT-3100,place,叻,新加坡,sender,0.8
CSQP-SFHC-TEXT-080,CSQP-SFHC-TEXT-080-ENT-3101,place,潮安,广东潮安,recipient,0.8
CSQP-SFHC-TEXT-080,CSQP-SFHC-TEXT-080-ENT-3102,place,潮安,广东潮安,body_clean,0.8
CSQP-SFHC-TEXT-080,CSQP-SFHC-TEXT-080-ENT-3103,place,潮安,广东潮安,place_mentions,0.8
CSQP-SFHC-TEXT-080,CSQP-SFHC-TEXT-080-ENT-3104,place,叻,新加坡,place_mentions,0.8
CSQP-SFHC-TEXT-081,CSQP-SFHC-TEXT-081-ENT-3105,place,潮汕,广东侨乡,title_reference,0.8
CSQP-SFHC-TEXT-081,CSQP-SFHC-TEXT-081-ENT-3106,place,潮汕,广东侨乡,recipient,0.8
CSQP-SFHC-TEXT-081,CSQP-SFHC-TEXT-081-ENT-3107,place,潮汕,广东侨乡,place_mentions,0.8
CSQP-SFHC-TEXT-082,CSQP-SFHC-TEXT-082-ENT-3108,place,潮安,广东潮安,title_reference,0.8
CSQP-SFHC-TEXT-082,CSQP-SFHC-TEXT-082-ENT-3109,place,东凤,广东潮安东凤,title_reference,0.8
CSQP-SFHC-TEXT-082,CSQP-SFHC-TEXT-082-ENT-3110,place,叻,新加坡,sender,0.8
CSQP-SFHC-TEXT-082,CSQP-SFHC-TEXT-082-ENT-3111,place,潮安,广东潮安,recipient,0.8
CSQP-SFHC-TEXT-082,CSQP-SFHC-TEXT-082-ENT-3112,place,东凤,广东潮安东凤,recipient,0.8
CSQP-SFHC-TEXT-082,CSQP-SFHC-TEXT-082-ENT-3113,place,潮安,广东潮安,body_clean,0.8
CSQP-SFHC-TEXT-082,CSQP-SFHC-TEXT-082-ENT-3114,place,东凤,广东潮安东凤,body_clean,0.8
CSQP-SFHC-TEXT-082,CSQP-SFHC-TEXT-082-ENT-3115,place,潮安,广东潮安,place_mentions,0.8
CSQP-SFHC-TEXT-082,CSQP-SFHC-TEXT-082-ENT-3116,place,东凤,广东潮安东凤,place_mentions,0.8
CSQP-SFHC-TEXT-082,CSQP-SFHC-TEXT-082-ENT-3117,place,叻,新加坡,place_mentions,0.8
CSQP-SFHC-TEXT-083,CSQP-SFHC-TEXT-083-ENT-3118,place,饶邑,广东饶平,title_reference,0.8
CSQP-SFHC-TEXT-083,CSQP-SFHC-TEXT-083-ENT-3119,place,叻,新加坡,sender,0.8
CSQP-SFHC-TEXT-083,CSQP-SFHC-TEXT-083-ENT-3120,place,饶邑,广东饶平,recipient,0.8
CSQP-SFHC-TEXT-083,CSQP-SFHC-TEXT-083-ENT-3121,place,暹罗,泰国,body_clean,0.8
CSQP-SFHC-TEXT-083,CSQP-SFHC-TEXT-083-ENT-3122,place,安南,越南,body_clean,0.8
CSQP-SFHC-TEXT-083,CSQP-SFHC-TEXT-083-ENT-3123,place,槟城,马来西亚槟城,body_clean,0.8
CSQP-SFHC-TEXT-083,CSQP-SFHC-TEXT-083-ENT-3124,place,仰光,缅甸仰光,body_clean,0.8
CSQP-SFHC-TEXT-083,CSQP-SFHC-TEXT-083-ENT-3125,place,饶邑,广东饶平,body_clean,0.8
CSQP-SFHC-TEXT-083,CSQP-SFHC-TEXT-083-ENT-3126,place,暹罗,泰国,place_mentions,0.8
CSQP-SFHC-TEXT-083,CSQP-SFHC-TEXT-083-ENT-3127,place,安南,越南,place_mentions,0.8
CSQP-SFHC-TEXT-083,CSQP-SFHC-TEXT-083-ENT-3128,place,槟城,马来西亚槟城,place_mentions,0.8
CSQP-SFHC-TEXT-083,CSQP-SFHC-TEXT-083-ENT-3129,place,仰光,缅甸仰光,place_mentions,0.8
CSQP-SFHC-TEXT-083,CSQP-SFHC-TEXT-083-ENT-3130,place,饶邑,广东饶平,place_mentions,0.8
CSQP-SFHC-TEXT-083,CSQP-SFHC-TEXT-083-ENT-3131,place,叻,新加坡,place_mentions,0.8
CSQP-SFHC-TEXT-083,CSQP-SFHC-TEXT-083-ENT-3132,place,暹,泰国,place_mentions,0.8
CSQP-SFHC-TEXT-084,CSQP-SFHC-TEXT-084-ENT-3133,place,潮汕,广东侨乡,title_reference,0.8
CSQP-SFHC-TEXT-084,CSQP-SFHC-TEXT-084-ENT-3134,place,潮汕,广东侨乡,recipient,0.8
CSQP-SFHC-TEXT-084,CSQP-SFHC-TEXT-084-ENT-3135,place,潮汕,广东侨乡,place_mentions,0.8
CSQP-SFHC-TEXT-085,CSQP-SFHC-TEXT-085-ENT-3136,place,安南,越南,title_reference,0.8
CSQP-SFHC-TEXT-085,CSQP-SFHC-TEXT-085-ENT-3137,place,潮安,广东潮安,title_reference,0.8
CSQP-SFHC-TEXT-085,CSQP-SFHC-TEXT-085-ENT-3138,place,叻,新加坡,sender,0.8
CSQP-SFHC-TEXT-085,CSQP-SFHC-TEXT-085-ENT-3139,place,安南,越南,recipient,0.8
CSQP-SFHC-TEXT-085,CSQP-SFHC-TEXT-085-ENT-3140,place,潮安,广东潮安,recipient,0.8
CSQP-SFHC-TEXT-085,CSQP-SFHC-TEXT-085-ENT-3141,place,安南,越南,body_clean,0.8
CSQP-SFHC-TEXT-085,CSQP-SFHC-TEXT-085-ENT-3142,place,潮安,广东潮安,body_clean,0.8
CSQP-SFHC-TEXT-085,CSQP-SFHC-TEXT-085-ENT-3143,place,安南,越南,place_mentions,0.8
CSQP-SFHC-TEXT-085,CSQP-SFHC-TEXT-085-ENT-3144,place,潮安,广东潮安,place_mentions,0.8
CSQP-SFHC-TEXT-085,CSQP-SFHC-TEXT-085-ENT-3145,place,叻,新加坡,place_mentions,0.8
CSQP-SFHC-TEXT-086,CSQP-SFHC-TEXT-086-ENT-3146,place,饶邑,广东饶平,title_reference,0.8
CSQP-SFHC-TEXT-086,CSQP-SFHC-TEXT-086-ENT-3147,place,叻,新加坡,sender,0.8
CSQP-SFHC-TEXT-086,CSQP-SFHC-TEXT-086-ENT-3148,place,饶邑,广东饶平,recipient,0.8
CSQP-SFHC-TEXT-086,CSQP-SFHC-TEXT-086-ENT-3149,place,仰光,缅甸仰光,body_clean,0.8
CSQP-SFHC-TEXT-086,CSQP-SFHC-TEXT-086-ENT-3150,place,饶邑,广东饶平,body_clean,0.8
CSQP-SFHC-TEXT-086,CSQP-SFHC-TEXT-086-ENT-3151,place,叻,新加坡,body_clean,0.8
CSQP-SFHC-TEXT-086,CSQP-SFHC-TEXT-086-ENT-3152,place,仰光,缅甸仰光,place_mentions,0.8
CSQP-SFHC-TEXT-086,CSQP-SFHC-TEXT-086-ENT-3153,place,饶邑,广东饶平,place_mentions,0.8
CSQP-SFHC-TEXT-086,CSQP-SFHC-TEXT-086-ENT-3154,place,叻,新加坡,place_mentions,0.8
CSQP-SFHC-TEXT-087,CSQP-SFHC-TEXT-087-ENT-3155,place,安南,越南,title_reference,0.8
CSQP-SFHC-TEXT-087,CSQP-SFHC-TEXT-087-ENT-3156,place,潮安,广东潮安,title_reference,0.8
CSQP-SFHC-TEXT-087,CSQP-SFHC-TEXT-087-ENT-3157,place,叻,新加坡,sender,0.8
CSQP-SFHC-TEXT-087,CSQP-SFHC-TEXT-087-ENT-3158,place,安南,越南,recipient,0.8
CSQP-SFHC-TEXT-087,CSQP-SFHC-TEXT-087-ENT-3159,place,潮安,广东潮安,recipient,0.8
CSQP-SFHC-TEXT-087,CSQP-SFHC-TEXT-087-ENT-3160,place,安南,越南,body_clean,0.8
CSQP-SFHC-TEXT-087,CSQP-SFHC-TEXT-087-ENT-3161,place,潮安,广东潮安,body_clean,0.8
CSQP-SFHC-TEXT-087,CSQP-SFHC-TEXT-087-ENT-3162,place,安南,越南,place_mentions,0.8
CSQP-SFHC-TEXT-087,CSQP-SFHC-TEXT-087-ENT-3163,place,潮安,广东潮安,place_mentions,0.8
CSQP-SFHC-TEXT-087,CSQP-SFHC-TEXT-087-ENT-3164,place,叻,新加坡,place_mentions,0.8
CSQP-SFHC-TEXT-088,CSQP-SFHC-TEXT-088-ENT-3165,place,潮安,广东潮安,title_reference,0.8
CSQP-SFHC-TEXT-088,CSQP-SFHC-TEXT-088-ENT-3166,place,潮安,广东潮安,recipient,0.8
CSQP-SFHC-TEXT-088,CSQP-SFHC-TEXT-088-ENT-3167,place,潮安,广东潮安,body_clean,0.8
CSQP-SFHC-TEXT-088,CSQP-SFHC-TEXT-088-ENT-3168,place,潮安,广东潮安,place_mentions,0.8
CSQP-SFHC-TEXT-089,CSQP-SFHC-TEXT-089-ENT-3169,place,潮安,广东潮安,title_reference,0.8
CSQP-SFHC-TEXT-089,CSQP-SFHC-TEXT-089-ENT-3170,place,潮安,广东潮安,recipient,0.8
CSQP-SFHC-TEXT-089,CSQP-SFHC-TEXT-089-ENT-3171,place,潮安,广东潮安,place_mentions,0.8
CSQP-SFHC-TEXT-090,CSQP-SFHC-TEXT-090-ENT-3172,place,潮安,广东潮安,title_reference,0.8
CSQP-SFHC-TEXT-090,CSQP-SFHC-TEXT-090-ENT-3173,place,叻,新加坡,sender,0.8
CSQP-SFHC-TEXT-090,CSQP-SFHC-TEXT-090-ENT-3174,place,潮安,广东潮安,recipient,0.8
CSQP-SFHC-TEXT-090,CSQP-SFHC-TEXT-090-ENT-3175,place,潮安,广东潮安,body_clean,0.8
CSQP-SFHC-TEXT-090,CSQP-SFHC-TEXT-090-ENT-3176,place,潮安,广东潮安,place_mentions,0.8
CSQP-SFHC-TEXT-090,CSQP-SFHC-TEXT-090-ENT-3177,place,叻,新加坡,place_mentions,0.8
CSQP-SFHC-TEXT-091,CSQP-SFHC-TEXT-091-ENT-3178,place,槟城,马来西亚槟城,title_reference,0.8
CSQP-SFHC-TEXT-091,CSQP-SFHC-TEXT-091-ENT-3179,place,饶邑,广东饶平,title_reference,0.8
CSQP-SFHC-TEXT-091,CSQP-SFHC-TEXT-091-ENT-3180,place,槟城,马来西亚槟城,sender,0.8
CSQP-SFHC-TEXT-091,CSQP-SFHC-TEXT-091-ENT-3181,place,饶邑,广东饶平,recipient,0.8
CSQP-SFHC-TEXT-091,CSQP-SFHC-TEXT-091-ENT-3182,place,槟城,马来西亚槟城,body_clean,0.8
CSQP-SFHC-TEXT-091,CSQP-SFHC-TEXT-091-ENT-3183,place,饶邑,广东饶平,body_clean,0.8
CSQP-SFHC-TEXT-091,CSQP-SFHC-TEXT-091-ENT-3184,place,槟城,马来西亚槟城,place_mentions,0.8
CSQP-SFHC-TEXT-091,CSQP-SFHC-TEXT-091-ENT-3185,place,饶邑,广东饶平,place_mentions,0.8
CSQP-SFHC-TEXT-092,CSQP-SFHC-TEXT-092-ENT-3186,place,潮汕,广东侨乡,title_reference,0.8
CSQP-SFHC-TEXT-092,CSQP-SFHC-TEXT-092-ENT-3187,place,潮汕,广东侨乡,recipient,0.8
CSQP-SFHC-TEXT-092,CSQP-SFHC-TEXT-092-ENT-3188,place,潮汕,广东侨乡,place_mentions,0.8
CSQP-SFHC-TEXT-093,CSQP-SFHC-TEXT-093-ENT-3189,place,潮汕,广东侨乡,title_reference,0.8
CSQP-SFHC-TEXT-093,CSQP-SFHC-TEXT-093-ENT-3190,place,潮汕,广东侨乡,recipient,0.8
CSQP-SFHC-TEXT-093,CSQP-SFHC-TEXT-093-ENT-3191,place,潮汕,广东侨乡,place_mentions,0.8
CSQP-SFHC-TEXT-094,CSQP-SFHC-TEXT-094-ENT-3192,place,潮汕,广东侨乡,title_reference,0.8
CSQP-SFHC-TEXT-094,CSQP-SFHC-TEXT-094-ENT-3193,place,潮汕,广东侨乡,recipient,0.8
CSQP-SFHC-TEXT-094,CSQP-SFHC-TEXT-094-ENT-3194,place,潮汕,广东侨乡,place_mentions,0.8
CSQP-SFHC-TEXT-095,CSQP-SFHC-TEXT-095-ENT-3195,place,潮汕,广东侨乡,title_reference,0.8
CSQP-SFHC-TEXT-095,CSQP-SFHC-TEXT-095-ENT-3196,place,潮汕,广东侨乡,recipient,0.8
CSQP-SFHC-TEXT-095,CSQP-SFHC-TEXT-095-ENT-3197,place,潮汕,广东侨乡,place_mentions,0.8
CSQP-SFHC-TEXT-096,CSQP-SFHC-TEXT-096-ENT-3198,place,潮汕,广东侨乡,title_reference,0.8
CSQP-SFHC-TEXT-096,CSQP-SFHC-TEXT-096-ENT-3199,place,潮汕,广东侨乡,recipient,0.8
CSQP-SFHC-TEXT-096,CSQP-SFHC-TEXT-096-ENT-3200,place,潮汕,广东侨乡,place_mentions,0.8
CSQP-SFHC-TEXT-097,CSQP-SFHC-TEXT-097-ENT-3201,place,澄邑,广东澄海,title_reference,0.8
CSQP-SFHC-TEXT-097,CSQP-SFHC-TEXT-097-ENT-3202,place,澄邑,广东澄海,recipient,0.8
CSQP-SFHC-TEXT-097,CSQP-SFHC-TEXT-097-ENT-3203,place,澄邑,广东澄海,body_clean,0.8
CSQP-SFHC-TEXT-097,CSQP-SFHC-TEXT-097-ENT-3204,place,澄邑,广东澄海,place_mentions,0.8
CSQP-SFHC-TEXT-097,CSQP-SFHC-TEXT-097-ENT-3205,place,暹,泰国,place_mentions,0.8
CSQP-SFHC-TEXT-098,CSQP-SFHC-TEXT-098-ENT-3206,place,潮汕,广东侨乡,title_reference,0.8
CSQP-SFHC-TEXT-098,CSQP-SFHC-TEXT-098-ENT-3207,place,潮汕,广东侨乡,recipient,0.8
CSQP-SFHC-TEXT-098,CSQP-SFHC-TEXT-098-ENT-3208,place,新嘉坡,新加坡,body_clean,0.8
CSQP-SFHC-TEXT-098,CSQP-SFHC-TEXT-098-ENT-3209,place,新嘉坡,新加坡,place_mentions,0.8
CSQP-SFHC-TEXT-098,CSQP-SFHC-TEXT-098-ENT-3210,place,潮汕,广东侨乡,place_mentions,0.8
CSQP-SFHC-TEXT-099,CSQP-SFHC-TEXT-099-ENT-3211,place,潮汕,广东侨乡,title_reference,0.8
CSQP-SFHC-TEXT-099,CSQP-SFHC-TEXT-099-ENT-3212,place,潮汕,广东侨乡,recipient,0.8
CSQP-SFHC-TEXT-099,CSQP-SFHC-TEXT-099-ENT-3213,place,新加坡,新加坡,body_clean,0.8
CSQP-SFHC-TEXT-099,CSQP-SFHC-TEXT-099-ENT-3214,place,新加坡,新加坡,place_mentions,0.8
CSQP-SFHC-TEXT-099,CSQP-SFHC-TEXT-099-ENT-3215,place,潮汕,广东侨乡,place_mentions,0.8
CSQP-SFHC-TEXT-100,CSQP-SFHC-TEXT-100-ENT-3216,place,潮安,广东潮安,title_reference,0.8
CSQP-SFHC-TEXT-100,CSQP-SFHC-TEXT-100-ENT-3217,place,叻,新加坡,sender,0.8
CSQP-SFHC-TEXT-100,CSQP-SFHC-TEXT-100-ENT-3218,place,潮安,广东潮安,recipient,0.8
CSQP-SFHC-TEXT-100,CSQP-SFHC-TEXT-100-ENT-3219,place,潮安,广东潮安,body_clean,0.8
CSQP-SFHC-TEXT-100,CSQP-SFHC-TEXT-100-ENT-3220,place,潮安,广东潮安,place_mentions,0.8
CSQP-SFHC-TEXT-100,CSQP-SFHC-TEXT-100-ENT-3221,place,叻,新加坡,place_mentions,0.8
CSQP-SFHC-TEXT-101,CSQP-SFHC-TEXT-101-ENT-3222,place,潮汕,广东侨乡,title_reference,0.8
CSQP-SFHC-TEXT-101,CSQP-SFHC-TEXT-101-ENT-3223,place,潮汕,广东侨乡,recipient,0.8
CSQP-SFHC-TEXT-101,CSQP-SFHC-TEXT-101-ENT-3224,place,日本,日本,body_clean,0.8
CSQP-SFHC-TEXT-101,CSQP-SFHC-TEXT-101-ENT-3225,place,日本,日本,place_mentions,0.8
CSQP-SFHC-TEXT-101,CSQP-SFHC-TEXT-101-ENT-3226,place,潮汕,广东侨乡,place_mentions,0.8
CSQP-SFHC-TEXT-102,CSQP-SFHC-TEXT-102-ENT-3227,place,潮安,广东潮安,title_reference,0.8
CSQP-SFHC-TEXT-102,CSQP-SFHC-TEXT-102-ENT-3228,place,叻,新加坡,sender,0.8
CSQP-SFHC-TEXT-102,CSQP-SFHC-TEXT-102-ENT-3229,place,潮安,广东潮安,recipient,0.8
CSQP-SFHC-TEXT-102,CSQP-SFHC-TEXT-102-ENT-3230,place,潮安,广东潮安,body_clean,0.8
CSQP-SFHC-TEXT-102,CSQP-SFHC-TEXT-102-ENT-3231,place,潮安,广东潮安,place_mentions,0.8
CSQP-SFHC-TEXT-102,CSQP-SFHC-TEXT-102-ENT-3232,place,叻,新加坡,place_mentions,0.8
CSQP-SFHC-TEXT-103,CSQP-SFHC-TEXT-103-ENT-3233,place,新加坡,新加坡,title_reference,0.8
CSQP-SFHC-TEXT-103,CSQP-SFHC-TEXT-103-ENT-3234,place,饶邑,广东饶平,title_reference,0.8
CSQP-SFHC-TEXT-103,CSQP-SFHC-TEXT-103-ENT-3235,place,新加坡,新加坡,sender,0.8
CSQP-SFHC-TEXT-103,CSQP-SFHC-TEXT-103-ENT-3236,place,饶邑,广东饶平,recipient,0.8
CSQP-SFHC-TEXT-103,CSQP-SFHC-TEXT-103-ENT-3237,place,新加坡,新加坡,body_clean,0.8
CSQP-SFHC-TEXT-103,CSQP-SFHC-TEXT-103-ENT-3238,place,饶邑,广东饶平,body_clean,0.8
CSQP-SFHC-TEXT-103,CSQP-SFHC-TEXT-103-ENT-3239,place,新加坡,新加坡,place_mentions,0.8
CSQP-SFHC-TEXT-103,CSQP-SFHC-TEXT-103-ENT-3240,place,饶邑,广东饶平,place_mentions,0.8
CSQP-SFHC-TEXT-104,CSQP-SFHC-TEXT-104-ENT-3241,place,潮安,广东潮安,title_reference,0.8
CSQP-SFHC-TEXT-104,CSQP-SFHC-TEXT-104-ENT-3242,place,叻,新加坡,sender,0.8
CSQP-SFHC-TEXT-104,CSQP-SFHC-TEXT-104-ENT-3243,place,潮安,广东潮安,recipient,0.8
CSQP-SFHC-TEXT-104,CSQP-SFHC-TEXT-104-ENT-3244,place,潮安,广东潮安,body_clean,0.8
CSQP-SFHC-TEXT-104,CSQP-SFHC-TEXT-104-ENT-3245,place,潮安,广东潮安,place_mentions,0.8
CSQP-SFHC-TEXT-104,CSQP-SFHC-TEXT-104-ENT-3246,place,叻,新加坡,place_mentions,0.8
CSQP-SFHC-TEXT-105,CSQP-SFHC-TEXT-105-ENT-3247,place,新加坡,新加坡,title_reference,0.8
CSQP-SFHC-TEXT-105,CSQP-SFHC-TEXT-105-ENT-3248,place,饶邑,广东饶平,title_reference,0.8
CSQP-SFHC-TEXT-105,CSQP-SFHC-TEXT-105-ENT-3249,place,新加坡,新加坡,sender,0.8
CSQP-SFHC-TEXT-105,CSQP-SFHC-TEXT-105-ENT-3250,place,饶邑,广东饶平,recipient,0.8
CSQP-SFHC-TEXT-105,CSQP-SFHC-TEXT-105-ENT-3251,place,新加坡,新加坡,body_clean,0.8
CSQP-SFHC-TEXT-105,CSQP-SFHC-TEXT-105-ENT-3252,place,饶邑,广东饶平,body_clean,0.8
CSQP-SFHC-TEXT-105,CSQP-SFHC-TEXT-105-ENT-3253,place,叻,新加坡,body_clean,0.8
CSQP-SFHC-TEXT-105,CSQP-SFHC-TEXT-105-ENT-3254,place,新加坡,新加坡,place_mentions,0.8
CSQP-SFHC-TEXT-105,CSQP-SFHC-TEXT-105-ENT-3255,place,饶邑,广东饶平,place_mentions,0.8
CSQP-SFHC-TEXT-105,CSQP-SFHC-TEXT-105-ENT-3256,place,叻,新加坡,place_mentions,0.8
CSQP-SFHC-TEXT-106,CSQP-SFHC-TEXT-106-ENT-3257,place,潮汕,广东侨乡,title_reference,0.8
CSQP-SFHC-TEXT-106,CSQP-SFHC-TEXT-106-ENT-3258,place,潮汕,广东侨乡,recipient,0.8
CSQP-SFHC-TEXT-106,CSQP-SFHC-TEXT-106-ENT-3259,place,潮汕,广东侨乡,place_mentions,0.8
CSQP-SFHC-TEXT-107,CSQP-SFHC-TEXT-107-ENT-3260,place,安南,越南,title_reference,0.8
CSQP-SFHC-TEXT-107,CSQP-SFHC-TEXT-107-ENT-3261,place,潮安,广东潮安,title_reference,0.8
CSQP-SFHC-TEXT-107,CSQP-SFHC-TEXT-107-ENT-3262,place,安南,越南,recipient,0.8
CSQP-SFHC-TEXT-107,CSQP-SFHC-TEXT-107-ENT-3263,place,潮安,广东潮安,recipient,0.8
CSQP-SFHC-TEXT-107,CSQP-SFHC-TEXT-107-ENT-3264,place,安南,越南,body_clean,0.8
CSQP-SFHC-TEXT-107,CSQP-SFHC-TEXT-107-ENT-3265,place,潮安,广东潮安,body_clean,0.8
CSQP-SFHC-TEXT-107,CSQP-SFHC-TEXT-107-ENT-3266,place,安南,越南,place_mentions,0.8
CSQP-SFHC-TEXT-107,CSQP-SFHC-TEXT-107-ENT-3267,place,潮安,广东潮安,place_mentions,0.8
CSQP-SFHC-TEXT-107,CSQP-SFHC-TEXT-107-ENT-3268,place,暹,泰国,place_mentions,0.8
CSQP-SFHC-TEXT-108,CSQP-SFHC-TEXT-108-ENT-3269,place,安南,越南,title_reference,0.8
CSQP-SFHC-TEXT-108,CSQP-SFHC-TEXT-108-ENT-3270,place,潮安,广东潮安,title_reference,0.8
CSQP-SFHC-TEXT-108,CSQP-SFHC-TEXT-108-ENT-3271,place,叻,新加坡,sender,0.8
CSQP-SFHC-TEXT-108,CSQP-SFHC-TEXT-108-ENT-3272,place,安南,越南,recipient,0.8
CSQP-SFHC-TEXT-108,CSQP-SFHC-TEXT-108-ENT-3273,place,潮安,广东潮安,recipient,0.8
CSQP-SFHC-TEXT-108,CSQP-SFHC-TEXT-108-ENT-3274,place,安南,越南,body_clean,0.8
CSQP-SFHC-TEXT-108,CSQP-SFHC-TEXT-108-ENT-3275,place,潮安,广东潮安,body_clean,0.8
CSQP-SFHC-TEXT-108,CSQP-SFHC-TEXT-108-ENT-3276,place,安南,越南,place_mentions,0.8
CSQP-SFHC-TEXT-108,CSQP-SFHC-TEXT-108-ENT-3277,place,潮安,广东潮安,place_mentions,0.8
CSQP-SFHC-TEXT-108,CSQP-SFHC-TEXT-108-ENT-3278,place,叻,新加坡,place_mentions,0.8
CSQP-SFHC-TEXT-109,CSQP-SFHC-TEXT-109-ENT-3279,place,潮汕,广东侨乡,title_reference,0.8
CSQP-SFHC-TEXT-109,CSQP-SFHC-TEXT-109-ENT-3280,place,潮汕,广东侨乡,recipient,0.8
CSQP-SFHC-TEXT-109,CSQP-SFHC-TEXT-109-ENT-3281,place,叻,新加坡,body_clean,0.8
CSQP-SFHC-TEXT-109,CSQP-SFHC-TEXT-109-ENT-3282,place,潮汕,广东侨乡,place_mentions,0.8
CSQP-SFHC-TEXT-109,CSQP-SFHC-TEXT-109-ENT-3283,place,叻,新加坡,place_mentions,0.8
CSQP-SFHC-TEXT-109,CSQP-SFHC-TEXT-109-ENT-3284,place,暹,泰国,place_mentions,0.8
CSQP-SFHC-TEXT-110,CSQP-SFHC-TEXT-110-ENT-3285,place,潮安,广东潮安,title_reference,0.8
CSQP-SFHC-TEXT-110,CSQP-SFHC-TEXT-110-ENT-3286,place,潮安,广东潮安,recipient,0.8
CSQP-SFHC-TEXT-110,CSQP-SFHC-TEXT-110-ENT-3287,place,潮安,广东潮安,body_clean,0.8
CSQP-SFHC-TEXT-110,CSQP-SFHC-TEXT-110-ENT-3288,place,潮安,广东潮安,place_mentions,0.8
CSQP-SFHC-TEXT-111,CSQP-SFHC-TEXT-111-ENT-3289,place,澄邑,广东澄海,title_reference,0.8
CSQP-SFHC-TEXT-111,CSQP-SFHC-TEXT-111-ENT-3290,place,叻,新加坡,sender,0.8
CSQP-SFHC-TEXT-111,CSQP-SFHC-TEXT-111-ENT-3291,place,澄邑,广东澄海,recipient,0.8
CSQP-SFHC-TEXT-111,CSQP-SFHC-TEXT-111-ENT-3292,place,澄邑,广东澄海,body_clean,0.8
CSQP-SFHC-TEXT-111,CSQP-SFHC-TEXT-111-ENT-3293,place,汕头,广东汕头,body_clean,0.8
CSQP-SFHC-TEXT-111,CSQP-SFHC-TEXT-111-ENT-3294,place,澄邑,广东澄海,place_mentions,0.8
CSQP-SFHC-TEXT-111,CSQP-SFHC-TEXT-111-ENT-3295,place,汕头,广东汕头,place_mentions,0.8
CSQP-SFHC-TEXT-111,CSQP-SFHC-TEXT-111-ENT-3296,place,叻,新加坡,place_mentions,0.8
CSQP-SFHC-TEXT-112,CSQP-SFHC-TEXT-112-ENT-3297,place,潮安,广东潮安,title_reference,0.8
CSQP-SFHC-TEXT-112,CSQP-SFHC-TEXT-112-ENT-3298,place,潮安,广东潮安,recipient,0.8
CSQP-SFHC-TEXT-112,CSQP-SFHC-TEXT-112-ENT-3299,place,潮安,广东潮安,place_mentions,0.8
CSQP-SFHC-TEXT-113,CSQP-SFHC-TEXT-113-ENT-3300,place,泰国,泰国,title_reference,0.8
CSQP-SFHC-TEXT-113,CSQP-SFHC-TEXT-113-ENT-3301,place,潮安,广东潮安,title_reference,0.8
CSQP-SFHC-TEXT-113,CSQP-SFHC-TEXT-113-ENT-3302,place,潮安,广东潮安,sender,0.8
CSQP-SFHC-TEXT-113,CSQP-SFHC-TEXT-113-ENT-3303,place,泰国,泰国,recipient,0.8
CSQP-SFHC-TEXT-113,CSQP-SFHC-TEXT-113-ENT-3304,place,泰国,泰国,body_clean,0.8
CSQP-SFHC-TEXT-113,CSQP-SFHC-TEXT-113-ENT-3305,place,潮安,广东潮安,body_clean,0.8
CSQP-SFHC-TEXT-113,CSQP-SFHC-TEXT-113-ENT-3306,place,泰国,泰国,place_mentions,0.8
CSQP-SFHC-TEXT-113,CSQP-SFHC-TEXT-113-ENT-3307,place,潮安,广东潮安,place_mentions,0.8
CSQP-SFHC-TEXT-114,CSQP-SFHC-TEXT-114-ENT-3308,place,安南,越南,title_reference,0.8
CSQP-SFHC-TEXT-114,CSQP-SFHC-TEXT-114-ENT-3309,place,潮安,广东潮安,title_reference,0.8
CSQP-SFHC-TEXT-114,CSQP-SFHC-TEXT-114-ENT-3310,place,叻,新加坡,sender,0.8
CSQP-SFHC-TEXT-114,CSQP-SFHC-TEXT-114-ENT-3311,place,安南,越南,recipient,0.8
CSQP-SFHC-TEXT-114,CSQP-SFHC-TEXT-114-ENT-3312,place,潮安,广东潮安,recipient,0.8
CSQP-SFHC-TEXT-114,CSQP-SFHC-TEXT-114-ENT-3313,place,安南,越南,body_clean,0.8
CSQP-SFHC-TEXT-114,CSQP-SFHC-TEXT-114-ENT-3314,place,潮安,广东潮安,body_clean,0.8
CSQP-SFHC-TEXT-114,CSQP-SFHC-TEXT-114-ENT-3315,place,安南,越南,place_mentions,0.8
CSQP-SFHC-TEXT-114,CSQP-SFHC-TEXT-114-ENT-3316,place,潮安,广东潮安,place_mentions,0.8
CSQP-SFHC-TEXT-114,CSQP-SFHC-TEXT-114-ENT-3317,place,叻,新加坡,place_mentions,0.8
CSQP-SFHC-TEXT-115,CSQP-SFHC-TEXT-115-ENT-3318,place,潮安,广东潮安,title_reference,0.8
CSQP-SFHC-TEXT-115,CSQP-SFHC-TEXT-115-ENT-3319,place,叻,新加坡,sender,0.8
CSQP-SFHC-TEXT-115,CSQP-SFHC-TEXT-115-ENT-3320,place,潮安,广东潮安,recipient,0.8
CSQP-SFHC-TEXT-115,CSQP-SFHC-TEXT-115-ENT-3321,place,潮安,广东潮安,body_clean,0.8
CSQP-SFHC-TEXT-115,CSQP-SFHC-TEXT-115-ENT-3322,place,潮安,广东潮安,place_mentions,0.8
CSQP-SFHC-TEXT-115,CSQP-SFHC-TEXT-115-ENT-3323,place,叻,新加坡,place_mentions,0.8
CSQP-SFHC-TEXT-116,CSQP-SFHC-TEXT-116-ENT-3324,place,潮汕,广东侨乡,title_reference,0.8
CSQP-SFHC-TEXT-116,CSQP-SFHC-TEXT-116-ENT-3325,place,潮汕,广东侨乡,recipient,0.8
CSQP-SFHC-TEXT-116,CSQP-SFHC-TEXT-116-ENT-3326,place,潮汕,广东侨乡,place_mentions,0.8
CSQP-SFHC-TEXT-117,CSQP-SFHC-TEXT-117-ENT-3327,place,潮汕,广东侨乡,title_reference,0.8
CSQP-SFHC-TEXT-117,CSQP-SFHC-TEXT-117-ENT-3328,place,潮汕,广东侨乡,recipient,0.8
CSQP-SFHC-TEXT-117,CSQP-SFHC-TEXT-117-ENT-3329,place,潮汕,广东侨乡,place_mentions,0.8
CSQP-SFHC-TEXT-118,CSQP-SFHC-TEXT-118-ENT-3330,place,潮汕,广东侨乡,title_reference,0.8
CSQP-SFHC-TEXT-118,CSQP-SFHC-TEXT-118-ENT-3331,place,潮汕,广东侨乡,recipient,0.8
CSQP-SFHC-TEXT-118,CSQP-SFHC-TEXT-118-ENT-3332,place,东凤,广东潮安东凤,body_clean,0.8
CSQP-SFHC-TEXT-118,CSQP-SFHC-TEXT-118-ENT-3333,place,潮汕,广东侨乡,place_mentions,0.8
CSQP-SFHC-TEXT-118,CSQP-SFHC-TEXT-118-ENT-3334,place,东凤,广东潮安东凤,place_mentions,0.8
CSQP-SFHC-TEXT-119,CSQP-SFHC-TEXT-119-ENT-3335,place,潮汕,广东侨乡,title_reference,0.8
CSQP-SFHC-TEXT-119,CSQP-SFHC-TEXT-119-ENT-3336,place,潮汕,广东侨乡,recipient,0.8
CSQP-SFHC-TEXT-119,CSQP-SFHC-TEXT-119-ENT-3337,place,潮汕,广东侨乡,place_mentions,0.8
CSQP-SFHC-TEXT-120,CSQP-SFHC-TEXT-120-ENT-3338,place,安南,越南,title_reference,0.8
CSQP-SFHC-TEXT-120,CSQP-SFHC-TEXT-120-ENT-3339,place,香港,香港,title_reference,0.8
CSQP-SFHC-TEXT-120,CSQP-SFHC-TEXT-120-ENT-3340,place,潮安,广东潮安,title_reference,0.8
CSQP-SFHC-TEXT-120,CSQP-SFHC-TEXT-120-ENT-3341,place,安南,越南,recipient,0.8
CSQP-SFHC-TEXT-120,CSQP-SFHC-TEXT-120-ENT-3342,place,潮安,广东潮安,recipient,0.8
CSQP-SFHC-TEXT-120,CSQP-SFHC-TEXT-120-ENT-3343,place,安南,越南,body_clean,0.8
CSQP-SFHC-TEXT-120,CSQP-SFHC-TEXT-120-ENT-3344,place,潮安,广东潮安,body_clean,0.8
CSQP-SFHC-TEXT-120,CSQP-SFHC-TEXT-120-ENT-3345,place,安南,越南,place_mentions,0.8
CSQP-SFHC-TEXT-120,CSQP-SFHC-TEXT-120-ENT-3346,place,香港,香港,place_mentions,0.8
CSQP-SFHC-TEXT-120,CSQP-SFHC-TEXT-120-ENT-3347,place,潮安,广东潮安,place_mentions,0.8
CSQP-SFHC-TEXT-121,CSQP-SFHC-TEXT-121-ENT-3348,place,安南,越南,title_reference,0.8
CSQP-SFHC-TEXT-121,CSQP-SFHC-TEXT-121-ENT-3349,place,潮安,广东潮安,title_reference,0.8
CSQP-SFHC-TEXT-121,CSQP-SFHC-TEXT-121-ENT-3350,place,安南,越南,recipient,0.8
CSQP-SFHC-TEXT-121,CSQP-SFHC-TEXT-121-ENT-3351,place,潮安,广东潮安,recipient,0.8
CSQP-SFHC-TEXT-121,CSQP-SFHC-TEXT-121-ENT-3352,place,安南,越南,body_clean,0.8
CSQP-SFHC-TEXT-121,CSQP-SFHC-TEXT-121-ENT-3353,place,潮安,广东潮安,body_clean,0.8
CSQP-SFHC-TEXT-121,CSQP-SFHC-TEXT-121-ENT-3354,place,安南,越南,place_mentions,0.8
CSQP-SFHC-TEXT-121,CSQP-SFHC-TEXT-121-ENT-3355,place,潮安,广东潮安,place_mentions,0.8
CSQP-SFHC-TEXT-121,CSQP-SFHC-TEXT-121-ENT-3356,place,暹,泰国,place_mentions,0.8
CSQP-SFHC-TEXT-122,CSQP-SFHC-TEXT-122-ENT-3357,place,潮安,广东潮安,title_reference,0.8
CSQP-SFHC-TEXT-122,CSQP-SFHC-TEXT-122-ENT-3358,place,潮安,广东潮安,recipient,0.8
CSQP-SFHC-TEXT-122,CSQP-SFHC-TEXT-122-ENT-3359,place,汕头,广东汕头,body_clean,0.8
CSQP-SFHC-TEXT-122,CSQP-SFHC-TEXT-122-ENT-3360,place,潮安,广东潮安,place_mentions,0.8
CSQP-SFHC-TEXT-122,CSQP-SFHC-TEXT-122-ENT-3361,place,汕头,广东汕头,place_mentions,0.8
CSQP-SFHC-TEXT-123,CSQP-SFHC-TEXT-123-ENT-3362,place,潮安,广东潮安,title_reference,0.8
CSQP-SFHC-TEXT-123,CSQP-SFHC-TEXT-123-ENT-3363,place,叻,新加坡,sender,0.8
CSQP-SFHC-TEXT-123,CSQP-SFHC-TEXT-123-ENT-3364,place,潮安,广东潮安,recipient,0.8
CSQP-SFHC-TEXT-123,CSQP-SFHC-TEXT-123-ENT-3365,place,潮安,广东潮安,body_clean,0.8
CSQP-SFHC-TEXT-123,CSQP-SFHC-TEXT-123-ENT-3366,place,潮安,广东潮安,place_mentions,0.8
CSQP-SFHC-TEXT-123,CSQP-SFHC-TEXT-123-ENT-3367,place,叻,新加坡,place_mentions,0.8
CSQP-SFHC-TEXT-124,CSQP-SFHC-TEXT-124-ENT-3368,place,潮汕,广东侨乡,title_reference,0.8
CSQP-SFHC-TEXT-124,CSQP-SFHC-TEXT-124-ENT-3369,place,潮汕,广东侨乡,recipient,0.8
CSQP-SFHC-TEXT-124,CSQP-SFHC-TEXT-124-ENT-3370,place,潮汕,广东侨乡,place_mentions,0.8
CSQP-SFHC-TEXT-125,CSQP-SFHC-TEXT-125-ENT-3371,place,潮安,广东潮安,title_reference,0.8
CSQP-SFHC-TEXT-125,CSQP-SFHC-TEXT-125-ENT-3372,place,潮安,广东潮安,recipient,0.8
CSQP-SFHC-TEXT-125,CSQP-SFHC-TEXT-125-ENT-3373,place,潮安,广东潮安,body_clean,0.8
CSQP-SFHC-TEXT-125,CSQP-SFHC-TEXT-125-ENT-3374,place,潮安,广东潮安,place_mentions,0.8
CSQP-SFHC-TEXT-126,CSQP-SFHC-TEXT-126-ENT-3375,place,潮汕,广东侨乡,title_reference,0.8
CSQP-SFHC-TEXT-126,CSQP-SFHC-TEXT-126-ENT-3376,place,潮汕,广东侨乡,recipient,0.8
CSQP-SFHC-TEXT-126,CSQP-SFHC-TEXT-126-ENT-3377,place,潮汕,广东侨乡,place_mentions,0.8
CSQP-SFHC-TEXT-127,CSQP-SFHC-TEXT-127-ENT-3378,place,安南,越南,title_reference,0.8
CSQP-SFHC-TEXT-127,CSQP-SFHC-TEXT-127-ENT-3379,place,潮安,广东潮安,title_reference,0.8
CSQP-SFHC-TEXT-127,CSQP-SFHC-TEXT-127-ENT-3380,place,安南,越南,recipient,0.8
CSQP-SFHC-TEXT-127,CSQP-SFHC-TEXT-127-ENT-3381,place,潮安,广东潮安,recipient,0.8
CSQP-SFHC-TEXT-127,CSQP-SFHC-TEXT-127-ENT-3382,place,安南,越南,body_clean,0.8
CSQP-SFHC-TEXT-127,CSQP-SFHC-TEXT-127-ENT-3383,place,潮安,广东潮安,body_clean,0.8
CSQP-SFHC-TEXT-127,CSQP-SFHC-TEXT-127-ENT-3384,place,安南,越南,place_mentions,0.8
CSQP-SFHC-TEXT-127,CSQP-SFHC-TEXT-127-ENT-3385,place,潮安,广东潮安,place_mentions,0.8
CSQP-SFHC-TEXT-128,CSQP-SFHC-TEXT-128-ENT-3386,place,安南,越南,title_reference,0.8
CSQP-SFHC-TEXT-128,CSQP-SFHC-TEXT-128-ENT-3387,place,潮安,广东潮安,title_reference,0.8
CSQP-SFHC-TEXT-128,CSQP-SFHC-TEXT-128-ENT-3388,place,安南,越南,recipient,0.8
CSQP-SFHC-TEXT-128,CSQP-SFHC-TEXT-128-ENT-3389,place,潮安,广东潮安,recipient,0.8
CSQP-SFHC-TEXT-128,CSQP-SFHC-TEXT-128-ENT-3390,place,安南,越南,body_clean,0.8
CSQP-SFHC-TEXT-128,CSQP-SFHC-TEXT-128-ENT-3391,place,潮安,广东潮安,body_clean,0.8
CSQP-SFHC-TEXT-128,CSQP-SFHC-TEXT-128-ENT-3392,place,安南,越南,place_mentions,0.8
CSQP-SFHC-TEXT-128,CSQP-SFHC-TEXT-128-ENT-3393,place,潮安,广东潮安,place_mentions,0.8
CSQP-SFHC-TEXT-129,CSQP-SFHC-TEXT-129-ENT-3394,place,澄邑,广东澄海,title_reference,0.8
CSQP-SFHC-TEXT-129,CSQP-SFHC-TEXT-129-ENT-3395,place,叻,新加坡,sender,0.8
CSQP-SFHC-TEXT-129,CSQP-SFHC-TEXT-129-ENT-3396,place,澄邑,广东澄海,recipient,0.8
CSQP-SFHC-TEXT-129,CSQP-SFHC-TEXT-129-ENT-3397,place,澄邑,广东澄海,body_clean,0.8
CSQP-SFHC-TEXT-129,CSQP-SFHC-TEXT-129-ENT-3398,place,叻,新加坡,body_clean,0.8
CSQP-SFHC-TEXT-129,CSQP-SFHC-TEXT-129-ENT-3399,place,澄邑,广东澄海,place_mentions,0.8
CSQP-SFHC-TEXT-129,CSQP-SFHC-TEXT-129-ENT-3400,place,叻,新加坡,place_mentions,0.8
CSQP-SFHC-TEXT-130,CSQP-SFHC-TEXT-130-ENT-3401,place,叻,新加坡,sender,0.8
CSQP-SFHC-TEXT-130,CSQP-SFHC-TEXT-130-ENT-3402,place,汀邑,广东澄海,recipient,0.8
CSQP-SFHC-TEXT-130,CSQP-SFHC-TEXT-130-ENT-3403,place,汀邑,广东澄海,body_clean,0.8
CSQP-SFHC-TEXT-130,CSQP-SFHC-TEXT-130-ENT-3404,place,汀邑,广东澄海,place_mentions,0.8
CSQP-SFHC-TEXT-130,CSQP-SFHC-TEXT-130-ENT-3405,place,叻,新加坡,place_mentions,0.8
CSQP-SFHC-TEXT-131,CSQP-SFHC-TEXT-131-ENT-3406,place,潮安,广东潮安,title_reference,0.8
CSQP-SFHC-TEXT-131,CSQP-SFHC-TEXT-131-ENT-3407,place,叻,新加坡,sender,0.8
CSQP-SFHC-TEXT-131,CSQP-SFHC-TEXT-131-ENT-3408,place,潮安,广东潮安,recipient,0.8
CSQP-SFHC-TEXT-131,CSQP-SFHC-TEXT-131-ENT-3409,place,潮安,广东潮安,body_clean,0.8
CSQP-SFHC-TEXT-131,CSQP-SFHC-TEXT-131-ENT-3410,place,潮安,广东潮安,place_mentions,0.8
CSQP-SFHC-TEXT-131,CSQP-SFHC-TEXT-131-ENT-3411,place,叻,新加坡,place_mentions,0.8
CSQP-SFHC-TEXT-132,CSQP-SFHC-TEXT-132-ENT-3412,place,安南,越南,title_reference,0.8
CSQP-SFHC-TEXT-132,CSQP-SFHC-TEXT-132-ENT-3413,place,潮安,广东潮安,title_reference,0.8
CSQP-SFHC-TEXT-132,CSQP-SFHC-TEXT-132-ENT-3414,place,安南,越南,recipient,0.8
CSQP-SFHC-TEXT-132,CSQP-SFHC-TEXT-132-ENT-3415,place,潮安,广东潮安,recipient,0.8
CSQP-SFHC-TEXT-132,CSQP-SFHC-TEXT-132-ENT-3416,place,安南,越南,body_clean,0.8
CSQP-SFHC-TEXT-132,CSQP-SFHC-TEXT-132-ENT-3417,place,潮安,广东潮安,body_clean,0.8
CSQP-SFHC-TEXT-132,CSQP-SFHC-TEXT-132-ENT-3418,place,安南,越南,place_mentions,0.8
CSQP-SFHC-TEXT-132,CSQP-SFHC-TEXT-132-ENT-3419,place,潮安,广东潮安,place_mentions,0.8
CSQP-SFHC-TEXT-133,CSQP-SFHC-TEXT-133-ENT-3420,place,汕头,广东汕头,title_reference,0.8
CSQP-SFHC-TEXT-133,CSQP-SFHC-TEXT-133-ENT-3421,place,叻,新加坡,sender,0.8
CSQP-SFHC-TEXT-133,CSQP-SFHC-TEXT-133-ENT-3422,place,汕头,广东汕头,recipient,0.8
CSQP-SFHC-TEXT-133,CSQP-SFHC-TEXT-133-ENT-3423,place,汕头,广东汕头,body_clean,0.8
CSQP-SFHC-TEXT-133,CSQP-SFHC-TEXT-133-ENT-3424,place,叻,新加坡,body_clean,0.8
CSQP-SFHC-TEXT-133,CSQP-SFHC-TEXT-133-ENT-3425,place,汕头,广东汕头,place_mentions,0.8
CSQP-SFHC-TEXT-133,CSQP-SFHC-TEXT-133-ENT-3426,place,叻,新加坡,place_mentions,0.8
CSQP-SFHC-TEXT-134,CSQP-SFHC-TEXT-134-ENT-3427,place,安南,越南,title_reference,0.8
CSQP-SFHC-TEXT-134,CSQP-SFHC-TEXT-134-ENT-3428,place,潮安,广东潮安,title_reference,0.8
CSQP-SFHC-TEXT-134,CSQP-SFHC-TEXT-134-ENT-3429,place,叻,新加坡,sender,0.8
CSQP-SFHC-TEXT-134,CSQP-SFHC-TEXT-134-ENT-3430,place,安南,越南,recipient,0.8
CSQP-SFHC-TEXT-134,CSQP-SFHC-TEXT-134-ENT-3431,place,潮安,广东潮安,recipient,0.8
CSQP-SFHC-TEXT-134,CSQP-SFHC-TEXT-134-ENT-3432,place,安南,越南,body_clean,0.8
CSQP-SFHC-TEXT-134,CSQP-SFHC-TEXT-134-ENT-3433,place,潮安,广东潮安,body_clean,0.8
CSQP-SFHC-TEXT-134,CSQP-SFHC-TEXT-134-ENT-3434,place,安南,越南,place_mentions,0.8
CSQP-SFHC-TEXT-134,CSQP-SFHC-TEXT-134-ENT-3435,place,潮安,广东潮安,place_mentions,0.8
CSQP-SFHC-TEXT-134,CSQP-SFHC-TEXT-134-ENT-3436,place,叻,新加坡,place_mentions,0.8
CSQP-SFHC-TEXT-135,CSQP-SFHC-TEXT-135-ENT-3437,place,潮汕,广东侨乡,title_reference,0.8
CSQP-SFHC-TEXT-135,CSQP-SFHC-TEXT-135-ENT-3438,place,潮汕,广东侨乡,recipient,0.8
CSQP-SFHC-TEXT-135,CSQP-SFHC-TEXT-135-ENT-3439,place,潮汕,广东侨乡,place_mentions,0.8
CSQP-SFHC-TEXT-136,CSQP-SFHC-TEXT-136-ENT-3440,place,安南,越南,title_reference,0.8
CSQP-SFHC-TEXT-136,CSQP-SFHC-TEXT-136-ENT-3441,place,潮安,广东潮安,title_reference,0.8
CSQP-SFHC-TEXT-136,CSQP-SFHC-TEXT-136-ENT-3442,place,叻,新加坡,sender,0.8
CSQP-SFHC-TEXT-136,CSQP-SFHC-TEXT-136-ENT-3443,place,安南,越南,recipient,0.8
CSQP-SFHC-TEXT-136,CSQP-SFHC-TEXT-136-ENT-3444,place,潮安,广东潮安,recipient,0.8
CSQP-SFHC-TEXT-136,CSQP-SFHC-TEXT-136-ENT-3445,place,安南,越南,body_clean,0.8
CSQP-SFHC-TEXT-136,CSQP-SFHC-TEXT-136-ENT-3446,place,潮安,广东潮安,body_clean,0.8
CSQP-SFHC-TEXT-136,CSQP-SFHC-TEXT-136-ENT-3447,place,安南,越南,place_mentions,0.8
CSQP-SFHC-TEXT-136,CSQP-SFHC-TEXT-136-ENT-3448,place,潮安,广东潮安,place_mentions,0.8
CSQP-SFHC-TEXT-136,CSQP-SFHC-TEXT-136-ENT-3449,place,叻,新加坡,place_mentions,0.8
CSQP-SFHC-TEXT-137,CSQP-SFHC-TEXT-137-ENT-3450,place,潮安,广东潮安,title_reference,0.8
CSQP-SFHC-TEXT-137,CSQP-SFHC-TEXT-137-ENT-3451,place,叻,新加坡,sender,0.8
CSQP-SFHC-TEXT-137,CSQP-SFHC-TEXT-137-ENT-3452,place,潮安,广东潮安,recipient,0.8
CSQP-SFHC-TEXT-137,CSQP-SFHC-TEXT-137-ENT-3453,place,潮安,广东潮安,body_clean,0.8
CSQP-SFHC-TEXT-137,CSQP-SFHC-TEXT-137-ENT-3454,place,潮安,广东潮安,place_mentions,0.8
CSQP-SFHC-TEXT-137,CSQP-SFHC-TEXT-137-ENT-3455,place,叻,新加坡,place_mentions,0.8
CSQP-SFHC-TEXT-138,CSQP-SFHC-TEXT-138-ENT-3456,place,潮汕,广东侨乡,title_reference,0.8
CSQP-SFHC-TEXT-138,CSQP-SFHC-TEXT-138-ENT-3457,place,潮汕,广东侨乡,recipient,0.8
CSQP-SFHC-TEXT-138,CSQP-SFHC-TEXT-138-ENT-3458,place,潮汕,广东侨乡,place_mentions,0.8
CSQP-SFHC-TEXT-139,CSQP-SFHC-TEXT-139-ENT-3459,place,潮汕,广东侨乡,title_reference,0.8
CSQP-SFHC-TEXT-139,CSQP-SFHC-TEXT-139-ENT-3460,place,潮汕,广东侨乡,recipient,0.8
CSQP-SFHC-TEXT-139,CSQP-SFHC-TEXT-139-ENT-3461,place,香港,香港,body_clean,0.8
CSQP-SFHC-TEXT-139,CSQP-SFHC-TEXT-139-ENT-3462,place,香港,香港,place_mentions,0.8
CSQP-SFHC-TEXT-139,CSQP-SFHC-TEXT-139-ENT-3463,place,潮汕,广东侨乡,place_mentions,0.8
CSQP-SFHC-TEXT-140,CSQP-SFHC-TEXT-140-ENT-3464,place,潮汕,广东侨乡,title_reference,0.8
CSQP-SFHC-TEXT-140,CSQP-SFHC-TEXT-140-ENT-3465,place,潮汕,广东侨乡,recipient,0.8
CSQP-SFHC-TEXT-140,CSQP-SFHC-TEXT-140-ENT-3466,place,潮汕,广东侨乡,place_mentions,0.8
CSQP-SFHC-TEXT-141,CSQP-SFHC-TEXT-141-ENT-3467,place,潮汕,广东侨乡,title_reference,0.8
CSQP-SFHC-TEXT-141,CSQP-SFHC-TEXT-141-ENT-3468,place,潮汕,广东侨乡,recipient,0.8
CSQP-SFHC-TEXT-141,CSQP-SFHC-TEXT-141-ENT-3469,place,潮汕,广东侨乡,place_mentions,0.8
CSQP-SFHC-TEXT-142,CSQP-SFHC-TEXT-142-ENT-3470,place,潮汕,广东侨乡,title_reference,0.8
CSQP-SFHC-TEXT-142,CSQP-SFHC-TEXT-142-ENT-3471,place,潮汕,广东侨乡,recipient,0.8
CSQP-SFHC-TEXT-142,CSQP-SFHC-TEXT-142-ENT-3472,place,潮汕,广东侨乡,place_mentions,0.8
CSQP-SFHC-TEXT-143,CSQP-SFHC-TEXT-143-ENT-3473,place,潮汕,广东侨乡,title_reference,0.8
CSQP-SFHC-TEXT-143,CSQP-SFHC-TEXT-143-ENT-3474,place,潮汕,广东侨乡,recipient,0.8
CSQP-SFHC-TEXT-143,CSQP-SFHC-TEXT-143-ENT-3475,place,潮汕,广东侨乡,place_mentions,0.8
CSQP-SFHC-TEXT-144,CSQP-SFHC-TEXT-144-ENT-3476,place,潮汕,广东侨乡,title_reference,0.8
CSQP-SFHC-TEXT-144,CSQP-SFHC-TEXT-144-ENT-3477,place,潮汕,广东侨乡,recipient,0.8
CSQP-SFHC-TEXT-144,CSQP-SFHC-TEXT-144-ENT-3478,place,潮汕,广东侨乡,place_mentions,0.8
CSQP-SFHC-TEXT-144,CSQP-SFHC-TEXT-144-ENT-3479,place,暹,泰国,place_mentions,0.8
CSQP-SFHC-TEXT-145,CSQP-SFHC-TEXT-145-ENT-3480,place,潮汕,广东侨乡,title_reference,0.8
CSQP-SFHC-TEXT-145,CSQP-SFHC-TEXT-145-ENT-3481,place,潮汕,广东侨乡,recipient,0.8
CSQP-SFHC-TEXT-145,CSQP-SFHC-TEXT-145-ENT-3482,place,潮汕,广东侨乡,place_mentions,0.8
CSQP-SFHC-TEXT-146,CSQP-SFHC-TEXT-146-ENT-3483,place,潮汕,广东侨乡,title_reference,0.8
CSQP-SFHC-TEXT-146,CSQP-SFHC-TEXT-146-ENT-3484,place,潮汕,广东侨乡,recipient,0.8
CSQP-SFHC-TEXT-146,CSQP-SFHC-TEXT-146-ENT-3485,place,叻,新加坡,body_clean,0.8
CSQP-SFHC-TEXT-146,CSQP-SFHC-TEXT-146-ENT-3486,place,潮汕,广东侨乡,place_mentions,0.8
CSQP-SFHC-TEXT-146,CSQP-SFHC-TEXT-146-ENT-3487,place,叻,新加坡,place_mentions,0.8
CSQP-SFHC-TEXT-147,CSQP-SFHC-TEXT-147-ENT-3488,place,安南,越南,title_reference,0.8
CSQP-SFHC-TEXT-147,CSQP-SFHC-TEXT-147-ENT-3489,place,潮安,广东潮安,title_reference,0.8
CSQP-SFHC-TEXT-147,CSQP-SFHC-TEXT-147-ENT-3490,place,叻,新加坡,sender,0.8
CSQP-SFHC-TEXT-147,CSQP-SFHC-TEXT-147-ENT-3491,place,安南,越南,recipient,0.8
CSQP-SFHC-TEXT-147,CSQP-SFHC-TEXT-147-ENT-3492,place,潮安,广东潮安,recipient,0.8
CSQP-SFHC-TEXT-147,CSQP-SFHC-TEXT-147-ENT-3493,place,安南,越南,body_clean,0.8
CSQP-SFHC-TEXT-147,CSQP-SFHC-TEXT-147-ENT-3494,place,潮安,广东潮安,body_clean,0.8
CSQP-SFHC-TEXT-147,CSQP-SFHC-TEXT-147-ENT-3495,place,安南,越南,place_mentions,0.8
CSQP-SFHC-TEXT-147,CSQP-SFHC-TEXT-147-ENT-3496,place,潮安,广东潮安,place_mentions,0.8
CSQP-SFHC-TEXT-147,CSQP-SFHC-TEXT-147-ENT-3497,place,叻,新加坡,place_mentions,0.8
CSQP-SFHC-TEXT-148,CSQP-SFHC-TEXT-148-ENT-3498,place,潮汕,广东侨乡,title_reference,0.8
CSQP-SFHC-TEXT-148,CSQP-SFHC-TEXT-148-ENT-3499,place,潮汕,广东侨乡,recipient,0.8
CSQP-SFHC-TEXT-148,CSQP-SFHC-TEXT-148-ENT-3500,place,潮汕,广东侨乡,place_mentions,0.8
CSQP-SFHC-TEXT-149,CSQP-SFHC-TEXT-149-ENT-3501,place,安南,越南,title_reference,0.8
CSQP-SFHC-TEXT-149,CSQP-SFHC-TEXT-149-ENT-3502,place,潮安,广东潮安,title_reference,0.8
CSQP-SFHC-TEXT-149,CSQP-SFHC-TEXT-149-ENT-3503,place,安南,越南,recipient,0.8
CSQP-SFHC-TEXT-149,CSQP-SFHC-TEXT-149-ENT-3504,place,潮安,广东潮安,recipient,0.8
CSQP-SFHC-TEXT-149,CSQP-SFHC-TEXT-149-ENT-3505,place,安南,越南,body_clean,0.8
CSQP-SFHC-TEXT-149,CSQP-SFHC-TEXT-149-ENT-3506,place,潮安,广东潮安,body_clean,0.8
CSQP-SFHC-TEXT-149,CSQP-SFHC-TEXT-149-ENT-3507,place,安南,越南,place_mentions,0.8
CSQP-SFHC-TEXT-149,CSQP-SFHC-TEXT-149-ENT-3508,place,潮安,广东潮安,place_mentions,0.8
CSQP-SFHC-TEXT-150,CSQP-SFHC-TEXT-150-ENT-3509,place,澄邑,广东澄海,title_reference,0.8
CSQP-SFHC-TEXT-150,CSQP-SFHC-TEXT-150-ENT-3510,place,叻,新加坡,sender,0.8
CSQP-SFHC-TEXT-150,CSQP-SFHC-TEXT-150-ENT-3511,place,澄邑,广东澄海,recipient,0.8
CSQP-SFHC-TEXT-150,CSQP-SFHC-TEXT-150-ENT-3512,place,澄邑,广东澄海,place_mentions,0.8
CSQP-SFHC-TEXT-150,CSQP-SFHC-TEXT-150-ENT-3513,place,叻,新加坡,place_mentions,0.8
CSQP-SFHC-TEXT-151,CSQP-SFHC-TEXT-151-ENT-3514,place,澄邑,广东澄海,title_reference,0.8
CSQP-SFHC-TEXT-151,CSQP-SFHC-TEXT-151-ENT-3515,place,澄邑,广东澄海,recipient,0.8
CSQP-SFHC-TEXT-151,CSQP-SFHC-TEXT-151-ENT-3516,place,澄邑,广东澄海,place_mentions,0.8
CSQP-SFHC-TEXT-152,CSQP-SFHC-TEXT-152-ENT-3517,place,潮安,广东潮安,title_reference,0.8
CSQP-SFHC-TEXT-152,CSQP-SFHC-TEXT-152-ENT-3518,place,大寨,广东潮安大寨,title_reference,0.8
CSQP-SFHC-TEXT-152,CSQP-SFHC-TEXT-152-ENT-3519,place,叻,新加坡,sender,0.8
CSQP-SFHC-TEXT-152,CSQP-SFHC-TEXT-152-ENT-3520,place,潮安,广东潮安,recipient,0.8
CSQP-SFHC-TEXT-152,CSQP-SFHC-TEXT-152-ENT-3521,place,大寨,广东潮安大寨,recipient,0.8
CSQP-SFHC-TEXT-152,CSQP-SFHC-TEXT-152-ENT-3522,place,潮安,广东潮安,body_clean,0.8
CSQP-SFHC-TEXT-152,CSQP-SFHC-TEXT-152-ENT-3523,place,大寨,广东潮安大寨,body_clean,0.8
CSQP-SFHC-TEXT-152,CSQP-SFHC-TEXT-152-ENT-3524,place,潮安,广东潮安,place_mentions,0.8
CSQP-SFHC-TEXT-152,CSQP-SFHC-TEXT-152-ENT-3525,place,大寨,广东潮安大寨,place_mentions,0.8
CSQP-SFHC-TEXT-152,CSQP-SFHC-TEXT-152-ENT-3526,place,叻,新加坡,place_mentions,0.8
CSQP-SFHC-TEXT-153,CSQP-SFHC-TEXT-153-ENT-3527,place,潮安,广东潮安,title_reference,0.8
CSQP-SFHC-TEXT-153,CSQP-SFHC-TEXT-153-ENT-3528,place,潮安,广东潮安,recipient,0.8
CSQP-SFHC-TEXT-153,CSQP-SFHC-TEXT-153-ENT-3529,place,潮安,广东潮安,body_clean,0.8
CSQP-SFHC-TEXT-153,CSQP-SFHC-TEXT-153-ENT-3530,place,潮安,广东潮安,place_mentions,0.8
CSQP-SFHC-TEXT-154,CSQP-SFHC-TEXT-154-ENT-3531,place,潮汕,广东侨乡,title_reference,0.8
CSQP-SFHC-TEXT-154,CSQP-SFHC-TEXT-154-ENT-3532,place,潮汕,广东侨乡,recipient,0.8
CSQP-SFHC-TEXT-154,CSQP-SFHC-TEXT-154-ENT-3533,place,潮汕,广东侨乡,place_mentions,0.8
CSQP-SFHC-TEXT-155,CSQP-SFHC-TEXT-155-ENT-3534,place,潮汕,广东侨乡,title_reference,0.8
CSQP-SFHC-TEXT-155,CSQP-SFHC-TEXT-155-ENT-3535,place,潮汕,广东侨乡,recipient,0.8
CSQP-SFHC-TEXT-155,CSQP-SFHC-TEXT-155-ENT-3536,place,叻,新加坡,body_clean,0.8
CSQP-SFHC-TEXT-155,CSQP-SFHC-TEXT-155-ENT-3537,place,潮汕,广东侨乡,place_mentions,0.8
CSQP-SFHC-TEXT-155,CSQP-SFHC-TEXT-155-ENT-3538,place,叻,新加坡,place_mentions,0.8
CSQP-SFHC-TEXT-156,CSQP-SFHC-TEXT-156-ENT-3539,place,潮安,广东潮安,title_reference,0.8
CSQP-SFHC-TEXT-156,CSQP-SFHC-TEXT-156-ENT-3540,place,潮安,广东潮安,recipient,0.8
CSQP-SFHC-TEXT-156,CSQP-SFHC-TEXT-156-ENT-3541,place,潮安,广东潮安,body_clean,0.8
CSQP-SFHC-TEXT-156,CSQP-SFHC-TEXT-156-ENT-3542,place,潮安,广东潮安,place_mentions,0.8
CSQP-SFHC-TEXT-157,CSQP-SFHC-TEXT-157-ENT-3543,place,叻,新加坡,sender,0.8
CSQP-SFHC-TEXT-157,CSQP-SFHC-TEXT-157-ENT-3544,place,汀邑,广东澄海,recipient,0.8
CSQP-SFHC-TEXT-157,CSQP-SFHC-TEXT-157-ENT-3545,place,汀邑,广东澄海,body_clean,0.8
CSQP-SFHC-TEXT-157,CSQP-SFHC-TEXT-157-ENT-3546,place,汀邑,广东澄海,place_mentions,0.8
CSQP-SFHC-TEXT-157,CSQP-SFHC-TEXT-157-ENT-3547,place,叻,新加坡,place_mentions,0.8
CSQP-SFHC-TEXT-158,CSQP-SFHC-TEXT-158-ENT-3548,place,潮汕,广东侨乡,title_reference,0.8
CSQP-SFHC-TEXT-158,CSQP-SFHC-TEXT-158-ENT-3549,place,潮汕,广东侨乡,recipient,0.8
CSQP-SFHC-TEXT-158,CSQP-SFHC-TEXT-158-ENT-3550,place,潮汕,广东侨乡,place_mentions,0.8
CSQP-SFHC-TEXT-159,CSQP-SFHC-TEXT-159-ENT-3551,place,潮汕,广东侨乡,title_reference,0.8
CSQP-SFHC-TEXT-159,CSQP-SFHC-TEXT-159-ENT-3552,place,潮汕,广东侨乡,recipient,0.8
CSQP-SFHC-TEXT-159,CSQP-SFHC-TEXT-159-ENT-3553,place,潮汕,广东侨乡,place_mentions,0.8
CSQP-SFHC-TEXT-160,CSQP-SFHC-TEXT-160-ENT-3554,place,香港,香港,title_reference,0.8
CSQP-SFHC-TEXT-160,CSQP-SFHC-TEXT-160-ENT-3555,place,澄海,广东澄海,title_reference,0.8
CSQP-SFHC-TEXT-160,CSQP-SFHC-TEXT-160-ENT-3556,place,澄海,广东澄海,recipient,0.8
CSQP-SFHC-TEXT-160,CSQP-SFHC-TEXT-160-ENT-3557,place,澄海,广东澄海,body_clean,0.8
CSQP-SFHC-TEXT-160,CSQP-SFHC-TEXT-160-ENT-3558,place,香港,香港,place_mentions,0.8
CSQP-SFHC-TEXT-160,CSQP-SFHC-TEXT-160-ENT-3559,place,澄海,广东澄海,place_mentions,0.8
CSQP-SFHC-TEXT-161,CSQP-SFHC-TEXT-161-ENT-3560,place,新加坡,新加坡,title_reference,0.8
CSQP-SFHC-TEXT-161,CSQP-SFHC-TEXT-161-ENT-3561,place,澄邑,广东澄海,title_reference,0.8
CSQP-SFHC-TEXT-161,CSQP-SFHC-TEXT-161-ENT-3562,place,澄邑,广东澄海,recipient,0.8
CSQP-SFHC-TEXT-161,CSQP-SFHC-TEXT-161-ENT-3563,place,澄邑,广东澄海,body_clean,0.8
CSQP-SFHC-TEXT-161,CSQP-SFHC-TEXT-161-ENT-3564,place,新加坡,新加坡,place_mentions,0.8
CSQP-SFHC-TEXT-161,CSQP-SFHC-TEXT-161-ENT-3565,place,澄邑,广东澄海,place_mentions,0.8
CSQP-SFHC-TEXT-162,CSQP-SFHC-TEXT-162-ENT-3566,place,叻坡,新加坡,title_reference,0.8
CSQP-SFHC-TEXT-162,CSQP-SFHC-TEXT-162-ENT-3567,place,潮汕,广东侨乡,title_reference,0.8
CSQP-SFHC-TEXT-162,CSQP-SFHC-TEXT-162-ENT-3568,place,叻坡,新加坡,sender,0.8
CSQP-SFHC-TEXT-162,CSQP-SFHC-TEXT-162-ENT-3569,place,叻,新加坡,sender,0.8
CSQP-SFHC-TEXT-162,CSQP-SFHC-TEXT-162-ENT-3570,place,潮汕,广东侨乡,recipient,0.8
CSQP-SFHC-TEXT-162,CSQP-SFHC-TEXT-162-ENT-3571,place,叻坡,新加坡,body_clean,0.8
CSQP-SFHC-TEXT-162,CSQP-SFHC-TEXT-162-ENT-3572,place,香港,香港,body_clean,0.8
CSQP-SFHC-TEXT-162,CSQP-SFHC-TEXT-162-ENT-3573,place,叻坡,新加坡,place_mentions,0.8
CSQP-SFHC-TEXT-162,CSQP-SFHC-TEXT-162-ENT-3574,place,香港,香港,place_mentions,0.8
CSQP-SFHC-TEXT-162,CSQP-SFHC-TEXT-162-ENT-3575,place,潮汕,广东侨乡,place_mentions,0.8
CSQP-SFHC-TEXT-162,CSQP-SFHC-TEXT-162-ENT-3576,place,叻,新加坡,place_mentions,0.8
CSQP-SFHC-TEXT-163,CSQP-SFHC-TEXT-163-ENT-3577,place,安南,越南,title_reference,0.8
CSQP-SFHC-TEXT-163,CSQP-SFHC-TEXT-163-ENT-3578,place,潮安,广东潮安,title_reference,0.8
CSQP-SFHC-TEXT-163,CSQP-SFHC-TEXT-163-ENT-3579,place,安南,越南,recipient,0.8
CSQP-SFHC-TEXT-163,CSQP-SFHC-TEXT-163-ENT-3580,place,潮安,广东潮安,recipient,0.8
CSQP-SFHC-TEXT-163,CSQP-SFHC-TEXT-163-ENT-3581,place,安南,越南,body_clean,0.8
CSQP-SFHC-TEXT-163,CSQP-SFHC-TEXT-163-ENT-3582,place,潮安,广东潮安,body_clean,0.8
CSQP-SFHC-TEXT-163,CSQP-SFHC-TEXT-163-ENT-3583,place,安南,越南,place_mentions,0.8
CSQP-SFHC-TEXT-163,CSQP-SFHC-TEXT-163-ENT-3584,place,潮安,广东潮安,place_mentions,0.8
CSQP-SFHC-TEXT-164,CSQP-SFHC-TEXT-164-ENT-3585,place,叻坡,新加坡,title_reference,0.8
CSQP-SFHC-TEXT-164,CSQP-SFHC-TEXT-164-ENT-3586,place,潮汕,广东侨乡,title_reference,0.8
CSQP-SFHC-TEXT-164,CSQP-SFHC-TEXT-164-ENT-3587,place,叻坡,新加坡,sender,0.8
CSQP-SFHC-TEXT-164,CSQP-SFHC-TEXT-164-ENT-3588,place,叻,新加坡,sender,0.8
CSQP-SFHC-TEXT-164,CSQP-SFHC-TEXT-164-ENT-3589,place,潮汕,广东侨乡,recipient,0.8
CSQP-SFHC-TEXT-164,CSQP-SFHC-TEXT-164-ENT-3590,place,叻坡,新加坡,body_clean,0.8
CSQP-SFHC-TEXT-164,CSQP-SFHC-TEXT-164-ENT-3591,place,香港,香港,body_clean,0.8
CSQP-SFHC-TEXT-164,CSQP-SFHC-TEXT-164-ENT-3592,place,叻坡,新加坡,place_mentions,0.8
CSQP-SFHC-TEXT-164,CSQP-SFHC-TEXT-164-ENT-3593,place,香港,香港,place_mentions,0.8
CSQP-SFHC-TEXT-164,CSQP-SFHC-TEXT-164-ENT-3594,place,潮汕,广东侨乡,place_mentions,0.8
CSQP-SFHC-TEXT-164,CSQP-SFHC-TEXT-164-ENT-3595,place,叻,新加坡,place_mentions,0.8
CSQP-SFHC-TEXT-165,CSQP-SFHC-TEXT-165-ENT-3596,place,潮汕,广东侨乡,title_reference,0.8
CSQP-SFHC-TEXT-165,CSQP-SFHC-TEXT-165-ENT-3597,place,潮汕,广东侨乡,recipient,0.8
CSQP-SFHC-TEXT-165,CSQP-SFHC-TEXT-165-ENT-3598,place,潮汕,广东侨乡,place_mentions,0.8
CSQP-SFHC-TEXT-166,CSQP-SFHC-TEXT-166-ENT-3599,place,潮安,广东潮安,title_reference,0.8
CSQP-SFHC-TEXT-166,CSQP-SFHC-TEXT-166-ENT-3600,place,叻,新加坡,sender,0.8
CSQP-SFHC-TEXT-166,CSQP-SFHC-TEXT-166-ENT-3601,place,潮安,广东潮安,recipient,0.8
CSQP-SFHC-TEXT-166,CSQP-SFHC-TEXT-166-ENT-3602,place,潮安,广东潮安,body_clean,0.8
CSQP-SFHC-TEXT-166,CSQP-SFHC-TEXT-166-ENT-3603,place,潮安,广东潮安,place_mentions,0.8
CSQP-SFHC-TEXT-166,CSQP-SFHC-TEXT-166-ENT-3604,place,叻,新加坡,place_mentions,0.8
CSQP-SFHC-TEXT-167,CSQP-SFHC-TEXT-167-ENT-3605,place,潮安,广东潮安,title_reference,0.8
CSQP-SFHC-TEXT-167,CSQP-SFHC-TEXT-167-ENT-3606,place,叻,新加坡,sender,0.8
CSQP-SFHC-TEXT-167,CSQP-SFHC-TEXT-167-ENT-3607,place,潮安,广东潮安,recipient,0.8
CSQP-SFHC-TEXT-167,CSQP-SFHC-TEXT-167-ENT-3608,place,潮安,广东潮安,body_clean,0.8
CSQP-SFHC-TEXT-167,CSQP-SFHC-TEXT-167-ENT-3609,place,潮安,广东潮安,place_mentions,0.8
CSQP-SFHC-TEXT-167,CSQP-SFHC-TEXT-167-ENT-3610,place,叻,新加坡,place_mentions,0.8
CSQP-SFHC-TEXT-168,CSQP-SFHC-TEXT-168-ENT-3611,place,潮安,广东潮安,title_reference,0.8
CSQP-SFHC-TEXT-168,CSQP-SFHC-TEXT-168-ENT-3612,place,西洋乡,广东侨乡西洋乡,title_reference,0.8
CSQP-SFHC-TEXT-168,CSQP-SFHC-TEXT-168-ENT-3613,place,叻,新加坡,sender,0.8
CSQP-SFHC-TEXT-168,CSQP-SFHC-TEXT-168-ENT-3614,place,潮安,广东潮安,recipient,0.8
CSQP-SFHC-TEXT-168,CSQP-SFHC-TEXT-168-ENT-3615,place,西洋乡,广东侨乡西洋乡,recipient,0.8
CSQP-SFHC-TEXT-168,CSQP-SFHC-TEXT-168-ENT-3616,place,潮安,广东潮安,body_clean,0.8
CSQP-SFHC-TEXT-168,CSQP-SFHC-TEXT-168-ENT-3617,place,西洋乡,广东侨乡西洋乡,body_clean,0.8
CSQP-SFHC-TEXT-168,CSQP-SFHC-TEXT-168-ENT-3618,place,叻,新加坡,body_clean,0.8
CSQP-SFHC-TEXT-168,CSQP-SFHC-TEXT-168-ENT-3619,place,潮安,广东潮安,place_mentions,0.8
CSQP-SFHC-TEXT-168,CSQP-SFHC-TEXT-168-ENT-3620,place,西洋乡,广东侨乡西洋乡,place_mentions,0.8
CSQP-SFHC-TEXT-168,CSQP-SFHC-TEXT-168-ENT-3621,place,叻,新加坡,place_mentions,0.8
CSQP-SFHC-TEXT-169,CSQP-SFHC-TEXT-169-ENT-3622,place,潮汕,广东侨乡,title_reference,0.8
CSQP-SFHC-TEXT-169,CSQP-SFHC-TEXT-169-ENT-3623,place,潮汕,广东侨乡,sender,0.8
CSQP-SFHC-TEXT-169,CSQP-SFHC-TEXT-169-ENT-3624,place,潮汕,广东侨乡,recipient,0.8
CSQP-SFHC-TEXT-169,CSQP-SFHC-TEXT-169-ENT-3625,place,潮汕,广东侨乡,place_mentions,0.8
CSQP-SFHC-TEXT-170,CSQP-SFHC-TEXT-170-ENT-3626,place,潮汕,广东侨乡,title_reference,0.8
CSQP-SFHC-TEXT-170,CSQP-SFHC-TEXT-170-ENT-3627,place,潮汕,广东侨乡,recipient,0.8
CSQP-SFHC-TEXT-170,CSQP-SFHC-TEXT-170-ENT-3628,place,潮汕,广东侨乡,place_mentions,0.8
CSQP-SFHC-TEXT-171,CSQP-SFHC-TEXT-171-ENT-3629,place,潮汕,广东侨乡,title_reference,0.8
CSQP-SFHC-TEXT-171,CSQP-SFHC-TEXT-171-ENT-3630,place,潮汕,广东侨乡,recipient,0.8
CSQP-SFHC-TEXT-171,CSQP-SFHC-TEXT-171-ENT-3631,place,星洲,新加坡,body_clean,0.8
CSQP-SFHC-TEXT-171,CSQP-SFHC-TEXT-171-ENT-3632,place,叻,新加坡,body_clean,0.8
CSQP-SFHC-TEXT-171,CSQP-SFHC-TEXT-171-ENT-3633,place,星洲,新加坡,place_mentions,0.8
CSQP-SFHC-TEXT-171,CSQP-SFHC-TEXT-171-ENT-3634,place,潮汕,广东侨乡,place_mentions,0.8
CSQP-SFHC-TEXT-171,CSQP-SFHC-TEXT-171-ENT-3635,place,叻,新加坡,place_mentions,0.8
CSQP-SFHC-TEXT-172,CSQP-SFHC-TEXT-172-ENT-3636,place,潮汕,广东侨乡,title_reference,0.8
CSQP-SFHC-TEXT-172,CSQP-SFHC-TEXT-172-ENT-3637,place,潮汕,广东侨乡,recipient,0.8
CSQP-SFHC-TEXT-172,CSQP-SFHC-TEXT-172-ENT-3638,place,潮汕,广东侨乡,place_mentions,0.8
CSQP-SFHC-TEXT-173,CSQP-SFHC-TEXT-173-ENT-3639,place,潮安,广东潮安,title_reference,0.8
CSQP-SFHC-TEXT-173,CSQP-SFHC-TEXT-173-ENT-3640,place,叻,新加坡,sender,0.8
CSQP-SFHC-TEXT-173,CSQP-SFHC-TEXT-173-ENT-3641,place,潮安,广东潮安,recipient,0.8
CSQP-SFHC-TEXT-173,CSQP-SFHC-TEXT-173-ENT-3642,place,潮安,广东潮安,body_clean,0.8
CSQP-SFHC-TEXT-173,CSQP-SFHC-TEXT-173-ENT-3643,place,潮安,广东潮安,place_mentions,0.8
CSQP-SFHC-TEXT-173,CSQP-SFHC-TEXT-173-ENT-3644,place,叻,新加坡,place_mentions,0.8
CSQP-SFHC-TEXT-174,CSQP-SFHC-TEXT-174-ENT-3645,place,潮汕,广东侨乡,title_reference,0.8
CSQP-SFHC-TEXT-174,CSQP-SFHC-TEXT-174-ENT-3646,place,潮汕,广东侨乡,recipient,0.8
CSQP-SFHC-TEXT-174,CSQP-SFHC-TEXT-174-ENT-3647,place,潮汕,广东侨乡,place_mentions,0.8
CSQP-SFHC-TEXT-175,CSQP-SFHC-TEXT-175-ENT-3648,place,汕头,广东汕头,title_reference,0.8
CSQP-SFHC-TEXT-175,CSQP-SFHC-TEXT-175-ENT-3649,place,叻,新加坡,sender,0.8
CSQP-SFHC-TEXT-175,CSQP-SFHC-TEXT-175-ENT-3650,place,汕头,广东汕头,recipient,0.8
CSQP-SFHC-TEXT-175,CSQP-SFHC-TEXT-175-ENT-3651,place,汕头,广东汕头,body_clean,0.8
CSQP-SFHC-TEXT-175,CSQP-SFHC-TEXT-175-ENT-3652,place,汕头,广东汕头,place_mentions,0.8
CSQP-SFHC-TEXT-175,CSQP-SFHC-TEXT-175-ENT-3653,place,叻,新加坡,place_mentions,0.8
CSQP-SFHC-TEXT-176,CSQP-SFHC-TEXT-176-ENT-3654,place,潮汕,广东侨乡,title_reference,0.8
CSQP-SFHC-TEXT-176,CSQP-SFHC-TEXT-176-ENT-3655,place,潮汕,广东侨乡,recipient,0.8
CSQP-SFHC-TEXT-176,CSQP-SFHC-TEXT-176-ENT-3656,place,潮汕,广东侨乡,place_mentions,0.8
CSQP-SFHC-TEXT-177,CSQP-SFHC-TEXT-177-ENT-3657,place,潮汕,广东侨乡,title_reference,0.8
CSQP-SFHC-TEXT-177,CSQP-SFHC-TEXT-177-ENT-3658,place,潮汕,广东侨乡,recipient,0.8
CSQP-SFHC-TEXT-177,CSQP-SFHC-TEXT-177-ENT-3659,place,叻坡,新加坡,body_clean,0.8
CSQP-SFHC-TEXT-177,CSQP-SFHC-TEXT-177-ENT-3660,place,叻,新加坡,body_clean,0.8
CSQP-SFHC-TEXT-177,CSQP-SFHC-TEXT-177-ENT-3661,place,叻坡,新加坡,place_mentions,0.8
CSQP-SFHC-TEXT-177,CSQP-SFHC-TEXT-177-ENT-3662,place,潮汕,广东侨乡,place_mentions,0.8
CSQP-SFHC-TEXT-177,CSQP-SFHC-TEXT-177-ENT-3663,place,叻,新加坡,place_mentions,0.8
CSQP-SFHC-TEXT-178,CSQP-SFHC-TEXT-178-ENT-3664,place,潮汕,广东侨乡,title_reference,0.8
CSQP-SFHC-TEXT-178,CSQP-SFHC-TEXT-178-ENT-3665,place,潮汕,广东侨乡,recipient,0.8
CSQP-SFHC-TEXT-178,CSQP-SFHC-TEXT-178-ENT-3666,place,潮汕,广东侨乡,place_mentions,0.8
CSQP-SFHC-TEXT-179,CSQP-SFHC-TEXT-179-ENT-3667,place,安南,越南,title_reference,0.8
CSQP-SFHC-TEXT-179,CSQP-SFHC-TEXT-179-ENT-3668,place,潮安,广东潮安,title_reference,0.8
CSQP-SFHC-TEXT-179,CSQP-SFHC-TEXT-179-ENT-3669,place,叻,新加坡,sender,0.8
CSQP-SFHC-TEXT-179,CSQP-SFHC-TEXT-179-ENT-3670,place,安南,越南,recipient,0.8
CSQP-SFHC-TEXT-179,CSQP-SFHC-TEXT-179-ENT-3671,place,潮安,广东潮安,recipient,0.8
CSQP-SFHC-TEXT-179,CSQP-SFHC-TEXT-179-ENT-3672,place,安南,越南,body_clean,0.8
CSQP-SFHC-TEXT-179,CSQP-SFHC-TEXT-179-ENT-3673,place,潮安,广东潮安,body_clean,0.8
CSQP-SFHC-TEXT-179,CSQP-SFHC-TEXT-179-ENT-3674,place,叻,新加坡,body_clean,0.8
CSQP-SFHC-TEXT-179,CSQP-SFHC-TEXT-179-ENT-3675,place,安南,越南,place_mentions,0.8
CSQP-SFHC-TEXT-179,CSQP-SFHC-TEXT-179-ENT-3676,place,潮安,广东潮安,place_mentions,0.8
CSQP-SFHC-TEXT-179,CSQP-SFHC-TEXT-179-ENT-3677,place,叻,新加坡,place_mentions,0.8
CSQP-SFHC-TEXT-180,CSQP-SFHC-TEXT-180-ENT-3678,place,潮汕,广东侨乡,title_reference,0.8
CSQP-SFHC-TEXT-180,CSQP-SFHC-TEXT-180-ENT-3679,place,叻,新加坡,sender,0.8
CSQP-SFHC-TEXT-180,CSQP-SFHC-TEXT-180-ENT-3680,place,潮汕,广东侨乡,recipient,0.8
CSQP-SFHC-TEXT-180,CSQP-SFHC-TEXT-180-ENT-3681,place,潮汕,广东侨乡,place_mentions,0.8
CSQP-SFHC-TEXT-180,CSQP-SFHC-TEXT-180-ENT-3682,place,叻,新加坡,place_mentions,0.8
CSQP-SFHC-TEXT-181,CSQP-SFHC-TEXT-181-ENT-3683,place,暹罗,泰国,title_reference,0.8
CSQP-SFHC-TEXT-181,CSQP-SFHC-TEXT-181-ENT-3684,place,泰国,泰国,title_reference,0.8
CSQP-SFHC-TEXT-181,CSQP-SFHC-TEXT-181-ENT-3685,place,暹罗,泰国,sender,0.8
CSQP-SFHC-TEXT-181,CSQP-SFHC-TEXT-181-ENT-3686,place,暹罗,泰国,body_clean,0.8
CSQP-SFHC-TEXT-181,CSQP-SFHC-TEXT-181-ENT-3687,place,暹罗,泰国,place_mentions,0.8
CSQP-SFHC-TEXT-181,CSQP-SFHC-TEXT-181-ENT-3688,place,泰国,泰国,place_mentions,0.8
CSQP-SFHC-TEXT-181,CSQP-SFHC-TEXT-181-ENT-3689,place,暹,泰国,place_mentions,0.8
CSQP-SFHC-TEXT-182,CSQP-SFHC-TEXT-182-ENT-3690,place,潮安,广东潮安,title_reference,0.8
CSQP-SFHC-TEXT-182,CSQP-SFHC-TEXT-182-ENT-3691,place,潮安,广东潮安,recipient,0.8
CSQP-SFHC-TEXT-182,CSQP-SFHC-TEXT-182-ENT-3692,place,潮安,广东潮安,body_clean,0.8
CSQP-SFHC-TEXT-182,CSQP-SFHC-TEXT-182-ENT-3693,place,潮安,广东潮安,place_mentions,0.8
CSQP-SFHC-TEXT-183,CSQP-SFHC-TEXT-183-ENT-3694,place,潮安,广东潮安,title_reference,0.8
CSQP-SFHC-TEXT-183,CSQP-SFHC-TEXT-183-ENT-3695,place,叻,新加坡,sender,0.8
CSQP-SFHC-TEXT-183,CSQP-SFHC-TEXT-183-ENT-3696,place,潮安,广东潮安,recipient,0.8
CSQP-SFHC-TEXT-183,CSQP-SFHC-TEXT-183-ENT-3697,place,潮安,广东潮安,body_clean,0.8
CSQP-SFHC-TEXT-183,CSQP-SFHC-TEXT-183-ENT-3698,place,潮安,广东潮安,place_mentions,0.8
CSQP-SFHC-TEXT-183,CSQP-SFHC-TEXT-183-ENT-3699,place,叻,新加坡,place_mentions,0.8
CSQP-SFHC-TEXT-184,CSQP-SFHC-TEXT-184-ENT-3700,place,潮汕,广东侨乡,title_reference,0.8
CSQP-SFHC-TEXT-184,CSQP-SFHC-TEXT-184-ENT-3701,place,潮汕,广东侨乡,recipient,0.8
CSQP-SFHC-TEXT-184,CSQP-SFHC-TEXT-184-ENT-3702,place,潮汕,广东侨乡,place_mentions,0.8
CSQP-SFHC-TEXT-185,CSQP-SFHC-TEXT-185-ENT-3703,place,潮安,广东潮安,title_reference,0.8
CSQP-SFHC-TEXT-185,CSQP-SFHC-TEXT-185-ENT-3704,place,叻,新加坡,sender,0.8
CSQP-SFHC-TEXT-185,CSQP-SFHC-TEXT-185-ENT-3705,place,潮安,广东潮安,recipient,0.8
CSQP-SFHC-TEXT-185,CSQP-SFHC-TEXT-185-ENT-3706,place,潮安,广东潮安,body_clean,0.8
CSQP-SFHC-TEXT-185,CSQP-SFHC-TEXT-185-ENT-3707,place,潮安,广东潮安,place_mentions,0.8
CSQP-SFHC-TEXT-185,CSQP-SFHC-TEXT-185-ENT-3708,place,叻,新加坡,place_mentions,0.8
CSQP-SFHC-TEXT-186,CSQP-SFHC-TEXT-186-ENT-3709,place,潮安,广东潮安,title_reference,0.8
CSQP-SFHC-TEXT-186,CSQP-SFHC-TEXT-186-ENT-3710,place,东凤,广东潮安东凤,title_reference,0.8
CSQP-SFHC-TEXT-186,CSQP-SFHC-TEXT-186-ENT-3711,place,潮安,广东潮安,recipient,0.8
CSQP-SFHC-TEXT-186,CSQP-SFHC-TEXT-186-ENT-3712,place,潮安,广东潮安,body_clean,0.8
CSQP-SFHC-TEXT-186,CSQP-SFHC-TEXT-186-ENT-3713,place,潮安,广东潮安,place_mentions,0.8
CSQP-SFHC-TEXT-186,CSQP-SFHC-TEXT-186-ENT-3714,place,东凤,广东潮安东凤,place_mentions,0.8
CSQP-SFHC-TEXT-187,CSQP-SFHC-TEXT-187-ENT-3715,place,潮汕,广东侨乡,title_reference,0.8
CSQP-SFHC-TEXT-187,CSQP-SFHC-TEXT-187-ENT-3716,place,潮汕,广东侨乡,recipient,0.8
CSQP-SFHC-TEXT-187,CSQP-SFHC-TEXT-187-ENT-3717,place,潮汕,广东侨乡,place_mentions,0.8
CSQP-SFHC-TEXT-188,CSQP-SFHC-TEXT-188-ENT-3718,place,泰国,泰国,title_reference,0.8
CSQP-SFHC-TEXT-188,CSQP-SFHC-TEXT-188-ENT-3719,place,潮安,广东潮安,title_reference,0.8
CSQP-SFHC-TEXT-188,CSQP-SFHC-TEXT-188-ENT-3720,place,泰国,泰国,sender,0.8
CSQP-SFHC-TEXT-188,CSQP-SFHC-TEXT-188-ENT-3721,place,潮安,广东潮安,recipient,0.8
CSQP-SFHC-TEXT-188,CSQP-SFHC-TEXT-188-ENT-3722,place,泰国,泰国,body_clean,0.8
CSQP-SFHC-TEXT-188,CSQP-SFHC-TEXT-188-ENT-3723,place,潮安,广东潮安,body_clean,0.8
CSQP-SFHC-TEXT-188,CSQP-SFHC-TEXT-188-ENT-3724,place,泰国,泰国,place_mentions,0.8
CSQP-SFHC-TEXT-188,CSQP-SFHC-TEXT-188-ENT-3725,place,潮安,广东潮安,place_mentions,0.8
CSQP-SFHC-TEXT-189,CSQP-SFHC-TEXT-189-ENT-3726,place,潮汕,广东侨乡,title_reference,0.8
CSQP-SFHC-TEXT-189,CSQP-SFHC-TEXT-189-ENT-3727,place,潮汕,广东侨乡,recipient,0.8
CSQP-SFHC-TEXT-189,CSQP-SFHC-TEXT-189-ENT-3728,place,潮汕,广东侨乡,place_mentions,0.8
CSQP-SFHC-TEXT-190,CSQP-SFHC-TEXT-190-ENT-3729,place,潮汕,广东侨乡,title_reference,0.8
CSQP-SFHC-TEXT-190,CSQP-SFHC-TEXT-190-ENT-3730,place,潮汕,广东侨乡,recipient,0.8
CSQP-SFHC-TEXT-190,CSQP-SFHC-TEXT-190-ENT-3731,place,潮汕,广东侨乡,place_mentions,0.8
CSQP-SFHC-TEXT-191,CSQP-SFHC-TEXT-191-ENT-3732,place,潮汕,广东侨乡,title_reference,0.8
CSQP-SFHC-TEXT-191,CSQP-SFHC-TEXT-191-ENT-3733,place,潮汕,广东侨乡,recipient,0.8
CSQP-SFHC-TEXT-191,CSQP-SFHC-TEXT-191-ENT-3734,place,潮汕,广东侨乡,place_mentions,0.8
CSQP-SFHC-TEXT-192,CSQP-SFHC-TEXT-192-ENT-3735,place,潮汕,广东侨乡,title_reference,0.8
CSQP-SFHC-TEXT-192,CSQP-SFHC-TEXT-192-ENT-3736,place,潮汕,广东侨乡,recipient,0.8
CSQP-SFHC-TEXT-192,CSQP-SFHC-TEXT-192-ENT-3737,place,潮汕,广东侨乡,place_mentions,0.8
CSQP-SFHC-TEXT-193,CSQP-SFHC-TEXT-193-ENT-3738,place,潮汕,广东侨乡,title_reference,0.8
CSQP-SFHC-TEXT-193,CSQP-SFHC-TEXT-193-ENT-3739,place,潮汕,广东侨乡,recipient,0.8
CSQP-SFHC-TEXT-193,CSQP-SFHC-TEXT-193-ENT-3740,place,潮汕,广东侨乡,place_mentions,0.8
CSQP-SFHC-TEXT-194,CSQP-SFHC-TEXT-194-ENT-3741,place,潮安,广东潮安,title_reference,0.8
CSQP-SFHC-TEXT-194,CSQP-SFHC-TEXT-194-ENT-3742,place,叻,新加坡,sender,0.8
CSQP-SFHC-TEXT-194,CSQP-SFHC-TEXT-194-ENT-3743,place,潮安,广东潮安,place_mentions,0.8
CSQP-SFHC-TEXT-194,CSQP-SFHC-TEXT-194-ENT-3744,place,叻,新加坡,place_mentions,0.8
CSQP-SFHC-TEXT-195,CSQP-SFHC-TEXT-195-ENT-3745,place,潮汕,广东侨乡,title_reference,0.8
CSQP-SFHC-TEXT-195,CSQP-SFHC-TEXT-195-ENT-3746,place,潮汕,广东侨乡,recipient,0.8
CSQP-SFHC-TEXT-195,CSQP-SFHC-TEXT-195-ENT-3747,place,潮汕,广东侨乡,place_mentions,0.8
CSQP-SFHC-TEXT-196,CSQP-SFHC-TEXT-196-ENT-3748,place,安南,越南,title_reference,0.8
CSQP-SFHC-TEXT-196,CSQP-SFHC-TEXT-196-ENT-3749,place,潮安,广东潮安,title_reference,0.8
CSQP-SFHC-TEXT-196,CSQP-SFHC-TEXT-196-ENT-3750,place,叻,新加坡,sender,0.8
CSQP-SFHC-TEXT-196,CSQP-SFHC-TEXT-196-ENT-3751,place,安南,越南,recipient,0.8
CSQP-SFHC-TEXT-196,CSQP-SFHC-TEXT-196-ENT-3752,place,潮安,广东潮安,recipient,0.8
CSQP-SFHC-TEXT-196,CSQP-SFHC-TEXT-196-ENT-3753,place,安南,越南,body_clean,0.8
CSQP-SFHC-TEXT-196,CSQP-SFHC-TEXT-196-ENT-3754,place,潮安,广东潮安,body_clean,0.8
CSQP-SFHC-TEXT-196,CSQP-SFHC-TEXT-196-ENT-3755,place,安南,越南,place_mentions,0.8
CSQP-SFHC-TEXT-196,CSQP-SFHC-TEXT-196-ENT-3756,place,潮安,广东潮安,place_mentions,0.8
CSQP-SFHC-TEXT-196,CSQP-SFHC-TEXT-196-ENT-3757,place,叻,新加坡,place_mentions,0.8
CSQP-SFHC-TEXT-197,CSQP-SFHC-TEXT-197-ENT-3758,place,潮安,广东潮安,title_reference,0.8
CSQP-SFHC-TEXT-197,CSQP-SFHC-TEXT-197-ENT-3759,place,潮安,广东潮安,recipient,0.8
CSQP-SFHC-TEXT-197,CSQP-SFHC-TEXT-197-ENT-3760,place,潮安,广东潮安,body_clean,0.8
CSQP-SFHC-TEXT-197,CSQP-SFHC-TEXT-197-ENT-3761,place,潮安,广东潮安,place_mentions,0.8
CSQP-SFHC-TEXT-198,CSQP-SFHC-TEXT-198-ENT-3762,place,安南,越南,title_reference,0.8
CSQP-SFHC-TEXT-198,CSQP-SFHC-TEXT-198-ENT-3763,place,潮安,广东潮安,title_reference,0.8
CSQP-SFHC-TEXT-198,CSQP-SFHC-TEXT-198-ENT-3764,place,叻,新加坡,sender,0.8
CSQP-SFHC-TEXT-198,CSQP-SFHC-TEXT-198-ENT-3765,place,安南,越南,recipient,0.8
CSQP-SFHC-TEXT-198,CSQP-SFHC-TEXT-198-ENT-3766,place,潮安,广东潮安,recipient,0.8
CSQP-SFHC-TEXT-198,CSQP-SFHC-TEXT-198-ENT-3767,place,安南,越南,body_clean,0.8
CSQP-SFHC-TEXT-198,CSQP-SFHC-TEXT-198-ENT-3768,place,潮安,广东潮安,body_clean,0.8
CSQP-SFHC-TEXT-198,CSQP-SFHC-TEXT-198-ENT-3769,place,安南,越南,place_mentions,0.8
CSQP-SFHC-TEXT-198,CSQP-SFHC-TEXT-198-ENT-3770,place,潮安,广东潮安,place_mentions,0.8
CSQP-SFHC-TEXT-198,CSQP-SFHC-TEXT-198-ENT-3771,place,叻,新加坡,place_mentions,0.8
CSQP-SFHC-TEXT-199,CSQP-SFHC-TEXT-199-ENT-3772,place,潮汕,广东侨乡,title_reference,0.8
CSQP-SFHC-TEXT-199,CSQP-SFHC-TEXT-199-ENT-3773,place,潮汕,广东侨乡,recipient,0.8
CSQP-SFHC-TEXT-199,CSQP-SFHC-TEXT-199-ENT-3774,place,潮汕,广东侨乡,place_mentions,0.8
CSQP-SFHC-TEXT-200,CSQP-SFHC-TEXT-200-ENT-3775,place,潮汕,广东侨乡,title_reference,0.8
CSQP-SFHC-TEXT-200,CSQP-SFHC-TEXT-200-ENT-3776,place,潮汕,广东侨乡,recipient,0.8
CSQP-SFHC-TEXT-200,CSQP-SFHC-TEXT-200-ENT-3777,place,潮汕,广东侨乡,place_mentions,0.8
CSQP-SFHC-TEXT-201,CSQP-SFHC-TEXT-201-ENT-3778,place,潮汕,广东侨乡,title_reference,0.8
CSQP-SFHC-TEXT-201,CSQP-SFHC-TEXT-201-ENT-3779,place,潮汕,广东侨乡,recipient,0.8
CSQP-SFHC-TEXT-201,CSQP-SFHC-TEXT-201-ENT-3780,place,潮汕,广东侨乡,place_mentions,0.8
CSQP-SFHC-TEXT-202,CSQP-SFHC-TEXT-202-ENT-3781,place,潮汕,广东侨乡,title_reference,0.8
CSQP-SFHC-TEXT-202,CSQP-SFHC-TEXT-202-ENT-3782,place,潮汕,广东侨乡,recipient,0.8
CSQP-SFHC-TEXT-202,CSQP-SFHC-TEXT-202-ENT-3783,place,叻,新加坡,body_clean,0.8
CSQP-SFHC-TEXT-202,CSQP-SFHC-TEXT-202-ENT-3784,place,潮汕,广东侨乡,place_mentions,0.8
CSQP-SFHC-TEXT-202,CSQP-SFHC-TEXT-202-ENT-3785,place,叻,新加坡,place_mentions,0.8
CSQP-SFHC-TEXT-203,CSQP-SFHC-TEXT-203-ENT-3786,place,潮汕,广东侨乡,title_reference,0.8
CSQP-SFHC-TEXT-203,CSQP-SFHC-TEXT-203-ENT-3787,place,潮汕,广东侨乡,recipient,0.8
CSQP-SFHC-TEXT-203,CSQP-SFHC-TEXT-203-ENT-3788,place,汕头,广东汕头,body_clean,0.8
CSQP-SFHC-TEXT-203,CSQP-SFHC-TEXT-203-ENT-3789,place,潮汕,广东侨乡,place_mentions,0.8
CSQP-SFHC-TEXT-203,CSQP-SFHC-TEXT-203-ENT-3790,place,汕头,广东汕头,place_mentions,0.8
CSQP-SFHC-TEXT-204,CSQP-SFHC-TEXT-204-ENT-3791,place,潮汕,广东侨乡,title_reference,0.8
CSQP-SFHC-TEXT-204,CSQP-SFHC-TEXT-204-ENT-3792,place,潮汕,广东侨乡,recipient,0.8
CSQP-SFHC-TEXT-204,CSQP-SFHC-TEXT-204-ENT-3793,place,潮汕,广东侨乡,place_mentions,0.8
CSQP-SFHC-TEXT-205,CSQP-SFHC-TEXT-205-ENT-3794,place,潮汕,广东侨乡,title_reference,0.8
CSQP-SFHC-TEXT-205,CSQP-SFHC-TEXT-205-ENT-3795,place,潮汕,广东侨乡,recipient,0.8
CSQP-SFHC-TEXT-205,CSQP-SFHC-TEXT-205-ENT-3796,place,潮汕,广东侨乡,place_mentions,0.8
CSQP-SFHC-TEXT-206,CSQP-SFHC-TEXT-206-ENT-3797,place,潮安,广东潮安,title_reference,0.8
CSQP-SFHC-TEXT-206,CSQP-SFHC-TEXT-206-ENT-3798,place,东凤,广东潮安东凤,title_reference,0.8
CSQP-SFHC-TEXT-206,CSQP-SFHC-TEXT-206-ENT-3799,place,叻,新加坡,sender,0.8
CSQP-SFHC-TEXT-206,CSQP-SFHC-TEXT-206-ENT-3800,place,潮安,广东潮安,recipient,0.8
CSQP-SFHC-TEXT-206,CSQP-SFHC-TEXT-206-ENT-3801,place,潮安,广东潮安,body_clean,0.8
CSQP-SFHC-TEXT-206,CSQP-SFHC-TEXT-206-ENT-3802,place,汕头,广东汕头,body_clean,0.8
CSQP-SFHC-TEXT-206,CSQP-SFHC-TEXT-206-ENT-3803,place,潮安,广东潮安,place_mentions,0.8
CSQP-SFHC-TEXT-206,CSQP-SFHC-TEXT-206-ENT-3804,place,汕头,广东汕头,place_mentions,0.8
CSQP-SFHC-TEXT-206,CSQP-SFHC-TEXT-206-ENT-3805,place,东凤,广东潮安东凤,place_mentions,0.8
CSQP-SFHC-TEXT-206,CSQP-SFHC-TEXT-206-ENT-3806,place,叻,新加坡,place_mentions,0.8
CSQP-SFHC-TEXT-207,CSQP-SFHC-TEXT-207-ENT-3807,place,潮汕,广东侨乡,title_reference,0.8
CSQP-SFHC-TEXT-207,CSQP-SFHC-TEXT-207-ENT-3808,place,潮汕,广东侨乡,recipient,0.8
CSQP-SFHC-TEXT-207,CSQP-SFHC-TEXT-207-ENT-3809,place,潮汕,广东侨乡,place_mentions,0.8
CSQP-SFHC-TEXT-208,CSQP-SFHC-TEXT-208-ENT-3810,place,澄邑,广东澄海,title_reference,0.8
CSQP-SFHC-TEXT-208,CSQP-SFHC-TEXT-208-ENT-3811,place,叻,新加坡,sender,0.8
CSQP-SFHC-TEXT-208,CSQP-SFHC-TEXT-208-ENT-3812,place,澄邑,广东澄海,recipient,0.8
CSQP-SFHC-TEXT-208,CSQP-SFHC-TEXT-208-ENT-3813,place,澄邑,广东澄海,body_clean,0.8
CSQP-SFHC-TEXT-208,CSQP-SFHC-TEXT-208-ENT-3814,place,澄邑,广东澄海,place_mentions,0.8
CSQP-SFHC-TEXT-208,CSQP-SFHC-TEXT-208-ENT-3815,place,叻,新加坡,place_mentions,0.8
CSQP-SFHC-TEXT-209,CSQP-SFHC-TEXT-209-ENT-3816,place,潮汕,广东侨乡,title_reference,0.8
CSQP-SFHC-TEXT-209,CSQP-SFHC-TEXT-209-ENT-3817,place,潮汕,广东侨乡,recipient,0.8
CSQP-SFHC-TEXT-209,CSQP-SFHC-TEXT-209-ENT-3818,place,潮汕,广东侨乡,place_mentions,0.8
CSQP-SFHC-TEXT-210,CSQP-SFHC-TEXT-210-ENT-3819,place,潮安,广东潮安,title_reference,0.8
CSQP-SFHC-TEXT-210,CSQP-SFHC-TEXT-210-ENT-3820,place,潮安,广东潮安,recipient,0.8
CSQP-SFHC-TEXT-210,CSQP-SFHC-TEXT-210-ENT-3821,place,潮安,广东潮安,body_clean,0.8
CSQP-SFHC-TEXT-210,CSQP-SFHC-TEXT-210-ENT-3822,place,潮安,广东潮安,place_mentions,0.8
CSQP-SFHC-TEXT-211,CSQP-SFHC-TEXT-211-ENT-3823,place,潮汕,广东侨乡,title_reference,0.8
CSQP-SFHC-TEXT-211,CSQP-SFHC-TEXT-211-ENT-3824,place,潮汕,广东侨乡,recipient,0.8
CSQP-SFHC-TEXT-211,CSQP-SFHC-TEXT-211-ENT-3825,place,潮汕,广东侨乡,place_mentions,0.8
CSQP-SFHC-TEXT-212,CSQP-SFHC-TEXT-212-ENT-3826,place,澄邑,广东澄海,title_reference,0.8
CSQP-SFHC-TEXT-212,CSQP-SFHC-TEXT-212-ENT-3827,place,澄邑,广东澄海,place_mentions,0.8
CSQP-SFHC-TEXT-213,CSQP-SFHC-TEXT-213-ENT-3828,place,潮汕,广东侨乡,title_reference,0.8
CSQP-SFHC-TEXT-213,CSQP-SFHC-TEXT-213-ENT-3829,place,潮汕,广东侨乡,recipient,0.8
CSQP-SFHC-TEXT-213,CSQP-SFHC-TEXT-213-ENT-3830,place,潮汕,广东侨乡,place_mentions,0.8
CSQP-SFHC-TEXT-001,CSQP-SFHC-TEXT-001-ENT-3831,money,荷银弍元,弍元,body_clean,0.9
CSQP-SFHC-TEXT-002,CSQP-SFHC-TEXT-002-ENT-3832,money,大洋银捌元,捌元,body_clean,0.9
CSQP-SFHC-TEXT-002,CSQP-SFHC-TEXT-002-ENT-3833,money,大良（银）捌元,捌元,body_clean,0.7
CSQP-SFHC-TEXT-003,CSQP-SFHC-TEXT-003-ENT-3834,money,英洋拾贰元,拾贰元,body_clean,0.9
CSQP-SFHC-TEXT-003,CSQP-SFHC-TEXT-003-ENT-3835,money,良（银）十二元,十二元,body_clean,0.7
CSQP-SFHC-TEXT-004,CSQP-SFHC-TEXT-004-ENT-3836,money,大洋伍拾元,伍拾元,body_clean,0.9
CSQP-SFHC-TEXT-004,CSQP-SFHC-TEXT-004-ENT-3837,money,式元,式元,body_clean,0.7
CSQP-SFHC-TEXT-005,CSQP-SFHC-TEXT-005-ENT-3838,money,大银十四元,十四元,body_clean,0.9
CSQP-SFHC-TEXT-005,CSQP-SFHC-TEXT-005-ENT-3839,money,一元,一元,body_clean,0.7
CSQP-SFHC-TEXT-005,CSQP-SFHC-TEXT-005-ENT-3840,money,十元,十元,body_clean,0.7
CSQP-SFHC-TEXT-006,CSQP-SFHC-TEXT-006-ENT-3841,money,大洋银捌元,捌元,body_clean,0.9
CSQP-SFHC-TEXT-007,CSQP-SFHC-TEXT-007-ENT-3842,money,大洋捌元,捌元,body_clean,0.9
CSQP-SFHC-TEXT-007,CSQP-SFHC-TEXT-007-ENT-3843,money,大洋捌元,捌元,body_clean,0.7
CSQP-SFHC-TEXT-008,CSQP-SFHC-TEXT-008-ENT-3844,money,大洋银五元,五元,body_clean,0.9
CSQP-SFHC-TEXT-009,CSQP-SFHC-TEXT-009-ENT-3845,money,大银捌元,捌元,body_clean,0.9
CSQP-SFHC-TEXT-010,CSQP-SFHC-TEXT-010-ENT-3846,money,大洋银叁拾元,叁拾元,body_clean,0.9
CSQP-SFHC-TEXT-011,CSQP-SFHC-TEXT-011-ENT-3847,money,大银肆元,肆元,body_clean,0.9
CSQP-SFHC-TEXT-011,CSQP-SFHC-TEXT-011-ENT-3848,money,大良（银）四元,四元,body_clean,0.7
CSQP-SFHC-TEXT-012,CSQP-SFHC-TEXT-012-ENT-3849,money,大洋银肆元,肆元,body_clean,0.9
CSQP-SFHC-TEXT-013,CSQP-SFHC-TEXT-013-ENT-3850,money,银伍元,伍元,body_clean,0.9
CSQP-SFHC-TEXT-013,CSQP-SFHC-TEXT-013-ENT-3851,money,大洋银伍元,伍元,body_clean,0.7
CSQP-SFHC-TEXT-014,CSQP-SFHC-TEXT-014-ENT-3852,money,光洋银拾伍元,拾伍元,body_clean,0.9
CSQP-SFHC-TEXT-014,CSQP-SFHC-TEXT-014-ENT-3853,money,光洋银拾伍元,拾伍元,body_clean,0.7
CSQP-SFHC-TEXT-014,CSQP-SFHC-TEXT-014-ENT-3854,money,一元,一元,body_clean,0.7
CSQP-SFHC-TEXT-015,CSQP-SFHC-TEXT-015-ENT-3855,money,大银十五元,十五元,body_clean,0.9
CSQP-SFHC-TEXT-016,CSQP-SFHC-TEXT-016-ENT-3856,money,大洋银陆元,陆元,body_clean,0.9
CSQP-SFHC-TEXT-017,CSQP-SFHC-TEXT-017-ENT-3857,money,洋银肆元,肆元,body_clean,0.9
CSQP-SFHC-TEXT-017,CSQP-SFHC-TEXT-017-ENT-3858,money,洋银肆元,肆元,body_clean,0.7
CSQP-SFHC-TEXT-018,CSQP-SFHC-TEXT-018-ENT-3859,money,大洋银捌元,捌元,body_clean,0.9
CSQP-SFHC-TEXT-019,CSQP-SFHC-TEXT-019-ENT-3860,money,洋银陆元,陆元,body_clean,0.9
CSQP-SFHC-TEXT-019,CSQP-SFHC-TEXT-019-ENT-3861,money,良（银）二十五元,二十五元,body_clean,0.7
CSQP-SFHC-TEXT-020,CSQP-SFHC-TEXT-020-ENT-3862,money,中正银贰元,贰元,body_clean,0.9
CSQP-SFHC-TEXT-021,CSQP-SFHC-TEXT-021-ENT-3863,money,洋银拾元,拾元,body_clean,0.9
CSQP-SFHC-TEXT-021,CSQP-SFHC-TEXT-021-ENT-3864,money,壹元,壹元,body_clean,0.7
CSQP-SFHC-TEXT-022,CSQP-SFHC-TEXT-022-ENT-3865,money,大良（银）四元,四元,body_clean,0.9
CSQP-SFHC-TEXT-023,CSQP-SFHC-TEXT-023-ENT-3866,money,大洋拾元,拾元,body_clean,0.9
CSQP-SFHC-TEXT-024,CSQP-SFHC-TEXT-024-ENT-3867,money,光洋银二十元,二十元,body_clean,0.9
CSQP-SFHC-TEXT-024,CSQP-SFHC-TEXT-024-ENT-3868,money,光洋银二十元,二十元,body_clean,0.7
CSQP-SFHC-TEXT-024,CSQP-SFHC-TEXT-024-ENT-3869,money,二元,二元,body_clean,0.7
CSQP-SFHC-TEXT-024,CSQP-SFHC-TEXT-024-ENT-3870,money,十八元,十八元,body_clean,0.7
CSQP-SFHC-TEXT-025,CSQP-SFHC-TEXT-025-ENT-3871,money,国币十五元,十五元,body_clean,0.9
CSQP-SFHC-TEXT-025,CSQP-SFHC-TEXT-025-ENT-3872,money,大银贰元,贰元,body_clean,0.7
CSQP-SFHC-TEXT-025,CSQP-SFHC-TEXT-025-ENT-3873,money,贰元,贰元,body_clean,0.7
CSQP-SFHC-TEXT-025,CSQP-SFHC-TEXT-025-ENT-3874,money,十一元,十一元,body_clean,0.7
CSQP-SFHC-TEXT-026,CSQP-SFHC-TEXT-026-ENT-3875,money,洋银陆元,陆元,body_clean,0.9
CSQP-SFHC-TEXT-027,CSQP-SFHC-TEXT-027-ENT-3876,money,大银八元,八元,body_clean,0.9
CSQP-SFHC-TEXT-028,CSQP-SFHC-TEXT-028-ENT-3877,money,大良（银）弍元,弍元,body_clean,0.9
CSQP-SFHC-TEXT-029,CSQP-SFHC-TEXT-029-ENT-3878,money,大银壹拾五元,壹拾五元,body_clean,0.9
CSQP-SFHC-TEXT-029,CSQP-SFHC-TEXT-029-ENT-3879,money,大银壹拾五元,壹拾五元,body_clean,0.7
CSQP-SFHC-TEXT-029,CSQP-SFHC-TEXT-029-ENT-3880,money,15元,15元,body_clean,0.7
CSQP-SFHC-TEXT-029,CSQP-SFHC-TEXT-029-ENT-3881,money,4元,4元,body_clean,0.7
CSQP-SFHC-TEXT-030,CSQP-SFHC-TEXT-030-ENT-3882,money,大银捌元,捌元,body_clean,0.9
CSQP-SFHC-TEXT-030,CSQP-SFHC-TEXT-030-ENT-3883,money,大银八元,八元,body_clean,0.7
CSQP-SFHC-TEXT-031,CSQP-SFHC-TEXT-031-ENT-3884,money,英洋伍元,伍元,body_clean,0.9
CSQP-SFHC-TEXT-032,CSQP-SFHC-TEXT-032-ENT-3885,money,贰拾元,贰拾元,body_clean,0.9
CSQP-SFHC-TEXT-033,CSQP-SFHC-TEXT-033-ENT-3886,money,大银贰元,贰元,body_clean,0.9
CSQP-SFHC-TEXT-034,CSQP-SFHC-TEXT-034-ENT-3887,money,银拾贰元,拾贰元,body_clean,0.9
CSQP-SFHC-TEXT-034,CSQP-SFHC-TEXT-034-ENT-3888,money,银拾贰元,拾贰元,body_clean,0.7
CSQP-SFHC-TEXT-035,CSQP-SFHC-TEXT-035-ENT-3889,money,洋银壹拾伍元,壹拾伍元,body_clean,0.9
CSQP-SFHC-TEXT-036,CSQP-SFHC-TEXT-036-ENT-3890,money,大洋银拾元,拾元,body_clean,0.9
CSQP-SFHC-TEXT-036,CSQP-SFHC-TEXT-036-ENT-3891,money,大洋银拾元,拾元,body_clean,0.7
CSQP-SFHC-TEXT-037,CSQP-SFHC-TEXT-037-ENT-3892,money,大洋银弍拾元,弍拾元,body_clean,0.9
CSQP-SFHC-TEXT-038,CSQP-SFHC-TEXT-038-ENT-3893,money,银叁拾元,叁拾元,body_clean,0.9
CSQP-SFHC-TEXT-038,CSQP-SFHC-TEXT-038-ENT-3894,money,大银叁拾元,叁拾元,body_clean,0.7
CSQP-SFHC-TEXT-039,CSQP-SFHC-TEXT-039-ENT-3895,money,大龙银拾元,拾元,body_clean,0.9
CSQP-SFHC-TEXT-040,CSQP-SFHC-TEXT-040-ENT-3896,money,二十元,二十元,body_clean,0.7
CSQP-SFHC-TEXT-040,CSQP-SFHC-TEXT-040-ENT-3897,money,大银式元,式元,body_clean,0.9
CSQP-SFHC-TEXT-041,CSQP-SFHC-TEXT-041-ENT-3898,money,良（银）四元,四元,body_clean,0.9
CSQP-SFHC-TEXT-042,CSQP-SFHC-TEXT-042-ENT-3899,money,大银六元,六元,body_clean,0.9
CSQP-SFHC-TEXT-043,CSQP-SFHC-TEXT-043-ENT-3900,money,法币拾元,拾元,body_clean,0.9
CSQP-SFHC-TEXT-044,CSQP-SFHC-TEXT-044-ENT-3901,money,法币壹拾元,壹拾元,body_clean,0.9
CSQP-SFHC-TEXT-045,CSQP-SFHC-TEXT-045-ENT-3902,money,国币拾肆元,拾肆元,body_clean,0.9
CSQP-SFHC-TEXT-045,CSQP-SFHC-TEXT-045-ENT-3903,money,肆元,肆元,body_clean,0.7
CSQP-SFHC-TEXT-045,CSQP-SFHC-TEXT-045-ENT-3904,money,三元,三元,body_clean,0.7
CSQP-SFHC-TEXT-045,CSQP-SFHC-TEXT-045-ENT-3905,money,壹元,壹元,body_clean,0.7
CSQP-SFHC-TEXT-045,CSQP-SFHC-TEXT-045-ENT-3906,money,十元,十元,body_clean,0.7
CSQP-SFHC-TEXT-046,CSQP-SFHC-TEXT-046-ENT-3907,money,国币拾元,拾元,body_clean,0.9
CSQP-SFHC-TEXT-047,CSQP-SFHC-TEXT-047-ENT-3908,money,英洋伍元,伍元,body_clean,0.9
CSQP-SFHC-TEXT-047,CSQP-SFHC-TEXT-047-ENT-3909,money,币伍元,伍元,body_clean,0.7
CSQP-SFHC-TEXT-048,CSQP-SFHC-TEXT-048-ENT-3910,money,国币四角,四角,body_clean,0.9
CSQP-SFHC-TEXT-049,CSQP-SFHC-TEXT-049-ENT-3911,money,大洋币拾元,拾元,body_clean,0.9
CSQP-SFHC-TEXT-050,CSQP-SFHC-TEXT-050-ENT-3912,money,国币伍拾元,伍拾元,body_clean,0.9
CSQP-SFHC-TEXT-050,CSQP-SFHC-TEXT-050-ENT-3913,money,一元,一元,body_clean,0.7
CSQP-SFHC-TEXT-051,CSQP-SFHC-TEXT-051-ENT-3914,money,银陆元,陆元,body_clean,0.9
CSQP-SFHC-TEXT-051,CSQP-SFHC-TEXT-051-ENT-3915,money,壹元,壹元,body_clean,0.7
CSQP-SFHC-TEXT-051,CSQP-SFHC-TEXT-051-ENT-3916,money,伍元,伍元,body_clean,0.7
CSQP-SFHC-TEXT-052,CSQP-SFHC-TEXT-052-ENT-3917,money,银式元,式元,body_clean,0.9
CSQP-SFHC-TEXT-052,CSQP-SFHC-TEXT-052-ENT-3918,money,英洋式元,式元,body_clean,0.7
CSQP-SFHC-TEXT-053,CSQP-SFHC-TEXT-053-ENT-3919,money,币壹佰元,壹佰元,body_clean,0.9
CSQP-SFHC-TEXT-054,CSQP-SFHC-TEXT-054-ENT-3920,money,银壹佰万元,壹佰万元,body_clean,0.9
CSQP-SFHC-TEXT-055,CSQP-SFHC-TEXT-055-ENT-3921,money,国币四元,四元,body_clean,0.9
CSQP-SFHC-TEXT-056,CSQP-SFHC-TEXT-056-ENT-3922,money,中央币贰元,贰元,body_clean,0.9
CSQP-SFHC-TEXT-056,CSQP-SFHC-TEXT-056-ENT-3923,money,国洋二元,二元,body_clean,0.7
CSQP-SFHC-TEXT-057,CSQP-SFHC-TEXT-057-ENT-3924,money,银叁拾元,叁拾元,body_clean,0.9
CSQP-SFHC-TEXT-058,CSQP-SFHC-TEXT-058-ENT-3925,money,中央币伍元,伍元,body_clean,0.9
CSQP-SFHC-TEXT-059,CSQP-SFHC-TEXT-059-ENT-3926,money,中央币壹佰元,壹佰元,body_clean,0.9
CSQP-SFHC-TEXT-059,CSQP-SFHC-TEXT-059-ENT-3927,money,中央币壹佰元,壹佰元,body_clean,0.7
CSQP-SFHC-TEXT-060,CSQP-SFHC-TEXT-060-ENT-3928,money,中央币式元,式元,body_clean,0.9
CSQP-SFHC-TEXT-060,CSQP-SFHC-TEXT-060-ENT-3929,money,中央币式元,式元,body_clean,0.7
CSQP-SFHC-TEXT-061,CSQP-SFHC-TEXT-061-ENT-3930,money,国币拾式元,拾式元,body_clean,0.9
CSQP-SFHC-TEXT-061,CSQP-SFHC-TEXT-061-ENT-3931,money,十二元,十二元,body_clean,0.7
CSQP-SFHC-TEXT-061,CSQP-SFHC-TEXT-061-ENT-3932,money,中央币拾弍元,拾弍元,body_clean,0.7
CSQP-SFHC-TEXT-061,CSQP-SFHC-TEXT-061-ENT-3933,money,弍元,弍元,body_clean,0.7
CSQP-SFHC-TEXT-061,CSQP-SFHC-TEXT-061-ENT-3934,money,拾元,拾元,body_clean,0.7
CSQP-SFHC-TEXT-062,CSQP-SFHC-TEXT-062-ENT-3935,money,大银壹拾元,壹拾元,body_clean,0.9
CSQP-SFHC-TEXT-062,CSQP-SFHC-TEXT-062-ENT-3936,money,十一二元,十一二元,body_clean,0.7
CSQP-SFHC-TEXT-063,CSQP-SFHC-TEXT-063-ENT-3937,money,中央法币陆元,陆元,body_clean,0.9
CSQP-SFHC-TEXT-063,CSQP-SFHC-TEXT-063-ENT-3938,money,中央法币陆元,陆元,body_clean,0.7
CSQP-SFHC-TEXT-064,CSQP-SFHC-TEXT-064-ENT-3939,money,中央币壹拾元,壹拾元,body_clean,0.9
CSQP-SFHC-TEXT-064,CSQP-SFHC-TEXT-064-ENT-3940,money,中央币壹拾元,壹拾元,body_clean,0.7
CSQP-SFHC-TEXT-065,CSQP-SFHC-TEXT-065-ENT-3941,money,国币捌元,捌元,body_clean,0.9
CSQP-SFHC-TEXT-065,CSQP-SFHC-TEXT-065-ENT-3942,money,弍元,弍元,body_clean,0.7
CSQP-SFHC-TEXT-066,CSQP-SFHC-TEXT-066-ENT-3943,money,银贰拾元,贰拾元,body_clean,0.9
CSQP-SFHC-TEXT-066,CSQP-SFHC-TEXT-066-ENT-3944,money,国币贰拾元,贰拾元,body_clean,0.7
CSQP-SFHC-TEXT-067,CSQP-SFHC-TEXT-067-ENT-3945,money,法币伍拾元,伍拾元,body_clean,0.9
CSQP-SFHC-TEXT-067,CSQP-SFHC-TEXT-067-ENT-3946,money,一十五元,一十五元,body_clean,0.7
CSQP-SFHC-TEXT-067,CSQP-SFHC-TEXT-067-ENT-3947,money,法币伍十元,伍十元,body_clean,0.7
CSQP-SFHC-TEXT-068,CSQP-SFHC-TEXT-068-ENT-3948,money,国币贰拾元,贰拾元,body_clean,0.9
CSQP-SFHC-TEXT-068,CSQP-SFHC-TEXT-068-ENT-3949,money,国币贰拾元,贰拾元,body_clean,0.7
CSQP-SFHC-TEXT-069,CSQP-SFHC-TEXT-069-ENT-3950,money,国币叁拾元,叁拾元,body_clean,0.9
CSQP-SFHC-TEXT-070,CSQP-SFHC-TEXT-070-ENT-3951,money,国币式拾伍元,式拾伍元,body_clean,0.9
CSQP-SFHC-TEXT-071,CSQP-SFHC-TEXT-071-ENT-3952,money,中央币肆拾元,肆拾元,body_clean,0.9
CSQP-SFHC-TEXT-071,CSQP-SFHC-TEXT-071-ENT-3953,money,伍元,伍元,body_clean,0.7
CSQP-SFHC-TEXT-071,CSQP-SFHC-TEXT-071-ENT-3954,money,十万元,十万元,body_clean,0.7
CSQP-SFHC-TEXT-071,CSQP-SFHC-TEXT-071-ENT-3955,money,一万元,一万元,body_clean,0.7
CSQP-SFHC-TEXT-071,CSQP-SFHC-TEXT-071-ENT-3956,money,一元,一元,body_clean,0.7
CSQP-SFHC-TEXT-071,CSQP-SFHC-TEXT-071-ENT-3957,money,千元,千元,body_clean,0.7
CSQP-SFHC-TEXT-071,CSQP-SFHC-TEXT-071-ENT-3958,money,六十元,六十元,body_clean,0.7
CSQP-SFHC-TEXT-071,CSQP-SFHC-TEXT-071-ENT-3959,money,国币肆拾元,肆拾元,body_clean,0.7
CSQP-SFHC-TEXT-071,CSQP-SFHC-TEXT-071-ENT-3960,money,肆元,肆元,body_clean,0.7
CSQP-SFHC-TEXT-072,CSQP-SFHC-TEXT-072-ENT-3961,money,法币叁拾元,叁拾元,body_clean,0.9
CSQP-SFHC-TEXT-072,CSQP-SFHC-TEXT-072-ENT-3962,money,法币三十元,三十元,body_clean,0.7
CSQP-SFHC-TEXT-073,CSQP-SFHC-TEXT-073-ENT-3963,money,国币拾伍元,拾伍元,body_clean,0.9
CSQP-SFHC-TEXT-073,CSQP-SFHC-TEXT-073-ENT-3964,money,大良（银）拾伍元,拾伍元,body_clean,0.7
CSQP-SFHC-TEXT-073,CSQP-SFHC-TEXT-073-ENT-3965,money,一元,一元,body_clean,0.7
CSQP-SFHC-TEXT-074,CSQP-SFHC-TEXT-074-ENT-3966,money,中央币拾元,拾元,body_clean,0.9
CSQP-SFHC-TEXT-074,CSQP-SFHC-TEXT-074-ENT-3967,money,中央币拾元,拾元,body_clean,0.7
CSQP-SFHC-TEXT-074,CSQP-SFHC-TEXT-074-ENT-3968,money,弍元,弍元,body_clean,0.7
CSQP-SFHC-TEXT-075,CSQP-SFHC-TEXT-075-ENT-3969,money,四十元,四十元,body_clean,0.9
CSQP-SFHC-TEXT-075,CSQP-SFHC-TEXT-075-ENT-3970,money,肆元,肆元,body_clean,0.7
CSQP-SFHC-TEXT-075,CSQP-SFHC-TEXT-075-ENT-3971,money,拾元,拾元,body_clean,0.7
CSQP-SFHC-TEXT-076,CSQP-SFHC-TEXT-076-ENT-3972,money,国币式佰元,式佰元,body_clean,0.9
CSQP-SFHC-TEXT-076,CSQP-SFHC-TEXT-076-ENT-3973,money,银肆元,肆元,body_clean,0.7
CSQP-SFHC-TEXT-076,CSQP-SFHC-TEXT-076-ENT-3974,money,银弍元,弍元,body_clean,0.7
CSQP-SFHC-TEXT-077,CSQP-SFHC-TEXT-077-ENT-3975,money,中央国币伍拾元,伍拾元,body_clean,0.9
CSQP-SFHC-TEXT-077,CSQP-SFHC-TEXT-077-ENT-3976,money,国币叁佰元,叁佰元,body_clean,0.7
CSQP-SFHC-TEXT-078,CSQP-SFHC-TEXT-078-ENT-3977,money,中央币拾元,拾元,body_clean,0.9
CSQP-SFHC-TEXT-078,CSQP-SFHC-TEXT-078-ENT-3978,money,中央币拾元,拾元,body_clean,0.7
CSQP-SFHC-TEXT-079,CSQP-SFHC-TEXT-079-ENT-3979,money,国币壹佰元,壹佰元,body_clean,0.9
CSQP-SFHC-TEXT-079,CSQP-SFHC-TEXT-079-ENT-3980,money,国币壹佰元,壹佰元,body_clean,0.7
CSQP-SFHC-TEXT-079,CSQP-SFHC-TEXT-079-ENT-3981,money,银式元,式元,body_clean,0.7
CSQP-SFHC-TEXT-080,CSQP-SFHC-TEXT-080-ENT-3982,money,国币拾伍元,拾伍元,body_clean,0.9
CSQP-SFHC-TEXT-080,CSQP-SFHC-TEXT-080-ENT-3983,money,国币拾伍元,拾伍元,body_clean,0.7
CSQP-SFHC-TEXT-081,CSQP-SFHC-TEXT-081-ENT-3984,money,中央币五十元,五十元,body_clean,0.9
CSQP-SFHC-TEXT-082,CSQP-SFHC-TEXT-082-ENT-3985,money,国币叁佰元,叁佰元,body_clean,0.9
CSQP-SFHC-TEXT-082,CSQP-SFHC-TEXT-082-ENT-3986,money,国币叁佰元,叁佰元,body_clean,0.7
CSQP-SFHC-TEXT-083,CSQP-SFHC-TEXT-083-ENT-3987,money,国币陆拾元,陆拾元,body_clean,0.9
CSQP-SFHC-TEXT-083,CSQP-SFHC-TEXT-083-ENT-3988,money,中央币陆拾元,陆拾元,body_clean,0.7
CSQP-SFHC-TEXT-083,CSQP-SFHC-TEXT-083-ENT-3989,money,肆元,肆元,body_clean,0.7
CSQP-SFHC-TEXT-083,CSQP-SFHC-TEXT-083-ENT-3990,money,贰元,贰元,body_clean,0.7
CSQP-SFHC-TEXT-083,CSQP-SFHC-TEXT-083-ENT-3991,money,伍拾元,伍拾元,body_clean,0.7
CSQP-SFHC-TEXT-084,CSQP-SFHC-TEXT-084-ENT-3992,money,国币肆拾元,肆拾元,body_clean,0.9
CSQP-SFHC-TEXT-084,CSQP-SFHC-TEXT-084-ENT-3993,money,三元,三元,body_clean,0.7
CSQP-SFHC-TEXT-084,CSQP-SFHC-TEXT-084-ENT-3994,money,二元,二元,body_clean,0.7
CSQP-SFHC-TEXT-084,CSQP-SFHC-TEXT-084-ENT-3995,money,一元,一元,body_clean,0.7
CSQP-SFHC-TEXT-084,CSQP-SFHC-TEXT-084-ENT-3996,money,肆元,肆元,body_clean,0.7
CSQP-SFHC-TEXT-085,CSQP-SFHC-TEXT-085-ENT-3997,money,国币伍拾元,伍拾元,body_clean,0.9
CSQP-SFHC-TEXT-086,CSQP-SFHC-TEXT-086-ENT-3998,money,国币壹佰元,壹佰元,body_clean,0.9
CSQP-SFHC-TEXT-086,CSQP-SFHC-TEXT-086-ENT-3999,money,中央币壹佰元,壹佰元,body_clean,0.7
CSQP-SFHC-TEXT-086,CSQP-SFHC-TEXT-086-ENT-4000,money,拾元,拾元,body_clean,0.7
CSQP-SFHC-TEXT-086,CSQP-SFHC-TEXT-086-ENT-4001,money,伍元,伍元,body_clean,0.7
CSQP-SFHC-TEXT-086,CSQP-SFHC-TEXT-086-ENT-4002,money,肆元,肆元,body_clean,0.7
CSQP-SFHC-TEXT-086,CSQP-SFHC-TEXT-086-ENT-4003,money,贰元,贰元,body_clean,0.7
CSQP-SFHC-TEXT-086,CSQP-SFHC-TEXT-086-ENT-4004,money,柒拾元,柒拾元,body_clean,0.7
CSQP-SFHC-TEXT-087,CSQP-SFHC-TEXT-087-ENT-4005,money,壹拾元,壹拾元,body_clean,0.9
CSQP-SFHC-TEXT-087,CSQP-SFHC-TEXT-087-ENT-4006,money,壹拾元,壹拾元,body_clean,0.7
CSQP-SFHC-TEXT-088,CSQP-SFHC-TEXT-088-ENT-4007,money,国币拾元,拾元,body_clean,0.9
CSQP-SFHC-TEXT-088,CSQP-SFHC-TEXT-088-ENT-4008,money,国币拾元,拾元,body_clean,0.7
CSQP-SFHC-TEXT-089,CSQP-SFHC-TEXT-089-ENT-4009,money,国币贰拾元,贰拾元,body_clean,0.9
CSQP-SFHC-TEXT-089,CSQP-SFHC-TEXT-089-ENT-4010,money,二元,二元,body_clean,0.7
CSQP-SFHC-TEXT-090,CSQP-SFHC-TEXT-090-ENT-4011,money,国币肆拾元,肆拾元,body_clean,0.9
CSQP-SFHC-TEXT-090,CSQP-SFHC-TEXT-090-ENT-4012,money,国币肆拾元,肆拾元,body_clean,0.7
CSQP-SFHC-TEXT-090,CSQP-SFHC-TEXT-090-ENT-4013,money,一元,一元,body_clean,0.7
CSQP-SFHC-TEXT-091,CSQP-SFHC-TEXT-091-ENT-4014,money,国币贰佰伍拾元,贰佰伍拾元,body_clean,0.9
CSQP-SFHC-TEXT-091,CSQP-SFHC-TEXT-091-ENT-4015,money,中央国币贰佰伍拾元,贰佰伍拾元,body_clean,0.7
CSQP-SFHC-TEXT-091,CSQP-SFHC-TEXT-091-ENT-4016,money,拾元,拾元,body_clean,0.7
CSQP-SFHC-TEXT-091,CSQP-SFHC-TEXT-091-ENT-4017,money,捌元,捌元,body_clean,0.7
CSQP-SFHC-TEXT-091,CSQP-SFHC-TEXT-091-ENT-4018,money,肆元,肆元,body_clean,0.7
CSQP-SFHC-TEXT-091,CSQP-SFHC-TEXT-091-ENT-4019,money,陆元,陆元,body_clean,0.7
CSQP-SFHC-TEXT-091,CSQP-SFHC-TEXT-091-ENT-4020,money,二十二元,二十二元,body_clean,0.7
CSQP-SFHC-TEXT-091,CSQP-SFHC-TEXT-091-ENT-4021,money,二百元,二百元,body_clean,0.7
CSQP-SFHC-TEXT-091,CSQP-SFHC-TEXT-091-ENT-4022,money,六佰万元,六佰万元,body_clean,0.7
CSQP-SFHC-TEXT-092,CSQP-SFHC-TEXT-092-ENT-4023,money,国币壹佰元,壹佰元,body_clean,0.9
CSQP-SFHC-TEXT-093,CSQP-SFHC-TEXT-093-ENT-4024,money,国币六十元,六十元,body_clean,0.9
CSQP-SFHC-TEXT-093,CSQP-SFHC-TEXT-093-ENT-4025,money,三元,三元,body_clean,0.7
CSQP-SFHC-TEXT-093,CSQP-SFHC-TEXT-093-ENT-4026,money,二元,二元,body_clean,0.7
CSQP-SFHC-TEXT-094,CSQP-SFHC-TEXT-094-ENT-4027,money,国币贰佰元,贰佰元,body_clean,0.9
CSQP-SFHC-TEXT-095,CSQP-SFHC-TEXT-095-ENT-4028,money,法币两元,两元,body_clean,0.9
CSQP-SFHC-TEXT-096,CSQP-SFHC-TEXT-096-ENT-4029,money,中央币肆元,肆元,body_clean,0.9
CSQP-SFHC-TEXT-097,CSQP-SFHC-TEXT-097-ENT-4030,money,银贰拾元,贰拾元,body_clean,0.9
CSQP-SFHC-TEXT-097,CSQP-SFHC-TEXT-097-ENT-4031,money,大洋银贰拾元,贰拾元,body_clean,0.7
CSQP-SFHC-TEXT-100,CSQP-SFHC-TEXT-100-ENT-4032,money,国币壹仟元,壹仟元,body_clean,0.9
CSQP-SFHC-TEXT-100,CSQP-SFHC-TEXT-100-ENT-4033,money,国币壹仟元,壹仟元,body_clean,0.7
CSQP-SFHC-TEXT-101,CSQP-SFHC-TEXT-101-ENT-4034,money,国币（币）三仟元,三仟元,body_clean,0.9
CSQP-SFHC-TEXT-101,CSQP-SFHC-TEXT-101-ENT-4035,money,五佰元,五佰元,body_clean,0.7
CSQP-SFHC-TEXT-102,CSQP-SFHC-TEXT-102-ENT-4036,money,国币壹万元,壹万元,body_clean,0.9
CSQP-SFHC-TEXT-102,CSQP-SFHC-TEXT-102-ENT-4037,money,国币十万元,十万元,body_clean,0.7
CSQP-SFHC-TEXT-102,CSQP-SFHC-TEXT-102-ENT-4038,money,币三百元,三百元,body_clean,0.7
CSQP-SFHC-TEXT-103,CSQP-SFHC-TEXT-103-ENT-4039,money,国币肆万元,肆万元,body_clean,0.9
CSQP-SFHC-TEXT-103,CSQP-SFHC-TEXT-103-ENT-4040,money,叁万元,叁万元,body_clean,0.7
CSQP-SFHC-TEXT-103,CSQP-SFHC-TEXT-103-ENT-4041,money,五万元,五万元,body_clean,0.7
CSQP-SFHC-TEXT-103,CSQP-SFHC-TEXT-103-ENT-4042,money,二万元,二万元,body_clean,0.7
CSQP-SFHC-TEXT-103,CSQP-SFHC-TEXT-103-ENT-4043,money,二万元,二万元,body_clean,0.7
CSQP-SFHC-TEXT-103,CSQP-SFHC-TEXT-103-ENT-4044,money,四十五元,四十五元,body_clean,0.7
CSQP-SFHC-TEXT-103,CSQP-SFHC-TEXT-103-ENT-4045,money,国币肆万元,肆万元,body_clean,0.7
CSQP-SFHC-TEXT-103,CSQP-SFHC-TEXT-103-ENT-4046,money,五千元,五千元,body_clean,0.7
CSQP-SFHC-TEXT-103,CSQP-SFHC-TEXT-103-ENT-4047,money,三万五千元,三万五千元,body_clean,0.7
CSQP-SFHC-TEXT-104,CSQP-SFHC-TEXT-104-ENT-4048,money,国币伍万元,伍万元,body_clean,0.9
CSQP-SFHC-TEXT-104,CSQP-SFHC-TEXT-104-ENT-4049,money,大银五万元,五万元,body_clean,0.7
CSQP-SFHC-TEXT-105,CSQP-SFHC-TEXT-105-ENT-4050,money,国币柒万元,柒万元,body_clean,0.9
CSQP-SFHC-TEXT-105,CSQP-SFHC-TEXT-105-ENT-4051,money,十元,十元,body_clean,0.7
CSQP-SFHC-TEXT-105,CSQP-SFHC-TEXT-105-ENT-4052,money,国币七万元,七万元,body_clean,0.7
CSQP-SFHC-TEXT-105,CSQP-SFHC-TEXT-105-ENT-4053,money,壹万五千元,壹万五千元,body_clean,0.7
CSQP-SFHC-TEXT-105,CSQP-SFHC-TEXT-105-ENT-4054,money,五万五千元,五万五千元,body_clean,0.7
CSQP-SFHC-TEXT-106,CSQP-SFHC-TEXT-106-ENT-4055,money,伍仟元,伍仟元,body_clean,0.7
CSQP-SFHC-TEXT-106,CSQP-SFHC-TEXT-106-ENT-4056,money,国币壹万元,壹万元,body_clean,0.9
CSQP-SFHC-TEXT-107,CSQP-SFHC-TEXT-107-ENT-4057,money,国币拾万元,拾万元,body_clean,0.9
CSQP-SFHC-TEXT-107,CSQP-SFHC-TEXT-107-ENT-4058,money,国币拾万元,拾万元,body_clean,0.7
CSQP-SFHC-TEXT-108,CSQP-SFHC-TEXT-108-ENT-4059,money,国币伍万元,伍万元,body_clean,0.9
CSQP-SFHC-TEXT-108,CSQP-SFHC-TEXT-108-ENT-4060,money,百元,百元,body_clean,0.7
CSQP-SFHC-TEXT-108,CSQP-SFHC-TEXT-108-ENT-4061,money,国币伍万元,伍万元,body_clean,0.7
CSQP-SFHC-TEXT-109,CSQP-SFHC-TEXT-109-ENT-4062,money,国币一百五十万元,一百五十万元,body_clean,0.7
CSQP-SFHC-TEXT-109,CSQP-SFHC-TEXT-109-ENT-4063,money,国币贰拾万元,贰拾万元,body_clean,0.9
CSQP-SFHC-TEXT-110,CSQP-SFHC-TEXT-110-ENT-4064,money,国币贰拾万元,贰拾万元,body_clean,0.9
CSQP-SFHC-TEXT-110,CSQP-SFHC-TEXT-110-ENT-4065,money,国币贰拾万元,贰拾万元,body_clean,0.7
CSQP-SFHC-TEXT-110,CSQP-SFHC-TEXT-110-ENT-4066,money,五万元,五万元,body_clean,0.7
CSQP-SFHC-TEXT-111,CSQP-SFHC-TEXT-111-ENT-4067,money,国币伍万元,伍万元,body_clean,0.9
CSQP-SFHC-TEXT-111,CSQP-SFHC-TEXT-111-ENT-4068,money,国币伍万元,伍万元,body_clean,0.7
CSQP-SFHC-TEXT-112,CSQP-SFHC-TEXT-112-ENT-4069,money,国币叁拾万元,叁拾万元,body_clean,0.9
CSQP-SFHC-TEXT-112,CSQP-SFHC-TEXT-112-ENT-4070,money,拾万元,拾万元,body_clean,0.7
CSQP-SFHC-TEXT-113,CSQP-SFHC-TEXT-113-ENT-4071,money,国币捌元,捌元,body_clean,0.9
CSQP-SFHC-TEXT-114,CSQP-SFHC-TEXT-114-ENT-4072,money,国币陆拾万元,陆拾万元,body_clean,0.9
CSQP-SFHC-TEXT-114,CSQP-SFHC-TEXT-114-ENT-4073,money,十五万元,十五万元,body_clean,0.7
CSQP-SFHC-TEXT-114,CSQP-SFHC-TEXT-114-ENT-4074,money,三万元,三万元,body_clean,0.7
CSQP-SFHC-TEXT-114,CSQP-SFHC-TEXT-114-ENT-4075,money,国币陆拾万元,陆拾万元,body_clean,0.7
CSQP-SFHC-TEXT-114,CSQP-SFHC-TEXT-114-ENT-4076,money,十五万元,十五万元,body_clean,0.7
CSQP-SFHC-TEXT-114,CSQP-SFHC-TEXT-114-ENT-4077,money,三万元,三万元,body_clean,0.7
CSQP-SFHC-TEXT-114,CSQP-SFHC-TEXT-114-ENT-4078,money,一万元,一万元,body_clean,0.7
CSQP-SFHC-TEXT-114,CSQP-SFHC-TEXT-114-ENT-4079,money,十万元,十万元,body_clean,0.7
CSQP-SFHC-TEXT-115,CSQP-SFHC-TEXT-115-ENT-4080,money,国币贰万元,贰万元,body_clean,0.9
CSQP-SFHC-TEXT-116,CSQP-SFHC-TEXT-116-ENT-4081,money,国币叁拾万元,叁拾万元,body_clean,0.9
CSQP-SFHC-TEXT-117,CSQP-SFHC-TEXT-117-ENT-4082,money,一千元,一千元,body_clean,0.7
CSQP-SFHC-TEXT-117,CSQP-SFHC-TEXT-117-ENT-4083,money,国币伍拾万元,伍拾万元,body_clean,0.9
CSQP-SFHC-TEXT-118,CSQP-SFHC-TEXT-118-ENT-4084,money,国币肆佰万元,肆佰万元,body_clean,0.9
CSQP-SFHC-TEXT-118,CSQP-SFHC-TEXT-118-ENT-4085,money,拾万元,拾万元,body_clean,0.7
CSQP-SFHC-TEXT-118,CSQP-SFHC-TEXT-118-ENT-4086,money,拾万元,拾万元,body_clean,0.7
CSQP-SFHC-TEXT-118,CSQP-SFHC-TEXT-118-ENT-4087,money,拾万元,拾万元,body_clean,0.7
CSQP-SFHC-TEXT-118,CSQP-SFHC-TEXT-118-ENT-4088,money,拾万元,拾万元,body_clean,0.7
CSQP-SFHC-TEXT-118,CSQP-SFHC-TEXT-118-ENT-4089,money,拾万元,拾万元,body_clean,0.7
CSQP-SFHC-TEXT-118,CSQP-SFHC-TEXT-118-ENT-4090,money,拾万元,拾万元,body_clean,0.7
CSQP-SFHC-TEXT-118,CSQP-SFHC-TEXT-118-ENT-4091,money,拾万元,拾万元,body_clean,0.7
CSQP-SFHC-TEXT-118,CSQP-SFHC-TEXT-118-ENT-4092,money,拾万元,拾万元,body_clean,0.7
CSQP-SFHC-TEXT-118,CSQP-SFHC-TEXT-118-ENT-4093,money,拾万元,拾万元,body_clean,0.7
CSQP-SFHC-TEXT-118,CSQP-SFHC-TEXT-118-ENT-4094,money,伍万元,伍万元,body_clean,0.7
CSQP-SFHC-TEXT-118,CSQP-SFHC-TEXT-118-ENT-4095,money,伍万元,伍万元,body_clean,0.7
CSQP-SFHC-TEXT-118,CSQP-SFHC-TEXT-118-ENT-4096,money,壹佰万元,壹佰万元,body_clean,0.7
CSQP-SFHC-TEXT-119,CSQP-SFHC-TEXT-119-ENT-4097,money,国币拾万元,拾万元,body_clean,0.9
CSQP-SFHC-TEXT-120,CSQP-SFHC-TEXT-120-ENT-4098,money,叁佰万元,叁佰万元,body_clean,0.9
CSQP-SFHC-TEXT-120,CSQP-SFHC-TEXT-120-ENT-4099,money,叁佰万元,叁佰万元,body_clean,0.7
CSQP-SFHC-TEXT-120,CSQP-SFHC-TEXT-120-ENT-4100,money,四十万元,四十万元,body_clean,0.7
CSQP-SFHC-TEXT-121,CSQP-SFHC-TEXT-121-ENT-4101,money,国币壹佰万元,壹佰万元,body_clean,0.9
CSQP-SFHC-TEXT-122,CSQP-SFHC-TEXT-122-ENT-4102,money,国币四佰万元,四佰万元,body_clean,0.9
CSQP-SFHC-TEXT-123,CSQP-SFHC-TEXT-123-ENT-4103,money,国币壹仟万元,壹仟万元,body_clean,0.9
CSQP-SFHC-TEXT-123,CSQP-SFHC-TEXT-123-ENT-4104,money,国币壹仟万元,壹仟万元,body_clean,0.7
CSQP-SFHC-TEXT-123,CSQP-SFHC-TEXT-123-ENT-4105,money,壹拾万元,壹拾万元,body_clean,0.7
CSQP-SFHC-TEXT-124,CSQP-SFHC-TEXT-124-ENT-4106,money,国币贰仟叁佰万元,贰仟叁佰万元,body_clean,0.7
CSQP-SFHC-TEXT-124,CSQP-SFHC-TEXT-124-ENT-4107,money,国币壹仟万元,壹仟万元,body_clean,0.9
CSQP-SFHC-TEXT-125,CSQP-SFHC-TEXT-125-ENT-4108,money,国币肆佰万元,肆佰万元,body_clean,0.9
CSQP-SFHC-TEXT-126,CSQP-SFHC-TEXT-126-ENT-4109,money,贰佰万元,贰佰万元,body_clean,0.9
CSQP-SFHC-TEXT-126,CSQP-SFHC-TEXT-126-ENT-4110,money,四拾万元,四拾万元,body_clean,0.7
CSQP-SFHC-TEXT-126,CSQP-SFHC-TEXT-126-ENT-4111,money,贰拾万元,贰拾万元,body_clean,0.7
CSQP-SFHC-TEXT-126,CSQP-SFHC-TEXT-126-ENT-4112,money,拾万元,拾万元,body_clean,0.7
CSQP-SFHC-TEXT-127,CSQP-SFHC-TEXT-127-ENT-4113,money,国币壹仟万元,壹仟万元,body_clean,0.9
CSQP-SFHC-TEXT-127,CSQP-SFHC-TEXT-127-ENT-4114,money,国币壹仟万元,壹仟万元,body_clean,0.7
CSQP-SFHC-TEXT-127,CSQP-SFHC-TEXT-127-ENT-4115,money,四十万元,四十万元,body_clean,0.7
CSQP-SFHC-TEXT-128,CSQP-SFHC-TEXT-128-ENT-4116,money,国币肆拾万元,肆拾万元,body_clean,0.9
CSQP-SFHC-TEXT-128,CSQP-SFHC-TEXT-128-ENT-4117,money,国币肆拾万元,肆拾万元,body_clean,0.7
CSQP-SFHC-TEXT-129,CSQP-SFHC-TEXT-129-ENT-4118,money,国币伍万元,伍万元,body_clean,0.9
CSQP-SFHC-TEXT-129,CSQP-SFHC-TEXT-129-ENT-4119,money,国币伍万元,伍万元,body_clean,0.7
CSQP-SFHC-TEXT-130,CSQP-SFHC-TEXT-130-ENT-4120,money,国币贰万元,贰万元,body_clean,0.9
CSQP-SFHC-TEXT-130,CSQP-SFHC-TEXT-130-ENT-4121,money,国币贰万元,贰万元,body_clean,0.7
CSQP-SFHC-TEXT-130,CSQP-SFHC-TEXT-130-ENT-4122,money,七万元,七万元,body_clean,0.7
CSQP-SFHC-TEXT-131,CSQP-SFHC-TEXT-131-ENT-4123,money,金圆券陆拾元,陆拾元,body_clean,0.9
CSQP-SFHC-TEXT-131,CSQP-SFHC-TEXT-131-ENT-4124,money,金圆券六拾元,六拾元,body_clean,0.7
CSQP-SFHC-TEXT-131,CSQP-SFHC-TEXT-131-ENT-4125,money,贰元,贰元,body_clean,0.7
CSQP-SFHC-TEXT-131,CSQP-SFHC-TEXT-131-ENT-4126,money,壹元,壹元,body_clean,0.7
CSQP-SFHC-TEXT-131,CSQP-SFHC-TEXT-131-ENT-4127,money,伍拾元,伍拾元,body_clean,0.7
CSQP-SFHC-TEXT-132,CSQP-SFHC-TEXT-132-ENT-4128,money,金圆券伍拾元,伍拾元,body_clean,0.9
CSQP-SFHC-TEXT-132,CSQP-SFHC-TEXT-132-ENT-4129,money,金圆券伍拾元,伍拾元,body_clean,0.7
CSQP-SFHC-TEXT-132,CSQP-SFHC-TEXT-132-ENT-4130,money,佰元,佰元,body_clean,0.7
CSQP-SFHC-TEXT-133,CSQP-SFHC-TEXT-133-ENT-4131,money,金圆券伍佰伍拾元,伍佰伍拾元,body_clean,0.9
CSQP-SFHC-TEXT-133,CSQP-SFHC-TEXT-133-ENT-4132,money,五百五十元,五百五十元,body_clean,0.7
CSQP-SFHC-TEXT-133,CSQP-SFHC-TEXT-133-ENT-4133,money,五十元,五十元,body_clean,0.7
CSQP-SFHC-TEXT-133,CSQP-SFHC-TEXT-133-ENT-4134,money,五百元,五百元,body_clean,0.7
CSQP-SFHC-TEXT-134,CSQP-SFHC-TEXT-134-ENT-4135,money,金圆券捌佰元,捌佰元,body_clean,0.9
CSQP-SFHC-TEXT-135,CSQP-SFHC-TEXT-135-ENT-4136,money,港币壹佰元,壹佰元,body_clean,0.9
CSQP-SFHC-TEXT-135,CSQP-SFHC-TEXT-135-ENT-4137,money,港币肆拾元,肆拾元,body_clean,0.7
CSQP-SFHC-TEXT-136,CSQP-SFHC-TEXT-136-ENT-4138,money,金员（圆）券贰仟贰佰元,贰仟贰佰元,body_clean,0.9
CSQP-SFHC-TEXT-137,CSQP-SFHC-TEXT-137-ENT-4139,money,金圆券贰万伍仟元,贰万伍仟元,body_clean,0.9
CSQP-SFHC-TEXT-137,CSQP-SFHC-TEXT-137-ENT-4140,money,金圆券贰万伍仟元,贰万伍仟元,body_clean,0.7
CSQP-SFHC-TEXT-137,CSQP-SFHC-TEXT-137-ENT-4141,money,壹仟伍佰元,壹仟伍佰元,body_clean,0.7
CSQP-SFHC-TEXT-138,CSQP-SFHC-TEXT-138-ENT-4142,money,金圆券壹拾万元,壹拾万元,body_clean,0.9
CSQP-SFHC-TEXT-139,CSQP-SFHC-TEXT-139-ENT-4143,money,港币贰拾元,贰拾元,body_clean,0.9
CSQP-SFHC-TEXT-140,CSQP-SFHC-TEXT-140-ENT-4144,money,银壹佰元,壹佰元,body_clean,0.9
CSQP-SFHC-TEXT-140,CSQP-SFHC-TEXT-140-ENT-4145,money,伍拾元,伍拾元,body_clean,0.7
CSQP-SFHC-TEXT-140,CSQP-SFHC-TEXT-140-ENT-4146,money,二十元,二十元,body_clean,0.7
CSQP-SFHC-TEXT-140,CSQP-SFHC-TEXT-140-ENT-4147,money,十元,十元,body_clean,0.7
CSQP-SFHC-TEXT-141,CSQP-SFHC-TEXT-141-ENT-4148,money,港币贰佰元,贰佰元,body_clean,0.9
CSQP-SFHC-TEXT-141,CSQP-SFHC-TEXT-141-ENT-4149,money,一百五十元,一百五十元,body_clean,0.7
CSQP-SFHC-TEXT-141,CSQP-SFHC-TEXT-141-ENT-4150,money,八元,八元,body_clean,0.7
CSQP-SFHC-TEXT-142,CSQP-SFHC-TEXT-142-ENT-4151,money,港币壹拾元,壹拾元,body_clean,0.9
CSQP-SFHC-TEXT-143,CSQP-SFHC-TEXT-143-ENT-4152,money,港币拾元,拾元,body_clean,0.9
CSQP-SFHC-TEXT-145,CSQP-SFHC-TEXT-145-ENT-4153,money,银六十三元,六十三元,body_clean,0.9
CSQP-SFHC-TEXT-145,CSQP-SFHC-TEXT-145-ENT-4154,money,十三元,十三元,body_clean,0.7
CSQP-SFHC-TEXT-145,CSQP-SFHC-TEXT-145-ENT-4155,money,五十元,五十元,body_clean,0.7
CSQP-SFHC-TEXT-146,CSQP-SFHC-TEXT-146-ENT-4156,money,五十元,五十元,body_clean,0.7
CSQP-SFHC-TEXT-146,CSQP-SFHC-TEXT-146-ENT-4157,money,港币五十元,五十元,body_clean,0.9
CSQP-SFHC-TEXT-146,CSQP-SFHC-TEXT-146-ENT-4158,money,十五元,十五元,body_clean,0.7
CSQP-SFHC-TEXT-147,CSQP-SFHC-TEXT-147-ENT-4159,money,港币柒拾伍元,柒拾伍元,body_clean,0.9
CSQP-SFHC-TEXT-147,CSQP-SFHC-TEXT-147-ENT-4160,money,港币七十五元,七十五元,body_clean,0.7
CSQP-SFHC-TEXT-148,CSQP-SFHC-TEXT-148-ENT-4161,money,港币陆拾元,陆拾元,body_clean,0.9
CSQP-SFHC-TEXT-149,CSQP-SFHC-TEXT-149-ENT-4162,money,港币伍拾元,伍拾元,body_clean,0.9
CSQP-SFHC-TEXT-149,CSQP-SFHC-TEXT-149-ENT-4163,money,港币伍拾元,伍拾元,body_clean,0.7
CSQP-SFHC-TEXT-149,CSQP-SFHC-TEXT-149-ENT-4164,money,捌元,捌元,body_clean,0.7
CSQP-SFHC-TEXT-152,CSQP-SFHC-TEXT-152-ENT-4165,money,港币壹佰元,壹佰元,body_clean,0.9
CSQP-SFHC-TEXT-152,CSQP-SFHC-TEXT-152-ENT-4166,money,港币壹佰元,壹佰元,body_clean,0.7
CSQP-SFHC-TEXT-153,CSQP-SFHC-TEXT-153-ENT-4167,money,港币伍拾元,伍拾元,body_clean,0.9
CSQP-SFHC-TEXT-153,CSQP-SFHC-TEXT-153-ENT-4168,money,港币伍拾元,伍拾元,body_clean,0.7
CSQP-SFHC-TEXT-154,CSQP-SFHC-TEXT-154-ENT-4169,money,港币叁拾元,叁拾元,body_clean,0.9
CSQP-SFHC-TEXT-155,CSQP-SFHC-TEXT-155-ENT-4170,money,佰元,佰元,body_clean,0.7
CSQP-SFHC-TEXT-155,CSQP-SFHC-TEXT-155-ENT-4171,money,港币三十六元,三十六元,body_clean,0.9
CSQP-SFHC-TEXT-155,CSQP-SFHC-TEXT-155-ENT-4172,money,拾四元,拾四元,body_clean,0.7
CSQP-SFHC-TEXT-155,CSQP-SFHC-TEXT-155-ENT-4173,money,四元,四元,body_clean,0.7
CSQP-SFHC-TEXT-155,CSQP-SFHC-TEXT-155-ENT-4174,money,弍元,弍元,body_clean,0.7
CSQP-SFHC-TEXT-155,CSQP-SFHC-TEXT-155-ENT-4175,money,三十六元,三十六元,body_clean,0.7
CSQP-SFHC-TEXT-156,CSQP-SFHC-TEXT-156-ENT-4176,money,港币叁拾伍元,叁拾伍元,body_clean,0.9
CSQP-SFHC-TEXT-156,CSQP-SFHC-TEXT-156-ENT-4177,money,港币叁拾伍元,叁拾伍元,body_clean,0.7
CSQP-SFHC-TEXT-156,CSQP-SFHC-TEXT-156-ENT-4178,money,港币贰拾元,贰拾元,body_clean,0.7
CSQP-SFHC-TEXT-156,CSQP-SFHC-TEXT-156-ENT-4179,money,伍元,伍元,body_clean,0.7
CSQP-SFHC-TEXT-156,CSQP-SFHC-TEXT-156-ENT-4180,money,拾元,拾元,body_clean,0.7
CSQP-SFHC-TEXT-157,CSQP-SFHC-TEXT-157-ENT-4181,money,港币伍拾元,伍拾元,body_clean,0.9
CSQP-SFHC-TEXT-157,CSQP-SFHC-TEXT-157-ENT-4182,money,港币伍拾元,伍拾元,body_clean,0.7
CSQP-SFHC-TEXT-158,CSQP-SFHC-TEXT-158-ENT-4183,money,港币壹拾元,壹拾元,body_clean,0.9
CSQP-SFHC-TEXT-159,CSQP-SFHC-TEXT-159-ENT-4184,money,港币壹佰元,壹佰元,body_clean,0.9
CSQP-SFHC-TEXT-159,CSQP-SFHC-TEXT-159-ENT-4185,money,五元,五元,body_clean,0.7
CSQP-SFHC-TEXT-160,CSQP-SFHC-TEXT-160-ENT-4186,money,港币肆拾元,肆拾元,body_clean,0.9
CSQP-SFHC-TEXT-160,CSQP-SFHC-TEXT-160-ENT-4187,money,港币四十元,四十元,body_clean,0.7
CSQP-SFHC-TEXT-160,CSQP-SFHC-TEXT-160-ENT-4188,money,伍元,伍元,body_clean,0.7
CSQP-SFHC-TEXT-160,CSQP-SFHC-TEXT-160-ENT-4189,money,弍元,弍元,body_clean,0.7
CSQP-SFHC-TEXT-160,CSQP-SFHC-TEXT-160-ENT-4190,money,十四元,十四元,body_clean,0.7
CSQP-SFHC-TEXT-161,CSQP-SFHC-TEXT-161-ENT-4191,money,港币四拾元,四拾元,body_clean,0.9
CSQP-SFHC-TEXT-161,CSQP-SFHC-TEXT-161-ENT-4192,money,银二百元,二百元,body_clean,0.7
CSQP-SFHC-TEXT-161,CSQP-SFHC-TEXT-161-ENT-4193,money,港币四拾元,四拾元,body_clean,0.7
CSQP-SFHC-TEXT-161,CSQP-SFHC-TEXT-161-ENT-4194,money,伍元,伍元,body_clean,0.7
CSQP-SFHC-TEXT-161,CSQP-SFHC-TEXT-161-ENT-4195,money,拾元,拾元,body_clean,0.7
CSQP-SFHC-TEXT-162,CSQP-SFHC-TEXT-162-ENT-4196,money,银式拾元,式拾元,body_clean,0.9
CSQP-SFHC-TEXT-162,CSQP-SFHC-TEXT-162-ENT-4197,money,银捌拾元,捌拾元,body_clean,0.7
CSQP-SFHC-TEXT-163,CSQP-SFHC-TEXT-163-ENT-4198,money,港币捌拾元,捌拾元,body_clean,0.9
CSQP-SFHC-TEXT-163,CSQP-SFHC-TEXT-163-ENT-4199,money,港币捌拾元,捌拾元,body_clean,0.7
CSQP-SFHC-TEXT-164,CSQP-SFHC-TEXT-164-ENT-4200,money,银壹佰元,壹佰元,body_clean,0.9
CSQP-SFHC-TEXT-165,CSQP-SFHC-TEXT-165-ENT-4201,money,港币伍拾元,伍拾元,body_clean,0.9
CSQP-SFHC-TEXT-166,CSQP-SFHC-TEXT-166-ENT-4202,money,港币伍拾元,伍拾元,body_clean,0.9
CSQP-SFHC-TEXT-166,CSQP-SFHC-TEXT-166-ENT-4203,money,港币伍拾元,伍拾元,body_clean,0.7
CSQP-SFHC-TEXT-167,CSQP-SFHC-TEXT-167-ENT-4204,money,港币肆拾元,肆拾元,body_clean,0.9
CSQP-SFHC-TEXT-167,CSQP-SFHC-TEXT-167-ENT-4205,money,港币肆拾元,肆拾元,body_clean,0.7
CSQP-SFHC-TEXT-168,CSQP-SFHC-TEXT-168-ENT-4206,money,港币柒拾伍元,柒拾伍元,body_clean,0.9
CSQP-SFHC-TEXT-168,CSQP-SFHC-TEXT-168-ENT-4207,money,柒拾伍元,柒拾伍元,body_clean,0.7
CSQP-SFHC-TEXT-169,CSQP-SFHC-TEXT-169-ENT-4208,money,港币叁拾元,叁拾元,body_clean,0.9
CSQP-SFHC-TEXT-169,CSQP-SFHC-TEXT-169-ENT-4209,money,五元,五元,body_clean,0.7
CSQP-SFHC-TEXT-169,CSQP-SFHC-TEXT-169-ENT-4210,money,廿元,廿元,body_clean,0.7
CSQP-SFHC-TEXT-169,CSQP-SFHC-TEXT-169-ENT-4211,money,港币弍拾元,弍拾元,body_clean,0.7
CSQP-SFHC-TEXT-169,CSQP-SFHC-TEXT-169-ENT-4212,money,五元,五元,body_clean,0.7
CSQP-SFHC-TEXT-170,CSQP-SFHC-TEXT-170-ENT-4213,money,二十元,二十元,body_clean,0.9
CSQP-SFHC-TEXT-171,CSQP-SFHC-TEXT-171-ENT-4214,money,港币伍拾元,伍拾元,body_clean,0.9
CSQP-SFHC-TEXT-171,CSQP-SFHC-TEXT-171-ENT-4215,money,四十元,四十元,body_clean,0.7
CSQP-SFHC-TEXT-171,CSQP-SFHC-TEXT-171-ENT-4216,money,十元,十元,body_clean,0.7
CSQP-SFHC-TEXT-172,CSQP-SFHC-TEXT-172-ENT-4217,money,港币壹佰元,壹佰元,body_clean,0.9
CSQP-SFHC-TEXT-172,CSQP-SFHC-TEXT-172-ENT-4218,money,二十元,二十元,body_clean,0.7
CSQP-SFHC-TEXT-172,CSQP-SFHC-TEXT-172-ENT-4219,money,十元,十元,body_clean,0.7
CSQP-SFHC-TEXT-172,CSQP-SFHC-TEXT-172-ENT-4220,money,四十元,四十元,body_clean,0.7
CSQP-SFHC-TEXT-173,CSQP-SFHC-TEXT-173-ENT-4221,money,港币壹拾元,壹拾元,body_clean,0.9
CSQP-SFHC-TEXT-173,CSQP-SFHC-TEXT-173-ENT-4222,money,银壹拾元,壹拾元,body_clean,0.7
CSQP-SFHC-TEXT-174,CSQP-SFHC-TEXT-174-ENT-4223,money,港币叁拾元,叁拾元,body_clean,0.9
CSQP-SFHC-TEXT-174,CSQP-SFHC-TEXT-174-ENT-4224,money,五元,五元,body_clean,0.7
CSQP-SFHC-TEXT-174,CSQP-SFHC-TEXT-174-ENT-4225,money,弍拾元,弍拾元,body_clean,0.7
CSQP-SFHC-TEXT-175,CSQP-SFHC-TEXT-175-ENT-4226,money,港币贰拾元,贰拾元,body_clean,0.9
CSQP-SFHC-TEXT-176,CSQP-SFHC-TEXT-176-ENT-4227,money,伍拾元,伍拾元,body_clean,0.9
CSQP-SFHC-TEXT-177,CSQP-SFHC-TEXT-177-ENT-4228,money,币三十六元,三十六元,body_clean,0.9
CSQP-SFHC-TEXT-177,CSQP-SFHC-TEXT-177-ENT-4229,money,二角,二角,body_clean,0.7
CSQP-SFHC-TEXT-178,CSQP-SFHC-TEXT-178-ENT-4230,money,港币壹佰元,壹佰元,body_clean,0.9
CSQP-SFHC-TEXT-178,CSQP-SFHC-TEXT-178-ENT-4231,money,十元,十元,body_clean,0.7
CSQP-SFHC-TEXT-178,CSQP-SFHC-TEXT-178-ENT-4232,money,七十元,七十元,body_clean,0.7
CSQP-SFHC-TEXT-179,CSQP-SFHC-TEXT-179-ENT-4233,money,港币陆拾元,陆拾元,body_clean,0.9
CSQP-SFHC-TEXT-179,CSQP-SFHC-TEXT-179-ENT-4234,money,港币陆拾元,陆拾元,body_clean,0.7
CSQP-SFHC-TEXT-181,CSQP-SFHC-TEXT-181-ENT-4235,money,港币壹佰元,壹佰元,body_clean,0.9
CSQP-SFHC-TEXT-181,CSQP-SFHC-TEXT-181-ENT-4236,money,港币壹佰元,壹佰元,body_clean,0.7
CSQP-SFHC-TEXT-182,CSQP-SFHC-TEXT-182-ENT-4237,money,港币柒拾伍元,柒拾伍元,body_clean,0.9
CSQP-SFHC-TEXT-182,CSQP-SFHC-TEXT-182-ENT-4238,money,港币柒拾伍元,柒拾伍元,body_clean,0.7
CSQP-SFHC-TEXT-183,CSQP-SFHC-TEXT-183-ENT-4239,money,港币伍拾元,伍拾元,body_clean,0.9
CSQP-SFHC-TEXT-183,CSQP-SFHC-TEXT-183-ENT-4240,money,港币伍拾元,伍拾元,body_clean,0.7
CSQP-SFHC-TEXT-184,CSQP-SFHC-TEXT-184-ENT-4241,money,港币伍拾元,伍拾元,body_clean,0.9
CSQP-SFHC-TEXT-185,CSQP-SFHC-TEXT-185-ENT-4242,money,银伍拾元,伍拾元,body_clean,0.9
CSQP-SFHC-TEXT-185,CSQP-SFHC-TEXT-185-ENT-4243,money,港币伍拾元,伍拾元,body_clean,0.7
CSQP-SFHC-TEXT-185,CSQP-SFHC-TEXT-185-ENT-4244,money,肆拾元,肆拾元,body_clean,0.7
CSQP-SFHC-TEXT-185,CSQP-SFHC-TEXT-185-ENT-4245,money,拾元,拾元,body_clean,0.7
CSQP-SFHC-TEXT-186,CSQP-SFHC-TEXT-186-ENT-4246,money,港币柒拾伍元,柒拾伍元,body_clean,0.9
CSQP-SFHC-TEXT-186,CSQP-SFHC-TEXT-186-ENT-4247,money,港币七十五元,七十五元,body_clean,0.7
CSQP-SFHC-TEXT-187,CSQP-SFHC-TEXT-187-ENT-4248,money,港币壹佰元,壹佰元,body_clean,0.9
CSQP-SFHC-TEXT-188,CSQP-SFHC-TEXT-188-ENT-4249,money,港币叁佰元,叁佰元,body_clean,0.9
CSQP-SFHC-TEXT-188,CSQP-SFHC-TEXT-188-ENT-4250,money,港币叁佰元,叁佰元,body_clean,0.7
CSQP-SFHC-TEXT-188,CSQP-SFHC-TEXT-188-ENT-4251,money,壹佰元,壹佰元,body_clean,0.7
CSQP-SFHC-TEXT-189,CSQP-SFHC-TEXT-189-ENT-4252,money,币肆拾元,肆拾元,body_clean,0.9
CSQP-SFHC-TEXT-190,CSQP-SFHC-TEXT-190-ENT-4253,money,币壹佰伍拾元,壹佰伍拾元,body_clean,0.9
CSQP-SFHC-TEXT-190,CSQP-SFHC-TEXT-190-ENT-4254,money,伍十元,伍十元,body_clean,0.7
CSQP-SFHC-TEXT-190,CSQP-SFHC-TEXT-190-ENT-4255,money,式拾元,式拾元,body_clean,0.7
CSQP-SFHC-TEXT-191,CSQP-SFHC-TEXT-191-ENT-4256,money,港币壹佰壹拾元,壹佰壹拾元,body_clean,0.9
CSQP-SFHC-TEXT-191,CSQP-SFHC-TEXT-191-ENT-4257,money,壹拾伍元,壹拾伍元,body_clean,0.7
CSQP-SFHC-TEXT-192,CSQP-SFHC-TEXT-192-ENT-4258,money,港币叁拾元,叁拾元,body_clean,0.9
CSQP-SFHC-TEXT-192,CSQP-SFHC-TEXT-192-ENT-4259,money,伍元,伍元,body_clean,0.7
CSQP-SFHC-TEXT-193,CSQP-SFHC-TEXT-193-ENT-4260,money,港币七十元,七十元,body_clean,0.9
CSQP-SFHC-TEXT-193,CSQP-SFHC-TEXT-193-ENT-4261,money,二元,二元,body_clean,0.7
CSQP-SFHC-TEXT-193,CSQP-SFHC-TEXT-193-ENT-4262,money,）四元,四元,body_clean,0.7
CSQP-SFHC-TEXT-194,CSQP-SFHC-TEXT-194-ENT-4263,money,银叁拾元,叁拾元,body_clean,0.9
CSQP-SFHC-TEXT-194,CSQP-SFHC-TEXT-194-ENT-4264,money,银肆拾元,肆拾元,body_clean,0.7
CSQP-SFHC-TEXT-195,CSQP-SFHC-TEXT-195-ENT-4265,money,港币弍拾元,弍拾元,body_clean,0.9
CSQP-SFHC-TEXT-196,CSQP-SFHC-TEXT-196-ENT-4266,money,港币柒拾伍元,柒拾伍元,body_clean,0.9
CSQP-SFHC-TEXT-196,CSQP-SFHC-TEXT-196-ENT-4267,money,港币壹佰元,壹佰元,body_clean,0.7
CSQP-SFHC-TEXT-196,CSQP-SFHC-TEXT-196-ENT-4268,money,港币柒拾伍元,柒拾伍元,body_clean,0.7
CSQP-SFHC-TEXT-197,CSQP-SFHC-TEXT-197-ENT-4269,money,港币伍拾元,伍拾元,body_clean,0.9
CSQP-SFHC-TEXT-197,CSQP-SFHC-TEXT-197-ENT-4270,money,港币伍拾元,伍拾元,body_clean,0.7
CSQP-SFHC-TEXT-197,CSQP-SFHC-TEXT-197-ENT-4271,money,伍元,伍元,body_clean,0.7
CSQP-SFHC-TEXT-198,CSQP-SFHC-TEXT-198-ENT-4272,money,港币弍拾元,弍拾元,body_clean,0.9
CSQP-SFHC-TEXT-198,CSQP-SFHC-TEXT-198-ENT-4273,money,七八百元,七八百元,body_clean,0.7
CSQP-SFHC-TEXT-198,CSQP-SFHC-TEXT-198-ENT-4274,money,港币弍拾元,弍拾元,body_clean,0.7
CSQP-SFHC-TEXT-199,CSQP-SFHC-TEXT-199-ENT-4275,money,银叁拾元,叁拾元,body_clean,0.9
CSQP-SFHC-TEXT-200,CSQP-SFHC-TEXT-200-ENT-4276,money,港币叁拾元,叁拾元,body_clean,0.9
CSQP-SFHC-TEXT-200,CSQP-SFHC-TEXT-200-ENT-4277,money,一元,一元,body_clean,0.7
CSQP-SFHC-TEXT-201,CSQP-SFHC-TEXT-201-ENT-4278,money,弍拾元,弍拾元,body_clean,0.7
CSQP-SFHC-TEXT-201,CSQP-SFHC-TEXT-201-ENT-4279,money,港币四拾元,四拾元,body_clean,0.9
CSQP-SFHC-TEXT-202,CSQP-SFHC-TEXT-202-ENT-4280,money,港币伍拾元,伍拾元,body_clean,0.9
CSQP-SFHC-TEXT-202,CSQP-SFHC-TEXT-202-ENT-4281,money,伍元,伍元,body_clean,0.7
CSQP-SFHC-TEXT-203,CSQP-SFHC-TEXT-203-ENT-4282,money,港币三十元,三十元,body_clean,0.9
CSQP-SFHC-TEXT-204,CSQP-SFHC-TEXT-204-ENT-4283,money,港币柒拾元,柒拾元,body_clean,0.9
CSQP-SFHC-TEXT-204,CSQP-SFHC-TEXT-204-ENT-4284,money,伍元,伍元,body_clean,0.7
CSQP-SFHC-TEXT-204,CSQP-SFHC-TEXT-204-ENT-4285,money,五十五元,五十五元,body_clean,0.7
CSQP-SFHC-TEXT-205,CSQP-SFHC-TEXT-205-ENT-4286,money,港币伍拾元,伍拾元,body_clean,0.9
CSQP-SFHC-TEXT-205,CSQP-SFHC-TEXT-205-ENT-4287,money,拾元,拾元,body_clean,0.7
CSQP-SFHC-TEXT-206,CSQP-SFHC-TEXT-206-ENT-4288,money,港币肆拾元,肆拾元,body_clean,0.9
CSQP-SFHC-TEXT-206,CSQP-SFHC-TEXT-206-ENT-4289,money,港币肆拾元,肆拾元,body_clean,0.7
CSQP-SFHC-TEXT-207,CSQP-SFHC-TEXT-207-ENT-4290,money,港币叁拾元,叁拾元,body_clean,0.9
CSQP-SFHC-TEXT-207,CSQP-SFHC-TEXT-207-ENT-4291,money,肆元,肆元,body_clean,0.7
CSQP-SFHC-TEXT-207,CSQP-SFHC-TEXT-207-ENT-4292,money,一元,一元,body_clean,0.7
CSQP-SFHC-TEXT-207,CSQP-SFHC-TEXT-207-ENT-4293,money,十九元,十九元,body_clean,0.7
CSQP-SFHC-TEXT-207,CSQP-SFHC-TEXT-207-ENT-4294,money,十一元,十一元,body_clean,0.7
CSQP-SFHC-TEXT-208,CSQP-SFHC-TEXT-208-ENT-4295,money,港币叁拾元,叁拾元,body_clean,0.9
CSQP-SFHC-TEXT-208,CSQP-SFHC-TEXT-208-ENT-4296,money,港币叁拾元,叁拾元,body_clean,0.7
CSQP-SFHC-TEXT-208,CSQP-SFHC-TEXT-208-ENT-4297,money,壹拾元,壹拾元,body_clean,0.7
CSQP-SFHC-TEXT-208,CSQP-SFHC-TEXT-208-ENT-4298,money,壹佰元,壹佰元,body_clean,0.7
CSQP-SFHC-TEXT-209,CSQP-SFHC-TEXT-209-ENT-4299,money,港币肆拾元,肆拾元,body_clean,0.9
CSQP-SFHC-TEXT-209,CSQP-SFHC-TEXT-209-ENT-4300,money,陆元,陆元,body_clean,0.7
CSQP-SFHC-TEXT-209,CSQP-SFHC-TEXT-209-ENT-4301,money,肆元,肆元,body_clean,0.7
CSQP-SFHC-TEXT-210,CSQP-SFHC-TEXT-210-ENT-4302,money,港币壹佰伍拾元,壹佰伍拾元,body_clean,0.9
CSQP-SFHC-TEXT-210,CSQP-SFHC-TEXT-210-ENT-4303,money,港币壹佰伍拾元,壹佰伍拾元,body_clean,0.7
CSQP-SFHC-TEXT-210,CSQP-SFHC-TEXT-210-ENT-4304,money,五十元,五十元,body_clean,0.7
CSQP-SFHC-TEXT-210,CSQP-SFHC-TEXT-210-ENT-4305,money,伍拾元,伍拾元,body_clean,0.7
CSQP-SFHC-TEXT-211,CSQP-SFHC-TEXT-211-ENT-4306,money,港币叁拾元,叁拾元,body_clean,0.9
CSQP-SFHC-TEXT-211,CSQP-SFHC-TEXT-211-ENT-4307,money,壹拾元,壹拾元,body_clean,0.7
CSQP-SFHC-TEXT-211,CSQP-SFHC-TEXT-211-ENT-4308,money,二十元,二十元,body_clean,0.7
CSQP-SFHC-TEXT-212,CSQP-SFHC-TEXT-212-ENT-4309,money,港币陆拾元,陆拾元,body_clean,0.9
CSQP-SFHC-TEXT-212,CSQP-SFHC-TEXT-212-ENT-4310,money,港币陆拾元,陆拾元,body_clean,0.7
CSQP-SFHC-TEXT-212,CSQP-SFHC-TEXT-212-ENT-4311,money,十元,十元,body_clean,0.7
CSQP-SFHC-TEXT-212,CSQP-SFHC-TEXT-212-ENT-4312,money,三十元,三十元,body_clean,0.7
