record_id,evidence_id,evidence_type,evidence_text,source_column,start_char,end_char
CSQP-SFHC-TEXT-001,CSQP-SFHC-TEXT-001-EVID-0001,remittance,荷银弍元,body_clean,28,32
CSQP-SFHC-TEXT-001,CSQP-SFHC-TEXT-001-EVID-0002,entities,sender=越南薛孝居；recipient=海邑西洋乡张捷谦少爷；relationship=unknown；date=辛阳月初十日；money=弍元；currency=荷银；places=越南；海邑->广东澄海；西洋乡->广东侨乡西洋乡,evidence_entities,,
CSQP-SFHC-TEXT-002,CSQP-SFHC-TEXT-002-EVID-0003,opening,双亲大人尊前：,body_clean,44,51
CSQP-SFHC-TEXT-002,CSQP-SFHC-TEXT-002-EVID-0004,safety,叩禀者，去月杪（杪），得接严谕一片，披吟皆悉，承云母疾经已痊安，不胜喜乐之至也。,body_clean,52,92
CSQP-SFHC-TEXT-002,CSQP-SFHC-TEXT-002-EVID-0005,remittance,兹轮便，奉大良（银）捌元，至时查收，以助家中之用也。,body_clean,172,198
CSQP-SFHC-TEXT-002,CSQP-SFHC-TEXT-002-EVID-0006,family_care,叩禀者，去月杪（杪），得接严谕一片，披吟皆悉，承云母疾经已痊安，不胜喜乐之至也。；兹轮便，奉大良（银）捌元，至时查收，以助家中之用也。,body_clean,52,92
CSQP-SFHC-TEXT-002,CSQP-SFHC-TEXT-002-EVID-0007,instruction,既幸平善服常，惟诸务祈为珍重，则免有误精神。；芝夫叔赎厝一事，他已即寄信，在添木叔处，并嘱苟该厝赎后，俺诸人无用着，则税【租】他人亦可耳，余言后告。,body_clean,92,114
CSQP-SFHC-TEXT-002,CSQP-SFHC-TEXT-002-EVID-0008,closing,此候；辛十一月初四 儿林序周谨禀,body_clean,272,274
CSQP-SFHC-TEXT-002,CSQP-SFHC-TEXT-002-EVID-0009,entities,sender=叻坡林序周；recipient=潮安大寨家双亲大人；relationship=child_to_parent；date=辛十一月初四；money=捌元；currency=大洋；places=新加坡；叻坡->新加坡；潮安->广东潮安；大寨->广东潮安大寨；叻->新加坡；kinship=双亲；兄；弟；儿；妹；叔；伯；妗,body_clean,144,145
CSQP-SFHC-TEXT-003,CSQP-SFHC-TEXT-003-EVID-0010,opening,父亲大人膝下：,body_clean,57,64
CSQP-SFHC-TEXT-003,CSQP-SFHC-TEXT-003-EVID-0011,safety,叩禀者，月杪（杪）得奉教谕一片，拜读敬悉，荷蒙天庇，二地平安，甚慰。,body_clean,65,99
CSQP-SFHC-TEXT-003,CSQP-SFHC-TEXT-003-EVID-0012,remittance,兹轮便，寄洋良（银）十二元，至日如字查收，以应家中之用也。,body_clean,123,152
CSQP-SFHC-TEXT-003,CSQP-SFHC-TEXT-003-EVID-0013,family_care,父亲大人膝下：；内嘱五月初一日，脱吾母孝服之事，自当如命，免介。,body_clean,57,64
CSQP-SFHC-TEXT-003,CSQP-SFHC-TEXT-003-EVID-0014,instruction,内嘱五月初一日，脱吾母孝服之事，自当如命，免介。；许氏内妻，年齿尚属幼稚，诸务有不晓之处，敢望大人祈为从容教训，使得茅塞剖开，则家庭之幸焉。,body_clean,99,123
CSQP-SFHC-TEXT-003,CSQP-SFHC-TEXT-003-EVID-0015,closing,顺候；儿林序周谨叩,body_clean,368,370
CSQP-SFHC-TEXT-003,CSQP-SFHC-TEXT-003-EVID-0016,entities,sender=叻坡林序周；recipient=潮安大寨家父亲大人；relationship=child_to_parent；date=民国十三年五月八号，夏历甲午四月初五日；money=拾贰元；currency=英洋；places=新加坡；叻坡->新加坡；潮安->广东潮安；大寨->广东潮安大寨；叻->新加坡；kinship=父亲；兄；弟；妻；内妻；儿；妹,body_clean,306,307
CSQP-SFHC-TEXT-004,CSQP-SFHC-TEXT-004-EVID-0017,opening,慈亲大人尊前福安：,body_clean,4,13
CSQP-SFHC-TEXT-004,CSQP-SFHC-TEXT-004-EVID-0018,remittance,兹逢洋轮往汕，付信局带上一函，并大洋伍拾元，到日查收。,body_clean,53,80
CSQP-SFHC-TEXT-004,CSQP-SFHC-TEXT-004-EVID-0019,family_care,内抹出式元，分老鹅侄收，又抹出式元，分海发弟收，余者以作家中之需可也。；丙年八月廿六日 儿贞禀上,body_clean,80,115
CSQP-SFHC-TEXT-004,CSQP-SFHC-TEXT-004-EVID-0020,closing,丙年八月廿六日 儿贞禀上,body_clean,153,165
CSQP-SFHC-TEXT-004,CSQP-SFHC-TEXT-004-EVID-0021,entities,sender=外洋儿贞；recipient=潮汕慈亲大人；relationship=child_to_parent；date=丙年（1926）八月廿六日；money=伍拾元；currency=大洋；places=潮汕->广东侨乡；kinship=慈亲；弟；儿；侄,body_clean,101,102
CSQP-SFHC-TEXT-005,CSQP-SFHC-TEXT-005-EVID-0022,opening,家大嫂大人收知：,body_clean,0,8
CSQP-SFHC-TEXT-005,CSQP-SFHC-TEXT-005-EVID-0023,safety,敬复者，前接来书，一切均悉，幸喜两厝平安，不胜慰耳。,body_clean,9,35
CSQP-SFHC-TEXT-005,CSQP-SFHC-TEXT-005-EVID-0024,remittance,兹逢丙轮之便，即付大银十四元，到祈查收。,body_clean,35,55
CSQP-SFHC-TEXT-005,CSQP-SFHC-TEXT-005-EVID-0025,closing,丙十一月十一日顿,body_clean,118,126
CSQP-SFHC-TEXT-005,CSQP-SFHC-TEXT-005-EVID-0026,entities,sender=越［沙捞越］陈进保；recipient=澄邑程洋冈家大嫂；relationship=in_law_or_affinal_kin；date=丙（1927）十二月十一日；money=十四元；currency=银元；places=澄邑->广东澄海；kinship=嫂；大嫂；侄,body_clean,1,3
CSQP-SFHC-TEXT-006,CSQP-SFHC-TEXT-006-EVID-0027,opening,慈亲大人膝下：,body_clean,0,7
CSQP-SFHC-TEXT-006,CSQP-SFHC-TEXT-006-EVID-0028,remittance,敬禀者，兹逢船透【往】汕，并付大洋银捌元，到祈检收，作为家需之用。,body_clean,8,41
CSQP-SFHC-TEXT-006,CSQP-SFHC-TEXT-006-EVID-0029,instruction,但男在暹自当克（刻）苦勤俭，一文不敢妄费，如塘（唐）山须宜如此为要，是所至盼。,body_clean,41,80
CSQP-SFHC-TEXT-006,CSQP-SFHC-TEXT-006-EVID-0030,closing,男两猛禀,body_clean,92,96
CSQP-SFHC-TEXT-006,CSQP-SFHC-TEXT-006-EVID-0031,entities,sender=外洋两猛；recipient=潮汕慈亲大人；relationship=child_to_parent；date=丁（1927）九月初五日；money=捌元；currency=大洋；places=潮汕->广东侨乡；暹->泰国；kinship=慈亲；男,body_clean,42,43
CSQP-SFHC-TEXT-007,CSQP-SFHC-TEXT-007-EVID-0032,opening,严亲大人尊前：,body_clean,41,48
CSQP-SFHC-TEXT-007,CSQP-SFHC-TEXT-007-EVID-0033,safety,各地平安，顺此奉慰。,body_clean,79,89
CSQP-SFHC-TEXT-007,CSQP-SFHC-TEXT-007-EVID-0034,remittance,敬禀者，兹逢轮便，付信局呈上大洋捌元，到日祈查收，以资家用。,body_clean,49,79
CSQP-SFHC-TEXT-007,CSQP-SFHC-TEXT-007-EVID-0035,closing,各地平安，顺此奉慰。；男圣源顿,body_clean,79,89
CSQP-SFHC-TEXT-007,CSQP-SFHC-TEXT-007-EVID-0036,entities,sender=暹圣源；recipient=汀邑南砂乡林严亲大人；relationship=child_to_parent；date=戊六月十七；money=捌元；currency=大洋；places=泰国；汀邑->广东澄海；暹->泰国；kinship=严亲；男,body_clean,96,97
CSQP-SFHC-TEXT-008,CSQP-SFHC-TEXT-008-EVID-0037,opening,慈亲大人前尊：,body_clean,0,7
CSQP-SFHC-TEXT-008,CSQP-SFHC-TEXT-008-EVID-0038,remittance,敬禀者，本月十六日，兹逢大火船透【往】汕，并奉大洋银五元，到祈检收，以作家需之用。,body_clean,8,49
CSQP-SFHC-TEXT-008,CSQP-SFHC-TEXT-008-EVID-0039,closing,戊七月十六日禀,body_clean,181,188
CSQP-SFHC-TEXT-008,CSQP-SFHC-TEXT-008-EVID-0040,entities,sender=外洋两猛；recipient=潮汕慈亲大人；relationship=child_to_parent；date=戊（1928）七月十六日；money=五元；currency=大洋；places=潮汕->广东侨乡；kinship=慈亲；男,body_clean,82,83
CSQP-SFHC-TEXT-009,CSQP-SFHC-TEXT-009-EVID-0041,opening,荆妻李氏收知：,body_clean,4,11
CSQP-SFHC-TEXT-009,CSQP-SFHC-TEXT-009-EVID-0042,safety,余事后陈，两地平安。,body_clean,89,99
CSQP-SFHC-TEXT-009,CSQP-SFHC-TEXT-009-EVID-0043,remittance,顺便付去大银捌元，到时查收家用。,body_clean,73,89
CSQP-SFHC-TEXT-009,CSQP-SFHC-TEXT-009-EVID-0044,family_care,荆妻李氏收知：；但家中诸事祈知尽力调理，上须（需）和睦妗母亲邻，下当教训两儿为要，勿负余言，是幸兹矣。,body_clean,4,11
CSQP-SFHC-TEXT-009,CSQP-SFHC-TEXT-009-EVID-0045,instruction,但家中诸事祈知尽力调理，上须（需）和睦妗母亲邻，下当教训两儿为要，勿负余言，是幸兹矣。；此嘱，即候,body_clean,30,73
CSQP-SFHC-TEXT-009,CSQP-SFHC-TEXT-009-EVID-0046,closing,己七月十五日 夫大弟字,body_clean,111,122
CSQP-SFHC-TEXT-009,CSQP-SFHC-TEXT-009-EVID-0047,entities,sender=［暹］大弟；recipient=［澄莲中余宅］荆妻李氏；relationship=spouse_to_spouse；date=己（1929）七月廿五日；money=捌元；currency=银元；places=澄莲->广东澄海；kinship=母亲；弟；妻；荆妻；儿；妗,body_clean,120,121
CSQP-SFHC-TEXT-010,CSQP-SFHC-TEXT-010-EVID-0048,opening,慈亲大人尊前福安：,body_clean,4,13
CSQP-SFHC-TEXT-010,CSQP-SFHC-TEXT-010-EVID-0049,safety,至吾小弟钦械，此次回家，谅必一路安好，何时抵家，望祈示晓。,body_clean,36,65
CSQP-SFHC-TEXT-010,CSQP-SFHC-TEXT-010-EVID-0050,remittance,今奉上大洋银叁拾元，到日查收，以作家需可也。,body_clean,83,105
CSQP-SFHC-TEXT-010,CSQP-SFHC-TEXT-010-EVID-0051,family_care,儿贞玉手谨,body_clean,122,127
CSQP-SFHC-TEXT-010,CSQP-SFHC-TEXT-010-EVID-0052,instruction,且吾在外幸获身子粗安，切勿介之才是。,body_clean,65,83
CSQP-SFHC-TEXT-010,CSQP-SFHC-TEXT-010-EVID-0053,entities,sender=外洋贞玉；recipient=潮汕慈亲大人；relationship=child_to_parent；date=十八年（1929）十月十三日；money=叁拾元；currency=大洋；places=潮汕->广东侨乡；kinship=慈亲；弟；儿,body_clean,39,40
CSQP-SFHC-TEXT-011,CSQP-SFHC-TEXT-011-EVID-0054,opening,赞堂任台鉴：,body_clean,45,51
CSQP-SFHC-TEXT-011,CSQP-SFHC-TEXT-011-EVID-0055,remittance,是天付去大良（银）四元，至祈查收，以作茶果之需，望□笑纳，容后面叙。,body_clean,86,120
CSQP-SFHC-TEXT-011,CSQP-SFHC-TEXT-011-EVID-0056,closing,并请；弟刘仕芝托,body_clean,120,122
CSQP-SFHC-TEXT-011,CSQP-SFHC-TEXT-011-EVID-0057,entities,sender=彭亨刘仕芝；recipient=潮安东凤乡陈赞堂先生；relationship=sibling_or_same_generation_kin；date=庚年三月初八日；money=肆元；currency=银元；places=彭亨->马来西亚彭亨；嘭->马来西亚彭亨；潮安->广东潮安；东凤->广东潮安东凤；kinship=弟,evidence_entities,,
CSQP-SFHC-TEXT-012,CSQP-SFHC-TEXT-012-EVID-0058,opening,启者，但兄台经旋之后，诸事定卜遂心，以及合家具各清泰为慰。,body_clean,12,41
CSQP-SFHC-TEXT-012,CSQP-SFHC-TEXT-012-EVID-0059,safety,启者，但兄台经旋之后，诸事定卜遂心，以及合家具各清泰为慰。,body_clean,12,41
CSQP-SFHC-TEXT-012,CSQP-SFHC-TEXT-012-EVID-0060,remittance,兹逢杨（洋）轮，付信局带去大洋银肆元，到祈查收，以作茶果之用。；如今刻下身边尚无余资，不能如命寄去作船租之用，倘若塘（唐）中，谋为无银项可作船租之用，然后再回音示晓是要。,body_clean,41,72
CSQP-SFHC-TEXT-012,CSQP-SFHC-TEXT-012-EVID-0061,family_care,启者，但兄台经旋之后，诸事定卜遂心，以及合家具各清泰为慰。,body_clean,12,41
CSQP-SFHC-TEXT-012,CSQP-SFHC-TEXT-012-EVID-0062,closing,辛未四月三十日 吴锦兴缄,body_clean,225,237
CSQP-SFHC-TEXT-012,CSQP-SFHC-TEXT-012-EVID-0063,entities,sender=叻吴锦兴；recipient=潮安江东都洪金祝先生；relationship=social_or_business；date=辛未（1931）四月三十日；money=肆元；currency=大洋；places=叻坡->新加坡；潮安->广东潮安；叻->新加坡；暹->泰国；kinship=兄,evidence_entities,,
CSQP-SFHC-TEXT-013,CSQP-SFHC-TEXT-013-EVID-0064,opening,母亲大人尊前：,body_clean,43,50
CSQP-SFHC-TEXT-013,CSQP-SFHC-TEXT-013-EVID-0065,safety,至客外平安免介，家中各事，回来知可也。,body_clean,79,98
CSQP-SFHC-TEXT-013,CSQP-SFHC-TEXT-013-EVID-0066,remittance,敬禀者，兹奉上大洋银伍元，至日查收，谅大人玉体康钦为慰。,body_clean,51,79
CSQP-SFHC-TEXT-013,CSQP-SFHC-TEXT-013-EVID-0067,family_care,母亲大人尊前：；至客外平安免介，家中各事，回来知可也。,body_clean,43,50
CSQP-SFHC-TEXT-013,CSQP-SFHC-TEXT-013-EVID-0068,entities,sender=暹何春好；recipient=潮邑何周围乡家母亲大人；relationship=child_to_parent；date=辛七月十六日；money=伍元；currency=银元；places=暹->泰国；kinship=母亲,evidence_entities,,
CSQP-SFHC-TEXT-014,CSQP-SFHC-TEXT-014-EVID-0069,opening,母亲大人尊前：,body_clean,45,52
CSQP-SFHC-TEXT-014,CSQP-SFHC-TEXT-014-EVID-0070,safety,客外平安，免介是幸。,body_clean,165,175
CSQP-SFHC-TEXT-014,CSQP-SFHC-TEXT-014-EVID-0071,remittance,兹逢火轮返汕，付信局递呈一禀，外光洋银拾伍元，到祈照收。,body_clean,121,149
CSQP-SFHC-TEXT-014,CSQP-SFHC-TEXT-014-EVID-0072,family_care,母亲大人尊前：；儿寿春禀,body_clean,45,52
CSQP-SFHC-TEXT-014,CSQP-SFHC-TEXT-014-EVID-0073,closing,并请；儿寿春禀,body_clean,175,177
CSQP-SFHC-TEXT-014,CSQP-SFHC-TEXT-014-EVID-0074,entities,sender=暹刘寿春；recipient=澄邑月窟内乡家母亲大人；relationship=child_to_parent；date=壬三月十七；money=拾伍元；currency=银元；places=澄海->广东澄海；澄邑->广东澄海；暹->泰国；kinship=母亲；儿；叔；妗,body_clean,182,183
CSQP-SFHC-TEXT-015,CSQP-SFHC-TEXT-015-EVID-0075,opening,字付媳妇收知：,body_clean,0,7
CSQP-SFHC-TEXT-015,CSQP-SFHC-TEXT-015-EVID-0076,safety,但是现年生理大不幸，在本月十六夜八点半钟，被番贼相【破】门而入，店内白银布匹，被他劫去数百来银，随叻一庐被劫三间，薄伤四人，况且为公被他伤刀，幸者薄伤，大命平安。；且喜两成带妻儿同赴外合（公）家，老少具（俱）以平安，喜之胜也，破财更不介意也。,body_clean,49,130
CSQP-SFHC-TEXT-015,CSQP-SFHC-TEXT-015-EVID-0077,remittance,兹承便付去大银十五元，至日祈为查收。,body_clean,8,26
CSQP-SFHC-TEXT-015,CSQP-SFHC-TEXT-015-EVID-0078,family_care,内抹银乙（一）元老姑收用，余者以应家中之用也。；且喜两成带妻儿同赴外合（公）家，老少具（俱）以平安，喜之胜也，破财更不介意也。,body_clean,26,49
CSQP-SFHC-TEXT-015,CSQP-SFHC-TEXT-015-EVID-0079,instruction,兹承便付去大银十五元，至日祈为查收。；托神天庇佑，各厝升平，自然嘱叫尔夫回家为是，余言难尽。,body_clean,8,26
CSQP-SFHC-TEXT-015,CSQP-SFHC-TEXT-015-EVID-0080,closing,壬三月廿日 陈公托,body_clean,291,300
CSQP-SFHC-TEXT-015,CSQP-SFHC-TEXT-015-EVID-0081,entities,sender=外洋陈公；recipient=潮汕媳妇；relationship=parent_to_child_in_law；date=壬（1932）三月廿日；money=十五元；currency=银元；places=潮汕->广东侨乡；kinship=妻；儿；媳；媳妇；姑,body_clean,136,137
CSQP-SFHC-TEXT-016,CSQP-SFHC-TEXT-016-EVID-0082,opening,祖父大人万福：,body_clean,0,7
CSQP-SFHC-TEXT-016,CSQP-SFHC-TEXT-016-EVID-0083,safety,刻下孙儿居于大埕兄之店，幸告平安，望勿远念为盼。,body_clean,28,52
CSQP-SFHC-TEXT-016,CSQP-SFHC-TEXT-016-EVID-0084,remittance,兹付信局，奉上大洋银陆元，到时查收，以作大人果饵之需。,body_clean,52,79
CSQP-SFHC-TEXT-016,CSQP-SFHC-TEXT-016-EVID-0085,family_care,祖父大人万福：；刻下孙儿居于大埕兄之店，幸告平安，望勿远念为盼。,body_clean,0,7
CSQP-SFHC-TEXT-016,CSQP-SFHC-TEXT-016-EVID-0086,instruction,敬禀者，日前诵读手谕，所嘱各事俱已详悉。,body_clean,8,28
CSQP-SFHC-TEXT-016,CSQP-SFHC-TEXT-016-EVID-0087,closing,壬申年六月十一日 孙儿大专叩禀,body_clean,91,106
CSQP-SFHC-TEXT-016,CSQP-SFHC-TEXT-016-EVID-0088,entities,sender=外洋大专；recipient=潮汕祖父大人；relationship=grandchild_to_grandparent；date=壬申年（1932）六月十一日；money=陆元；currency=大洋；places=潮汕->广东侨乡；kinship=祖父；兄；儿；孙,body_clean,36,37
CSQP-SFHC-TEXT-017,CSQP-SFHC-TEXT-017-EVID-0089,opening,慈亲大人膝下：,body_clean,42,49
CSQP-SFHC-TEXT-017,CSQP-SFHC-TEXT-017-EVID-0090,remittance,兹寄批局，带去洋银肆元，至照查收，以安家计。,body_clean,50,72
CSQP-SFHC-TEXT-017,CSQP-SFHC-TEXT-017-EVID-0091,closing,癸九月十一日 姚丁南草,body_clean,79,90
CSQP-SFHC-TEXT-017,CSQP-SFHC-TEXT-017-EVID-0092,entities,sender=越姚丁南；recipient=潮安南桂家母亲大人；relationship=child_to_parent；date=癸九月十一日；money=肆元；currency=银元；places=安南->越南；潮安->广东潮安；kinship=慈亲；母亲,body_clean,18,20
CSQP-SFHC-TEXT-018,CSQP-SFHC-TEXT-018-EVID-0093,opening,祖父大人万福：,body_clean,0,7
CSQP-SFHC-TEXT-018,CSQP-SFHC-TEXT-018-EVID-0094,remittance,兹付信局奉上大洋银捌元，到时查收，以助家用是荷，余言后禀。,body_clean,42,71
CSQP-SFHC-TEXT-018,CSQP-SFHC-TEXT-018-EVID-0095,family_care,祖父大人万福：；敬禀者，爆竹一声除旧，桃符万户更新，恭维大人新春纳福，玉体安康为祝。,body_clean,0,7
CSQP-SFHC-TEXT-018,CSQP-SFHC-TEXT-018-EVID-0096,closing,孙儿曾大专禀,body_clean,86,92
CSQP-SFHC-TEXT-018,CSQP-SFHC-TEXT-018-EVID-0097,entities,sender=外洋曾大专；recipient=潮汕祖父大人；relationship=grandchild_to_grandparent；date=民国廿三年（1934）元月初五日；money=捌元；currency=大洋；places=潮汕->广东侨乡；kinship=祖父；儿；孙,body_clean,87,88
CSQP-SFHC-TEXT-019,CSQP-SFHC-TEXT-019-EVID-0098,opening,敬启者，刻逢羽便，呈上洋银陆元查收。,body_clean,13,31
CSQP-SFHC-TEXT-019,CSQP-SFHC-TEXT-019-EVID-0099,safety,此致，神天福庇，二地平安。,body_clean,87,100
CSQP-SFHC-TEXT-019,CSQP-SFHC-TEXT-019-EVID-0100,remittance,敬启者，刻逢羽便，呈上洋银陆元查收。,body_clean,13,31
CSQP-SFHC-TEXT-019,CSQP-SFHC-TEXT-019-EVID-0101,closing,此致，神天福庇，二地平安。；甲五月初八日 呷林松汉缄,body_clean,87,100
CSQP-SFHC-TEXT-019,CSQP-SFHC-TEXT-019-EVID-0102,entities,sender=呷［马来亚呷坡］林松汉；recipient=潮汕家荣泉兄台；relationship=sibling_or_same_generation_kin；date=甲（1934）五月初八日；money=陆元；currency=银元；places=潮汕->广东侨乡；kinship=兄,evidence_entities,,
CSQP-SFHC-TEXT-020,CSQP-SFHC-TEXT-020-EVID-0103,opening,敬启者，忆别南下，光阴荏苒，转瞬间忽又数月，尚未走书拜候，甚念，甚念！,body_clean,8,43
CSQP-SFHC-TEXT-020,CSQP-SFHC-TEXT-020-EVID-0104,remittance,兹修寸草以藉申候，外并附中正银贰元，至时检收，幸祈笑纳。,body_clean,82,110
CSQP-SFHC-TEXT-020,CSQP-SFHC-TEXT-020-EVID-0105,closing,此致，即请并祝；弟集良手上,body_clean,110,117
CSQP-SFHC-TEXT-020,CSQP-SFHC-TEXT-020-EVID-0106,entities,sender=房亨［马来亚彭亨］北根陈集良；recipient=潮安东凤乡陈赞堂先生；relationship=sibling_or_same_generation_kin；date=民二十三年（1935）旧历十二月初二日；money=贰元；currency=银元；places=彭亨->马来西亚彭亨；潮安->广东潮安；东凤->广东潮安东凤；叻->新加坡；kinship=兄；弟,body_clean,124,125
CSQP-SFHC-TEXT-021,CSQP-SFHC-TEXT-021-EVID-0107,opening,父亲大人：,body_clean,0,5
CSQP-SFHC-TEXT-021,CSQP-SFHC-TEXT-021-EVID-0108,remittance,兹寄去洋银拾元，至其（祈）理收，内计抹壹元交妹娥收，余者以充家费，男在外平善。,body_clean,6,45
CSQP-SFHC-TEXT-021,CSQP-SFHC-TEXT-021-EVID-0109,family_care,父亲大人：,body_clean,0,5
CSQP-SFHC-TEXT-021,CSQP-SFHC-TEXT-021-EVID-0110,entities,sender=外洋南山；recipient=潮汕父亲大人；relationship=child_to_parent；date=廿四年（1935）六月三号；money=拾元；currency=银元；places=潮汕->广东侨乡；kinship=父亲；男；妹,body_clean,39,40
CSQP-SFHC-TEXT-022,CSQP-SFHC-TEXT-022-EVID-0111,opening,双亲大人膝下：,body_clean,0,7
CSQP-SFHC-TEXT-022,CSQP-SFHC-TEXT-022-EVID-0112,safety,启者，是天有船开行之便，顺寄上大良（银）四元正，至祈查收，两地平安，顺此奉上。,body_clean,8,47
CSQP-SFHC-TEXT-022,CSQP-SFHC-TEXT-022-EVID-0113,remittance,启者，是天有船开行之便，顺寄上大良（银）四元正，至祈查收，两地平安，顺此奉上。,body_clean,8,47
CSQP-SFHC-TEXT-022,CSQP-SFHC-TEXT-022-EVID-0114,family_care,儿卓峰泐,body_clean,59,63
CSQP-SFHC-TEXT-022,CSQP-SFHC-TEXT-022-EVID-0115,closing,启者，是天有船开行之便，顺寄上大良（银）四元正，至祈查收，两地平安，顺此奉上。；儿卓峰泐,body_clean,8,47
CSQP-SFHC-TEXT-022,CSQP-SFHC-TEXT-022-EVID-0116,entities,sender=暹京许卓峰；recipient=饶邑隆都家祖母大人；relationship=child_to_parent；date=廿四年（1935）九月十四号；money=四元；currency=银元；places=饶邑->广东饶平；暹->泰国；kinship=双亲；祖母；家祖；儿,body_clean,59,60
CSQP-SFHC-TEXT-023,CSQP-SFHC-TEXT-023-EVID-0117,opening,双亲大人尊前：,body_clean,0,7
CSQP-SFHC-TEXT-023,CSQP-SFHC-TEXT-023-EVID-0118,remittance,兹付去大洋拾元，至时查收，回音示知为荷。,body_clean,208,228
CSQP-SFHC-TEXT-023,CSQP-SFHC-TEXT-023-EVID-0119,family_care,敬禀者，前接家中来谕，披诵之余，喜悉合家老少均安，藉慰远怀。；此际暹中米粟价格大跌，各行生意顿形萧条，小本商贾颇受影响，失业之人日见其多，儿幸有立足之地，然也岌岌自危，惟有勤俭一途，稍可应付环境之恶劣。,body_clean,8,38
CSQP-SFHC-TEXT-023,CSQP-SFHC-TEXT-023-EVID-0120,instruction,此际暹中米粟价格大跌，各行生意顿形萧条，小本商贾颇受影响，失业之人日见其多，儿幸有立足之地，然也岌岌自危，惟有勤俭一途，稍可应付环境之恶劣。,body_clean,82,152
CSQP-SFHC-TEXT-023,CSQP-SFHC-TEXT-023-EVID-0121,closing,中华民国廿四【年】十一月十三日 儿镇乾上,body_clean,235,255
CSQP-SFHC-TEXT-023,CSQP-SFHC-TEXT-023-EVID-0122,entities,sender=暹镇乾；recipient=饶平隆都吴宅双亲大人；relationship=child_to_parent；date=中华民国廿四年（1935）十一月十三日；money=拾元；currency=大洋；places=暹->泰国；kinship=双亲；儿,body_clean,120,121
CSQP-SFHC-TEXT-024,CSQP-SFHC-TEXT-024-EVID-0123,opening,慈亲大人尊前：,body_clean,51,58
CSQP-SFHC-TEXT-024,CSQP-SFHC-TEXT-024-EVID-0124,safety,外中吾妻全吾儿亦安好，祈免锦念，顺此告知，余无别言。,body_clean,207,233
CSQP-SFHC-TEXT-024,CSQP-SFHC-TEXT-024-EVID-0125,remittance,敬禀者，现以（已）付批局，带去光洋银二十元，到时查收，计抹二元交慈亲收用，余存十八元家用。,body_clean,59,104
CSQP-SFHC-TEXT-024,CSQP-SFHC-TEXT-024-EVID-0126,family_care,儿住外地，今年无运【运气不佳】，在五月间致一疾病，至今全（痊）愈矣，顺此禀知。；外中吾妻全吾儿亦安好，祈免锦念，顺此告知，余无别言。,body_clean,123,162
CSQP-SFHC-TEXT-024,CSQP-SFHC-TEXT-024-EVID-0127,closing,儿住外地，今年无运【运气不佳】，在五月间致一疾病，至今全（痊）愈矣，顺此禀知。；乙亥年十月廿二日 男财福禀上,body_clean,123,162
CSQP-SFHC-TEXT-024,CSQP-SFHC-TEXT-024-EVID-0128,entities,sender=暹财福；recipient=汀邑南砂乡林宅慈亲大人；relationship=child_to_parent；date=乙亥年十月廿二日；money=二十元；currency=银元；places=汀邑->广东澄海；暹->泰国；kinship=慈亲；妻；儿；男,body_clean,210,211
CSQP-SFHC-TEXT-025,CSQP-SFHC-TEXT-025-EVID-0129,opening,敬启者，顷承福弟云云，兄于九月十九日，再得男儿之喜，儿等闻之同深欣慰，而为道贺也。,body_clean,8,49
CSQP-SFHC-TEXT-025,CSQP-SFHC-TEXT-025-EVID-0130,remittance,兹顺付上国币十五元，至请查收，内祈抹出大银贰元，送与大姐，又贰元内人送大嫂，以代肉卵之敬，余存十一元，以应先君忌祭，以及先祖扫墓等费，妥否示教为盼。,body_clean,245,319
CSQP-SFHC-TEXT-025,CSQP-SFHC-TEXT-025-EVID-0131,family_care,敬启者，顷承福弟云云，兄于九月十九日，再得男儿之喜，儿等闻之同深欣慰，而为道贺也。；外洋行情依然呆滞，殊难乐观，侄儿嘉成如于汕市，谋得一事，较之为善，虽无薪水可得，亦当速就之。,body_clean,8,49
CSQP-SFHC-TEXT-025,CSQP-SFHC-TEXT-025-EVID-0132,entities,sender=外洋永源；recipient=潮汕大兄；relationship=sibling_or_same_generation_kin；date=中华民国乙年（1935）十月廿日；money=十五元；currency=国币；places=潮汕->广东侨乡；kinship=嫂；大嫂；兄；弟；儿；男；侄；姐,body_clean,280,282
CSQP-SFHC-TEXT-026,CSQP-SFHC-TEXT-026-EVID-0133,opening,朝晋胞弟收知：,body_clean,0,7
CSQP-SFHC-TEXT-026,CSQP-SFHC-TEXT-026-EVID-0134,safety,蒙神天保佑，内外平安，喜之欣也，余无别言。,body_clean,106,127
CSQP-SFHC-TEXT-026,CSQP-SFHC-TEXT-026-EVID-0135,remittance,逢轮回梓羽便，付去英洋银陆元，到日查收应用。,body_clean,84,106
CSQP-SFHC-TEXT-026,CSQP-SFHC-TEXT-026-EVID-0136,closing,此致,body_clean,127,129
CSQP-SFHC-TEXT-026,CSQP-SFHC-TEXT-026-EVID-0137,entities,sender=外洋林荣泉；recipient=潮汕朝晋胞弟；relationship=sibling_or_same_generation_kin；date=甲七月初五日（1936前）；money=陆元；currency=银元；places=潮汕->广东侨乡；kinship=兄；弟,body_clean,3,4
CSQP-SFHC-TEXT-027,CSQP-SFHC-TEXT-027-EVID-0138,safety,幸蒙神天佑庇，合家老少平安，余心甚喜矣。；合家平安,body_clean,36,56
CSQP-SFHC-TEXT-027,CSQP-SFHC-TEXT-027-EVID-0139,remittance,兹付去大银八元，到时查收，家中之用也。,body_clean,68,87
CSQP-SFHC-TEXT-027,CSQP-SFHC-TEXT-027-EVID-0140,family_care,字付荆妻李氏收阅：；幸蒙神天佑庇，合家老少平安，余心甚喜矣。,body_clean,0,9
CSQP-SFHC-TEXT-027,CSQP-SFHC-TEXT-027-EVID-0141,instruction,至于二儿，祈知教训是要。；余言后嘱。,body_clean,56,68
CSQP-SFHC-TEXT-027,CSQP-SFHC-TEXT-027-EVID-0142,closing,甲九月廿五日 夫大弟字,body_clean,101,112
CSQP-SFHC-TEXT-027,CSQP-SFHC-TEXT-027-EVID-0143,entities,sender=［暹］大弟；recipient=［澄莲中余宅］荆妻李氏；relationship=spouse_to_spouse；date=甲九月廿五日（1936前）；money=八元；currency=银元；places=澄莲->广东澄海；kinship=弟；妻；荆妻；儿,body_clean,3,4
CSQP-SFHC-TEXT-028,CSQP-SFHC-TEXT-028-EVID-0144,opening,岳祖母老大人尊前福安：,body_clean,0,11
CSQP-SFHC-TEXT-028,CSQP-SFHC-TEXT-028-EVID-0145,safety,幸喜二地平安，甚慰，余言后禀。,body_clean,283,298
CSQP-SFHC-TEXT-028,CSQP-SFHC-TEXT-028-EVID-0146,remittance,兹逢轮船之便，外奉上大良（银）弍元，到时查收，以为大人茶果之需。,body_clean,239,271
CSQP-SFHC-TEXT-028,CSQP-SFHC-TEXT-028-EVID-0147,family_care,岳祖母老大人尊前福安：；谨禀者，昨天承接家中来批，内云吾妻决意来叻，婚姻之甚不以然。,body_clean,0,11
CSQP-SFHC-TEXT-028,CSQP-SFHC-TEXT-028-EVID-0148,instruction,大人见字，千祈嘱令媛勿下叻为要，但勇台等历来定卜诸务胜意，田园茂盛可知也。,body_clean,139,176
CSQP-SFHC-TEXT-028,CSQP-SFHC-TEXT-028-EVID-0149,entities,sender=外洋丘明正；recipient=潮汕岳祖母、岳慈亲；relationship=grandchild_to_grandparent；date=乙四月初五日（1936前）；money=弍元；currency=银元；places=潮汕->广东侨乡；叻->新加坡；kinship=慈亲；祖母；岳祖母；岳慈亲；妻,body_clean,1,3
CSQP-SFHC-TEXT-029,CSQP-SFHC-TEXT-029-EVID-0150,opening,慈亲老大人尊鉴：,body_clean,46,54
CSQP-SFHC-TEXT-029,CSQP-SFHC-TEXT-029-EVID-0151,remittance,是帮【次】寄去大银壹拾五元至□查收，以应家费。,body_clean,56,79
CSQP-SFHC-TEXT-029,CSQP-SFHC-TEXT-029-EVID-0152,family_care,大凡家中之情，全仗吾慈顾理为要。；至于小女儿年纪拾出，诚宜其教□针刺绣，切莫与他（她）读书。,body_clean,129,145
CSQP-SFHC-TEXT-029,CSQP-SFHC-TEXT-029-EVID-0153,closing,此禀，并请,body_clean,221,226
CSQP-SFHC-TEXT-029,CSQP-SFHC-TEXT-029-EVID-0154,entities,sender=越陈国保；recipient=澄邑程洋岗家慈亲老大人；relationship=child_to_parent；date=乙六月初八日；money=壹拾五元；currency=银元；places=澄邑->广东澄海；kinship=慈亲；兄；弟；儿；男,body_clean,87,88
CSQP-SFHC-TEXT-030,CSQP-SFHC-TEXT-030-EVID-0155,opening,启者，兹承批局带来家信一书，内云诸事，俱以（已）知道。,body_clean,52,79
CSQP-SFHC-TEXT-030,CSQP-SFHC-TEXT-030-EVID-0156,safety,两地平安。,body_clean,127,132
CSQP-SFHC-TEXT-030,CSQP-SFHC-TEXT-030-EVID-0157,remittance,兹以顺轮付去大银八元，到时查收，家中之用，余无别嘱。,body_clean,101,127
CSQP-SFHC-TEXT-030,CSQP-SFHC-TEXT-030-EVID-0158,family_care,字付荆妻李氏收阅：；但唐中二小儿，祈知教训是要，方免余之挂念也。,body_clean,41,50
CSQP-SFHC-TEXT-030,CSQP-SFHC-TEXT-030-EVID-0159,instruction,但唐中二小儿，祈知教训是要，方免余之挂念也。；兹以顺轮付去大银八元，到时查收，家中之用，余无别嘱。,body_clean,79,101
CSQP-SFHC-TEXT-030,CSQP-SFHC-TEXT-030-EVID-0160,closing,夫大弟字,body_clean,148,152
CSQP-SFHC-TEXT-030,CSQP-SFHC-TEXT-030-EVID-0161,entities,sender=逞大弟；recipient=澄莲中余宅荆妻李氏；relationship=spouse_to_spouse；date=庚七月十九日；money=捌元；currency=银元；places=澄莲->广东澄海；kinship=弟；妻；荆妻；儿,body_clean,18,19
CSQP-SFHC-TEXT-031,CSQP-SFHC-TEXT-031-EVID-0162,remittance,兹奉上英洋伍元，抵时晒存，以作腰仪之用，聊表寸衷。,body_clean,127,152
CSQP-SFHC-TEXT-031,CSQP-SFHC-TEXT-031-EVID-0163,instruction,贤甥初次出门，吾妳须嘱其专心习业，勤俭为要，将来家门兴隆，职在他身，想吾妳试办知之。,body_clean,85,127
CSQP-SFHC-TEXT-031,CSQP-SFHC-TEXT-031-EVID-0164,closing,愚小弟李来盛手上,body_clean,166,174
CSQP-SFHC-TEXT-031,CSQP-SFHC-TEXT-031-EVID-0165,entities,sender=外洋李来盛；recipient=潮汕大姊；relationship=sibling_or_same_generation_kin；date=庚完月（十二月）十二日（1936前）；money=伍元；currency=英洋；places=潮汕->广东侨乡；暹->泰国；kinship=弟；姊,body_clean,5,6
CSQP-SFHC-TEXT-032,CSQP-SFHC-TEXT-032-EVID-0166,opening,慈亲大人尊安：,body_clean,0,7
CSQP-SFHC-TEXT-032,CSQP-SFHC-TEXT-032-EVID-0167,safety,而幸神天福庇，两地平安，喜之不胜也。,body_clean,28,46
CSQP-SFHC-TEXT-032,CSQP-SFHC-TEXT-032-EVID-0168,remittance,今逢轮转，呈上贰拾元，到时查收，家用可也。,body_clean,46,67
CSQP-SFHC-TEXT-032,CSQP-SFHC-TEXT-032-EVID-0169,closing,专此致，即请；男陈进保顿,body_clean,72,78
CSQP-SFHC-TEXT-032,CSQP-SFHC-TEXT-032-EVID-0170,entities,sender=外洋陈进保；recipient=潮汕慈亲大人；relationship=child_to_parent；date=辛七月初七日（1936前）；money=贰拾元；currency=元；places=潮汕->广东侨乡；kinship=慈亲；男,body_clean,83,84
CSQP-SFHC-TEXT-033,CSQP-SFHC-TEXT-033-EVID-0171,remittance,大银贰元,body_clean,25,29
CSQP-SFHC-TEXT-033,CSQP-SFHC-TEXT-033-EVID-0172,entities,sender=逞来镇；recipient=潮安鹳塘乡刘氏贤妻；relationship=spouse_to_spouse；date=癸十月廿五日；money=贰元；currency=银元；places=潮安->广东潮安；kinship=妻；贤妻,body_clean,19,21
CSQP-SFHC-TEXT-034,CSQP-SFHC-TEXT-034-EVID-0173,opening,祖父大人尊鉴：,body_clean,44,51
CSQP-SFHC-TEXT-034,CSQP-SFHC-TEXT-034-EVID-0174,remittance,兹付去大光银拾贰元，到即检收，以充家费。,body_clean,71,91
CSQP-SFHC-TEXT-034,CSQP-SFHC-TEXT-034-EVID-0175,family_care,祖父大人尊鉴：,body_clean,44,51
CSQP-SFHC-TEXT-034,CSQP-SFHC-TEXT-034-EVID-0176,closing,孙大专禀,body_clean,135,139
CSQP-SFHC-TEXT-034,CSQP-SFHC-TEXT-034-EVID-0177,entities,sender=逞曾大专；recipient=汀邑中外区家祖父大人；relationship=grandchild_to_grandparent；date=二月初八日；money=拾贰元；currency=银元；places=汀邑->广东澄海；kinship=祖父；家祖；弟；孙,body_clean,18,20
CSQP-SFHC-TEXT-035,CSQP-SFHC-TEXT-035-EVID-0178,opening,母亲大人钧前：,body_clean,0,7
CSQP-SFHC-TEXT-035,CSQP-SFHC-TEXT-035-EVID-0179,remittance,兹奉呈洋银壹拾伍元，到时查收，以作家用乃盼。,body_clean,93,115
CSQP-SFHC-TEXT-035,CSQP-SFHC-TEXT-035-EVID-0180,family_care,母亲大人钧前：,body_clean,0,7
CSQP-SFHC-TEXT-035,CSQP-SFHC-TEXT-035-EVID-0181,instruction,敬禀者，前奉家书，谅再接到可知，惟对于进行的机会，现尚未有头绪，望大人切切不可与人言及这事，承恐将来不成，定被他人耻笑，那时无颜见人，岂不自讨苦恼也，莫实望切寄来为幸。,body_clean,9,93
CSQP-SFHC-TEXT-035,CSQP-SFHC-TEXT-035-EVID-0182,entities,sender=外洋什美馥；recipient=潮汕母亲大人；relationship=child_to_parent；date=七月四日（1936前）；money=壹拾伍元；currency=银元；places=潮汕->广东侨乡；kinship=母亲；男,body_clean,122,123
CSQP-SFHC-TEXT-036,CSQP-SFHC-TEXT-036-EVID-0183,opening,敬启者，兹呈天□信局，带去家批一道，外及大洋银拾元至时查展，以助俺家庭用之。,body_clean,53,91
CSQP-SFHC-TEXT-036,CSQP-SFHC-TEXT-036-EVID-0184,remittance,敬启者，兹呈天□信局，带去家批一道，外及大洋银拾元至时查展，以助俺家庭用之。,body_clean,53,91
CSQP-SFHC-TEXT-036,CSQP-SFHC-TEXT-036-EVID-0185,instruction,查接吾兄上批，云及无项可助，田中粕费，要渡南来，在予想亦未有不可。,body_clean,91,124
CSQP-SFHC-TEXT-036,CSQP-SFHC-TEXT-036-EVID-0186,closing,此致，并请；弟弟年 八月初乙（一）顿,body_clean,124,129
CSQP-SFHC-TEXT-036,CSQP-SFHC-TEXT-036-EVID-0187,entities,sender=麻坡陈弟咱；recipient=潮安东风家绵浩胞兄；relationship=sibling_or_same_generation_kin；date=八月初一；money=拾元；currency=大洋；places=潮安->广东潮安；东凤->广东潮安东凤；kinship=兄；弟,body_clean,7,8
CSQP-SFHC-TEXT-037,CSQP-SFHC-TEXT-037-EVID-0188,opening,母亲大人膝下：,body_clean,0,7
CSQP-SFHC-TEXT-037,CSQP-SFHC-TEXT-037-EVID-0189,safety,父亲玉体康健如前，男亦平安，祈释锦念。,body_clean,331,350
CSQP-SFHC-TEXT-037,CSQP-SFHC-TEXT-037-EVID-0190,remittance,兹承父亲之命，奉上大洋银弍拾元，到时收入，家用为是，余容后禀。,body_clean,350,381
CSQP-SFHC-TEXT-037,CSQP-SFHC-TEXT-037-EVID-0191,family_care,母亲大人膝下：；惟父亲阅此书后，忧愤填胸，大骂孽子害人。,body_clean,0,7
CSQP-SFHC-TEXT-037,CSQP-SFHC-TEXT-037-EVID-0192,instruction,男每念及此，宁不慨然，惟望母亲现时，对于家中各事，应有把握决断，雍容镇定，切不可慌忙。；吾兄之事，应听亲邻劝解，切勿固执，须视为命中生成耳。,body_clean,107,150
CSQP-SFHC-TEXT-037,CSQP-SFHC-TEXT-037-EVID-0193,closing,肃此，并请,body_clean,381,386
CSQP-SFHC-TEXT-037,CSQP-SFHC-TEXT-037-EVID-0194,entities,sender=外洋雄才；recipient=潮汕母亲大人；relationship=child_to_parent；date=八月廿五日（1936前）；money=弍拾元；currency=大洋；places=潮汕->广东侨乡；kinship=母亲；父亲；兄；儿；男,body_clean,29,31
CSQP-SFHC-TEXT-038,CSQP-SFHC-TEXT-038-EVID-0195,opening,慈亲大人尊前：,body_clean,43,50
CSQP-SFHC-TEXT-038,CSQP-SFHC-TEXT-038-EVID-0196,remittance,银叁拾元,body_clean,28,32
CSQP-SFHC-TEXT-038,CSQP-SFHC-TEXT-038-EVID-0197,closing,女巧贞谨上,body_clean,181,186
CSQP-SFHC-TEXT-038,CSQP-SFHC-TEXT-038-EVID-0198,entities,sender=叻曾清鉴；recipient=潮安凤廓新乡郭财和先生；relationship=child_to_parent；date=十月初六日；money=叁拾元；currency=银元；places=潮安->广东潮安；叻->新加坡；kinship=慈亲,evidence_entities,,
CSQP-SFHC-TEXT-039,CSQP-SFHC-TEXT-039-EVID-0199,remittance,大龙银拾元,body_clean,27,32
CSQP-SFHC-TEXT-039,CSQP-SFHC-TEXT-039-EVID-0200,entities,sender=叻陈喜炎；recipient=潮安东风乡陈镇炎胞兄；relationship=sibling_or_same_generation_kin；date=阳月十七日；money=拾元；currency=银元；places=潮安->广东潮安；东凤->广东潮安东凤；叻->新加坡；kinship=兄,evidence_entities,,
CSQP-SFHC-TEXT-040,CSQP-SFHC-TEXT-040-EVID-0201,opening,母亲大人金安纳福：,body_clean,0,9
CSQP-SFHC-TEXT-040,CSQP-SFHC-TEXT-040-EVID-0202,remittance,下月家批，当在出初即行寄去耳，余之将来奖金，容候近前，当即道告。,body_clean,56,88
CSQP-SFHC-TEXT-040,CSQP-SFHC-TEXT-040-EVID-0203,family_care,母亲大人金安纳福：,body_clean,0,9
CSQP-SFHC-TEXT-040,CSQP-SFHC-TEXT-040-EVID-0204,instruction,此刻未可与其绝交，须忍气继续与之上落【来在】，以觉光雅耳。,body_clean,27,56
CSQP-SFHC-TEXT-040,CSQP-SFHC-TEXT-040-EVID-0205,entities,sender=外洋男；recipient=潮汕母亲大人；relationship=child_to_parent；date=闰月廿一日（1936前）；money=式元；currency=银元；places=潮汕->广东侨乡；kinship=母亲；男；妹,body_clean,127,128
CSQP-SFHC-TEXT-041,CSQP-SFHC-TEXT-041-EVID-0206,remittance,洋良（银）四元,body_clean,26,33
CSQP-SFHC-TEXT-041,CSQP-SFHC-TEXT-041-EVID-0207,entities,sender=叻李开源；recipient=潮安急水陈振平贤弟；relationship=sibling_or_same_generation_kin；date=不详；money=四元；currency=银元；places=潮安->广东潮安；叻->新加坡；kinship=弟,evidence_entities,,
CSQP-SFHC-TEXT-042,CSQP-SFHC-TEXT-042-EVID-0208,opening,祖父大人尊明（前）：,body_clean,0,10
CSQP-SFHC-TEXT-042,CSQP-SFHC-TEXT-042-EVID-0209,safety,敬启者，迩因行情艰苦，不能多寄，只有每月付多少做平安批而已，须（需）候手头多润，自当厚寄，祈勿介耳。,body_clean,12,62
CSQP-SFHC-TEXT-042,CSQP-SFHC-TEXT-042-EVID-0210,remittance,兹承便付去大银六元，至希查收，以助家费，专此奉达。,body_clean,62,87
CSQP-SFHC-TEXT-042,CSQP-SFHC-TEXT-042-EVID-0211,family_care,祖父大人尊明（前）：,body_clean,0,10
CSQP-SFHC-TEXT-042,CSQP-SFHC-TEXT-042-EVID-0212,instruction,敬启者，迩因行情艰苦，不能多寄，只有每月付多少做平安批而已，须（需）候手头多润，自当厚寄，祈勿介耳。,body_clean,12,62
CSQP-SFHC-TEXT-042,CSQP-SFHC-TEXT-042-EVID-0213,closing,并请；孙大才顿,body_clean,87,89
CSQP-SFHC-TEXT-042,CSQP-SFHC-TEXT-042-EVID-0214,entities,sender=外洋大才；recipient=潮汕祖父大人；relationship=grandchild_to_grandparent；date=廿五年（1936）元月初七日；money=六元；currency=银元；places=潮汕->广东侨乡；kinship=祖父；孙,body_clean,94,95
CSQP-SFHC-TEXT-043,CSQP-SFHC-TEXT-043-EVID-0215,opening,祖父大人尊前：,body_clean,0,7
CSQP-SFHC-TEXT-043,CSQP-SFHC-TEXT-043-EVID-0216,safety,两地平安，余候后详。,body_clean,70,80
CSQP-SFHC-TEXT-043,CSQP-SFHC-TEXT-043-EVID-0217,remittance,敬启者，刻适逢轮转汕，奉上法币拾元，到希查收，以助家用。,body_clean,9,37
CSQP-SFHC-TEXT-043,CSQP-SFHC-TEXT-043-EVID-0218,family_care,祖父大人尊前：；大人身体定卜健康，精神舒适可知。,body_clean,0,7
CSQP-SFHC-TEXT-043,CSQP-SFHC-TEXT-043-EVID-0219,closing,孙大专顿,body_clean,90,94
CSQP-SFHC-TEXT-043,CSQP-SFHC-TEXT-043-EVID-0220,entities,sender=外洋大专；recipient=潮汕祖父大人；relationship=grandchild_to_grandparent；date=丙（1936）六月廿日；money=拾元；currency=国币；places=潮汕->广东侨乡；kinship=祖父；孙,body_clean,90,91
CSQP-SFHC-TEXT-044,CSQP-SFHC-TEXT-044-EVID-0221,opening,母亲大人尊前：,body_clean,0,7
CSQP-SFHC-TEXT-044,CSQP-SFHC-TEXT-044-EVID-0222,safety,二地平安，余容后禀。,body_clean,152,162
CSQP-SFHC-TEXT-044,CSQP-SFHC-TEXT-044-EVID-0223,remittance,另者，兹逢轮船，即寄上大法币壹拾元查收，家情应用也。,body_clean,187,213
CSQP-SFHC-TEXT-044,CSQP-SFHC-TEXT-044-EVID-0224,family_care,母亲大人尊前：；敬禀者，承接来家信一札，披读之下，言及吾儿即欲做酒，儿现时并无余资，但办鸡蛋（蛋）一事亦好做酒，候侍（待）近前，然后未迟。,body_clean,0,7
CSQP-SFHC-TEXT-044,CSQP-SFHC-TEXT-044-EVID-0225,instruction,如吾存有余积，当自寄信通知，凡事须自从吾之言，不可自主自意。；启者，儿现今居住丰镇兄店中办事，谅亦知之，近前丰镇兄下越，可往炳成取金钱付与他带下，谨记为要，不可有误。,body_clean,70,100
CSQP-SFHC-TEXT-044,CSQP-SFHC-TEXT-044-EVID-0226,closing,儿丁南缄,body_clean,174,178
CSQP-SFHC-TEXT-044,CSQP-SFHC-TEXT-044-EVID-0227,entities,sender=外洋丁南；recipient=潮汕母亲大人；relationship=child_to_parent；date=丙（1936）六月廿四日；money=壹拾元；currency=国币；places=潮汕->广东侨乡；kinship=母亲；兄；儿,body_clean,110,111
CSQP-SFHC-TEXT-045,CSQP-SFHC-TEXT-045-EVID-0228,opening,双亲大人尊前福安：,body_clean,0,9
CSQP-SFHC-TEXT-045,CSQP-SFHC-TEXT-045-EVID-0229,safety,敬禀者，昨接专函，拜悉一切，藉悉家中平安，儿心甚慰。,body_clean,11,37
CSQP-SFHC-TEXT-045,CSQP-SFHC-TEXT-045-EVID-0230,remittance,兹因轮之便，即奉上国币拾肆元，到时查收。,body_clean,60,80
CSQP-SFHC-TEXT-045,CSQP-SFHC-TEXT-045-EVID-0231,family_care,敬禀者，昨接专函，拜悉一切，藉悉家中平安，儿心甚慰。；内肆元即吾细叔寄交祖母三元，交四婶壹元，余十元，即儿寄交双亲以助家需，专此奉告。,body_clean,11,37
CSQP-SFHC-TEXT-045,CSQP-SFHC-TEXT-045-EVID-0232,closing,顺候；儿卓峰托,body_clean,120,122
CSQP-SFHC-TEXT-045,CSQP-SFHC-TEXT-045-EVID-0233,entities,sender=暹卓峰；recipient=饶邑隆都许双亲大人；relationship=child_to_parent；date=廿五年（1936）六月廿六；money=拾肆元；currency=国币；places=饶邑->广东饶平；暹->泰国；kinship=双亲；祖母；儿；叔；婶,body_clean,89,91
CSQP-SFHC-TEXT-046,CSQP-SFHC-TEXT-046-EVID-0234,opening,双亲大人尊前膝下：,body_clean,0,9
CSQP-SFHC-TEXT-046,CSQP-SFHC-TEXT-046-EVID-0235,safety,恭维大人福体康强，合家平安，至以为颂也。,body_clean,37,57
CSQP-SFHC-TEXT-046,CSQP-SFHC-TEXT-046-EVID-0236,remittance,刻逢批局之便，外呈国币拾元，至日查收，以应家情之用也。,body_clean,57,84
CSQP-SFHC-TEXT-046,CSQP-SFHC-TEXT-046-EVID-0237,family_care,恭维大人福体康强，合家平安，至以为颂也。；刻下儿尚未有事可任，顺为通知也。,body_clean,37,57
CSQP-SFHC-TEXT-046,CSQP-SFHC-TEXT-046-EVID-0238,closing,廿五，七，五 儿程兴缄,body_clean,110,121
CSQP-SFHC-TEXT-046,CSQP-SFHC-TEXT-046-EVID-0239,entities,sender=外洋程兴；recipient=潮汕双亲大人；relationship=child_to_parent；date=廿五年（1936）七月五日；money=拾元；currency=国币；places=潮汕->广东侨乡；kinship=双亲；儿,body_clean,86,87
CSQP-SFHC-TEXT-047,CSQP-SFHC-TEXT-047-EVID-0240,opening,家祖慈大人前金安：,body_clean,45,54
CSQP-SFHC-TEXT-047,CSQP-SFHC-TEXT-047-EVID-0241,safety,欲言不尽，蒙神天保佑，内外平安，不胜欣喜。,body_clean,154,175
CSQP-SFHC-TEXT-047,CSQP-SFHC-TEXT-047-EVID-0242,remittance,英洋伍元,body_clean,28,32
CSQP-SFHC-TEXT-047,CSQP-SFHC-TEXT-047-EVID-0243,family_care,另孙儿与吾细叔父，常常皆有书相通，祈勿锦念是幸。；孙儿陈赞堂禀,body_clean,130,154
CSQP-SFHC-TEXT-047,CSQP-SFHC-TEXT-047-EVID-0244,instruction,敬禀者，聆悉有船透【往】汕，便寄壹信，外并大英币伍元，到视（时）务望检收，以帮家计之需。,body_clean,56,100
CSQP-SFHC-TEXT-047,CSQP-SFHC-TEXT-047-EVID-0245,closing,孙儿陈赞堂禀,body_clean,182,188
CSQP-SFHC-TEXT-047,CSQP-SFHC-TEXT-047-EVID-0246,entities,sender=彭亨陈赞堂；recipient=潮安东风乡家祖母大人；relationship=grandchild_to_grandparent；date=丙年七月廿四日；money=伍元；currency=英洋；places=彭亨->马来西亚彭亨；潮安->广东潮安；东凤->广东潮安东凤；kinship=祖母；祖慈；家祖；叔父；儿；孙；叔,body_clean,46,48
CSQP-SFHC-TEXT-048,CSQP-SFHC-TEXT-048-EVID-0247,opening,外祖母大人尊前：,body_clean,4,12
CSQP-SFHC-TEXT-048,CSQP-SFHC-TEXT-048-EVID-0248,remittance,国币四角,body_clean,60,64
CSQP-SFHC-TEXT-048,CSQP-SFHC-TEXT-048-EVID-0249,family_care,外祖母大人尊前：；望祈转知家妗母，以后每月，在我家批内，抹出数元与他可也。,body_clean,4,12
CSQP-SFHC-TEXT-048,CSQP-SFHC-TEXT-048-EVID-0250,closing,外孙再炎谨上,body_clean,124,130
CSQP-SFHC-TEXT-048,CSQP-SFHC-TEXT-048-EVID-0251,entities,sender=外洋再火；recipient=潮汕外祖母大人；relationship=grandchild_to_grandparent；date=丙子年（1936）七月廿五日；money=四角；currency=国币；places=潮汕->广东侨乡；kinship=祖母；外祖母；孙；外孙；妗,body_clean,4,7
CSQP-SFHC-TEXT-049,CSQP-SFHC-TEXT-049-EVID-0252,opening,双亲大人尊前膝下：,body_clean,0,9
CSQP-SFHC-TEXT-049,CSQP-SFHC-TEXT-049-EVID-0253,safety,刻逢批局之便，奉上寸草，恭祝大人起居康健，合家平安，欣慰之至也。,body_clean,28,60
CSQP-SFHC-TEXT-049,CSQP-SFHC-TEXT-049-EVID-0254,remittance,外呈大洋币拾元，至日查收，以应家情之用耳。,body_clean,60,81
CSQP-SFHC-TEXT-049,CSQP-SFHC-TEXT-049-EVID-0255,family_care,刻逢批局之便，奉上寸草，恭祝大人起居康健，合家平安，欣慰之至也。；廿五，十乙（一），十九缄 儿程兴,body_clean,28,60
CSQP-SFHC-TEXT-049,CSQP-SFHC-TEXT-049-EVID-0256,entities,sender=外洋程兴；recipient=潮汕双亲大人；relationship=child_to_parent；date=廿五年（1936）十一月十九；money=拾元；currency=大洋；places=潮汕->广东侨乡；kinship=双亲；儿,body_clean,106,107
CSQP-SFHC-TEXT-050,CSQP-SFHC-TEXT-050-EVID-0257,opening,母亲大人尊前：,body_clean,0,7
CSQP-SFHC-TEXT-050,CSQP-SFHC-TEXT-050-EVID-0258,safety,冬天到达，天气也寒，望母亲诸宜珍摄，快乐康健，则儿在暹有已（以）安慰也，家中大小定平安也。；父亲与儿俱安好，不念。,body_clean,204,249
CSQP-SFHC-TEXT-050,CSQP-SFHC-TEXT-050-EVID-0259,remittance,谨禀者，兹值轮透【往】汕，乘附出国币伍拾元，到时祈为家用。,body_clean,9,38
CSQP-SFHC-TEXT-050,CSQP-SFHC-TEXT-050-EVID-0260,family_care,母亲大人尊前：；年是差不多要完，文山明年是七岁，在儿想还是叫他同文珠一同去读书，才不会在家和一些无懒（赖）的在一起，将来也要变成那样的不好，未知大人意下如何。,body_clean,0,7
CSQP-SFHC-TEXT-050,CSQP-SFHC-TEXT-050-EVID-0261,instruction,谨禀者，兹值轮透【往】汕，乘附出国币伍拾元，到时祈为家用。,body_clean,9,38
CSQP-SFHC-TEXT-050,CSQP-SFHC-TEXT-050-EVID-0262,closing,【廿】六，元月十二号 男文高禀,body_clean,286,301
CSQP-SFHC-TEXT-050,CSQP-SFHC-TEXT-050-EVID-0263,entities,sender=外洋文高；recipient=潮汕母亲大人；relationship=child_to_parent；date=廿六年（1937）元月十二号；money=伍拾元；currency=国币；places=潮汕->广东侨乡；暹->泰国；kinship=母亲；父亲；儿；男,body_clean,249,251
CSQP-SFHC-TEXT-051,CSQP-SFHC-TEXT-051-EVID-0264,opening,余氏贤妻收知：,body_clean,0,7
CSQP-SFHC-TEXT-051,CSQP-SFHC-TEXT-051-EVID-0265,safety,安好,body_clean,200,202
CSQP-SFHC-TEXT-051,CSQP-SFHC-TEXT-051-EVID-0266,remittance,兹寄去银陆元，至时查收，计抹壹元，交瑶珍妹收用，余伍元收为家用。,body_clean,151,183
CSQP-SFHC-TEXT-051,CSQP-SFHC-TEXT-051-EVID-0267,family_care,余氏贤妻收知：；但望家中诸务，从俭安排为是。,body_clean,0,7
CSQP-SFHC-TEXT-051,CSQP-SFHC-TEXT-051-EVID-0268,instruction,此次大孙兄回塘（唐），如有谈及关此之事，皆出自头家娘之主使，千万不可相信他为要。,body_clean,111,151
CSQP-SFHC-TEXT-051,CSQP-SFHC-TEXT-051-EVID-0269,closing,此问,body_clean,197,199
CSQP-SFHC-TEXT-051,CSQP-SFHC-TEXT-051-EVID-0270,entities,sender=外洋清裕；recipient=潮汕余氏贤妻；relationship=spouse_to_spouse；date=廿六年（1937）二月三日；money=陆元；currency=银元；places=潮汕->广东侨乡；kinship=兄；弟；妻；贤妻；孙；妹,body_clean,17,18
CSQP-SFHC-TEXT-052,CSQP-SFHC-TEXT-052-EVID-0271,opening,祖母大人膝下金安：,body_clean,44,53
CSQP-SFHC-TEXT-052,CSQP-SFHC-TEXT-052-EVID-0272,safety,跪禀者，孙自抵叻，身子平安，日惟遥祝大人玉体康强，阖家安庆而已。,body_clean,55,87
CSQP-SFHC-TEXT-052,CSQP-SFHC-TEXT-052-EVID-0273,remittance,兹乘鸿雁之便，奉上英洋式元，到祈查收，余不赘。,body_clean,87,110
CSQP-SFHC-TEXT-052,CSQP-SFHC-TEXT-052-EVID-0274,family_care,祖母大人膝下金安：,body_clean,44,53
CSQP-SFHC-TEXT-052,CSQP-SFHC-TEXT-052-EVID-0275,closing,孙思贞叩上,body_clean,117,122
CSQP-SFHC-TEXT-052,CSQP-SFHC-TEXT-052-EVID-0276,entities,sender=叻林思贞；recipient=澄海程洋岗林思敬先生；relationship=grandchild_to_grandparent；date=廿六年八月初六日；money=式元；currency=银元；places=澄海->广东澄海；叻->新加坡；kinship=祖母；孙,body_clean,59,60
CSQP-SFHC-TEXT-053,CSQP-SFHC-TEXT-053-EVID-0277,opening,良人尊前福安：,body_clean,37,44
CSQP-SFHC-TEXT-053,CSQP-SFHC-TEXT-053-EVID-0278,safety,是日承接来信一封，并寄来中央纸币壹佰元，经已收妥，照信分发，藉知旅暹平安，喜之胜也。；但塘（唐）中合家老少平安，顺此达感，余言后叙。,body_clean,46,88
CSQP-SFHC-TEXT-053,CSQP-SFHC-TEXT-053-EVID-0279,remittance,币壹佰元,body_clean,61,65
CSQP-SFHC-TEXT-053,CSQP-SFHC-TEXT-053-EVID-0280,family_care,但塘（唐）中合家老少平安，顺此达感，余言后叙。,body_clean,237,260
CSQP-SFHC-TEXT-053,CSQP-SFHC-TEXT-053-EVID-0281,closing,但塘（唐）中合家老少平安，顺此达感，余言后叙。；丁八月二十日 批荆上言,body_clean,237,260
CSQP-SFHC-TEXT-053,CSQP-SFHC-TEXT-053-EVID-0282,entities,sender=潮安鹤塘乡光裕；recipient=逞陈运异父亲大人；relationship=child_to_parent；date=丁八月二十日；money=壹佰元；currency=元；places=潮安->广东潮安；kinship=父亲,evidence_entities,,
CSQP-SFHC-TEXT-054,CSQP-SFHC-TEXT-054-EVID-0283,opening,启者握别数月，未通音问，殊深为念，近维起居胜常，百凡皆佳为慰耳。,body_clean,10,42
CSQP-SFHC-TEXT-054,CSQP-SFHC-TEXT-054-EVID-0284,safety,启者握别数月，未通音问，殊深为念，近维起居胜常，百凡皆佳为慰耳。,body_clean,10,42
CSQP-SFHC-TEXT-054,CSQP-SFHC-TEXT-054-EVID-0285,remittance,刻外汇银壹佰万元，至祈查收妥，后照字代为分送是荷。,body_clean,68,93
CSQP-SFHC-TEXT-054,CSQP-SFHC-TEXT-054-EVID-0286,closing,愚弟义林顿,body_clean,103,108
CSQP-SFHC-TEXT-054,CSQP-SFHC-TEXT-054-EVID-0287,entities,sender=外洋义林；recipient=潮汕壮城表兄台；relationship=sibling_or_same_generation_kin；date=中华民国廿六年（1937）十一月廿六日；money=壹佰万元；currency=银元；places=潮汕->广东侨乡；kinship=兄；弟；伯,body_clean,104,105
CSQP-SFHC-TEXT-055,CSQP-SFHC-TEXT-055-EVID-0288,opening,婶母大人尊前：,body_clean,0,7
CSQP-SFHC-TEXT-055,CSQP-SFHC-TEXT-055-EVID-0289,safety,敬禀者，久未修书道候，歉仄良深，遥维起居迪吉，诸凡享嘉为祷。,body_clean,9,39
CSQP-SFHC-TEXT-055,CSQP-SFHC-TEXT-055-EVID-0290,remittance,兹逢书批之便，奉上国币四元，至祈查收，复音示慰。,body_clean,56,80
CSQP-SFHC-TEXT-055,CSQP-SFHC-TEXT-055-EVID-0291,family_care,婶母大人尊前：,body_clean,0,7
CSQP-SFHC-TEXT-055,CSQP-SFHC-TEXT-055-EVID-0292,instruction,祈为示知。,body_clean,51,56
CSQP-SFHC-TEXT-055,CSQP-SFHC-TEXT-055-EVID-0293,closing,侄陈继源上言,body_clean,92,98
CSQP-SFHC-TEXT-055,CSQP-SFHC-TEXT-055-EVID-0294,entities,sender=外洋陈继源；recipient=潮汕姆母大人；relationship=child_to_parent；date=丁丑年（1937）十一月廿七日；money=四元；currency=国币；places=潮汕->广东侨乡；kinship=婶母；弟；侄；婶,body_clean,43,44
CSQP-SFHC-TEXT-056,CSQP-SFHC-TEXT-056-EVID-0295,opening,外祖慈亲大人：,body_clean,45,52
CSQP-SFHC-TEXT-056,CSQP-SFHC-TEXT-056-EVID-0296,safety,孙居外平安勿念，谨此上禀。,body_clean,102,115
CSQP-SFHC-TEXT-056,CSQP-SFHC-TEXT-056-EVID-0297,remittance,敬禀者，兹值年关在即，适逢轮便，谨肃上候函并呈上国洋二元，以资大人腰金之用，到望查收，示复可也。,body_clean,54,102
CSQP-SFHC-TEXT-056,CSQP-SFHC-TEXT-056-EVID-0298,closing,外孙赞名上,body_clean,122,127
CSQP-SFHC-TEXT-056,CSQP-SFHC-TEXT-056-EVID-0299,entities,sender=叻陈赞名；recipient=澄邑程洋岗林思敬先生；relationship=grandchild_to_grandparent；date=丁丑完月初四日；money=贰元；currency=国币；places=澄邑->广东澄海；叻->新加坡；kinship=慈亲；祖慈；孙；外孙,body_clean,46,48
CSQP-SFHC-TEXT-057,CSQP-SFHC-TEXT-057-EVID-0300,remittance,外奉银叁拾元，祈收妥，以资家用。,body_clean,144,160
CSQP-SFHC-TEXT-057,CSQP-SFHC-TEXT-057-EVID-0301,family_care,母亲：；前天接到你的来信，知道你与儿定婚。,body_clean,0,3
CSQP-SFHC-TEXT-057,CSQP-SFHC-TEXT-057-EVID-0302,instruction,这真把我急得没有办法，又拟秋季迎娶，这事更不可行。,body_clean,59,84
CSQP-SFHC-TEXT-057,CSQP-SFHC-TEXT-057-EVID-0303,closing,戊三月初五日 儿继豪禀,body_clean,167,178
CSQP-SFHC-TEXT-057,CSQP-SFHC-TEXT-057-EVID-0304,entities,sender=外洋继豪；recipient=潮汕母亲；relationship=child_to_parent；date=戊（1938）三月初五日；money=叁拾元；currency=银元；places=潮汕->广东侨乡；kinship=母亲；儿,body_clean,18,19
CSQP-SFHC-TEXT-058,CSQP-SFHC-TEXT-058-EVID-0305,opening,岳母大人尊前：,body_clean,0,7
CSQP-SFHC-TEXT-058,CSQP-SFHC-TEXT-058-EVID-0306,safety,敬启者，久未禀候，歉仄良多，近维起居安吉，合第平安，定符所颂耳。；内外幸庇平安，祈免锦念。,body_clean,9,41
CSQP-SFHC-TEXT-058,CSQP-SFHC-TEXT-058-EVID-0307,remittance,兹因轮便，即寄上中央币伍元，至祈查收，以为茶果之敬，望乞笑纳是荷。,body_clean,41,74
CSQP-SFHC-TEXT-058,CSQP-SFHC-TEXT-058-EVID-0308,family_care,岳母大人尊前：,body_clean,0,7
CSQP-SFHC-TEXT-058,CSQP-SFHC-TEXT-058-EVID-0309,closing,婿丁炳南禀,body_clean,103,108
CSQP-SFHC-TEXT-058,CSQP-SFHC-TEXT-058-EVID-0310,entities,sender=外洋丁炳南；recipient=潮汕岳母大人；relationship=son_in_law_to_parent_in_law；date=戊（1938）五月初四日；money=伍元；currency=国币；places=潮汕->广东侨乡；kinship=岳母,evidence_entities,,
CSQP-SFHC-TEXT-059,CSQP-SFHC-TEXT-059-EVID-0311,opening,字奉母亲大人膝下：,body_clean,46,55
CSQP-SFHC-TEXT-059,CSQP-SFHC-TEXT-059-EVID-0312,safety,幸喜两地平安，不用挂念。,body_clean,78,90
CSQP-SFHC-TEXT-059,CSQP-SFHC-TEXT-059-EVID-0313,remittance,兹付信局去中央币壹佰元，至时查收，家中应用。,body_clean,56,78
CSQP-SFHC-TEXT-059,CSQP-SFHC-TEXT-059-EVID-0314,family_care,字奉母亲大人膝下：；兹付信局去中央币壹佰元，至时查收，家中应用。,body_clean,46,55
CSQP-SFHC-TEXT-059,CSQP-SFHC-TEXT-059-EVID-0315,closing,戊五月十五日 儿财福禀,body_clean,127,138
CSQP-SFHC-TEXT-059,CSQP-SFHC-TEXT-059-EVID-0316,entities,sender=遥儿财福；recipient=澄邑南砂乡林宅慈亲大人；relationship=child_to_parent；date=戊五月十五日；money=壹佰元；currency=国币；places=澄邑->广东澄海；kinship=慈亲；母亲；兄；儿,body_clean,48,50
CSQP-SFHC-TEXT-060,CSQP-SFHC-TEXT-060-EVID-0317,opening,双亲大人膝下：,body_clean,43,50
CSQP-SFHC-TEXT-060,CSQP-SFHC-TEXT-060-EVID-0318,remittance,今奉上中央币式元，并父亲手谕一封查收。,body_clean,334,353
CSQP-SFHC-TEXT-060,CSQP-SFHC-TEXT-060-EVID-0319,family_care,今奉上中央币式元，并父亲手谕一封查收。,body_clean,334,353
CSQP-SFHC-TEXT-060,CSQP-SFHC-TEXT-060-EVID-0320,closing,戊五月廿七日 男树钊具禀,body_clean,386,398
CSQP-SFHC-TEXT-060,CSQP-SFHC-TEXT-060-EVID-0321,entities,sender=叻宋树钊；recipient=澄邑下蓬家双亲大人；relationship=child_to_parent；date=戊五月廿七日；money=式元；currency=国币；places=澄邑->广东澄海；汕头->广东汕头；广东；叻->新加坡；kinship=双亲；父亲；弟；男；叔,body_clean,368,370
CSQP-SFHC-TEXT-061,CSQP-SFHC-TEXT-061-EVID-0322,opening,祖母大人尊前：,body_clean,44,51
CSQP-SFHC-TEXT-061,CSQP-SFHC-TEXT-061-EVID-0323,safety,一路平安，无烦远念。；合家平安,body_clean,283,293
CSQP-SFHC-TEXT-061,CSQP-SFHC-TEXT-061-EVID-0324,remittance,兹附上中央币拾弍元，至时查收。,body_clean,253,268
CSQP-SFHC-TEXT-061,CSQP-SFHC-TEXT-061-EVID-0325,family_care,祖母大人尊前：；至及战争一事，在前数日，幸喜长江政府，大出空军，炸沉敌武装鱼（油）船五十余只（艘），战舰十余艘，飞机母舰一艘，所以华南兵舰转至长江，可存不过两三只（艘）而已。,body_clean,44,51
CSQP-SFHC-TEXT-061,CSQP-SFHC-TEXT-061-EVID-0326,entities,sender=香港兆祥；recipient=饶邑碧砂乡家祖慈大人；relationship=grandchild_to_grandparent；date=戊六月十五日；money=拾式元；currency=国币；places=香港；饶邑->广东饶平；kinship=母亲；祖母；祖慈；家祖；孙,body_clean,44,46
CSQP-SFHC-TEXT-062,CSQP-SFHC-TEXT-062-EVID-0327,opening,敬启者，兹因邮船之便，付（附）去大银壹拾元，至祈查收，以作家用。,body_clean,8,40
CSQP-SFHC-TEXT-062,CSQP-SFHC-TEXT-062-EVID-0328,safety,本应裁章恭候安好，只因数年来南中取利甚难，兼又先慈亡后，舅父大非早比，毫无半点亲谊，对为夫如全（同）外人，每月薪金不过十一二元之度，除家批、身字之后，毫无盈余，故对诸亲戚久久问候，实因此之故耳。,body_clean,118,215
CSQP-SFHC-TEXT-062,CSQP-SFHC-TEXT-062-EVID-0329,remittance,敬启者，兹因邮船之便，付（附）去大银壹拾元，至祈查收，以作家用。,body_clean,8,40
CSQP-SFHC-TEXT-062,CSQP-SFHC-TEXT-062-EVID-0330,family_care,塘氏贤妻收次：；本应裁章恭候安好，只因数年来南中取利甚难，兼又先慈亡后，舅父大非早比，毫无半点亲谊，对为夫如全（同）外人，每月薪金不过十一二元之度，除家批、身字之后，毫无盈余，故对诸亲戚久久问候，实因此之故耳。,body_clean,0,7
CSQP-SFHC-TEXT-062,CSQP-SFHC-TEXT-062-EVID-0331,instruction,叔父刻下，岂有在家抑或外出，祈为示知。,body_clean,247,266
CSQP-SFHC-TEXT-062,CSQP-SFHC-TEXT-062-EVID-0332,closing,夫万乘顿,body_clean,341,345
CSQP-SFHC-TEXT-062,CSQP-SFHC-TEXT-062-EVID-0333,entities,sender=外洋万乘；recipient=潮汕塘氏贤妻；relationship=spouse_to_spouse；date=戊（1938）六月廿九日；money=壹拾元；currency=银元；places=澄邑->广东澄海；潮汕->广东侨乡；kinship=叔父；妻；贤妻；叔；婶,body_clean,3,4
CSQP-SFHC-TEXT-063,CSQP-SFHC-TEXT-063-EVID-0334,opening,母亲大人尊前：,body_clean,46,53
CSQP-SFHC-TEXT-063,CSQP-SFHC-TEXT-063-EVID-0335,remittance,敬禀者，兹逢船透【往】汕，顺付（附）去中央法币陆元，到照检收，以助家庭生活费。,body_clean,54,93
CSQP-SFHC-TEXT-063,CSQP-SFHC-TEXT-063-EVID-0336,family_care,母亲大人尊前：；儿海泉,body_clean,46,53
CSQP-SFHC-TEXT-063,CSQP-SFHC-TEXT-063-EVID-0337,instruction,现失业漂流中度人生，痛苦挣扎，应为内子诸事务宜督示，不可被她所欲胡行，纲常越守，诚感事也。,body_clean,93,138
CSQP-SFHC-TEXT-063,CSQP-SFHC-TEXT-063-EVID-0338,closing,带此，并请；戊七月初十日缄,body_clean,138,143
CSQP-SFHC-TEXT-063,CSQP-SFHC-TEXT-063-EVID-0339,entities,sender=遥儿海泉；recipient=饶隆南溪乡赵宅慈亲大人；relationship=child_to_parent；date=戊七月初十日；money=陆元；currency=国币；places=饶隆->广东饶平；kinship=慈亲；母亲；儿,body_clean,46,48
CSQP-SFHC-TEXT-064,CSQP-SFHC-TEXT-064-EVID-0340,opening,启者，是天轮便，寄上中央币壹拾元，到祈查收，以助家情之用也。,body_clean,51,81
CSQP-SFHC-TEXT-064,CSQP-SFHC-TEXT-064-EVID-0341,safety,二地平安，余无别言。,body_clean,198,208
CSQP-SFHC-TEXT-064,CSQP-SFHC-TEXT-064-EVID-0342,remittance,启者，是天轮便，寄上中央币壹拾元，到祈查收，以助家情之用也。,body_clean,51,81
CSQP-SFHC-TEXT-064,CSQP-SFHC-TEXT-064-EVID-0343,family_care,庆松吾儿知悉：；见信之日，以后合家须欲和气，后日再有结（角）口，来信通知，家信即欲绝寄，看你家中口食出之何限？,body_clean,43,50
CSQP-SFHC-TEXT-064,CSQP-SFHC-TEXT-064-EVID-0344,instruction,见信之日，以后合家须欲和气，后日再有结（角）口，来信通知，家信即欲绝寄，看你家中口食出之何限？,body_clean,127,174
CSQP-SFHC-TEXT-064,CSQP-SFHC-TEXT-064-EVID-0345,closing,严丁南缄,body_clean,218,222
CSQP-SFHC-TEXT-064,CSQP-SFHC-TEXT-064-EVID-0346,entities,sender=赵丁南；recipient=潮安南桂都姚庆松吾儿；relationship=parent_to_child；date=戊桂月廿日；money=壹拾元；currency=国币；places=安南->越南；潮安->广东潮安；kinship=儿,evidence_entities,,
CSQP-SFHC-TEXT-065,CSQP-SFHC-TEXT-065-EVID-0347,opening,母亲大人膝下：,body_clean,0,7
CSQP-SFHC-TEXT-065,CSQP-SFHC-TEXT-065-EVID-0348,remittance,兹承轮便寄上国币捌元，至祈检收。；计奉弍元，为大人茶果之用，弍元转交三兄，余充家中之需。,body_clean,82,98
CSQP-SFHC-TEXT-065,CSQP-SFHC-TEXT-065-EVID-0349,family_care,母亲大人膝下：；计奉弍元，为大人茶果之用，弍元转交三兄，余充家中之需。,body_clean,0,7
CSQP-SFHC-TEXT-065,CSQP-SFHC-TEXT-065-EVID-0350,closing,儿汉章上言,body_clean,148,153
CSQP-SFHC-TEXT-065,CSQP-SFHC-TEXT-065-EVID-0351,entities,sender=外洋汉章；recipient=潮汕母亲大人；relationship=child_to_parent；date=戊（1938）八月廿九日；money=捌元；currency=国币；places=潮汕->广东侨乡；kinship=母亲；兄；儿,body_clean,116,117
CSQP-SFHC-TEXT-066,CSQP-SFHC-TEXT-066-EVID-0352,opening,兹启者，数月未通音问，想近况定卜安善，可知也。,body_clean,50,73
CSQP-SFHC-TEXT-066,CSQP-SFHC-TEXT-066-EVID-0353,remittance,兹逢火轮之便，特奉上国币贰拾元，至祈检收，乃盼。,body_clean,207,231
CSQP-SFHC-TEXT-066,CSQP-SFHC-TEXT-066-EVID-0354,family_care,余自旅暹以来，倏经数载，此数年来，家中几百工作，皆赖吾卿独力所主持，余虽寄客他邦，宁不知感。,body_clean,73,119
CSQP-SFHC-TEXT-066,CSQP-SFHC-TEXT-066-EVID-0355,closing,夫其周草,body_clean,254,258
CSQP-SFHC-TEXT-066,CSQP-SFHC-TEXT-066-EVID-0356,entities,sender=遥李期周；recipient=饶邑下保李宅张氏荆妻；relationship=spouse_to_spouse；date=廿七年十月；money=贰拾元；currency=银元；places=饶邑->广东饶平；kinship=妻；荆妻,body_clean,21,23
CSQP-SFHC-TEXT-067,CSQP-SFHC-TEXT-067-EVID-0357,opening,母亲大人尊前：,body_clean,51,58
CSQP-SFHC-TEXT-067,CSQP-SFHC-TEXT-067-EVID-0358,safety,父亲与男均具安好，祈勿以为念也。,body_clean,151,167
CSQP-SFHC-TEXT-067,CSQP-SFHC-TEXT-067-EVID-0359,remittance,兹值暹轮来汕，乘附去法币伍十元，到时祈查收，以充家用也。；上帮船寄去前溪许老姑家一十五元，附以为告。,body_clean,188,216
CSQP-SFHC-TEXT-067,CSQP-SFHC-TEXT-067-EVID-0360,family_care,母亲大人尊前：；敬知大人玉体安康，门庭纳福，至于欣慰也。,body_clean,51,58
CSQP-SFHC-TEXT-067,CSQP-SFHC-TEXT-067-EVID-0361,closing,男陈文高谨上,body_clean,226,232
CSQP-SFHC-TEXT-067,CSQP-SFHC-TEXT-067-EVID-0362,entities,sender=遥陈文高；recipient=饶隆前溪陈乡陈宅双亲大人；relationship=child_to_parent；date=民国二十七年十二月三号；money=伍拾元；currency=国币；places=饶隆->广东饶平；kinship=双亲；母亲；父亲；男；姑,body_clean,51,53
CSQP-SFHC-TEXT-068,CSQP-SFHC-TEXT-068-EVID-0363,opening,庆松吾儿收知：,body_clean,42,49
CSQP-SFHC-TEXT-068,CSQP-SFHC-TEXT-068-EVID-0364,safety,内外平安，余无别言。,body_clean,93,103
CSQP-SFHC-TEXT-068,CSQP-SFHC-TEXT-068-EVID-0365,remittance,即付去国币贰拾元查收，以为家情之用也。,body_clean,74,93
CSQP-SFHC-TEXT-068,CSQP-SFHC-TEXT-068-EVID-0366,family_care,庆松吾儿收知：；父丁南缄,body_clean,42,49
CSQP-SFHC-TEXT-068,CSQP-SFHC-TEXT-068-EVID-0367,closing,父丁南缄,body_clean,110,114
CSQP-SFHC-TEXT-068,CSQP-SFHC-TEXT-068-EVID-0368,entities,sender=赵丁南；recipient=潮安南桂都姚庆松吾儿；relationship=parent_to_child；date=戊十月廿四；money=贰拾元；currency=国币；places=安南->越南；潮安->广东潮安；kinship=儿,evidence_entities,,
CSQP-SFHC-TEXT-069,CSQP-SFHC-TEXT-069-EVID-0369,opening,慈母大人福安：,body_clean,4,11
CSQP-SFHC-TEXT-069,CSQP-SFHC-TEXT-069-EVID-0370,safety,幸蒙神天保佑，各地平安，不用远念。,body_clean,59,76
CSQP-SFHC-TEXT-069,CSQP-SFHC-TEXT-069-EVID-0371,remittance,今逢宝轮回汕，奉上一函，并国币叁拾元，到时查收，已（以）家中之用。,body_clean,26,59
CSQP-SFHC-TEXT-069,CSQP-SFHC-TEXT-069-EVID-0372,family_care,慈母大人福安：；今逢宝轮回汕，奉上一函，并国币叁拾元，到时查收，已（以）家中之用。,body_clean,4,11
CSQP-SFHC-TEXT-069,CSQP-SFHC-TEXT-069-EVID-0373,closing,戊十一月十七日 儿佳锐禀上,body_clean,90,103
CSQP-SFHC-TEXT-069,CSQP-SFHC-TEXT-069-EVID-0374,entities,sender=外洋佳锐；recipient=潮汕慈母大人；relationship=child_to_parent；date=戊（1939）十一月十七日；money=叁拾元；currency=国币；places=潮汕->广东侨乡；kinship=儿,evidence_entities,,
CSQP-SFHC-TEXT-070,CSQP-SFHC-TEXT-070-EVID-0375,remittance,国币式拾伍元,body_clean,27,33
CSQP-SFHC-TEXT-070,CSQP-SFHC-TEXT-070-EVID-0376,entities,sender=叻许美馥；recipient=潮安西洋乡张运俊先生；relationship=social_or_business；date=廿八正月十三日；money=式拾伍元；currency=国币；places=潮安->广东潮安；西洋乡->广东侨乡西洋乡；叻->新加坡,evidence_entities,,
CSQP-SFHC-TEXT-071,CSQP-SFHC-TEXT-071-EVID-0377,opening,双亲大人膝下：,body_clean,44,51
CSQP-SFHC-TEXT-071,CSQP-SFHC-TEXT-071-EVID-0378,remittance,兹付上国币肆拾元，到时检收，内抹肆元，与细婶家用。,body_clean,402,427
CSQP-SFHC-TEXT-071,CSQP-SFHC-TEXT-071-EVID-0379,family_care,父亲大人十一、十二两月各寄若干？；细弟身体，自男来叻，定必长大得多，新年岂仍令彼入学否？,body_clean,325,341
CSQP-SFHC-TEXT-071,CSQP-SFHC-TEXT-071-EVID-0380,instruction,至于百物昂贵，用费浩繁，理所必然也，无须计算。；大人年纪高迈，对于自己，也无须过俭，得过且过，切勿思三虑四为要。,body_clean,246,269
CSQP-SFHC-TEXT-071,CSQP-SFHC-TEXT-071-EVID-0381,entities,sender=叻宋树钊；recipient=澄邑下蓬家双亲大人；relationship=child_to_parent；date=己二月廿九日；money=肆拾元；currency=国币；places=澄邑->广东澄海；汕头->广东汕头；叻->新加坡；kinship=双亲；父亲；弟；男；婶,body_clean,325,327
CSQP-SFHC-TEXT-072,CSQP-SFHC-TEXT-072-EVID-0382,remittance,兹便付去法币三十元，至照检收，以充家计之资，便中覆函，慰晓乃要。,body_clean,126,158
CSQP-SFHC-TEXT-072,CSQP-SFHC-TEXT-072-EVID-0383,closing,愚叔贤伟泐,body_clean,177,182
CSQP-SFHC-TEXT-072,CSQP-SFHC-TEXT-072-EVID-0384,entities,sender=潘贤伟；recipient=潮安东南区潘庆全吾侄；relationship=uncle_nephew_or_nephew_kin；date=己三月初一日；money=叁拾元；currency=国币；places=潮安->广东潮安；叻->新加坡；kinship=侄；叔,body_clean,178,179
CSQP-SFHC-TEXT-073,CSQP-SFHC-TEXT-073-EVID-0385,opening,双亲大人尊前：,body_clean,43,50
CSQP-SFHC-TEXT-073,CSQP-SFHC-TEXT-073-EVID-0386,remittance,今乘轮之便，寄去大良（银）拾伍元，到时检阅，内抹出半元交三老祖婶，半元交亚柴老婶，又抹出一元交横陇婶收用，余存之良（银），该家中应用可也。,body_clean,164,233
CSQP-SFHC-TEXT-073,CSQP-SFHC-TEXT-073-EVID-0387,family_care,又云及儿之事，至现今还无一正业可任，不外是做小生理而以已，现在还在叔婶家中寄食。；今乘轮之便，寄去大良（银）拾伍元，到时检阅，内抹出半元交三老祖婶，半元交亚柴老婶，又抹出一元交横陇婶收用，余存之良（银），该家中应用可也。,body_clean,107,147
CSQP-SFHC-TEXT-073,CSQP-SFHC-TEXT-073-EVID-0388,instruction,今知延俊在通德学校读书，但须当嘱咐（吩）他努力用工（功）。,body_clean,78,107
CSQP-SFHC-TEXT-073,CSQP-SFHC-TEXT-073-EVID-0389,entities,sender=儿弟万道；recipient=潮安五区家双亲大人；relationship=child_to_parent；date=己三月廿一日；money=拾伍元；currency=国币；places=潮安->广东潮安；kinship=双亲；弟；儿；叔；婶,body_clean,5,6
CSQP-SFHC-TEXT-074,CSQP-SFHC-TEXT-074-EVID-0390,opening,姆母、双亲大人尊前：,body_clean,43,53
CSQP-SFHC-TEXT-074,CSQP-SFHC-TEXT-074-EVID-0391,safety,诸位安好,body_clean,200,204
CSQP-SFHC-TEXT-074,CSQP-SFHC-TEXT-074-EVID-0392,remittance,兹寄去中央币拾元，至时查对。；内抹出弍元，奉给姆母收为随身茶需，弍元正母，余后祈作家需，此为奉达，厚望各以笑纳，余无他禀。,body_clean,137,151
CSQP-SFHC-TEXT-074,CSQP-SFHC-TEXT-074-EVID-0393,family_care,姆母、双亲大人尊前：；前次儿为事忙，忽口而修书之日为批期，故而忘却姆母之生日，故而淑吟与儿等，特为乞望厚谅。,body_clean,43,53
CSQP-SFHC-TEXT-074,CSQP-SFHC-TEXT-074-EVID-0394,closing,儿应杰顿,body_clean,206,210
CSQP-SFHC-TEXT-074,CSQP-SFHC-TEXT-074-EVID-0395,entities,sender=遥应杰；recipient=汀邑外埔乡黄应瑜吾弟；relationship=child_to_parent；date=己四月初一日；money=拾元；currency=国币；places=汀邑->广东澄海；kinship=双亲；弟；儿,body_clean,21,22
CSQP-SFHC-TEXT-075,CSQP-SFHC-TEXT-075-EVID-0396,remittance,四十元,body_clean,54,57
CSQP-SFHC-TEXT-075,CSQP-SFHC-TEXT-075-EVID-0397,family_care,尔云三月间，吾父信曾云彼纳妾事，尔为何不与我言知，前日二姨曾来俺家居住，尔亦无半言提及，一月间信中所云，多系无关切要之话，叫吾保重身体，我岂系小童，不知自爱，烦尔远念。；今后月间须写与我一信，报道家中各事为要。,body_clean,97,181
CSQP-SFHC-TEXT-075,CSQP-SFHC-TEXT-075-EVID-0398,instruction,目下因欧战影响，此间各物皆贵，月间又须寄批，手头甚据拮也。；今后月间须写与我一信，报道家中各事为要。,body_clean,68,97
CSQP-SFHC-TEXT-075,CSQP-SFHC-TEXT-075-EVID-0399,closing,己十一月初九日十一点 愚树钊手书,body_clean,356,372
CSQP-SFHC-TEXT-075,CSQP-SFHC-TEXT-075-EVID-0400,entities,sender=［叻］树钊；recipient=［澄邑下蓬］笑娇内子；relationship=unknown；date=己（1939）十一月初九日；money=四十元；currency=元；places=澄邑->广东澄海；kinship=祖母,evidence_entities,,
CSQP-SFHC-TEXT-076,CSQP-SFHC-TEXT-076-EVID-0401,opening,慈亲大人膝下万福敬维：,body_clean,0,11
CSQP-SFHC-TEXT-076,CSQP-SFHC-TEXT-076-EVID-0402,safety,刻儿客外，托庇平安，祈勿挂念也。,body_clean,106,122
CSQP-SFHC-TEXT-076,CSQP-SFHC-TEXT-076-EVID-0403,remittance,兹逢航便，奉上中国币式佰元，到时查收。,body_clean,34,53
CSQP-SFHC-TEXT-076,CSQP-SFHC-TEXT-076-EVID-0404,family_care,玉体康健，履祉绥祥，家中老少咸安，为祝为颂。；刻儿客外，托庇平安，祈勿挂念也。,body_clean,12,34
CSQP-SFHC-TEXT-076,CSQP-SFHC-TEXT-076-EVID-0405,instruction,另者，大二两个儿子，云要来暹，此事至切不可，务宜在家，渐（暂）且读多几年书，以增见识，至要至要。,body_clean,127,175
CSQP-SFHC-TEXT-076,CSQP-SFHC-TEXT-076-EVID-0406,closing,民廿九年二月一日 儿林财福拜禀,body_clean,185,200
CSQP-SFHC-TEXT-076,CSQP-SFHC-TEXT-076-EVID-0407,entities,sender=泰［泰国］财福；recipient=澄邑南砂乡林宅慈亲大人；relationship=child_to_parent；date=民廿九年（1940）二月一日；money=式佰元；currency=国币；places=泰国；澄邑->广东澄海；暹->泰国；kinship=慈亲；嫂；大嫂；兄；儿,body_clean,75,76
CSQP-SFHC-TEXT-077,CSQP-SFHC-TEXT-077-EVID-0408,opening,良人尊前福安：,body_clean,39,46
CSQP-SFHC-TEXT-077,CSQP-SFHC-TEXT-077-EVID-0409,safety,藉知旅暹平安，喜之胜也。；但塘（唐）中合家老少平安，顺此达慰，余言后叙。,body_clean,88,100
CSQP-SFHC-TEXT-077,CSQP-SFHC-TEXT-077-EVID-0410,remittance,中央国币伍拾元,body_clean,59,66
CSQP-SFHC-TEXT-077,CSQP-SFHC-TEXT-077-EVID-0411,family_care,但塘（唐）中合家老少平安，顺此达慰，余言后叙。,body_clean,140,163
CSQP-SFHC-TEXT-077,CSQP-SFHC-TEXT-077-EVID-0412,closing,但光裕所做之生理，今年已标在俺三房祠开张，顺此达知。；批荆上言,body_clean,114,140
CSQP-SFHC-TEXT-077,CSQP-SFHC-TEXT-077-EVID-0413,entities,sender=潮安鹤塘乡儿光裕；recipient=遥陈运昇父亲大人；relationship=child_to_parent；date=廿九年二月三十日；money=伍拾元；currency=国币；places=潮安->广东潮安；kinship=父亲；兄；儿,body_clean,104,105
CSQP-SFHC-TEXT-078,CSQP-SFHC-TEXT-078-EVID-0414,opening,妯母大人尊前：,body_clean,47,54
CSQP-SFHC-TEXT-078,CSQP-SFHC-TEXT-078-EVID-0415,remittance,敬禀者，兹付信局，奉上中央币拾元，到时查收，以助家用。,body_clean,55,82
CSQP-SFHC-TEXT-078,CSQP-SFHC-TEXT-078-EVID-0416,family_care,妯母大人尊前：,body_clean,47,54
CSQP-SFHC-TEXT-078,CSQP-SFHC-TEXT-078-EVID-0417,closing,二十九年三月廿九日 侄曾大专禀,body_clean,114,129
CSQP-SFHC-TEXT-078,CSQP-SFHC-TEXT-078-EVID-0418,entities,sender=遥曾大专；recipient=澄邑中外都家妯母大人；relationship=uncle_nephew_or_nephew_kin；date=二十九年三月廿九日；money=拾元；currency=国币；places=澄邑->广东澄海；kinship=侄,evidence_entities,,
CSQP-SFHC-TEXT-079,CSQP-SFHC-TEXT-079-EVID-0419,safety,但集忠媳等，经于数天前平安抵叻，你此帮【次】未来，后帮【次】交通如何未卜。；二地平安。,body_clean,61,98
CSQP-SFHC-TEXT-079,CSQP-SFHC-TEXT-079-EVID-0420,remittance,兹寄去国币壹佰元查收，中抹出银式元学诗叔收用，亚各父子，须欲拿多少分他。,body_clean,139,175
CSQP-SFHC-TEXT-079,CSQP-SFHC-TEXT-079-EVID-0421,family_care,刘氏贤妻如见：；兹寄去国币壹佰元查收，中抹出银式元学诗叔收用，亚各父子，须欲拿多少分他。,body_clean,43,50
CSQP-SFHC-TEXT-079,CSQP-SFHC-TEXT-079-EVID-0422,instruction,兹寄去国币壹佰元查收，中抹出银式元学诗叔收用，亚各父子，须欲拿多少分他。,body_clean,139,175
CSQP-SFHC-TEXT-079,CSQP-SFHC-TEXT-079-EVID-0423,closing,陈赞堂手书,body_clean,216,221
CSQP-SFHC-TEXT-079,CSQP-SFHC-TEXT-079-EVID-0424,entities,sender=叻陈赞堂；recipient=潮安东风村刘氏荆妻；relationship=spouse_to_spouse；date=庚六月初三日；money=壹佰元；currency=国币；places=香港；潮安->广东潮安；东凤->广东潮安东凤；叻->新加坡；kinship=妻；荆妻；贤妻；媳；叔,body_clean,20,22
CSQP-SFHC-TEXT-080,CSQP-SFHC-TEXT-080-EVID-0425,opening,双亲大人膝下：,body_clean,46,53
CSQP-SFHC-TEXT-080,CSQP-SFHC-TEXT-080-EVID-0426,safety,敬禀者，跪别已（以）来，瞬经数年，念甚之至矣，恭惟慈颜清泰，玉体平安为祝。,body_clean,54,91
CSQP-SFHC-TEXT-080,CSQP-SFHC-TEXT-080-EVID-0427,remittance,今因轮之便，奉上国币拾伍元，至祈查收。,body_clean,102,121
CSQP-SFHC-TEXT-080,CSQP-SFHC-TEXT-080-EVID-0428,family_care,儿身子粗安，祈勿远念。；庚辰年六月初五日 儿郑万道缄,body_clean,91,102
CSQP-SFHC-TEXT-080,CSQP-SFHC-TEXT-080-EVID-0429,closing,庚辰年六月初五日 儿郑万道缄,body_clean,145,159
CSQP-SFHC-TEXT-080,CSQP-SFHC-TEXT-080-EVID-0430,entities,sender=叻儿郑万道；recipient=潮安五区家双亲大人；relationship=child_to_parent；date=庚辰年六月初五日；money=拾伍元；currency=国币；places=潮安->广东潮安；叻->新加坡；kinship=双亲；儿,body_clean,5,6
CSQP-SFHC-TEXT-081,CSQP-SFHC-TEXT-081-EVID-0431,opening,姊母大人万福：,body_clean,0,7
CSQP-SFHC-TEXT-081,CSQP-SFHC-TEXT-081-EVID-0432,remittance,敬禀者，兹付信局奉上中央币五十元，到时查收，以应家用可也。,body_clean,8,37
CSQP-SFHC-TEXT-081,CSQP-SFHC-TEXT-081-EVID-0433,family_care,姊母大人万福：,body_clean,0,7
CSQP-SFHC-TEXT-081,CSQP-SFHC-TEXT-081-EVID-0434,closing,二十九年阴历七月初十日 侄曾大专禀,body_clean,49,66
CSQP-SFHC-TEXT-081,CSQP-SFHC-TEXT-081-EVID-0435,entities,sender=外洋曾大专；recipient=潮汕姊母大人；relationship=sibling_or_same_generation_kin；date=二十九年（1940）阴历七月初十日；money=五十元；currency=国币；places=潮汕->广东侨乡；kinship=侄；姊,body_clean,0,1
CSQP-SFHC-TEXT-082,CSQP-SFHC-TEXT-082-EVID-0436,opening,家学炎叔台尊前：,body_clean,43,51
CSQP-SFHC-TEXT-082,CSQP-SFHC-TEXT-082-EVID-0437,safety,他事后及，两地平安。,body_clean,120,130
CSQP-SFHC-TEXT-082,CSQP-SFHC-TEXT-082-EVID-0438,remittance,敬启者，今再寄呈一信，外并国币叁佰元正，至时查收，祈代交还吾岳亲收。；兹因外洋不久要限制寄塘（唐）批信，故先在家朋谋为寄去理还，祈为知之。,body_clean,52,86
CSQP-SFHC-TEXT-082,CSQP-SFHC-TEXT-082-EVID-0439,instruction,兹因外洋不久要限制寄塘（唐）批信，故先在家朋谋为寄去理还，祈为知之。,body_clean,86,120
CSQP-SFHC-TEXT-082,CSQP-SFHC-TEXT-082-EVID-0440,closing,并请；愚侄陈赞堂手启,body_clean,130,132
CSQP-SFHC-TEXT-082,CSQP-SFHC-TEXT-082-EVID-0441,entities,sender=叻刘祥页；recipient=潮安东凤村陈学炎先生；relationship=younger_to_elder_kin；date=庚七月廿日；money=叁佰元；currency=国币；places=潮安->广东潮安；东凤->广东潮安东凤；叻->新加坡；kinship=侄；叔,body_clean,46,47
CSQP-SFHC-TEXT-083,CSQP-SFHC-TEXT-083-EVID-0442,opening,祖母大人尊前：,body_clean,44,51
CSQP-SFHC-TEXT-083,CSQP-SFHC-TEXT-083-EVID-0443,remittance,敬禀者，兹缘是月中浣，承邮局透【往】汕之便，寄上中央币陆拾元，至祈查收。,body_clean,52,88
CSQP-SFHC-TEXT-083,CSQP-SFHC-TEXT-083-EVID-0444,family_care,祖母大人尊前：；其中分肆元外祖母收，肆元细叔父，贰元两位大人，余存伍拾元以家中之用。,body_clean,44,51
CSQP-SFHC-TEXT-083,CSQP-SFHC-TEXT-083-EVID-0445,closing,庚十一月十五日 孙兆祥缄,body_clean,233,245
CSQP-SFHC-TEXT-083,CSQP-SFHC-TEXT-083-EVID-0446,entities,sender=叻潘兆祥；recipient=饶邑隆都家祖慈大人；relationship=grandchild_to_grandparent；date=庚十一月十五日；money=陆拾元；currency=国币；places=暹罗->泰国；安南->越南；槟城->马来西亚槟城；仰光->缅甸仰光；饶邑->广东饶平；叻->新加坡；暹->泰国；kinship=祖母；外祖母；祖慈；家祖；叔父；孙；叔,body_clean,93,96
CSQP-SFHC-TEXT-084,CSQP-SFHC-TEXT-084-EVID-0447,opening,双亲大人膝下：,body_clean,0,7
CSQP-SFHC-TEXT-084,CSQP-SFHC-TEXT-084-EVID-0448,safety,得悉大人福躬清泰，阖室安和，不胜欣喜之至。；伏望起居珍重，努力加餐为祷，余容后禀。,body_clean,28,49
CSQP-SFHC-TEXT-084,CSQP-SFHC-TEXT-084-EVID-0449,remittance,今因轮之便，奉上国币肆拾元，至祈检阅。,body_clean,60,79
CSQP-SFHC-TEXT-084,CSQP-SFHC-TEXT-084-EVID-0450,family_care,儿身体粗安，祈勿远念。；内抹出三元，交三老祖妣收用，二元交亚柴老妣收用，二元交荣裕老叔收用，一元交炳坤兄收用，一元交绍泉妈收用，三元交诸弟妹，以作腰金之用，肆元交横陇村姨母收用，内并挟（夹）一纸，望祈呈送是幸。,body_clean,49,60
CSQP-SFHC-TEXT-084,CSQP-SFHC-TEXT-084-EVID-0451,closing,庚辰年十二月初三日 儿万道缄,body_clean,198,212
CSQP-SFHC-TEXT-084,CSQP-SFHC-TEXT-084-EVID-0452,entities,sender=外洋万道；recipient=潮汕双亲大人；relationship=child_to_parent；date=庚辰年（1940）十一月初三日；money=肆拾元；currency=国币；places=潮汕->广东侨乡；kinship=双亲；兄；弟；儿；妹；叔,body_clean,118,119
CSQP-SFHC-TEXT-085,CSQP-SFHC-TEXT-085-EVID-0453,remittance,国币伍拾元,body_clean,26,31
CSQP-SFHC-TEXT-085,CSQP-SFHC-TEXT-085-EVID-0454,entities,sender=叻郑木绵；recipient=潮安南桂家慈亲大人；relationship=child_to_parent；date=卅年一月十七日；money=伍拾元；currency=国币；places=安南->越南；潮安->广东潮安；叻->新加坡；kinship=慈亲,evidence_entities,,
CSQP-SFHC-TEXT-086,CSQP-SFHC-TEXT-086-EVID-0455,opening,祖母大人尊前：,body_clean,43,50
CSQP-SFHC-TEXT-086,CSQP-SFHC-TEXT-086-EVID-0456,safety,孙客岁身上不遂，致生微恙，月左右调治多少银项，幸获平安，新春安好，免介。,body_clean,310,346
CSQP-SFHC-TEXT-086,CSQP-SFHC-TEXT-086-EVID-0457,remittance,兹承邮局透汕之便，寄上中央币壹佰元，至祈查收。；孙晨下身上并无余积，空囊素手，未能按月寄到，兼本轮往返无定，今后寄家信或月余，或两月亦无一定，若轮抵叻时，当自寄上，先此上禀，勿以月至而想信不至矣。,body_clean,221,244
CSQP-SFHC-TEXT-086,CSQP-SFHC-TEXT-086-EVID-0458,family_care,祖母大人尊前：；敬禀者，兹际阳春来临，特裁片函，恭贺新春，合家老幼迪吉为颂。,body_clean,43,50
CSQP-SFHC-TEXT-086,CSQP-SFHC-TEXT-086-EVID-0459,closing,辛元月初五日 孙兆祥缄,body_clean,348,359
CSQP-SFHC-TEXT-086,CSQP-SFHC-TEXT-086-EVID-0460,entities,sender=叻潘兆祥；recipient=饶邑隆都家祖慈大人；relationship=grandchild_to_grandparent；date=辛元月初五日；money=壹佰元；currency=国币；places=仰光->缅甸仰光；饶邑->广东饶平；叻->新加坡；kinship=慈亲；祖母；外祖母；祖慈；家祖；伯母；叔父；孙；叔；伯,body_clean,43,45
CSQP-SFHC-TEXT-087,CSQP-SFHC-TEXT-087-EVID-0461,safety,久未修书，转瞬间新岁降临，启维府上大小平安，定符私祝。,body_clean,52,79
CSQP-SFHC-TEXT-087,CSQP-SFHC-TEXT-087-EVID-0462,remittance,兹逢顺轮之期，付去国票壹拾元正，祈为笑纳是荷。,body_clean,79,102
CSQP-SFHC-TEXT-087,CSQP-SFHC-TEXT-087-EVID-0463,instruction,兹逢顺轮之期，付去国票壹拾元正，祈为笑纳是荷。,body_clean,79,102
CSQP-SFHC-TEXT-087,CSQP-SFHC-TEXT-087-EVID-0464,closing,兄陈照廷手泐,body_clean,111,117
CSQP-SFHC-TEXT-087,CSQP-SFHC-TEXT-087-EVID-0465,entities,sender=叻陈照廷；recipient=潮安南桂区陈学炎先生；relationship=social_or_business；date=卅年二月四日；money=壹拾元；currency=元；places=安南->越南；潮安->广东潮安；叻->新加坡；kinship=兄；弟,body_clean,47,48
CSQP-SFHC-TEXT-088,CSQP-SFHC-TEXT-088-EVID-0466,opening,杰标侄儿收知：,body_clean,42,49
CSQP-SFHC-TEXT-088,CSQP-SFHC-TEXT-088-EVID-0467,safety,幸蒙神天保佑，二地平安，可喜可贺也。,body_clean,79,97
CSQP-SFHC-TEXT-088,CSQP-SFHC-TEXT-088-EVID-0468,remittance,兹因逢轮回塘（唐）羽便，付去国币拾元，到时查收，家情应用。,body_clean,50,79
CSQP-SFHC-TEXT-088,CSQP-SFHC-TEXT-088-EVID-0469,family_care,杰标侄儿收知：,body_clean,42,49
CSQP-SFHC-TEXT-088,CSQP-SFHC-TEXT-088-EVID-0470,entities,sender=麻林荣泉；recipient=潮安古楼乡林杰标侄；relationship=uncle_nephew_or_nephew_kin；date=辛二月廿六日；money=拾元；currency=国币；places=潮安->广东潮安；kinship=儿；侄；伯,body_clean,21,22
CSQP-SFHC-TEXT-089,CSQP-SFHC-TEXT-089-EVID-0471,opening,双亲大人膝下：,body_clean,0,7
CSQP-SFHC-TEXT-089,CSQP-SFHC-TEXT-089-EVID-0472,safety,近日接到回批，跪读之后，经以（已）详悉，今知福体平安为慰，并知照片收到，今再付一张，伏望查收。,body_clean,25,72
CSQP-SFHC-TEXT-089,CSQP-SFHC-TEXT-089-EVID-0473,remittance,现逢批期之便，奉上国币贰拾元，至祈检阅。；近日接到回批，跪读之后，经以（已）详悉，今知福体平安为慰，并知照片收到，今再付一张，伏望查收。,body_clean,72,92
CSQP-SFHC-TEXT-089,CSQP-SFHC-TEXT-089-EVID-0474,family_care,内抹出二元，交三老祖妣收用，余存之良（银），该家中应用可也。；辛巳年四月初五日 儿郑万道缄,body_clean,92,122
CSQP-SFHC-TEXT-089,CSQP-SFHC-TEXT-089-EVID-0475,closing,辛巳年四月初五日 儿郑万道缄,body_clean,134,148
CSQP-SFHC-TEXT-089,CSQP-SFHC-TEXT-089-EVID-0476,entities,sender=［叻］郑万道；recipient=［潮安五区］双亲大人；relationship=child_to_parent；date=辛巳年（1941）四月初五日；money=贰拾元；currency=国币；places=潮安->广东潮安；kinship=双亲；儿,body_clean,143,144
CSQP-SFHC-TEXT-090,CSQP-SFHC-TEXT-090-EVID-0477,opening,双亲大人膝下：,body_clean,46,53
CSQP-SFHC-TEXT-090,CSQP-SFHC-TEXT-090-EVID-0478,remittance,今逢批期之便，奉上国币肆拾元，至祈查收。,body_clean,102,122
CSQP-SFHC-TEXT-090,CSQP-SFHC-TEXT-090-EVID-0479,family_care,内抹出一元，交三老祖妣收用，一元交家弟老妣收用，余存之良（银），该家中应用可也。；辛巳年七月十八日 儿万道拜上,body_clean,122,162
CSQP-SFHC-TEXT-090,CSQP-SFHC-TEXT-090-EVID-0480,closing,辛巳年七月十八日 儿万道拜上,body_clean,174,188
CSQP-SFHC-TEXT-090,CSQP-SFHC-TEXT-090-EVID-0481,entities,sender=叻儿郑万道；recipient=潮安五区家双亲大人；relationship=child_to_parent；date=辛巳年七月十八日；money=肆拾元；currency=国币；places=潮安->广东潮安；叻->新加坡；kinship=双亲；弟；儿,body_clean,140,141
CSQP-SFHC-TEXT-091,CSQP-SFHC-TEXT-091-EVID-0482,opening,祖母大人尊前：,body_clean,46,53
CSQP-SFHC-TEXT-091,CSQP-SFHC-TEXT-091-EVID-0483,remittance,敬禀者，兹由邮局之便，寄上中央国币贰佰伍拾元，至祈查收。,body_clean,54,82
CSQP-SFHC-TEXT-091,CSQP-SFHC-TEXT-091-EVID-0484,family_care,祖母大人尊前：；其中分拾元细叔父，捌元外祖母，肆元两位大人之用，陆元大二伯母之用，二十二元吾母亲之用，余存二百元以应家需。,body_clean,46,53
CSQP-SFHC-TEXT-091,CSQP-SFHC-TEXT-091-EVID-0485,closing,辛九月初九日 孙兆祥禀,body_clean,271,282
CSQP-SFHC-TEXT-091,CSQP-SFHC-TEXT-091-EVID-0486,entities,sender=槟城潘兆祥；recipient=饶邑隆都家祖慈大人；relationship=grandchild_to_grandparent；date=辛九月初九日；money=贰佰伍拾元；currency=国币；places=槟城->马来西亚槟城；饶邑->广东饶平；kinship=母亲；祖母；外祖母；祖慈；家祖；伯母；叔父；孙；叔；伯,body_clean,46,48
CSQP-SFHC-TEXT-092,CSQP-SFHC-TEXT-092-EVID-0487,opening,家贤妻收悉：,body_clean,0,6
CSQP-SFHC-TEXT-092,CSQP-SFHC-TEXT-092-EVID-0488,safety,今蒙天公保佑，两地各已平安，喜之胜也。,body_clean,62,81
CSQP-SFHC-TEXT-092,CSQP-SFHC-TEXT-092-EVID-0489,remittance,兹者，是日承越轮便，付去国币壹佰元，到时查收，以为家情之费。,body_clean,7,37
CSQP-SFHC-TEXT-092,CSQP-SFHC-TEXT-092-EVID-0490,family_care,家贤妻收悉：,body_clean,0,6
CSQP-SFHC-TEXT-092,CSQP-SFHC-TEXT-092-EVID-0491,entities,sender=外洋潘兆珊；recipient=潮汕家贤妻；relationship=spouse_to_spouse；date=辛（1941）九月十八日；money=壹佰元；currency=国币；places=潮汕->广东侨乡；kinship=妻；贤妻,body_clean,1,3
CSQP-SFHC-TEXT-093,CSQP-SFHC-TEXT-093-EVID-0492,opening,慈亲大人膝下：,body_clean,0,7
CSQP-SFHC-TEXT-093,CSQP-SFHC-TEXT-093-EVID-0493,safety,此次俺乡和邻近诸乡，可得平安？,body_clean,73,88
CSQP-SFHC-TEXT-093,CSQP-SFHC-TEXT-093-EVID-0494,remittance,敬禀者，兹逢批期之便，奉上国币六十元，至时检收。,body_clean,8,32
CSQP-SFHC-TEXT-093,CSQP-SFHC-TEXT-093-EVID-0495,family_care,内中可抹出三元，呈与母亲，三元与嫂侄，二元与舜莲，二元与猴老妣，余为家庭之需可也。；五月十三日 儿继豪缄,body_clean,32,73
CSQP-SFHC-TEXT-093,CSQP-SFHC-TEXT-093-EVID-0496,closing,五月十三日 儿继豪缄,body_clean,108,118
CSQP-SFHC-TEXT-093,CSQP-SFHC-TEXT-093-EVID-0497,entities,sender=外洋继豪；recipient=潮汕慈亲大人；relationship=child_to_parent；date=五月十三日（约1942前）；money=六十元；currency=国币；places=潮汕->广东侨乡；kinship=慈亲；母亲；嫂；儿；侄,body_clean,42,44
CSQP-SFHC-TEXT-094,CSQP-SFHC-TEXT-094-EVID-0498,opening,慈亲大人尊前：,body_clean,0,7
CSQP-SFHC-TEXT-094,CSQP-SFHC-TEXT-094-EVID-0499,remittance,敬禀者，兹奉上国币贰佰元，至祈查收，以为家用。,body_clean,8,31
CSQP-SFHC-TEXT-094,CSQP-SFHC-TEXT-094-EVID-0500,family_care,刻下家批已能照常汇寄，小儿学业无须停辍。,body_clean,117,137
CSQP-SFHC-TEXT-094,CSQP-SFHC-TEXT-094-EVID-0501,instruction,现在世界战事日紧，家批有断绝之虞，对于家情费用，务望至切切尽量节省，积蓄多少，以备不时之需，方免届时有冻馁之虑，是为至要。；刻下家批已能照常汇寄，小儿学业无须停辍。,body_clean,31,92
CSQP-SFHC-TEXT-094,CSQP-SFHC-TEXT-094-EVID-0502,closing,男有存禀,body_clean,149,153
CSQP-SFHC-TEXT-094,CSQP-SFHC-TEXT-094-EVID-0503,entities,sender=外洋有存；recipient=潮汕慈亲大人；relationship=child_to_parent；date=闰六月廿八日（约1942前）；money=贰佰元；currency=国币；places=潮汕->广东侨乡；kinship=慈亲；儿；男,body_clean,129,130
CSQP-SFHC-TEXT-095,CSQP-SFHC-TEXT-095-EVID-0504,opening,令堂大人前代为问候,body_clean,328,337
CSQP-SFHC-TEXT-095,CSQP-SFHC-TEXT-095-EVID-0505,remittance,兹缘令弟前天，来予店中坐谈，托将法币两元递交，今逢轮便，特由余家庭转交到，希检收，以免久盼为幸。,body_clean,11,59
CSQP-SFHC-TEXT-095,CSQP-SFHC-TEXT-095-EVID-0506,family_care,刻拟（据）令弟云云，伊之岳父此次回国，尝至侄台家中坐谈，令堂竟不分皂白，对渠说及当楷旭未结婚时，家中批信未尝间断，今则批信少稀，漠不关心，殊为离奇，发言不但气色不逊，且略有恼怒及怨恨情况。,body_clean,59,153
CSQP-SFHC-TEXT-095,CSQP-SFHC-TEXT-095-EVID-0507,instruction,今为明瞭真相，特嘱余是函询问，希将经过剖明详细无遗，以便答复令弟，而释疑窦，是为至要至盼。,body_clean,262,307
CSQP-SFHC-TEXT-095,CSQP-SFHC-TEXT-095-EVID-0508,closing,叔步潜手泐,body_clean,339,344
CSQP-SFHC-TEXT-095,CSQP-SFHC-TEXT-095-EVID-0509,entities,sender=外洋步潜；recipient=潮汕楷模、楷钦两侄；relationship=uncle_nephew_or_nephew_kin；date=八月初三日（约1942前）；money=两元；currency=国币；places=潮汕->广东侨乡；kinship=岳父；弟；侄；叔,body_clean,14,15
CSQP-SFHC-TEXT-096,CSQP-SFHC-TEXT-096-EVID-0510,opening,姑母大人尊前福安：,body_clean,0,9
CSQP-SFHC-TEXT-096,CSQP-SFHC-TEXT-096-EVID-0511,remittance,敬禀者，兹奉上中央币肆元，到祈晒纳。,body_clean,10,28
CSQP-SFHC-TEXT-096,CSQP-SFHC-TEXT-096-EVID-0512,family_care,姑母大人尊前福安：；表兄刻产下有多少儿女，表弟耀才身弱须（需）着【要】调补，耀锡近岂是作小贩生涯否？,body_clean,0,9
CSQP-SFHC-TEXT-096,CSQP-SFHC-TEXT-096-EVID-0513,instruction,表兄刻产下有多少儿女，表弟耀才身弱须（需）着【要】调补，耀锡近岂是作小贩生涯否？；祈示知之，至侄之姻亲事，须借问该女品性诚实、端庄，方可联姻为要。,body_clean,28,68
CSQP-SFHC-TEXT-096,CSQP-SFHC-TEXT-096-EVID-0514,closing,侄陈孝先禀,body_clean,128,133
CSQP-SFHC-TEXT-096,CSQP-SFHC-TEXT-096-EVID-0515,entities,sender=外洋陈孝先；recipient=潮汕姑母大人；relationship=younger_to_elder_kin；date=九月初二日（约1942前）；money=肆元；currency=国币；places=潮汕->广东侨乡；kinship=兄；弟；儿；侄；姑,body_clean,40,41
CSQP-SFHC-TEXT-097,CSQP-SFHC-TEXT-097-EVID-0516,opening,母亲大人慈鉴：,body_clean,41,48
CSQP-SFHC-TEXT-097,CSQP-SFHC-TEXT-097-EVID-0517,remittance,兹适返汕之便，付去大洋银贰拾元，抵时查收，家中应用。,body_clean,49,75
CSQP-SFHC-TEXT-097,CSQP-SFHC-TEXT-097-EVID-0518,family_care,母亲大人慈鉴：；兹适返汕之便，付去大洋银贰拾元，抵时查收，家中应用。,body_clean,41,48
CSQP-SFHC-TEXT-097,CSQP-SFHC-TEXT-097-EVID-0519,closing,男耀举禀,body_clean,91,95
CSQP-SFHC-TEXT-097,CSQP-SFHC-TEXT-097-EVID-0520,entities,sender=暹曾君干；recipient=澄邑渡头曾耀举之母；relationship=child_to_parent；date=初三日；money=贰拾元；currency=银元；places=澄邑->广东澄海；暹->泰国；kinship=母亲；男,body_clean,91,92
CSQP-SFHC-TEXT-098,CSQP-SFHC-TEXT-098-EVID-0521,opening,母亲大人膝下：,body_clean,0,7
CSQP-SFHC-TEXT-098,CSQP-SFHC-TEXT-098-EVID-0522,safety,今幸联军胜利，和平降临，儿身康健平安，诚堪告慰耳。；数年来，儿对于家中，一刻未能忘怀，家中自大人以下，谅必俱各平安，甚以为念。,body_clean,22,47
CSQP-SFHC-TEXT-098,CSQP-SFHC-TEXT-098-EVID-0523,family_care,母亲大人膝下：；今幸联军胜利，和平降临，儿身康健平安，诚堪告慰耳。,body_clean,0,7
CSQP-SFHC-TEXT-098,CSQP-SFHC-TEXT-098-EVID-0524,closing,儿继豪谨禀,body_clean,186,191
CSQP-SFHC-TEXT-098,CSQP-SFHC-TEXT-098-EVID-0525,entities,sender=外洋继豪；recipient=潮汕母亲大人；relationship=child_to_parent；date=民国卅四年（1945）九月廿五号；places=新嘉坡->新加坡；潮汕->广东侨乡；kinship=母亲；兄；儿,body_clean,135,136
CSQP-SFHC-TEXT-099,CSQP-SFHC-TEXT-099-EVID-0526,opening,慈亲大人慈鉴：,body_clean,0,7
CSQP-SFHC-TEXT-099,CSQP-SFHC-TEXT-099-EVID-0527,safety,日寇入境之后，音信断绝，儿时时每念塘（唐）中合家老幼，以及叔姊兄弟等，维视平安为盼。；然儿在外身体平安，现身边已生一男一女，女年六岁，男年二岁，均各平安，现今仍在旧时做工之牛奶厂办事，候批局汇兑通行时，自当寄银回塘（唐），以安家情。,body_clean,36,78
CSQP-SFHC-TEXT-099,CSQP-SFHC-TEXT-099-EVID-0528,family_care,日寇入境之后，音信断绝，儿时时每念塘（唐）中合家老幼，以及叔姊兄弟等，维视平安为盼。；然自儿出洋之后，家中各事全奈（赖）贤妻照料侍奉堂上，生为儿子而不能随膝侍奉，不胜遗憾之至。,body_clean,36,78
CSQP-SFHC-TEXT-099,CSQP-SFHC-TEXT-099-EVID-0529,closing,民国卅四年阴历十月十三日 儿陈广臣叩上,body_clean,286,305
CSQP-SFHC-TEXT-099,CSQP-SFHC-TEXT-099-EVID-0530,entities,sender=外洋陈广臣；recipient=潮汕慈亲大人；relationship=child_to_parent；date=民国卅四年（1945）阴历十月十三日；places=新加坡；潮汕->广东侨乡；kinship=慈亲；兄；弟；妻；贤妻；儿；男；姊；叔,body_clean,67,68
CSQP-SFHC-TEXT-100,CSQP-SFHC-TEXT-100-EVID-0531,opening,母亲大人玉启：,body_clean,49,56
CSQP-SFHC-TEXT-100,CSQP-SFHC-TEXT-100-EVID-0532,safety,二地平安，余言不叙，喜之胜也。,body_clean,78,93
CSQP-SFHC-TEXT-100,CSQP-SFHC-TEXT-100-EVID-0533,remittance,敬禀者，刻寄去国币壹仟元正，至时查收是幸。,body_clean,57,78
CSQP-SFHC-TEXT-100,CSQP-SFHC-TEXT-100-EVID-0534,family_care,母亲大人玉启：；儿昌凯顿,body_clean,49,56
CSQP-SFHC-TEXT-100,CSQP-SFHC-TEXT-100-EVID-0535,closing,儿昌凯顿,body_clean,103,107
CSQP-SFHC-TEXT-100,CSQP-SFHC-TEXT-100-EVID-0536,entities,sender=叻陈昌凯；recipient=潮安鳌头乡家母亲大人；relationship=child_to_parent；date=民国卅四年十一月廿五日；money=壹仟元；currency=国币；places=潮安->广东潮安；叻->新加坡；kinship=母亲；儿,body_clean,103,104
CSQP-SFHC-TEXT-101,CSQP-SFHC-TEXT-101-EVID-0537,opening,祝荣姊英鉴：,body_clean,0,6
CSQP-SFHC-TEXT-101,CSQP-SFHC-TEXT-101-EVID-0538,safety,近维吾姊起居清泰，合家平安为慰。,body_clean,20,36
CSQP-SFHC-TEXT-101,CSQP-SFHC-TEXT-101-EVID-0539,remittance,兹付去国币（币）三仟元，至祈查收。,body_clean,148,165
CSQP-SFHC-TEXT-101,CSQP-SFHC-TEXT-101-EVID-0540,family_care,近维吾姊起居清泰，合家平安为慰。,body_clean,20,36
CSQP-SFHC-TEXT-101,CSQP-SFHC-TEXT-101-EVID-0541,instruction,余因近来甚是拮据，故有慢寄，祈为谅之。；俺家之厝按当与你，至切不可发卖，现今该厝预要续（赎）回，良（银）项若干，祈写明来知乃荷。,body_clean,85,104
CSQP-SFHC-TEXT-101,CSQP-SFHC-TEXT-101-EVID-0542,closing,见信之日祈代道候，唐中诸祖姑等人，顺此告知，余容后陈。；愚姆陈静卿启,body_clean,183,210
CSQP-SFHC-TEXT-101,CSQP-SFHC-TEXT-101-EVID-0543,entities,sender=外洋陈静卿；recipient=潮汕祝荣嫦；relationship=sibling_or_same_generation_kin；date=民国卅五年（1946）四月初四日；money=三仟元；currency=国币；places=日本；潮汕->广东侨乡；kinship=姊；婶；姑,body_clean,174,175
CSQP-SFHC-TEXT-102,CSQP-SFHC-TEXT-102-EVID-0544,opening,胞弟源木收知：,body_clean,45,52
CSQP-SFHC-TEXT-102,CSQP-SFHC-TEXT-102-EVID-0545,remittance,兹付去国币十万元，查收应用，对家情□□任意，有利人手，自当寄厚。,body_clean,188,220
CSQP-SFHC-TEXT-102,CSQP-SFHC-TEXT-102-EVID-0546,family_care,见字现着【应】把握，暂且在家取利度生，候近前南洋有乐观，正来礁商来助事，况吾夫妻后意要另娶，今（今）未如愿。,body_clean,134,188
CSQP-SFHC-TEXT-102,CSQP-SFHC-TEXT-102-EVID-0547,entities,sender=叻方源德；recipient=潮安登云区家源木胞弟；relationship=sibling_or_same_generation_kin；date=卅五年七月廿三；money=壹万元；currency=国币；places=潮安->广东潮安；叻->新加坡；kinship=弟；妻,body_clean,173,174
CSQP-SFHC-TEXT-103,CSQP-SFHC-TEXT-103-EVID-0548,opening,母亲大人膝下：,body_clean,52,59
CSQP-SFHC-TEXT-103,CSQP-SFHC-TEXT-103-EVID-0549,remittance,信中云及汇邮局叁万元之事，彼时为因新加坡政府，禁止华侨寄银回梓养亲，幸有信局暗汇，故在二月初四日，托亲戚代儿汇上叁万元，因亲戚代儿先汇到五万元，不知多汇二万元，该项儿恐不知收到与否？；兹承信局之便，寄上国币肆万元，至祈检收。,body_clean,75,166
CSQP-SFHC-TEXT-103,CSQP-SFHC-TEXT-103-EVID-0550,family_care,母亲大人膝下：；信中云及汇邮局叁万元之事，彼时为因新加坡政府，禁止华侨寄银回梓养亲，幸有信局暗汇，故在二月初四日，托亲戚代儿汇上叁万元，因亲戚代儿先汇到五万元，不知多汇二万元，该项儿恐不知收到与否？,body_clean,52,59
CSQP-SFHC-TEXT-103,CSQP-SFHC-TEXT-103-EVID-0551,instruction,儿想此事乃为救贫苦，以为善事，如若少可，今后无须转寄上西陇。,body_clean,334,364
CSQP-SFHC-TEXT-103,CSQP-SFHC-TEXT-103-EVID-0552,closing,民卅五年八月十二日 儿兆祥禀,body_clean,420,434
CSQP-SFHC-TEXT-103,CSQP-SFHC-TEXT-103-EVID-0553,entities,sender=新加坡潘兆祥；recipient=饶邑碧砂乡家慈亲大人；relationship=child_to_parent；date=民卅五年八月十二日；money=肆万元；currency=国币；places=新加坡；饶邑->广东饶平；kinship=慈亲；母亲；儿；叔,body_clean,52,54
CSQP-SFHC-TEXT-104,CSQP-SFHC-TEXT-104-EVID-0554,opening,黄氏吾妻收知：,body_clean,48,55
CSQP-SFHC-TEXT-104,CSQP-SFHC-TEXT-104-EVID-0555,safety,兹前日接来回音，各情已知，幸洪（逢）二地平安，不胜之慰也。；愚居侨亦得平安，以此通知，祈免远介也。,body_clean,56,85
CSQP-SFHC-TEXT-104,CSQP-SFHC-TEXT-104-EVID-0556,remittance,刻逢便寄去大银五万元正，至时领收是荷，以作家情之需也。,body_clean,104,131
CSQP-SFHC-TEXT-104,CSQP-SFHC-TEXT-104-EVID-0557,family_care,黄氏吾妻收知：,body_clean,48,55
CSQP-SFHC-TEXT-104,CSQP-SFHC-TEXT-104-EVID-0558,instruction,即嘱,body_clean,141,143
CSQP-SFHC-TEXT-104,CSQP-SFHC-TEXT-104-EVID-0559,closing,中华民国卅五年九月卅日 愚陈逢松顿,body_clean,148,165
CSQP-SFHC-TEXT-104,CSQP-SFHC-TEXT-104-EVID-0560,entities,sender=叻陈逢松；recipient=潮安鳌头乡黄氏吾妻；relationship=spouse_to_spouse；date=中华民国卅五年九月卅日；money=伍万元；currency=国币；places=潮安->广东潮安；叻->新加坡；kinship=妻,evidence_entities,,
CSQP-SFHC-TEXT-105,CSQP-SFHC-TEXT-105-EVID-0561,opening,母亲大人膝下：,body_clean,50,57
CSQP-SFHC-TEXT-105,CSQP-SFHC-TEXT-105-EVID-0562,remittance,而兹承信局之便，寄上国币七万元，到祈查收。,body_clean,116,137
CSQP-SFHC-TEXT-105,CSQP-SFHC-TEXT-105-EVID-0563,family_care,母亲大人膝下：；儿现是任事，每月薪金不过数十元，刻下叻地，百物亦是太昂，生活稍过。,body_clean,50,57
CSQP-SFHC-TEXT-105,CSQP-SFHC-TEXT-105-EVID-0564,closing,民卅五年十一月十二日 儿兆祥谨禀,body_clean,175,191
CSQP-SFHC-TEXT-105,CSQP-SFHC-TEXT-105-EVID-0565,entities,sender=新加坡潘兆祥；recipient=饶邑碧砂乡家慈亲大人；relationship=child_to_parent；date=民卅五年十一月十二日；money=柒万元；currency=国币；places=新加坡；饶邑->广东饶平；叻->新加坡；kinship=慈亲；母亲；叔父；儿；叔,body_clean,50,52
CSQP-SFHC-TEXT-106,CSQP-SFHC-TEXT-106-EVID-0566,opening,敬启者，前日接到回信，云情领悉。,body_clean,6,22
CSQP-SFHC-TEXT-106,CSQP-SFHC-TEXT-106-EVID-0567,safety,两地平安，甚慰，余无别言。,body_clean,115,128
CSQP-SFHC-TEXT-106,CSQP-SFHC-TEXT-106-EVID-0568,remittance,兹附信局，寄国币壹万元，至祈查收。,body_clean,98,115
CSQP-SFHC-TEXT-106,CSQP-SFHC-TEXT-106-EVID-0569,family_care,但嫂嫂现下几位男女儿，侄女出嫁否？,body_clean,59,76
CSQP-SFHC-TEXT-106,CSQP-SFHC-TEXT-106-EVID-0570,instruction,须细详回信来知，若是糊涂答覆，以后不敢寄回。,body_clean,76,98
CSQP-SFHC-TEXT-106,CSQP-SFHC-TEXT-106-EVID-0571,closing,丙戌十一月十六日泐,body_clean,141,150
CSQP-SFHC-TEXT-106,CSQP-SFHC-TEXT-106-EVID-0572,entities,sender=外洋郭玉凤；recipient=潮汕嫂嫂；relationship=in_law_or_affinal_kin；date=丙戌（1946）十一月十六日；money=壹万元；currency=国币；places=潮汕->广东侨乡；kinship=嫂；儿；男；侄,body_clean,68,69
CSQP-SFHC-TEXT-107,CSQP-SFHC-TEXT-107-EVID-0573,opening,慈亲大人膝下：,body_clean,46,53
CSQP-SFHC-TEXT-107,CSQP-SFHC-TEXT-107-EVID-0574,safety,二地平安。,body_clean,110,115
CSQP-SFHC-TEXT-107,CSQP-SFHC-TEXT-107-EVID-0575,remittance,敬启者，寄去国币拾万元，查收应用，不要挂念。；另者，寄交芝梁兄去虎骨胶，并番桂各十两，查收之后，抹送胞妗壹半为要。,body_clean,54,76
CSQP-SFHC-TEXT-107,CSQP-SFHC-TEXT-107-EVID-0576,family_care,儿木春寄,body_clean,120,124
CSQP-SFHC-TEXT-107,CSQP-SFHC-TEXT-107-EVID-0577,entities,sender=暹张木春；recipient=潮安南桂都张宅慈亲大人；relationship=child_to_parent；date=卅六年四月六日；money=拾万元；currency=国币；places=安南->越南；潮安->广东潮安；暹->泰国；kinship=慈亲；兄；儿；妗,body_clean,83,84
CSQP-SFHC-TEXT-108,CSQP-SFHC-TEXT-108-EVID-0578,safety,前三月间，鸿儿并签书已有由暹寄来一信，报告自三月初八，他两人买远洋轮，安步到暹，一切平安，余心甚慰。；平安,body_clean,206,256
CSQP-SFHC-TEXT-108,CSQP-SFHC-TEXT-108-EVID-0579,remittance,今逢顺便，寄去国币伍万元，至时查收，添作家用。,body_clean,471,494
CSQP-SFHC-TEXT-108,CSQP-SFHC-TEXT-108-EVID-0580,family_care,惠芳女儿知悉：；现今精神未足，身体十分瘦弱，是次病费，已是费去成百元，然遇此时期，贫病交迫，惨何可言。,body_clean,44,51
CSQP-SFHC-TEXT-108,CSQP-SFHC-TEXT-108-EVID-0581,instruction,然签书今初到暹，各事与鸿儿当然不同，家信定必有些耽搁，偶然有时迟寄，儿尔亦可免介意，须候至有职务可任，方能捷寄，势必如是。,body_clean,256,317
CSQP-SFHC-TEXT-108,CSQP-SFHC-TEXT-108-EVID-0582,entities,sender=叻林壁书；recipient=潮安南桂张暨书先生；relationship=social_or_business；date=丁亥四月初十日；money=伍万元；currency=国币；places=安南->越南；潮安->广东潮安；叻->新加坡；kinship=儿；叔,body_clean,339,340
CSQP-SFHC-TEXT-109,CSQP-SFHC-TEXT-109-EVID-0583,opening,慈亲大人金安：,body_clean,0,7
CSQP-SFHC-TEXT-109,CSQP-SFHC-TEXT-109-EVID-0584,remittance,现寄上国币贰拾万元，到时查收，作以家情之需。,body_clean,312,334
CSQP-SFHC-TEXT-109,CSQP-SFHC-TEXT-109-EVID-0585,family_care,启者，儿自三月初五日，往汕乘轮，至十三日到暹，住足一月，因觉生活环境，殊感困苦，故转程来叻，已于本月十七日到达，候有任务当禀函详告。；倘速来或有到家推（催）讨，则可藉推当时船票、旅费约交清楚，至今不干在外之事等语，以拒绝之，候儿有利或另寄还可也。,body_clean,8,74
CSQP-SFHC-TEXT-109,CSQP-SFHC-TEXT-109-EVID-0586,entities,sender=外洋张文潮；recipient=潮汕慈亲大人；relationship=child_to_parent；date=丁亥（1947）四月廿四日；money=贰拾万元；currency=国币；places=潮汕->广东侨乡；叻->新加坡；暹->泰国；kinship=慈亲；兄；儿,body_clean,304,305
CSQP-SFHC-TEXT-110,CSQP-SFHC-TEXT-110-EVID-0587,opening,家胞兄长如晤：,body_clean,47,54
CSQP-SFHC-TEXT-110,CSQP-SFHC-TEXT-110-EVID-0588,remittance,来函已悉，现由信局付去一函，外并国币贰拾万元收查。,body_clean,55,80
CSQP-SFHC-TEXT-110,CSQP-SFHC-TEXT-110-EVID-0589,family_care,内抹出五万元，与侄妇母子作布料等物之需。,body_clean,80,100
CSQP-SFHC-TEXT-110,CSQP-SFHC-TEXT-110-EVID-0590,closing,此致；弟陈燕初手,body_clean,100,102
CSQP-SFHC-TEXT-110,CSQP-SFHC-TEXT-110-EVID-0591,entities,sender=巴双陈燕初；recipient=潮安鳌头乡陈燕城先生；relationship=sibling_or_same_generation_kin；date=卅六年五月九日；money=贰拾万元；currency=国币；places=潮安->广东潮安；kinship=兄；弟；侄,body_clean,107,108
CSQP-SFHC-TEXT-111,CSQP-SFHC-TEXT-111-EVID-0592,opening,树昭贤侄如晤：,body_clean,49,56
CSQP-SFHC-TEXT-111,CSQP-SFHC-TEXT-111-EVID-0593,remittance,兹外付上国币伍万元，至祈查收，复音来知。,body_clean,259,279
CSQP-SFHC-TEXT-111,CSQP-SFHC-TEXT-111-EVID-0594,instruction,祈为顺草来知。；叔本多情，似不耐众人之好劝，变为进退两难之中，至办法如何，现尚未决，大约须经明说，开过股东大会才得明瞭，容后详告矣。,body_clean,93,100
CSQP-SFHC-TEXT-111,CSQP-SFHC-TEXT-111-EVID-0595,entities,sender=叻宋耀正；recipient=澄邑下蓬宋树昭先生；relationship=unknown；date=中华民国卅六年五月廿九日；money=伍万元；currency=国币；places=澄邑->广东澄海；汕头->广东汕头；叻->新加坡；kinship=侄；叔,body_clean,129,130
CSQP-SFHC-TEXT-112,CSQP-SFHC-TEXT-112-EVID-0596,opening,启者，久未修草致候，殊深远念。,body_clean,8,23
CSQP-SFHC-TEXT-112,CSQP-SFHC-TEXT-112-EVID-0597,remittance,外付国币叁拾万元，到时查收，内抹拾万元，送交陈眉母姨收后，并代问候是幸。,body_clean,147,183
CSQP-SFHC-TEXT-112,CSQP-SFHC-TEXT-112-EVID-0598,family_care,至于侄儿唐也，望兄从中持（提）携，是所至盼。；昨据陈眉陀母姨，托代探陈洲礼旅居之地，候弟从中访问，如有下落，自当通知，望勿远介。,body_clean,84,106
CSQP-SFHC-TEXT-112,CSQP-SFHC-TEXT-112-EVID-0599,entities,sender=柔佛［马来亚］李再赐弟；recipient=潮安鹤巢乡李再赐胞兄；relationship=sibling_or_same_generation_kin；date=丁（1947）七月初十日；money=叁拾万元；currency=国币；places=潮安->广东潮安；kinship=兄；弟；儿；侄,body_clean,126,127
CSQP-SFHC-TEXT-113,CSQP-SFHC-TEXT-113-EVID-0600,safety,且喜吾儿客地平安，甚慰。；内外平安,body_clean,63,75
CSQP-SFHC-TEXT-113,CSQP-SFHC-TEXT-113-EVID-0601,remittance,是天接到吉信，并国币捌元，经已查收，勿介。,body_clean,42,63
CSQP-SFHC-TEXT-113,CSQP-SFHC-TEXT-113-EVID-0602,family_care,得惜吾儿知之：；且喜吾儿客地平安，甚慰。,body_clean,34,41
CSQP-SFHC-TEXT-113,CSQP-SFHC-TEXT-113-EVID-0603,entities,sender=潮安江东母；recipient=泰国张得惜吾儿；relationship=parent_to_child；date=丁七月十四日；money=捌元；currency=国币；places=泰国；潮安->广东潮安；kinship=儿,evidence_entities,,
CSQP-SFHC-TEXT-114,CSQP-SFHC-TEXT-114-EVID-0604,remittance,刻付去国币陆拾万元，到时查收。,body_clean,145,160
CSQP-SFHC-TEXT-114,CSQP-SFHC-TEXT-114-EVID-0605,family_care,茂鉴吾儿收阅：,body_clean,46,53
CSQP-SFHC-TEXT-114,CSQP-SFHC-TEXT-114-EVID-0606,instruction,计淑来十五万元，卓盾三万元，但对此两人之欠款，均有写还揭单，倘欲付款交还，须向彼取回揭单，以了解一切手续。；所存之项除作家情之外，可再抹开十万元，作为购一领新被棉之需，约重八九斤之度，惟须购买新棉，切勿购买旧被，是否覆音，至切至切！,body_clean,92,145
CSQP-SFHC-TEXT-114,CSQP-SFHC-TEXT-114-EVID-0607,entities,sender=叻张文潮；recipient=潮安南桂乡家慈亲大人；relationship=child_to_parent；date=丁亥八月初四日；money=陆拾万元；currency=国币；places=安南->越南；潮安->广东潮安；叻->新加坡；kinship=慈亲；兄；儿,body_clean,197,198
CSQP-SFHC-TEXT-115,CSQP-SFHC-TEXT-115-EVID-0608,remittance,国币贰万元,body_clean,27,32
CSQP-SFHC-TEXT-115,CSQP-SFHC-TEXT-115-EVID-0609,entities,sender=叻刘四岐；recipient=潮安登隆都刘捷镇先生；relationship=social_or_business；date=卅六年十月八日；money=贰万元；currency=国币；places=潮安->广东潮安；叻->新加坡,evidence_entities,,
CSQP-SFHC-TEXT-116,CSQP-SFHC-TEXT-116-EVID-0610,opening,启者，前月接来毓秋生字壹页，经即向当地政府申请入口，惟何时能得如愿以偿，殊难预料也。,body_clean,6,48
CSQP-SFHC-TEXT-116,CSQP-SFHC-TEXT-116-EVID-0611,remittance,兹随函附国币叁拾万元正，祈查收，示复乃荷。；前日曾寄继标兄带上旧衣服五件，万金油陆罐，到仰查收。,body_clean,110,131
CSQP-SFHC-TEXT-116,CSQP-SFHC-TEXT-116-EVID-0612,closing,叔致祥手上,body_clean,141,146
CSQP-SFHC-TEXT-116,CSQP-SFHC-TEXT-116-EVID-0613,entities,sender=外洋致祥；recipient=潮汕表嫂；relationship=in_law_or_affinal_kin；date=丁亥年（1947）十月廿七日；money=叁拾万元；currency=国币；places=潮汕->广东侨乡；kinship=嫂；兄；叔,body_clean,54,55
CSQP-SFHC-TEXT-117,CSQP-SFHC-TEXT-117-EVID-0614,opening,慈亲大人尊鉴：,body_clean,0,7
CSQP-SFHC-TEXT-117,CSQP-SFHC-TEXT-117-EVID-0615,remittance,国币伍拾万元,body_clean,252,258
CSQP-SFHC-TEXT-117,CSQP-SFHC-TEXT-117-EVID-0616,family_care,母亲年迈，儿甚挂念之，万望须宜保重玉体为盼，奈因命途多舛，诸事各不如意，近来儿更甚厌（郁）志也。；然塘（唐）中回信屡次推（催）迫甚急，儿亦甚难于（以）主意也。,body_clean,121,169
CSQP-SFHC-TEXT-117,CSQP-SFHC-TEXT-117-EVID-0617,instruction,母亲年迈，儿甚挂念之，万望须宜保重玉体为盼，奈因命途多舛，诸事各不如意，近来儿更甚厌（郁）志也。；以后回信，切勿叠次推（催）促是幸。,body_clean,121,169
CSQP-SFHC-TEXT-117,CSQP-SFHC-TEXT-117-EVID-0618,closing,卅六年阴十一月初四日 不肖儿广臣叩上,body_clean,279,297
CSQP-SFHC-TEXT-117,CSQP-SFHC-TEXT-117-EVID-0619,entities,sender=外洋广臣；recipient=潮汕慈亲大人；relationship=child_to_parent；date=卅六年（1947）阴十一月初四日；money=伍拾万元；currency=国币；places=潮汕->广东侨乡；kinship=慈亲；母亲；儿,body_clean,121,123
CSQP-SFHC-TEXT-118,CSQP-SFHC-TEXT-118-EVID-0620,remittance,刻寄去国币肆佰万元，到时查收。,body_clean,80,95
CSQP-SFHC-TEXT-118,CSQP-SFHC-TEXT-118-EVID-0621,family_care,茂鉴吾儿收阅：；正月迎神，对本社之猪会，助中业经[疑为：喜题]办理，惟家中届期牲礼，当往南畔神前诚拜也。,body_clean,0,7
CSQP-SFHC-TEXT-118,CSQP-SFHC-TEXT-118-EVID-0622,instruction,分送亲戚诸人之项，另列一纸在外，到时须照字分发。；余言后嘱。,body_clean,95,119
CSQP-SFHC-TEXT-118,CSQP-SFHC-TEXT-118-EVID-0623,entities,sender=外洋父；recipient=潮汕茂鉴吾儿；relationship=parent_to_child；date=卅六年（1947）十二月初三日；money=肆佰万元；currency=国币；places=潮汕->广东侨乡；东凤->广东潮安东凤；kinship=慈亲；嫂；兄；弟；儿；孙；侄；妹,body_clean,229,230
CSQP-SFHC-TEXT-119,CSQP-SFHC-TEXT-119-EVID-0624,opening,岳母大人尊前：,body_clean,0,7
CSQP-SFHC-TEXT-119,CSQP-SFHC-TEXT-119-EVID-0625,remittance,国币拾万元,body_clean,55,60
CSQP-SFHC-TEXT-119,CSQP-SFHC-TEXT-119-EVID-0626,family_care,岳母大人尊前：,body_clean,0,7
CSQP-SFHC-TEXT-119,CSQP-SFHC-TEXT-119-EVID-0627,closing,今随轮返唐之便，附上国币拾万元正，以作腰金之需，专此致达。；愚沈波南泐,body_clean,45,74
CSQP-SFHC-TEXT-119,CSQP-SFHC-TEXT-119-EVID-0628,entities,sender=外洋沈波南；recipient=潮汕岳母大人；relationship=son_in_law_to_parent_in_law；date=丁（1948）完月（十二月）初十日；money=拾万元；currency=国币；places=潮汕->广东侨乡；kinship=岳母,evidence_entities,,
CSQP-SFHC-TEXT-120,CSQP-SFHC-TEXT-120-EVID-0629,opening,双亲大人尊前金安：,body_clean,46,55
CSQP-SFHC-TEXT-120,CSQP-SFHC-TEXT-120-EVID-0630,safety,敬启者，来信敬悉，壹切明白，而唐中大小平安，心甚喜慰。；平安,body_clean,56,83
CSQP-SFHC-TEXT-120,CSQP-SFHC-TEXT-120-EVID-0631,remittance,兹付国票叁佰万元，抹四十万元逢昌、楞深二人收。,body_clean,206,229
CSQP-SFHC-TEXT-120,CSQP-SFHC-TEXT-120-EVID-0632,family_care,但儿自接信后，再四与吾大人考虑，必须立即去信再令幼弟苦求读书，而学费之繁重，定必负责，幸无挂怀，见信切切务宜进行为盼。；儿李楞枝、李楞壁全,body_clean,147,206
CSQP-SFHC-TEXT-120,CSQP-SFHC-TEXT-120-EVID-0633,instruction,而楞悦幼弟，今春因物质高贵，及学费提高所影响，似恐外地经费不能支持，故不敢再度读书，转自本乡补习夜学，以省经费，切不可作如是想。；但儿自接信后，再四与吾大人考虑，必须立即去信再令幼弟苦求读书，而学费之繁重，定必负责，幸无挂怀，见信切切务宜进行为盼。,body_clean,83,147
CSQP-SFHC-TEXT-120,CSQP-SFHC-TEXT-120-EVID-0634,entities,sender=港李楞枝；recipient=潮安南桂家双亲大人；relationship=child_to_parent；date=卅七年元月廿八日；money=叁佰万元；currency=元；places=安南->越南；香港；潮安->广东潮安；kinship=双亲；弟；儿,body_clean,87,88
CSQP-SFHC-TEXT-121,CSQP-SFHC-TEXT-121-EVID-0635,opening,慈亲大人膝下：,body_clean,46,53
CSQP-SFHC-TEXT-121,CSQP-SFHC-TEXT-121-EVID-0636,safety,家中物业，儿全不要，请你放心下暹，千万勿误，二地平安。,body_clean,129,156
CSQP-SFHC-TEXT-121,CSQP-SFHC-TEXT-121-EVID-0637,remittance,寄去国币壹佰万元，查收应用，请免挂念。,body_clean,54,73
CSQP-SFHC-TEXT-121,CSQP-SFHC-TEXT-121-EVID-0638,family_care,大人千万回想，都要来暹为要，儿媳千万不能还梓，如有亲戚来暹，最好同来，儿可奉待（侍）甘旨，免儿得罪，难取世间财。；家中物业，儿全不要，请你放心下暹，千万勿误，二地平安。,body_clean,73,129
CSQP-SFHC-TEXT-121,CSQP-SFHC-TEXT-121-EVID-0639,entities,sender=暹张木春；recipient=潮安南桂都张宅慈亲大人；relationship=child_to_parent；date=卅七年二月七日；money=壹佰万元；currency=国币；places=安南->越南；潮安->广东潮安；暹->泰国；kinship=慈亲；儿；媳,body_clean,87,88
CSQP-SFHC-TEXT-122,CSQP-SFHC-TEXT-122-EVID-0640,safety,兹前天接来回音，视之各情已知，幸蒙二地平安，不胜之慰也。；更乃二地平安，余事不陈，回音来盼。,body_clean,8,36
CSQP-SFHC-TEXT-122,CSQP-SFHC-TEXT-122-EVID-0641,remittance,兹逢便，寄去国币四佰万元正，至查收，以作家中之需也。,body_clean,73,99
CSQP-SFHC-TEXT-122,CSQP-SFHC-TEXT-122-EVID-0642,family_care,黄氏吾妻知之：；兹逢便，寄去国币四佰万元正，至查收，以作家中之需也。,body_clean,0,7
CSQP-SFHC-TEXT-122,CSQP-SFHC-TEXT-122-EVID-0643,instruction,至来书所云，汕头之生意有无进展，此之命皆如此，而少数之事，切勿与之计较也。；专此为嘱。,body_clean,36,73
CSQP-SFHC-TEXT-122,CSQP-SFHC-TEXT-122-EVID-0644,closing,民国卅七年，三，廿五顿,body_clean,126,137
CSQP-SFHC-TEXT-122,CSQP-SFHC-TEXT-122-EVID-0645,entities,sender=［叻］陈逢松；recipient=［潮安鳌头乡］黄氏吾妻；relationship=spouse_to_spouse；date=民国卅七年（1948）三月廿五；money=四佰万元；currency=国币；places=潮安->广东潮安；汕头->广东汕头；kinship=妻,evidence_entities,,
CSQP-SFHC-TEXT-123,CSQP-SFHC-TEXT-123-EVID-0646,opening,黄氏吾妻收知：,body_clean,48,55
CSQP-SFHC-TEXT-123,CSQP-SFHC-TEXT-123-EVID-0647,safety,兹前天接来回音，视后各情都知，幸蒙二地平安，堪以告慰耳。；二地平安，余言不陈，回音乃荷。,body_clean,56,84
CSQP-SFHC-TEXT-123,CSQP-SFHC-TEXT-123-EVID-0648,remittance,刻寄国币壹仟万元正，至时查收，内抹壹拾万元，交桃红之用，余应家庭之需也。,body_clean,130,166
CSQP-SFHC-TEXT-123,CSQP-SFHC-TEXT-123-EVID-0649,family_care,黄氏吾妻收知：,body_clean,48,55
CSQP-SFHC-TEXT-123,CSQP-SFHC-TEXT-123-EVID-0650,instruction,专此为嘱,body_clean,181,185
CSQP-SFHC-TEXT-123,CSQP-SFHC-TEXT-123-EVID-0651,entities,sender=叻陈逢松；recipient=潮安鳌头乡黄氏吾妻；relationship=spouse_to_spouse；date=民国卅七年（1948）四月廿一日；money=壹仟万元；currency=国币；places=潮安->广东潮安；叻->新加坡；kinship=弟；妻,body_clean,21,22
CSQP-SFHC-TEXT-124,CSQP-SFHC-TEXT-124-EVID-0652,opening,慈亲大人膝下：,body_clean,0,7
CSQP-SFHC-TEXT-124,CSQP-SFHC-TEXT-124-EVID-0653,safety,男此次趁安徽轮南来，经于本月十八日抵星，一路水陆平安，皆赖福庇，希勿锦念。,body_clean,39,76
CSQP-SFHC-TEXT-124,CSQP-SFHC-TEXT-124-EVID-0654,remittance,兹随函附呈国币壹仟万元正，至祈检收，妥后乞即挥音，示晓乃祷。,body_clean,116,146
CSQP-SFHC-TEXT-124,CSQP-SFHC-TEXT-124-EVID-0655,family_care,敬禀者，拜别慈颜，倏已旬余，恭维福体安康，诸凡如意，为颂无量。,body_clean,8,39
CSQP-SFHC-TEXT-124,CSQP-SFHC-TEXT-124-EVID-0656,closing,此致，敬请；男毓秋叩禀,body_clean,146,151
CSQP-SFHC-TEXT-124,CSQP-SFHC-TEXT-124-EVID-0657,entities,sender=外洋毓秋；recipient=潮汕慈亲大人；relationship=child_to_parent；date=戊子年（1948）五月廿五日；money=壹仟万元；currency=国币；places=潮汕->广东侨乡；kinship=慈亲；男,body_clean,39,40
CSQP-SFHC-TEXT-125,CSQP-SFHC-TEXT-125-EVID-0658,remittance,国币肆佰万元,body_clean,29,35
CSQP-SFHC-TEXT-125,CSQP-SFHC-TEXT-125-EVID-0659,entities,sender=砂拉越张泽盛；recipient=潮安第五区张艶勤先生；relationship=social_or_business；date=一九四八年；money=肆佰万元；currency=国币；places=潮安->广东潮安,evidence_entities,,
CSQP-SFHC-TEXT-126,CSQP-SFHC-TEXT-126-EVID-0660,opening,金祥吾儿收知：,body_clean,0,7
CSQP-SFHC-TEXT-126,CSQP-SFHC-TEXT-126-EVID-0661,remittance,兹寄去贰佰万元，到时查收。,body_clean,47,60
CSQP-SFHC-TEXT-126,CSQP-SFHC-TEXT-126-EVID-0662,family_care,金祥吾儿收知：；四月初九日 母寄,body_clean,0,7
CSQP-SFHC-TEXT-126,CSQP-SFHC-TEXT-126-EVID-0663,closing,此致,body_clean,107,109
CSQP-SFHC-TEXT-126,CSQP-SFHC-TEXT-126-EVID-0664,entities,sender=外洋母；recipient=潮汕金祥吾儿；relationship=parent_to_child；date=四月初九日（约1949前）；money=贰佰万元；currency=元；places=潮汕->广东侨乡；kinship=儿；媳；媳妇；姑,body_clean,67,68
CSQP-SFHC-TEXT-127,CSQP-SFHC-TEXT-127-EVID-0665,opening,慈亲大人尊前：,body_clean,43,50
CSQP-SFHC-TEXT-127,CSQP-SFHC-TEXT-127-EVID-0666,safety,另代候吉盛、雄盛安好。,body_clean,221,232
CSQP-SFHC-TEXT-127,CSQP-SFHC-TEXT-127-EVID-0667,remittance,敬启者，兹承汇便，付上国币壹仟万元，至时查收。,body_clean,51,74
CSQP-SFHC-TEXT-127,CSQP-SFHC-TEXT-127-EVID-0668,family_care,兹因越中生理【生意】竞争过甚，故有此举，为人儿子者，谁无行孝存心事，因力所不能也，望勿痛责，以后儿当按月奉上。；儿永金上,body_clean,137,192
CSQP-SFHC-TEXT-127,CSQP-SFHC-TEXT-127-EVID-0669,instruction,就现月起每封家批，须欲送他每人四十万元，祈知。,body_clean,98,121
CSQP-SFHC-TEXT-127,CSQP-SFHC-TEXT-127-EVID-0670,closing,儿永金上,body_clean,234,238
CSQP-SFHC-TEXT-127,CSQP-SFHC-TEXT-127-EVID-0671,entities,sender=越张永金；recipient=潮安南桂区慈亲大人；relationship=child_to_parent；date=四月十九日；money=壹仟万元；currency=国币；places=安南->越南；潮安->广东潮安；kinship=慈亲；嫂；儿,body_clean,85,86
CSQP-SFHC-TEXT-128,CSQP-SFHC-TEXT-128-EVID-0672,opening,慈亲大人尊前膝下：,body_clean,45,54
CSQP-SFHC-TEXT-128,CSQP-SFHC-TEXT-128-EVID-0673,remittance,兹逢邮便，谨具寸草，外并国币肆拾万元，至祈查收，藉补家用，余言后禀。；是以事先毫无积蓄，致使于斯，大人急需之际，不能应额寄上，以充厚望，内心抱歉殊深，伏乞宽恕是幸。,body_clean,319,353
CSQP-SFHC-TEXT-128,CSQP-SFHC-TEXT-128-EVID-0674,family_care,岳炎现仍在廷立哥店中，帮助店前买卖，生活相当如愿，请转达老姑母大人，祈免挂念为荷。；外祖母及姑母等，谨代为致言道谢。,body_clean,277,318
CSQP-SFHC-TEXT-128,CSQP-SFHC-TEXT-128-EVID-0675,instruction,但愿大人贵体自珍，勿以区区金钱为叹惜，须就医至真正痊愈为盼。,body_clean,246,276
CSQP-SFHC-TEXT-128,CSQP-SFHC-TEXT-128-EVID-0676,entities,sender=麻坡郑裕潮；recipient=潮安南桂乡家慈亲大人；relationship=child_to_parent；date=八月十七日；money=肆拾万元；currency=国币；places=安南->越南；潮安->广东潮安；kinship=慈亲；祖母；外祖母；男；姑,body_clean,366,368
CSQP-SFHC-TEXT-129,CSQP-SFHC-TEXT-129-EVID-0677,opening,树钊贤侄收知：,body_clean,41,48
CSQP-SFHC-TEXT-129,CSQP-SFHC-TEXT-129-EVID-0678,remittance,兹外附去国币伍万元，至祈查收，复音来知是荷。,body_clean,154,176
CSQP-SFHC-TEXT-129,CSQP-SFHC-TEXT-129-EVID-0679,instruction,佩恭的来叻人情字，愚已由家信内夹去，并嘱其准备，待愚吩咐大牙（衙）乡押客再乾兄，下帮船到乡带来，届时他们有未晓之事，望祈代为指导是盼。,body_clean,69,136
CSQP-SFHC-TEXT-129,CSQP-SFHC-TEXT-129-EVID-0680,entities,sender=叻老婶；recipient=澄邑下蓬宋树钊贤侄；relationship=uncle_nephew_or_nephew_kin；date=八月廿一日；money=伍万元；currency=国币；places=澄邑->广东澄海；叻->新加坡；kinship=兄；侄；婶,body_clean,20,21
CSQP-SFHC-TEXT-130,CSQP-SFHC-TEXT-130-EVID-0681,opening,慈亲大人膝下：,body_clean,41,48
CSQP-SFHC-TEXT-130,CSQP-SFHC-TEXT-130-EVID-0682,remittance,兹逢归鸿有便，特奉上国币贰万元，以便届时备些礼物，为大人庆寿之用，至时检收是幸。；故上星期曾付去二十万，中抹七万元，分族中七位较苦者，想已收到，照为分发矣。,body_clean,90,130
CSQP-SFHC-TEXT-130,CSQP-SFHC-TEXT-130-EVID-0683,closing,男树钊禀,body_clean,215,219
CSQP-SFHC-TEXT-130,CSQP-SFHC-TEXT-130-EVID-0684,entities,sender=叻宋树钊；recipient=汀邑下蓬家双亲大人；relationship=child_to_parent；date=十月廿日；money=贰万元；currency=国币；places=汀邑->广东澄海；叻->新加坡；kinship=慈亲；双亲；男；婶,body_clean,18,20
CSQP-SFHC-TEXT-131,CSQP-SFHC-TEXT-131-EVID-0685,opening,沈氏荆妻收知如晤：,body_clean,47,56
CSQP-SFHC-TEXT-131,CSQP-SFHC-TEXT-131-EVID-0686,safety,复者，兹接来回批，内云之事俱以（已）知详，蒙神天保佑，合家平安以欢悦也。；两地平安,body_clean,57,93
CSQP-SFHC-TEXT-131,CSQP-SFHC-TEXT-131-EVID-0687,remittance,金圆券陆拾元,body_clean,26,32
CSQP-SFHC-TEXT-131,CSQP-SFHC-TEXT-131-EVID-0688,family_care,沈氏荆妻收知如晤：；复者，兹接来回批，内云之事俱以（已）知详，蒙神天保佑，合家平安以欢悦也。,body_clean,47,56
CSQP-SFHC-TEXT-131,CSQP-SFHC-TEXT-131-EVID-0689,instruction,另来信嘱叫令弟回家，候他自己（已）寄批写来叫他，但愚言之不听，叫亦无用，祈知之矣。,body_clean,93,134
CSQP-SFHC-TEXT-131,CSQP-SFHC-TEXT-131-EVID-0690,entities,sender=叻陈捷叙；recipient=潮安鳌头陈世昭长男；relationship=spouse_to_spouse；date=戊八月廿一日；money=陆拾元；currency=金圆券；places=潮安->广东潮安；叻->新加坡；kinship=祖母；兄；弟；妻；荆妻；儿；男；妗,body_clean,228,229
CSQP-SFHC-TEXT-132,CSQP-SFHC-TEXT-132-EVID-0691,opening,慈亲大人尊前：,body_clean,43,50
CSQP-SFHC-TEXT-132,CSQP-SFHC-TEXT-132-EVID-0692,remittance,敬启者，兹承汇便，付上金圆券伍拾元，到时查收。,body_clean,51,74
CSQP-SFHC-TEXT-132,CSQP-SFHC-TEXT-132-EVID-0693,family_care,至于四弟之为人，我慈无须希望他，儿亦言之不尽。；九月廿八日 儿张永金手上,body_clean,121,144
CSQP-SFHC-TEXT-132,CSQP-SFHC-TEXT-132-EVID-0694,instruction,至于四弟之为人，我慈无须希望他，儿亦言之不尽。,body_clean,121,144
CSQP-SFHC-TEXT-132,CSQP-SFHC-TEXT-132-EVID-0695,closing,并请；九月廿八日 儿张永金手上,body_clean,152,154
CSQP-SFHC-TEXT-132,CSQP-SFHC-TEXT-132-EVID-0696,entities,sender=越张永金；recipient=潮安南桂区慈亲大人；relationship=child_to_parent；date=九月廿八日；money=伍拾元；currency=金圆券；places=安南->越南；潮安->广东潮安；kinship=慈亲；弟；儿,body_clean,124,125
CSQP-SFHC-TEXT-133,CSQP-SFHC-TEXT-133-EVID-0697,remittance,兹本日付信局去五百五十元，到祈查收。；余在叻曾寄去数函，迄未得一复示知，仅因念甚。,body_clean,129,147
CSQP-SFHC-TEXT-133,CSQP-SFHC-TEXT-133-EVID-0698,family_care,贤妻收次：；昨闻女儿已放媒择配，但刻下已聘定何家复晓。,body_clean,55,60
CSQP-SFHC-TEXT-133,CSQP-SFHC-TEXT-133-EVID-0699,closing,夫杨木良泐,body_clean,269,274
CSQP-SFHC-TEXT-133,CSQP-SFHC-TEXT-133-EVID-0700,entities,sender=叻杨木良；recipient=汕头市新马路杨子忠先生；relationship=spouse_to_spouse；date=中华民国卅七年十一月初一日；money=伍佰伍拾元；currency=金圆券；places=汕头->广东汕头；叻->新加坡；kinship=弟；妻；贤妻；儿,body_clean,56,57
CSQP-SFHC-TEXT-134,CSQP-SFHC-TEXT-134-EVID-0701,remittance,金圆券捌佰元,body_clean,26,32
CSQP-SFHC-TEXT-134,CSQP-SFHC-TEXT-134-EVID-0702,entities,sender=叻郑奕玉；recipient=潮安南桂家慈亲大人；relationship=child_to_parent；date=一九四八年；money=捌佰元；currency=金圆券；places=安南->越南；潮安->广东潮安；叻->新加坡；kinship=慈亲,evidence_entities,,
CSQP-SFHC-TEXT-135,CSQP-SFHC-TEXT-135-EVID-0703,opening,母亲大人尊前：,body_clean,3,10
CSQP-SFHC-TEXT-135,CSQP-SFHC-TEXT-135-EVID-0704,remittance,现值年关以（已）届，付信局带去港币壹佰元，至时查收。,body_clean,34,60
CSQP-SFHC-TEXT-135,CSQP-SFHC-TEXT-135-EVID-0705,family_care,母亲大人尊前：；另禀者，内承夹吾兄壹笺，交与钦意侄儿，叫他如字而行，别无他禀。,body_clean,3,10
CSQP-SFHC-TEXT-135,CSQP-SFHC-TEXT-135-EVID-0706,closing,书禀,body_clean,0,2
CSQP-SFHC-TEXT-135,CSQP-SFHC-TEXT-135-EVID-0707,entities,sender=外洋炳极；recipient=潮汕母亲大人；relationship=child_to_parent；date=民国卅八年（1949）元月初七日；money=壹佰元；currency=港币；places=潮汕->广东侨乡；kinship=母亲；兄；儿；男；侄,body_clean,101,102
CSQP-SFHC-TEXT-136,CSQP-SFHC-TEXT-136-EVID-0708,remittance,金员（圆）券贰仟贰佰元,body_clean,26,37
CSQP-SFHC-TEXT-136,CSQP-SFHC-TEXT-136-EVID-0709,entities,sender=叻张运俊；recipient=潮安南桂张孟钊先生；relationship=social_or_business；date=卅八年二月十二日；money=贰仟贰佰元；currency=金圆券；places=安南->越南；潮安->广东潮安；叻->新加坡,evidence_entities,,
CSQP-SFHC-TEXT-137,CSQP-SFHC-TEXT-137-EVID-0710,opening,许氏荆妻收悉：,body_clean,48,55
CSQP-SFHC-TEXT-137,CSQP-SFHC-TEXT-137-EVID-0711,remittance,兹逢（逢）轮船之便，付去金圆券贰万伍仟元，到即查收，以应家用。；余已付去邮信一封，谅有接到否？,body_clean,114,145
CSQP-SFHC-TEXT-137,CSQP-SFHC-TEXT-137-EVID-0712,family_care,许氏荆妻收悉：,body_clean,48,55
CSQP-SFHC-TEXT-137,CSQP-SFHC-TEXT-137-EVID-0713,closing,民卅八，元，十七 余吴坤丰缄,body_clean,217,231
CSQP-SFHC-TEXT-137,CSQP-SFHC-TEXT-137-EVID-0714,entities,sender=叻吴坤丰；recipient=潮安银湖村许氏荆妻；relationship=spouse_to_spouse；date=民卅八年元月十七；money=贰万伍仟元；currency=金圆券；places=潮安->广东潮安；叻->新加坡；kinship=双亲；兄；妻；荆妻,body_clean,155,156
CSQP-SFHC-TEXT-138,CSQP-SFHC-TEXT-138-EVID-0715,opening,岳母大人侍右：,body_clean,0,7
CSQP-SFHC-TEXT-138,CSQP-SFHC-TEXT-138-EVID-0716,remittance,兹奉上金圆券壹拾万元，至日查收。,body_clean,236,252
CSQP-SFHC-TEXT-138,CSQP-SFHC-TEXT-138-EVID-0717,family_care,岳母大人侍右：；敬禀者，月之初九日，接展手谕，惊息岳父大人于正月十九日仙逝，噩耗传来，不胜哀悼。,body_clean,0,7
CSQP-SFHC-TEXT-138,CSQP-SFHC-TEXT-138-EVID-0718,entities,sender=外洋黄居禧；recipient=潮汕岳母大人；relationship=son_in_law_to_parent_in_law；date=二月十四日（1949）；money=壹拾万元；currency=金圆券；places=潮汕->广东侨乡；kinship=岳父；岳母；嫂,body_clean,0,2
CSQP-SFHC-TEXT-139,CSQP-SFHC-TEXT-139-EVID-0719,opening,母亲大人膝前：,body_clean,0,7
CSQP-SFHC-TEXT-139,CSQP-SFHC-TEXT-139-EVID-0720,remittance,兹时寄上香港币贰拾元，藉作父亲大人百日香锭之费，至祈照收。,body_clean,276,305
CSQP-SFHC-TEXT-139,CSQP-SFHC-TEXT-139-EVID-0721,family_care,母亲大人膝前：；昨展吾弟详笺，来书述及父亲大人仙逝，彼不能随侍在侧，哀毁逾恒，子责不周，百身莫赎。,body_clean,0,7
CSQP-SFHC-TEXT-139,CSQP-SFHC-TEXT-139-EVID-0722,instruction,伏冀大人切勿垂念，来日自有返家之期，望免以此贴悬于心，为所至祷。,body_clean,155,187
CSQP-SFHC-TEXT-139,CSQP-SFHC-TEXT-139-EVID-0723,closing,并请,body_clean,310,312
CSQP-SFHC-TEXT-139,CSQP-SFHC-TEXT-139-EVID-0724,entities,sender=外洋梅；recipient=潮汕母亲大人；relationship=child_to_parent；date=中华民国卅八年（1949）四月十八日；money=贰拾元；currency=港币；places=香港；潮汕->广东侨乡；kinship=母亲；父亲；叔父；弟；叔；姑,body_clean,33,35
CSQP-SFHC-TEXT-140,CSQP-SFHC-TEXT-140-EVID-0725,remittance,兹逢轮便，附去银壹佰元，至日照收，然后代抹出伍拾元，交与吾儿炳杰收，又二十元，交与炳锡收，又十元，系友高托寄，交其家内收（此条可向彼取一收条寄来为证），所余二十元，以为侄台自己收起，以作茶果之需。,body_clean,69,167
CSQP-SFHC-TEXT-140,CSQP-SFHC-TEXT-140-EVID-0726,family_care,兹逢轮便，附去银壹佰元，至日照收，然后代抹出伍拾元，交与吾儿炳杰收，又二十元，交与炳锡收，又十元，系友高托寄，交其家内收（此条可向彼取一收条寄来为证），所余二十元，以为侄台自己收起，以作茶果之需。,body_clean,69,167
CSQP-SFHC-TEXT-140,CSQP-SFHC-TEXT-140-EVID-0727,instruction,另劳代嘱炳杰在校修业，其成绩如何，及何时放假，顺便回音来慰。,body_clean,167,197
CSQP-SFHC-TEXT-140,CSQP-SFHC-TEXT-140-EVID-0728,closing,端此致达，余无他事。,body_clean,197,207
CSQP-SFHC-TEXT-140,CSQP-SFHC-TEXT-140-EVID-0729,entities,sender=外洋长丰；recipient=潮汕继豪族侄台；relationship=uncle_nephew_or_nephew_kin；date=己（1949）六月初七日；money=壹佰元；currency=银元；places=潮汕->广东侨乡；kinship=儿；侄；叔,body_clean,3,4
CSQP-SFHC-TEXT-141,CSQP-SFHC-TEXT-141-EVID-0730,opening,慈亲大人尊前福安：,body_clean,0,9
CSQP-SFHC-TEXT-141,CSQP-SFHC-TEXT-141-EVID-0731,remittance,兹逢批期，呈上港币贰佰元，到祈查收。；兹者家中，前在岳母大人处，先行调借银项，如今彼既急需，故特向亲戚朋友生借【借钱】寄回，信到之日，切嘱家中照为理还清楚，不可延误，是为至要。,body_clean,126,144
CSQP-SFHC-TEXT-141,CSQP-SFHC-TEXT-141-EVID-0732,family_care,藉悉大人福体康泰，家中大小安吉，至为欣慰。；兹者家中，前在岳母大人处，先行调借银项，如今彼既急需，故特向亲戚朋友生借【借钱】寄回，信到之日，切嘱家中照为理还清楚，不可延误，是为至要。,body_clean,36,57
CSQP-SFHC-TEXT-141,CSQP-SFHC-TEXT-141-EVID-0733,instruction,兹者家中，前在岳母大人处，先行调借银项，如今彼既急需，故特向亲戚朋友生借【借钱】寄回，信到之日，切嘱家中照为理还清楚，不可延误，是为至要。,body_clean,57,126
CSQP-SFHC-TEXT-141,CSQP-SFHC-TEXT-141-EVID-0734,closing,民国三十八年八月初二日 儿郑万豪上,body_clean,197,214
CSQP-SFHC-TEXT-141,CSQP-SFHC-TEXT-141-EVID-0735,entities,sender=外洋郑万豪；recipient=潮汕慈亲大人；relationship=child_to_parent；date=民国三十八年（1949）八月初二日；money=贰佰元；currency=港币；places=潮汕->广东侨乡；kinship=慈亲；母亲；岳母；儿,body_clean,168,170
CSQP-SFHC-TEXT-142,CSQP-SFHC-TEXT-142-EVID-0736,safety,鱼雁久睽，往劳梦萦，近维起居佳吉，诸事遂心为颂。,body_clean,9,33
CSQP-SFHC-TEXT-142,CSQP-SFHC-TEXT-142-EVID-0737,remittance,兹逢有便，特草寸缄驰问，外并港币壹拾元，至希查收，复音告慰为盼。,body_clean,33,65
CSQP-SFHC-TEXT-142,CSQP-SFHC-TEXT-142-EVID-0738,closing,民卅八，八，三 陈享发泐,body_clean,72,84
CSQP-SFHC-TEXT-142,CSQP-SFHC-TEXT-142-EVID-0739,entities,sender=外洋陈亨发；recipient=潮汕朝居宗侄台；relationship=uncle_nephew_or_nephew_kin；date=民卅八年（1949）八月三日；money=壹拾元；currency=港币；places=潮汕->广东侨乡；kinship=侄,evidence_entities,,
CSQP-SFHC-TEXT-143,CSQP-SFHC-TEXT-143-EVID-0740,opening,细姨母大人尊前：,body_clean,0,8
CSQP-SFHC-TEXT-143,CSQP-SFHC-TEXT-143-EVID-0741,remittance,兹逢航便，付港币拾元正，至时查收，以充茶果之需。,body_clean,156,180
CSQP-SFHC-TEXT-143,CSQP-SFHC-TEXT-143-EVID-0742,family_care,细姨母大人尊前：；但未悉家中之田，田契清楚，屋宅修整否？,body_clean,0,8
CSQP-SFHC-TEXT-143,CSQP-SFHC-TEXT-143-EVID-0743,closing,甥儿郑炳存、甥女郑惠英同手上,body_clean,213,227
CSQP-SFHC-TEXT-143,CSQP-SFHC-TEXT-143-EVID-0744,entities,sender=外洋郑炳存、郑惠英；recipient=潮汕细姨母大人；relationship=unknown；date=旧历闰七月初九日、九月一号（1949）；money=拾元；currency=港币；places=潮汕->广东侨乡；kinship=兄；弟；儿；妹,body_clean,143,144
CSQP-SFHC-TEXT-144,CSQP-SFHC-TEXT-144-EVID-0745,opening,克能侄台鉴：,body_clean,0,6
CSQP-SFHC-TEXT-144,CSQP-SFHC-TEXT-144-EVID-0746,instruction,愚时目前暹中状况非常棘手，向之所商切宜致意，虽其中有不惬处，可暂抹煞，藉作栖迟，然后徐行他图，未为不可，此亦一时权宜之策也。,body_clean,27,89
CSQP-SFHC-TEXT-144,CSQP-SFHC-TEXT-144-EVID-0747,entities,sender=外洋省斌；recipient=潮汕克能侄；relationship=uncle_nephew_or_nephew_kin；date=九月十日（民国）；places=潮汕->广东侨乡；暹->泰国；kinship=兄；弟；侄；姑,body_clean,190,191
CSQP-SFHC-TEXT-145,CSQP-SFHC-TEXT-145-EVID-0748,opening,大妗（姊）大人收前：,body_clean,0,10
CSQP-SFHC-TEXT-145,CSQP-SFHC-TEXT-145-EVID-0749,safety,敬启者，近日贵体违和，想吉人天相，定获平安无事，未问先知也。,body_clean,11,41
CSQP-SFHC-TEXT-145,CSQP-SFHC-TEXT-145-EVID-0750,remittance,银六十三元,body_clean,45,50
CSQP-SFHC-TEXT-145,CSQP-SFHC-TEXT-145-EVID-0751,entities,sender=（民国）外洋晓澄；recipient=潮汕大姆（姊）；relationship=sibling_or_same_generation_kin；money=六十三元；currency=银元；places=潮汕->广东侨乡；kinship=弟；姊；妗,body_clean,3,4
CSQP-SFHC-TEXT-146,CSQP-SFHC-TEXT-146-EVID-0752,remittance,今寄去港币五十元，至时查收，以作家用。；如你信中所言，良心何在，你今年将三十，不求自给，终日游闲无度，翘首以待批款，未必始终若此，当宜省悟谋生，助父一臂之力，且为将来善计也。,body_clean,253,272
CSQP-SFHC-TEXT-146,CSQP-SFHC-TEXT-146-EVID-0753,family_care,茂鉴吾儿收读：；所云家情费用浩繁，望家批提早多寄等情，你须念父在叻劳苦工作，每月辛（薪）金不外五十元而已，除洗衣之后，实仅四十余元，尽量寄为家批。,body_clean,0,7
CSQP-SFHC-TEXT-146,CSQP-SFHC-TEXT-146-EVID-0754,instruction,所云家情费用浩繁，望家批提早多寄等情，你须念父在叻劳苦工作，每月辛（薪）金不外五十元而已，除洗衣之后，实仅四十余元，尽量寄为家批。；此后作事当宜谨慎自新，勿负我之嘱言。,body_clean,18,83
CSQP-SFHC-TEXT-146,CSQP-SFHC-TEXT-146-EVID-0755,closing,庚寅年元月初九日 父字,body_clean,322,333
CSQP-SFHC-TEXT-146,CSQP-SFHC-TEXT-146-EVID-0756,entities,sender=外洋父；recipient=潮汕茂鉴吾儿；relationship=parent_to_child；date=庚寅年（1950）元月初九日；money=五十元；currency=港币；places=潮汕->广东侨乡；叻->新加坡；kinship=儿,evidence_entities,,
CSQP-SFHC-TEXT-147,CSQP-SFHC-TEXT-147-EVID-0757,opening,径启者，前函复信，各事概照领悉，祈免远挂。,body_clean,52,73
CSQP-SFHC-TEXT-147,CSQP-SFHC-TEXT-147-EVID-0758,remittance,兹因批期之便，再附港币七十五元，至希查收是盼。,body_clean,117,140
CSQP-SFHC-TEXT-147,CSQP-SFHC-TEXT-147-EVID-0759,family_care,贤妻收次：,body_clean,46,51
CSQP-SFHC-TEXT-147,CSQP-SFHC-TEXT-147-EVID-0760,closing,愚强兴启,body_clean,150,154
CSQP-SFHC-TEXT-147,CSQP-SFHC-TEXT-147-EVID-0761,entities,sender=叻强兴；recipient=潮安南桂张君远吾儿；relationship=parent_to_child；date=一九五〇年元月廿日；money=柒拾伍元；currency=港币；places=安南->越南；潮安->广东潮安；叻->新加坡；kinship=妻；贤妻；儿；妹,body_clean,46,48
CSQP-SFHC-TEXT-148,CSQP-SFHC-TEXT-148-EVID-0762,remittance,刻寄去港币陆拾元，至时查收，以应家情之需。；至过车轮回塘（唐）事，则候亲友直透【达】归旋，当照寄去。,body_clean,110,131
CSQP-SFHC-TEXT-148,CSQP-SFHC-TEXT-148-EVID-0763,family_care,茂鉴吾儿收读：；庚寅三月初九日 父字,body_clean,0,7
CSQP-SFHC-TEXT-148,CSQP-SFHC-TEXT-148-EVID-0764,instruction,惟倘欲迁居，则毗邻人家须欲和善，他事闲话，尤宜守口，免与邻右发生意气恶感等情。；余容后嘱。,body_clean,43,82
CSQP-SFHC-TEXT-148,CSQP-SFHC-TEXT-148-EVID-0765,closing,庚寅三月初九日 父字,body_clean,141,151
CSQP-SFHC-TEXT-148,CSQP-SFHC-TEXT-148-EVID-0766,entities,sender=外洋父；recipient=潮汕茂鉴吾儿；relationship=parent_to_child；date=庚寅（1950）三月初九日；money=陆拾元；currency=港币；places=潮汕->广东侨乡；kinship=儿,evidence_entities,,
CSQP-SFHC-TEXT-149,CSQP-SFHC-TEXT-149-EVID-0767,opening,慈亲大人膝下：,body_clean,46,53
CSQP-SFHC-TEXT-149,CSQP-SFHC-TEXT-149-EVID-0768,safety,但以男父之才干，当能获平安，可请外祖母勿念。,body_clean,120,142
CSQP-SFHC-TEXT-149,CSQP-SFHC-TEXT-149-EVID-0769,remittance,兹达邮便，敬具寸草，外并港币伍拾元，至祈查收。,body_clean,350,373
CSQP-SFHC-TEXT-149,CSQP-SFHC-TEXT-149-EVID-0770,family_care,男父自上年离叻后，迄今未接其只字，致双方消息无法通传。；但以男父之才干，当能获平安，可请外祖母勿念。,body_clean,93,120
CSQP-SFHC-TEXT-149,CSQP-SFHC-TEXT-149-EVID-0771,entities,sender=麻坡郑裕潮；recipient=潮安南桂乡家慈亲大人；relationship=child_to_parent；date=阴历四月初十日；money=伍拾元；currency=港币；places=安南->越南；潮安->广东潮安；kinship=慈亲；祖母；外祖母；嫂；男；叔；姑,body_clean,137,139
CSQP-SFHC-TEXT-150,CSQP-SFHC-TEXT-150-EVID-0772,family_care,同时更应明白你既从学，将来便是以学谋生，并非如劳力者可以用力为活，你既无力，又成不学无术的人，那么将来社会上崇高的地位，根本没有你的份儿。；父母妻子也难以望你养活，就是连你自己的生活，恐怕也要发生问题。,body_clean,122,191
CSQP-SFHC-TEXT-150,CSQP-SFHC-TEXT-150-EVID-0773,instruction,所以我不但希望你，要实实在在的悔过，务求现实，不要徒学一些虚伪的前进新名词，同时更希望你默想勤学方面，深自想像（象）其善果如何，以及默想不勤学方面，想像（象）其恶果与影响如何，便能亲自觉悟，毋须他人絮絮不休，你祈猛省，毋忘为要。；你的来书字迹，还是潦草欠佳，没有行间，须知写字最要的是行间要整齐，结构要有力，大小通篇如一。,body_clean,267,381
CSQP-SFHC-TEXT-150,CSQP-SFHC-TEXT-150-EVID-0774,entities,sender=叻宋树钊；recipient=澄邑下蓬英弟；relationship=sibling_or_same_generation_kin；date=六月初六日、七月廿日（1950）；places=澄邑->广东澄海；叻->新加坡；kinship=兄；弟；妻；儿,body_clean,1,2
CSQP-SFHC-TEXT-151,CSQP-SFHC-TEXT-151-EVID-0775,instruction,执笔：指实掌虚，为执笔之要法，指实则筋力均，掌虚则运用易，作楷书指距笔头约一寸以上，行书及草书宜稍远，执笔须坚，书写时五指齐用力，助之以肘腕，学时宜知之。；楷书似文人，草书如武将，行书介乎二者之间，此不可不知也。,body_clean,57,134
CSQP-SFHC-TEXT-151,CSQP-SFHC-TEXT-151-EVID-0776,entities,sender=（约1950）［叻宋树钊］；recipient=［澄邑下蓬］英弟；relationship=sibling_or_same_generation_kin；places=澄邑->广东澄海；kinship=兄；弟,body_clean,455,456
CSQP-SFHC-TEXT-152,CSQP-SFHC-TEXT-152-EVID-0777,opening,慈亲大人尊前：,body_clean,42,49
CSQP-SFHC-TEXT-152,CSQP-SFHC-TEXT-152-EVID-0778,remittance,刻逢轮船返国之便，奉上港币壹佰元，以作应用。,body_clean,123,145
CSQP-SFHC-TEXT-152,CSQP-SFHC-TEXT-152-EVID-0779,family_care,儿媳远别重洋，未获晨昏定省，请大人恕儿媳不孝之罪。；小儿潮锦，未卜刻下痊愈否？,body_clean,98,123
CSQP-SFHC-TEXT-152,CSQP-SFHC-TEXT-152-EVID-0780,closing,叻儿仕禄谨禀,body_clean,180,186
CSQP-SFHC-TEXT-152,CSQP-SFHC-TEXT-152-EVID-0781,entities,sender=叻廖仕禄；recipient=潮安大寨家慈亲大人；relationship=child_to_parent；date=六月十一日；money=壹佰元；currency=港币；places=潮安->广东潮安；大寨->广东潮安大寨；叻->新加坡；kinship=慈亲；儿；媳,body_clean,98,99
CSQP-SFHC-TEXT-153,CSQP-SFHC-TEXT-153-EVID-0782,opening,慈亲大人尊前膝下：,body_clean,47,56
CSQP-SFHC-TEXT-153,CSQP-SFHC-TEXT-153-EVID-0783,safety,敬禀者，久未致候，孺慕殊殷，敬维大人起居佳胜，请多纳福，为颂为祷。,body_clean,57,90
CSQP-SFHC-TEXT-153,CSQP-SFHC-TEXT-153-EVID-0784,remittance,兹顺奉上港币伍拾元，至祈查收。,body_clean,222,237
CSQP-SFHC-TEXT-153,CSQP-SFHC-TEXT-153-EVID-0785,family_care,可知勇父日来，尚有批至家否？；兹顺于此信内夹上一信，可请外祖母代寄给勇父，盖因现刻之回批，都有正副两封，男因恐大人缮写之困难，用特将欲寄与勇父之信，照样写成两张，其中用墨笔写者，可寄与勇父为慰。,body_clean,126,140
CSQP-SFHC-TEXT-153,CSQP-SFHC-TEXT-153-EVID-0786,closing,男郑裕潮谨上,body_clean,249,255
CSQP-SFHC-TEXT-153,CSQP-SFHC-TEXT-153-EVID-0787,entities,sender=麻坡郑裕潮；recipient=潮安县南桂乡家慈亲大人；relationship=child_to_parent；date=阴历七月廿六日；money=伍拾元；currency=港币；places=潮安->广东潮安；kinship=慈亲；祖母；外祖母；男,body_clean,154,156
CSQP-SFHC-TEXT-154,CSQP-SFHC-TEXT-154-EVID-0788,opening,岳母大人尊右：,body_clean,0,7
CSQP-SFHC-TEXT-154,CSQP-SFHC-TEXT-154-EVID-0789,safety,婿等客中均托庇无恙，堪以告慰。；来年间，或稍得意时，当偕令媛、小儿等一返家里省视大人起居。,body_clean,222,237
CSQP-SFHC-TEXT-154,CSQP-SFHC-TEXT-154-EVID-0790,remittance,外随港币叁拾元，至日查收。,body_clean,273,286
CSQP-SFHC-TEXT-154,CSQP-SFHC-TEXT-154-EVID-0791,family_care,岳母大人尊右：；二三年来，只缘儿女绕膝，需费浩繁，致不能按时捷寄，殊深抱愧，知我者伏祈谅之。,body_clean,0,7
CSQP-SFHC-TEXT-154,CSQP-SFHC-TEXT-154-EVID-0792,closing,婿黄居禧谨上,body_clean,298,304
CSQP-SFHC-TEXT-154,CSQP-SFHC-TEXT-154-EVID-0793,entities,sender=外洋黄居禧；recipient=潮汕岳母大人；relationship=son_in_law_to_parent_in_law；date=庚年（1950）十一月初四日；money=叁拾元；currency=港币；places=潮汕->广东侨乡；kinship=岳母；弟；儿；叔,body_clean,124,125
CSQP-SFHC-TEXT-155,CSQP-SFHC-TEXT-155-EVID-0794,opening,径启者，兹适年关在即，特修片函，藉资询候，幸托神天保佑，内外平安，略申告慰。,body_clean,9,47
CSQP-SFHC-TEXT-155,CSQP-SFHC-TEXT-155-EVID-0795,safety,径启者，兹适年关在即，特修片函，藉资询候，幸托神天保佑，内外平安，略申告慰。,body_clean,9,47
CSQP-SFHC-TEXT-155,CSQP-SFHC-TEXT-155-EVID-0796,remittance,兹逢顺便，外附港币三十六元，到祈查收。,body_clean,258,277
CSQP-SFHC-TEXT-155,CSQP-SFHC-TEXT-155-EVID-0797,family_care,至于礼熙侄儿来叻之后，营小生意，损失亦在四五佰之谱，该债迄今尚未清还，但礼熙侄以（已）于八月间荐人京果店任职，未知岂有寄项回家否？,body_clean,130,195
CSQP-SFHC-TEXT-155,CSQP-SFHC-TEXT-155-EVID-0798,instruction,窃自令婿炳桂抵叻之后，不久即生疾病，医药一概（概）损失，须在数佰元之度，该项乃由余及攀河所等为应付，是以家批少寄，即以此之故耳。；祈为示知，尤其攀河现时虽有营作，然为行情关系，生理【生意】寥寥，人息亦有所限。,body_clean,47,111
CSQP-SFHC-TEXT-155,CSQP-SFHC-TEXT-155-EVID-0799,entities,sender=外洋姆；recipient=潮汕二婶；relationship=younger_to_elder_kin；date=庚年（1950）十一月初八日；money=三十六元；currency=港币；places=潮汕->广东侨乡；叻->新加坡；kinship=儿；男；侄；媳；媳妇；婶；姑,body_clean,248,249
CSQP-SFHC-TEXT-156,CSQP-SFHC-TEXT-156-EVID-0800,opening,再赐娴兄台鉴：,body_clean,47,54
CSQP-SFHC-TEXT-156,CSQP-SFHC-TEXT-156-EVID-0801,safety,敬启者，久疏远候，不胜挂念，近祝玉体康健暨大妗、细姨等合家老少平安为颂。,body_clean,55,91
CSQP-SFHC-TEXT-156,CSQP-SFHC-TEXT-156-EVID-0802,remittance,港币叁拾伍元,body_clean,28,34
CSQP-SFHC-TEXT-156,CSQP-SFHC-TEXT-156-EVID-0803,family_care,敬启者，久疏远候，不胜挂念，近祝玉体康健暨大妗、细姨等合家老少平安为颂。；内呈港币贰拾元，分交大妗、细姨收用，又抹伍元，交厝边侄儿收，余拾元望祈笑纳为荷。,body_clean,55,91
CSQP-SFHC-TEXT-156,CSQP-SFHC-TEXT-156-EVID-0804,instruction,另者，内夹影（相）片三张，照字分交，祈为惠存耳。,body_clean,229,253
CSQP-SFHC-TEXT-156,CSQP-SFHC-TEXT-156-EVID-0805,closing,此致，敬请；庚十二月初九日 愚吴正标缄,body_clean,219,224
CSQP-SFHC-TEXT-156,CSQP-SFHC-TEXT-156-EVID-0806,entities,sender=柔佛吴正标；recipient=潮安鹳巢乡李再赐先生；relationship=sibling_or_same_generation_kin；date=庚十二月初九日；money=叁拾伍元；currency=港币；places=潮安->广东潮安；kinship=兄；儿；侄；妹；姑；妗,body_clean,168,169
CSQP-SFHC-TEXT-157,CSQP-SFHC-TEXT-157-EVID-0807,opening,慈亲大人膝下：,body_clean,48,55
CSQP-SFHC-TEXT-157,CSQP-SFHC-TEXT-157-EVID-0808,remittance,兹逢邮便，付去港币伍拾元，至时查收，作为家用可也。,body_clean,228,253
CSQP-SFHC-TEXT-157,CSQP-SFHC-TEXT-157-EVID-0809,instruction,目下唐中虽不注重英文，但将来外出谋生，英文定非常重要的，切要嘱他用心学习。；至于书法，更非苦心下工（功）夫不可，因为谋生上多用毛笔，钢笔定义适今，只要嘱他苦练为要。,body_clean,131,168
CSQP-SFHC-TEXT-157,CSQP-SFHC-TEXT-157-EVID-0810,closing,男树钊禀,body_clean,263,267
CSQP-SFHC-TEXT-157,CSQP-SFHC-TEXT-157-EVID-0811,entities,sender=叻宋树钊；recipient=汀邑下蓬家慈亲大人；relationship=child_to_parent；date=三月十二日，二月初五日；money=伍拾元；currency=港币；places=汀邑->广东澄海；叻->新加坡；kinship=慈亲；男,body_clean,96,97
CSQP-SFHC-TEXT-158,CSQP-SFHC-TEXT-158-EVID-0812,remittance,外并附上港币壹拾元，查收，以敬茶用。,body_clean,41,59
CSQP-SFHC-TEXT-158,CSQP-SFHC-TEXT-158-EVID-0813,closing,弟宝泉上,body_clean,69,73
CSQP-SFHC-TEXT-158,CSQP-SFHC-TEXT-158-EVID-0814,entities,sender=外洋宝泉；recipient=潮汕戊谦兄；relationship=sibling_or_same_generation_kin；date=一九五一四月六日；money=壹拾元；currency=港币；places=潮汕->广东侨乡；kinship=兄；弟,body_clean,69,70
CSQP-SFHC-TEXT-159,CSQP-SFHC-TEXT-159-EVID-0815,safety,内祈抹五元，送复源孙儿收用，余者以应家用，二地平安。,body_clean,106,132
CSQP-SFHC-TEXT-159,CSQP-SFHC-TEXT-159-EVID-0816,remittance,兹再顺批期之便，付上港币壹佰元，至希查收。；顷间接阅回批，各事暨悉，对于需要用物，候有亲返梓，自当寄去。,body_clean,85,106
CSQP-SFHC-TEXT-159,CSQP-SFHC-TEXT-159-EVID-0817,family_care,御卿贤妻收次：；内祈抹五元，送复源孙儿收用，余者以应家用，二地平安。,body_clean,3,10
CSQP-SFHC-TEXT-159,CSQP-SFHC-TEXT-159-EVID-0818,closing,愚强兴手书,body_clean,142,147
CSQP-SFHC-TEXT-159,CSQP-SFHC-TEXT-159-EVID-0819,entities,sender=外洋强兴；recipient=潮汕御卿贤妻；relationship=spouse_to_spouse；date=辛（1951）五月初三日；money=壹佰元；currency=港币；places=潮汕->广东侨乡；kinship=妻；贤妻；儿；孙；叔,body_clean,5,7
CSQP-SFHC-TEXT-160,CSQP-SFHC-TEXT-160-EVID-0820,opening,母亲大人膝下：,body_clean,46,53
CSQP-SFHC-TEXT-160,CSQP-SFHC-TEXT-160-EVID-0821,remittance,兹奉上港币四十元，计奉上祖母大人、外祖母大人、并大人暨夏塘姑娘各伍元，丽妹、彭弟、宽弟各给弍元，以为年关腰金之喜，余存十四元以为家中之用，余后禀。,body_clean,161,234
CSQP-SFHC-TEXT-160,CSQP-SFHC-TEXT-160-EVID-0822,family_care,母亲大人膝下：；忆男离家已满两年，对于做人职务各节，均赖父亲指导，不致行错迷途，略足告慰耳。,body_clean,46,53
CSQP-SFHC-TEXT-160,CSQP-SFHC-TEXT-160-EVID-0823,instruction,至于男明春职业问题，刻虽尚未决定，然自料不致彷徨，无所依栖，须静候十日后过年之时自知分晓，然后禀知，请免挂念。,body_clean,106,161
CSQP-SFHC-TEXT-160,CSQP-SFHC-TEXT-160-EVID-0824,closing,男永绵谨禀,body_clean,244,249
CSQP-SFHC-TEXT-160,CSQP-SFHC-TEXT-160-EVID-0825,entities,sender=香高永绵；recipient=澄海县上华区高永彭先生；relationship=child_to_parent；date=辛十二月十九日；money=肆拾元；currency=港币；places=香港；澄海->广东澄海；kinship=母亲；父亲；祖母；外祖母；弟；男；妹；姑,body_clean,88,90
CSQP-SFHC-TEXT-161,CSQP-SFHC-TEXT-161-EVID-0826,opening,慈亲大人尊前：,body_clean,43,50
CSQP-SFHC-TEXT-161,CSQP-SFHC-TEXT-161-EVID-0827,safety,幸喜两地平安，不胜欣慰。,body_clean,144,156
CSQP-SFHC-TEXT-161,CSQP-SFHC-TEXT-161-EVID-0828,remittance,今承羽便，奉上港币四拾元正，到希查收。,body_clean,156,175
CSQP-SFHC-TEXT-161,CSQP-SFHC-TEXT-161-EVID-0829,family_care,内计伍元母亲大人收启，又计拾元侄女芬收启，计伍元南梅弟妇收启，余存之款，交南梅弟妇帮为伙食之需。；儿宋璧初顿,body_clean,175,223
CSQP-SFHC-TEXT-161,CSQP-SFHC-TEXT-161-EVID-0830,closing,顺此，并候；儿宋璧初顿,body_clean,223,228
CSQP-SFHC-TEXT-161,CSQP-SFHC-TEXT-161-EVID-0831,entities,sender=星宋璧初；recipient=澄邑樟林宋南梅先生；relationship=child_to_parent；date=壬六月十五日；money=四拾元；currency=港币；places=新加坡；澄邑->广东澄海；kinship=慈亲；母亲；弟；儿；侄,body_clean,179,181
CSQP-SFHC-TEXT-162,CSQP-SFHC-TEXT-162-EVID-0832,opening,妙婆姻姊、家国姻弟如晤：,body_clean,0,12
CSQP-SFHC-TEXT-162,CSQP-SFHC-TEXT-162-EVID-0833,safety,幸托神天保祐（佑），两地平安，喜之胜也。,body_clean,40,60
CSQP-SFHC-TEXT-162,CSQP-SFHC-TEXT-162-EVID-0834,remittance,今特邮便，寄上香港银式拾元正，若祈到时，照为查收，呈送与姻姊弟二位作为腰金之用，区区微仪，务希哂纳乃荷。；另外，暗汇上香港银捌拾元正，至时亦劳照收，留作二儿日常之费耳。,body_clean,108,160
CSQP-SFHC-TEXT-162,CSQP-SFHC-TEXT-162-EVID-0835,family_care,惟对于二儿健康，愚望尽力持携，是之至感耳。；另外，暗汇上香港银捌拾元正，至时亦劳照收，留作二儿日常之费耳。,body_clean,60,81
CSQP-SFHC-TEXT-162,CSQP-SFHC-TEXT-162-EVID-0836,closing,专此致陈，余容后申。；叻坡陈镜海泐,body_clean,191,201
CSQP-SFHC-TEXT-162,CSQP-SFHC-TEXT-162-EVID-0837,entities,sender=叻坡陈镜梅；recipient=潮汕妙姿姻姊、家国姻弟；relationship=sibling_or_same_generation_kin；date=一九五三年元月廿八日；money=式拾元；currency=银元；places=叻坡->新加坡；香港；潮汕->广东侨乡；叻->新加坡；kinship=弟；儿；姊,body_clean,115,117
CSQP-SFHC-TEXT-163,CSQP-SFHC-TEXT-163-EVID-0838,opening,慈亲大人膝下：,body_clean,44,51
CSQP-SFHC-TEXT-163,CSQP-SFHC-TEXT-163-EVID-0839,remittance,刻值大轮转国之便，恭具寸草，外并港币捌拾元正，至时查收，以家情之需。,body_clean,78,112
CSQP-SFHC-TEXT-163,CSQP-SFHC-TEXT-163-EVID-0840,family_care,儿丁南谨上,body_clean,134,139
CSQP-SFHC-TEXT-163,CSQP-SFHC-TEXT-163-EVID-0841,instruction,敬禀者，是月得接教谕，跪诵之后，各嘱藉已领悉，免介。,body_clean,52,78
CSQP-SFHC-TEXT-163,CSQP-SFHC-TEXT-163-EVID-0842,closing,儿丁南谨上,body_clean,134,139
CSQP-SFHC-TEXT-163,CSQP-SFHC-TEXT-163-EVID-0843,entities,sender=越姚丁南；recipient=潮安南桂区家慈亲大人；relationship=child_to_parent；date=癸三月初七日；money=捌拾元；currency=港币；places=安南->越南；潮安->广东潮安；kinship=慈亲；儿,body_clean,134,135
CSQP-SFHC-TEXT-164,CSQP-SFHC-TEXT-164-EVID-0844,opening,敬启者，兹于接读上月所赐回音，内详等情经以（已）聆悉。,body_clean,13,40
CSQP-SFHC-TEXT-164,CSQP-SFHC-TEXT-164-EVID-0845,remittance,今特逢邮之便，寄上香港银壹佰元正，到时查收，作给儿子之费用也。,body_clean,152,183
CSQP-SFHC-TEXT-164,CSQP-SFHC-TEXT-164-EVID-0846,family_care,今特逢邮之便，寄上香港银壹佰元正，到时查收，作给儿子之费用也。,body_clean,152,183
CSQP-SFHC-TEXT-164,CSQP-SFHC-TEXT-164-EVID-0847,closing,专此致陈，余候后申。；一九五三年三月初九日 叻坡陈镜海泐,body_clean,183,193
CSQP-SFHC-TEXT-164,CSQP-SFHC-TEXT-164-EVID-0848,entities,sender=叻坡陈镜梅；recipient=潮汕家国姻弟、妙姿姻姊；relationship=sibling_or_same_generation_kin；date=一九五三年三月初九日；money=壹佰元；currency=银元；places=叻坡->新加坡；香港；潮汕->广东侨乡；叻->新加坡；kinship=弟；儿；姊,body_clean,161,163
CSQP-SFHC-TEXT-165,CSQP-SFHC-TEXT-165-EVID-0849,opening,慈亲大人膝下：,body_clean,0,7
CSQP-SFHC-TEXT-165,CSQP-SFHC-TEXT-165-EVID-0850,remittance,谨禀者，刻适邮便，奉上港币伍拾元，到请检收，充作家用。,body_clean,8,35
CSQP-SFHC-TEXT-165,CSQP-SFHC-TEXT-165-EVID-0851,family_care,儿攀河叩,body_clean,77,81
CSQP-SFHC-TEXT-165,CSQP-SFHC-TEXT-165-EVID-0852,closing,肃此致禀。,body_clean,65,70
CSQP-SFHC-TEXT-165,CSQP-SFHC-TEXT-165-EVID-0853,entities,sender=外洋攀河；recipient=潮汕慈亲大人；relationship=child_to_parent；date=一九五三年十二月廿九日；money=伍拾元；currency=港币；places=潮汕->广东侨乡；kinship=慈亲；弟；儿,body_clean,38,39
CSQP-SFHC-TEXT-166,CSQP-SFHC-TEXT-166-EVID-0854,opening,迳（径）启者，兹接来信，藉悉一切，甚慰也。,body_clean,55,76
CSQP-SFHC-TEXT-166,CSQP-SFHC-TEXT-166-EVID-0855,remittance,今适值航期之便，付呈港币伍拾元，至时查收，聊作春耕之急需。,body_clean,103,132
CSQP-SFHC-TEXT-166,CSQP-SFHC-TEXT-166-EVID-0856,closing,公元一九五四年元月十五日 叻愚姐陈禅兰托,body_clean,153,173
CSQP-SFHC-TEXT-166,CSQP-SFHC-TEXT-166-EVID-0857,entities,sender=叻陈禅兰；recipient=潮安秋溪陈炎梅先生；relationship=social_or_business；date=一九五四年元月十五日；money=伍拾元；currency=港币；places=潮安->广东潮安；叻->新加坡；kinship=弟；姐,body_clean,132,133
CSQP-SFHC-TEXT-167,CSQP-SFHC-TEXT-167-EVID-0858,opening,慈亲大人尊前：,body_clean,48,55
CSQP-SFHC-TEXT-167,CSQP-SFHC-TEXT-167-EVID-0859,remittance,因轮之便，寄去港币肆拾元，到日收人，以助家情之需。,body_clean,104,129
CSQP-SFHC-TEXT-167,CSQP-SFHC-TEXT-167-EVID-0860,family_care,儿仕泉上,body_clean,155,159
CSQP-SFHC-TEXT-167,CSQP-SFHC-TEXT-167-EVID-0861,closing,儿仕泉上,body_clean,155,159
CSQP-SFHC-TEXT-167,CSQP-SFHC-TEXT-167-EVID-0862,entities,sender=叻廖仕泉；recipient=潮安第七区家慈亲大人；relationship=child_to_parent；date=一九五四年二月初六日；money=肆拾元；currency=港币；places=潮安->广东潮安；叻->新加坡；kinship=慈亲；儿,body_clean,155,156
CSQP-SFHC-TEXT-168,CSQP-SFHC-TEXT-168-EVID-0863,remittance,兹付去柒拾伍元，查收家用，余言后信再申。,body_clean,165,185
CSQP-SFHC-TEXT-168,CSQP-SFHC-TEXT-168-EVID-0864,family_care,去日接来家信，知家中安宁，甚慰。,body_clean,55,71
CSQP-SFHC-TEXT-168,CSQP-SFHC-TEXT-168-EVID-0865,closing,张乾兴上,body_clean,197,201
CSQP-SFHC-TEXT-168,CSQP-SFHC-TEXT-168-EVID-0866,entities,sender=叻张乾兴；recipient=潮安西洋乡张君远吾儿；relationship=parent_to_child；date=一九五四年十一月十日；money=柒拾伍元；currency=港币；places=潮安->广东潮安；西洋乡->广东侨乡西洋乡；叻->新加坡；kinship=儿；姑,body_clean,149,150
CSQP-SFHC-TEXT-169,CSQP-SFHC-TEXT-169-EVID-0867,safety,平安；惟向禄禄平康，遂致音问鲜通，愿内外两地平安，是侄女喜之望也。,body_clean,162,164
CSQP-SFHC-TEXT-169,CSQP-SFHC-TEXT-169-EVID-0868,remittance,兹顺便付上港币叁拾元，内计抹给吾儿培松五元收用，男奉送吾义母五元，以作茶果之需，余遗廿元，以供作吾姐家用之要。；内计抹五元，奉送祖母大人，再抹五元，送交家母大人收用，并五元给胞弟树彪收用，余遗五元，以供大人茶品之需，尚希笑纳多多。,body_clean,104,159
CSQP-SFHC-TEXT-169,CSQP-SFHC-TEXT-169-EVID-0869,family_care,至关吾儿培松，今已年逾长大，未明年来，及至迩近学作何事业，并目下住址在何处，祈吾姊示知。；兹顺便付上港币叁拾元，内计抹给吾儿培松五元收用，男奉送吾义母五元，以作茶果之需，余遗廿元，以供作吾姐家用之要。,body_clean,60,104
CSQP-SFHC-TEXT-169,CSQP-SFHC-TEXT-169-EVID-0870,closing,侄女瑞香上言,body_clean,324,330
CSQP-SFHC-TEXT-169,CSQP-SFHC-TEXT-169-EVID-0871,entities,sender=外洋锦邓寄潮汕锦娥吾姊；甲午年（1955）完月（十二月）十八日，外洋瑞香；recipient=潮汕姑母大人；relationship=sibling_or_same_generation_kin；date=旧完月（十二月）十八日（1955）；money=叁拾元；currency=港币；places=潮汕->广东侨乡；kinship=祖母；弟；儿；男；侄；姊；姐；姑,body_clean,31,32
CSQP-SFHC-TEXT-170,CSQP-SFHC-TEXT-170-EVID-0872,opening,慈亲大人尊前：,body_clean,0,7
CSQP-SFHC-TEXT-170,CSQP-SFHC-TEXT-170-EVID-0873,remittance,呈上二十元，查收应用。,body_clean,8,19
CSQP-SFHC-TEXT-170,CSQP-SFHC-TEXT-170-EVID-0874,family_care,儿木辉,body_clean,73,76
CSQP-SFHC-TEXT-170,CSQP-SFHC-TEXT-170-EVID-0875,entities,sender=外洋木辉；recipient=潮汕慈亲大人；relationship=child_to_parent；date=55年5月1日；money=二十元；currency=元；places=潮汕->广东侨乡；kinship=慈亲；儿,body_clean,73,74
CSQP-SFHC-TEXT-171,CSQP-SFHC-TEXT-171-EVID-0876,opening,岳母大人膝下：,body_clean,0,7
CSQP-SFHC-TEXT-171,CSQP-SFHC-TEXT-171-EVID-0877,safety,敬禀者，令爱在汕趁（乘）大宝安轮南来，业经于十月三十日，水陆一路平安，安抵星洲，希免锦念耳。,body_clean,8,54
CSQP-SFHC-TEXT-171,CSQP-SFHC-TEXT-171-EVID-0878,remittance,兹逢批期之便，奉上港币伍拾元，到时查收。,body_clean,54,74
CSQP-SFHC-TEXT-171,CSQP-SFHC-TEXT-171-EVID-0879,family_care,岳母大人膝下：,body_clean,0,7
CSQP-SFHC-TEXT-171,CSQP-SFHC-TEXT-171-EVID-0880,instruction,另外，对于祖先忌际（祭），无须过虑，叻中自有际（祭）拜，希免介耳。,body_clean,124,157
CSQP-SFHC-TEXT-171,CSQP-SFHC-TEXT-171-EVID-0881,closing,婚御泰叩禀,body_clean,167,172
CSQP-SFHC-TEXT-171,CSQP-SFHC-TEXT-171-EVID-0882,entities,sender=外洋御泰；recipient=潮汕岳母大人；relationship=son_in_law_to_parent_in_law；date=一九五五年十二月十四日；money=伍拾元；currency=港币；places=星洲->新加坡；潮汕->广东侨乡；叻->新加坡；kinship=岳母,evidence_entities,,
CSQP-SFHC-TEXT-172,CSQP-SFHC-TEXT-172-EVID-0883,opening,家树荣吾兄台鉴：,body_clean,0,8
CSQP-SFHC-TEXT-172,CSQP-SFHC-TEXT-172-EVID-0884,safety,近来贵体定必康健，起居百吉，为颂为祝也。；弟等在外托庇平安，望免介念也。,body_clean,30,50
CSQP-SFHC-TEXT-172,CSQP-SFHC-TEXT-172-EVID-0885,remittance,兹逢空邮之便，寄上一信，外并港币壹佰元正，至祈检收。,body_clean,50,76
CSQP-SFHC-TEXT-172,CSQP-SFHC-TEXT-172-EVID-0886,family_care,内计抹出二十元，交前陇母姨收用，又抹出二十元，交木德兄收用，又抹出十元，交瑞裕嫂收用，又抹出十元，交声荣弟收用，余者四十元，以应吾兄之需用。,body_clean,76,146
CSQP-SFHC-TEXT-172,CSQP-SFHC-TEXT-172-EVID-0887,closing,弟潘贤伟顿,body_clean,176,181
CSQP-SFHC-TEXT-172,CSQP-SFHC-TEXT-172-EVID-0888,entities,sender=外洋潘贤伟；recipient=潮汕树荣；relationship=sibling_or_same_generation_kin；date=一九五六年元月廿四日；money=壹佰元；currency=港币；places=潮汕->广东侨乡；kinship=嫂；兄；弟,body_clean,4,5
CSQP-SFHC-TEXT-173,CSQP-SFHC-TEXT-173-EVID-0889,opening,启者，久未通候，至为念也，遥维合家平安，为颂为祷。,body_clean,54,79
CSQP-SFHC-TEXT-173,CSQP-SFHC-TEXT-173-EVID-0890,safety,启者，久未通候，至为念也，遥维合家平安，为颂为祷。,body_clean,54,79
CSQP-SFHC-TEXT-173,CSQP-SFHC-TEXT-173-EVID-0891,remittance,兹逢邮便，呈来港币银壹拾元正，到请检收，藉作茶茗之需可也，特此告达。,body_clean,94,128
CSQP-SFHC-TEXT-173,CSQP-SFHC-TEXT-173-EVID-0892,family_care,启者，久未通候，至为念也，遥维合家平安，为颂为祷。,body_clean,54,79
CSQP-SFHC-TEXT-173,CSQP-SFHC-TEXT-173-EVID-0893,closing,妹谢琴音敬上,body_clean,140,146
CSQP-SFHC-TEXT-173,CSQP-SFHC-TEXT-173-EVID-0894,entities,sender=叻谢琴音；recipient=潮安鹳巢乡李再赐先生；relationship=social_or_business；date=一九五六年四月廿八日；money=壹拾元；currency=港币；places=潮安->广东潮安；叻->新加坡；kinship=妹,evidence_entities,,
CSQP-SFHC-TEXT-174,CSQP-SFHC-TEXT-174-EVID-0895,opening,岳母亲大人尊前：,body_clean,0,8
CSQP-SFHC-TEXT-174,CSQP-SFHC-TEXT-174-EVID-0896,safety,敬启者，前接来函，各情详悉，知玉体安康，家中均各平安，慰之。,body_clean,9,39
CSQP-SFHC-TEXT-174,CSQP-SFHC-TEXT-174-EVID-0897,remittance,今逢便时，付上港币叁拾元正，到祈查收，内中抹五元交大姨之用，又抹五元交溪东姨之用，余存弍拾元，作大人之费用可也。,body_clean,82,138
CSQP-SFHC-TEXT-174,CSQP-SFHC-TEXT-174-EVID-0898,family_care,岳母亲大人尊前：；敬启者，前接来函，各情详悉，知玉体安康，家中均各平安，慰之。,body_clean,0,8
CSQP-SFHC-TEXT-174,CSQP-SFHC-TEXT-174-EVID-0899,closing,婚正贤、女遂芯合禀,body_clean,175,184
CSQP-SFHC-TEXT-174,CSQP-SFHC-TEXT-174-EVID-0900,entities,sender=外洋正贤、遂心；recipient=潮汕岳母大人；relationship=son_in_law_to_parent_in_law；date=1957年7月28日；money=叁拾元；currency=港币；places=潮汕->广东侨乡；kinship=母亲；岳母,body_clean,0,2
CSQP-SFHC-TEXT-175,CSQP-SFHC-TEXT-175-EVID-0901,remittance,港币贰拾元,body_clean,29,34
CSQP-SFHC-TEXT-175,CSQP-SFHC-TEXT-175-EVID-0902,entities,sender=叻郑奕江；recipient=汕头华侨中学校郑万里吾儿；relationship=parent_to_child；date=一九五七年；money=贰拾元；currency=港币；places=汕头->广东汕头；叻->新加坡；kinship=儿,evidence_entities,,
CSQP-SFHC-TEXT-176,CSQP-SFHC-TEXT-176-EVID-0903,opening,岳母大人侍右：,body_clean,0,7
CSQP-SFHC-TEXT-176,CSQP-SFHC-TEXT-176-EVID-0904,remittance,伍拾元,body_clean,94,97
CSQP-SFHC-TEXT-176,CSQP-SFHC-TEXT-176-EVID-0905,family_care,岳母大人侍右：,body_clean,0,7
CSQP-SFHC-TEXT-176,CSQP-SFHC-TEXT-176-EVID-0906,closing,婚黄居禧拜上,body_clean,117,123
CSQP-SFHC-TEXT-176,CSQP-SFHC-TEXT-176-EVID-0907,entities,sender=外洋黄居禧；recipient=潮汕岳母大人；relationship=son_in_law_to_parent_in_law；date=一九五八年三月五日；money=伍拾元；currency=元；places=潮汕->广东侨乡；kinship=岳母,evidence_entities,,
CSQP-SFHC-TEXT-177,CSQP-SFHC-TEXT-177-EVID-0908,remittance,兹付去人民币三十六元二角七分，至请查收，以付应用，余候后寄。,body_clean,157,187
CSQP-SFHC-TEXT-177,CSQP-SFHC-TEXT-177-EVID-0909,family_care,丘氏我妻：；接儿女来信，知家中老少安宁，我心甚慰。,body_clean,0,5
CSQP-SFHC-TEXT-177,CSQP-SFHC-TEXT-177-EVID-0910,instruction,一切以俭为本，不可太过开销，以免欠债太多，无法应还之误，是为至要。,body_clean,124,157
CSQP-SFHC-TEXT-177,CSQP-SFHC-TEXT-177-EVID-0911,closing,此问,body_clean,187,189
CSQP-SFHC-TEXT-177,CSQP-SFHC-TEXT-177-EVID-0912,entities,sender=外洋杰民；recipient=潮汕丘氏吾妻；relationship=spouse_to_spouse；date=一九五八年十月十四日；money=三十六元；currency=元；places=叻坡->新加坡；潮汕->广东侨乡；叻->新加坡；kinship=妻；儿,body_clean,7,8
CSQP-SFHC-TEXT-178,CSQP-SFHC-TEXT-178-EVID-0913,opening,家贤保吾兄如晤：,body_clean,0,8
CSQP-SFHC-TEXT-178,CSQP-SFHC-TEXT-178-EVID-0914,safety,幸蒙神天保佑，两地平安，喜之胜也，余言后申。,body_clean,159,181
CSQP-SFHC-TEXT-178,CSQP-SFHC-TEXT-178-EVID-0915,remittance,港币壹佰元,body_clean,85,90
CSQP-SFHC-TEXT-178,CSQP-SFHC-TEXT-178-EVID-0916,family_care,内抹出十元，交前陇母姨收，另抹十元，交木德兄收用，另抹十元交声荣弟收用，信到之日，祈照字分送了布，余者七十元，以供吾兄之需。,body_clean,97,159
CSQP-SFHC-TEXT-178,CSQP-SFHC-TEXT-178-EVID-0917,closing,潘贤伟顿,body_clean,191,195
CSQP-SFHC-TEXT-178,CSQP-SFHC-TEXT-178-EVID-0918,entities,sender=外洋潘贤伟；recipient=潮汕家贤保吾兄；relationship=sibling_or_same_generation_kin；date=一九五九年元月廿六日；money=壹佰元；currency=港币；places=潮汕->广东侨乡；kinship=兄；弟,body_clean,129,130
CSQP-SFHC-TEXT-179,CSQP-SFHC-TEXT-179-EVID-0919,opening,慈亲大人纳福：,body_clean,43,50
CSQP-SFHC-TEXT-179,CSQP-SFHC-TEXT-179-EVID-0920,safety,且喜内外长幼平安，极慰。,body_clean,67,79
CSQP-SFHC-TEXT-179,CSQP-SFHC-TEXT-179-EVID-0921,remittance,刻附港币陆拾元，至请查收应用。,body_clean,174,189
CSQP-SFHC-TEXT-179,CSQP-SFHC-TEXT-179-EVID-0922,family_care,儿张旭秋泐,body_clean,210,215
CSQP-SFHC-TEXT-179,CSQP-SFHC-TEXT-179-EVID-0923,instruction,恐防买错，祈为示知，以便买付。,body_clean,132,147
CSQP-SFHC-TEXT-179,CSQP-SFHC-TEXT-179-EVID-0924,closing,儿张旭秋泐,body_clean,210,215
CSQP-SFHC-TEXT-179,CSQP-SFHC-TEXT-179-EVID-0925,entities,sender=叻张旭秋；recipient=潮安南桂郑淑坚先生；relationship=child_to_parent；date=己三月廿九日；money=陆拾元；currency=港币；places=安南->越南；潮安->广东潮安；叻->新加坡；kinship=慈亲；儿,body_clean,210,211
CSQP-SFHC-TEXT-180,CSQP-SFHC-TEXT-180-EVID-0926,opening,慈亲大人膝下：,body_clean,0,7
CSQP-SFHC-TEXT-180,CSQP-SFHC-TEXT-180-EVID-0927,safety,比维大人，近来玉体康健，老少平安，诸事合想，儿等之远颂耳。；二地平安，慰之可也。,body_clean,28,57
CSQP-SFHC-TEXT-180,CSQP-SFHC-TEXT-180-EVID-0928,family_care,比维大人，近来玉体康健，老少平安，诸事合想，儿等之远颂耳。；合家平安,body_clean,28,57
CSQP-SFHC-TEXT-180,CSQP-SFHC-TEXT-180-EVID-0929,closing,儿成子梅托,body_clean,102,107
CSQP-SFHC-TEXT-180,CSQP-SFHC-TEXT-180-EVID-0930,entities,sender=叻成子梅；recipient=潮汕慈座大人；relationship=child_to_parent；date=壬寅年（1962）八月十八日；places=潮汕->广东侨乡；叻->新加坡；kinship=慈亲；儿,body_clean,50,51
CSQP-SFHC-TEXT-181,CSQP-SFHC-TEXT-181-EVID-0931,opening,慈亲大人：,body_clean,46,51
CSQP-SFHC-TEXT-181,CSQP-SFHC-TEXT-181-EVID-0932,remittance,兹奉上港币壹佰元正，到请查收，覆慰。,body_clean,220,238
CSQP-SFHC-TEXT-181,CSQP-SFHC-TEXT-181-EVID-0933,family_care,儿一家五口生活费用，支出浩繁，收支失克平衡，若无友侪相扶持，实难以支撑。；是次奉上之款项，也移挪于友人，虽负担艰巨，但急于需用，也责无旁贷，唯望新机来临，以改困极，为表近况，特为告明，请大人免为远念，一切儿自有法应付，请保重玉体为要。,body_clean,104,140
CSQP-SFHC-TEXT-181,CSQP-SFHC-TEXT-181-EVID-0934,closing,儿金乾叩上,body_clean,248,253
CSQP-SFHC-TEXT-181,CSQP-SFHC-TEXT-181-EVID-0935,entities,sender=暹罗许金乾；recipient=汀樟藉乡母亲；relationship=child_to_parent；date=一九六三年十一月廿二日；money=壹佰元；currency=港币；places=暹罗->泰国；泰国；暹->泰国；kinship=慈亲；母亲；儿,body_clean,18,20
CSQP-SFHC-TEXT-182,CSQP-SFHC-TEXT-182-EVID-0936,opening,母亲大人尊前：,body_clean,49,56
CSQP-SFHC-TEXT-182,CSQP-SFHC-TEXT-182-EVID-0937,remittance,敬禀者，兹逢羽便，寄上港币柒拾伍元，至时查收，以作家用可也。,body_clean,57,87
CSQP-SFHC-TEXT-182,CSQP-SFHC-TEXT-182-EVID-0938,family_care,母亲大人尊前：,body_clean,49,56
CSQP-SFHC-TEXT-182,CSQP-SFHC-TEXT-182-EVID-0939,closing,其岳上,body_clean,194,197
CSQP-SFHC-TEXT-182,CSQP-SFHC-TEXT-182-EVID-0940,entities,sender=陈其岳；recipient=潮安鳌头洋东乡母亲大人；relationship=child_to_parent；date=一九六四年五月十三日；money=柒拾伍元；currency=港币；places=潮安->广东潮安；kinship=母亲,evidence_entities,,
CSQP-SFHC-TEXT-183,CSQP-SFHC-TEXT-183-EVID-0941,safety,叻中父子平安，免介。,body_clean,99,109
CSQP-SFHC-TEXT-183,CSQP-SFHC-TEXT-183-EVID-0942,remittance,兹逢便，外奉上港币伍拾元，至祈查收，以作家情之用。,body_clean,54,79
CSQP-SFHC-TEXT-183,CSQP-SFHC-TEXT-183-EVID-0943,family_care,亚噯贤妻收次：；叻中父子平安，免介。,body_clean,46,53
CSQP-SFHC-TEXT-183,CSQP-SFHC-TEXT-183-EVID-0944,closing,此致，并询；夫捷树启,body_clean,109,114
CSQP-SFHC-TEXT-183,CSQP-SFHC-TEXT-183-EVID-0945,entities,sender=叻陈捷树；recipient=潮安鳌头沈亚噯荆妻；relationship=spouse_to_spouse；date=甲辰年十一月十一日；money=伍拾元；currency=港币；places=潮安->广东潮安；叻->新加坡；kinship=妻；荆妻；贤妻,body_clean,20,22
CSQP-SFHC-TEXT-184,CSQP-SFHC-TEXT-184-EVID-0946,opening,外祖父母大人膝下：,body_clean,0,9
CSQP-SFHC-TEXT-184,CSQP-SFHC-TEXT-184-EVID-0947,remittance,寄上港币伍拾元正，奉呈曾祖父与祖父母作为腰金。；上日孙儿寄上两顶羊毛帽，未卜已接到否？,body_clean,147,170
CSQP-SFHC-TEXT-184,CSQP-SFHC-TEXT-184-EVID-0948,family_care,外祖父母大人膝下：；敬禀者，恭维新春迪吉，万事如意，近来工作可否忙碌，祖父年已高迈，虽应尽力为人民服务，但也不可操劳过度，恐有碍贵体，更觉念甚！,body_clean,0,9
CSQP-SFHC-TEXT-184,CSQP-SFHC-TEXT-184-EVID-0949,instruction,敬禀者，恭维新春迪吉，万事如意，近来工作可否忙碌，祖父年已高迈，虽应尽力为人民服务，但也不可操劳过度，恐有碍贵体，更觉念甚！；并在来谕之中，夹上证明须 H3 四□（罐），以便投寄。,body_clean,10,72
CSQP-SFHC-TEXT-184,CSQP-SFHC-TEXT-184-EVID-0950,closing,顺此，余言后禀。,body_clean,254,262
CSQP-SFHC-TEXT-184,CSQP-SFHC-TEXT-184-EVID-0951,entities,sender=外洋振海；recipient=潮汕外祖父母大人；relationship=grandchild_to_grandparent；date=一九六六年一月七日；money=伍拾元；currency=港币；places=潮汕->广东侨乡；kinship=祖父；外祖父；外祖父母；儿；孙,body_clean,0,3
CSQP-SFHC-TEXT-185,CSQP-SFHC-TEXT-185-EVID-0952,opening,慈亲大人尊前：,body_clean,48,55
CSQP-SFHC-TEXT-185,CSQP-SFHC-TEXT-185-EVID-0953,remittance,敬禀者，兹逢航便，寄了港币伍拾元正，到祈查收。,body_clean,56,79
CSQP-SFHC-TEXT-185,CSQP-SFHC-TEXT-185-EVID-0954,closing,女玩娇上,body_clean,113,117
CSQP-SFHC-TEXT-185,CSQP-SFHC-TEXT-185-EVID-0955,entities,sender=叻陈玩娇；recipient=潮安鳌头乡陈广标先生；relationship=child_to_parent；date=一九六六年十月十二日；money=伍拾元；currency=银元；places=潮安->广东潮安；叻->新加坡；kinship=慈亲,evidence_entities,,
CSQP-SFHC-TEXT-186,CSQP-SFHC-TEXT-186-EVID-0956,remittance,现在邮上港币七十五元，作为家用，请查收，其它的事下信再告。,body_clean,228,257
CSQP-SFHC-TEXT-186,CSQP-SFHC-TEXT-186-EVID-0957,family_care,敬爱的母亲：；你的来信收到了，知母亲因儿等的远离膝下而劳费神，儿等也以未能面领教益而更增儒慕。,body_clean,52,58
CSQP-SFHC-TEXT-186,CSQP-SFHC-TEXT-186-EVID-0958,closing,儿裕潮上,body_clean,264,268
CSQP-SFHC-TEXT-186,CSQP-SFHC-TEXT-186-EVID-0959,entities,sender=马来亚郑裕潮；recipient=潮安县东风乡家慈亲大人；relationship=child_to_parent；date=1967年5月12日；money=柒拾伍元；currency=港币；places=潮安->广东潮安；东凤->广东潮安东凤；kinship=慈亲；母亲；弟；儿,body_clean,55,57
CSQP-SFHC-TEXT-187,CSQP-SFHC-TEXT-187-EVID-0960,opening,外祖父母大人尊前：,body_clean,0,9
CSQP-SFHC-TEXT-187,CSQP-SFHC-TEXT-187-EVID-0961,remittance,今特着孙儿奉寄此书信，拜问祖父母，福体安康，诸事胜常，并外寄港币壹佰元正，聊作祖父母烟果之资。；敬禀者，于昨天孙儿寄上一信，谅已先收到。,body_clean,116,163
CSQP-SFHC-TEXT-187,CSQP-SFHC-TEXT-187-EVID-0962,family_care,外祖父母大人尊前：；敬禀者，于昨天孙儿寄上一信，谅已先收到。,body_clean,0,9
CSQP-SFHC-TEXT-187,CSQP-SFHC-TEXT-187-EVID-0963,closing,顺此禀告，余容后禀。,body_clean,163,173
CSQP-SFHC-TEXT-187,CSQP-SFHC-TEXT-187-EVID-0964,entities,sender=外洋振海；recipient=潮汕外祖父母大人；relationship=grandchild_to_grandparent；date=一九六八年九月八日；money=壹佰元；currency=港币；places=潮汕->广东侨乡；kinship=父亲；祖父；外祖父；外祖父母；儿；孙,body_clean,1,3
CSQP-SFHC-TEXT-188,CSQP-SFHC-TEXT-188-EVID-0965,opening,贤进姻兄如晤：,body_clean,49,56
CSQP-SFHC-TEXT-188,CSQP-SFHC-TEXT-188-EVID-0966,safety,启者，久未修书致候，抱歉殊深，恭维起居佳胜为祝。；兹值新春于（伊）始，万象更新，恭祝阖宅平安为祝。,body_clean,57,81
CSQP-SFHC-TEXT-188,CSQP-SFHC-TEXT-188-EVID-0967,remittance,兹逢航便，寄上港币叁佰元，内抹交二妗壹佰元，抹交贤宝姻兄壹佰元，至祈代为投交为盼，并代贤宝兄及二妗致候为盼。,body_clean,105,159
CSQP-SFHC-TEXT-188,CSQP-SFHC-TEXT-188-EVID-0968,entities,sender=泰国黄璋发；recipient=潮安秋溪都陈贤进姻兄；relationship=sibling_or_same_generation_kin；date=1972年1月25日；money=叁佰元；currency=港币；places=泰国；潮安->广东潮安；kinship=兄；弟；妗,body_clean,175,176
CSQP-SFHC-TEXT-189,CSQP-SFHC-TEXT-189-EVID-0969,opening,绍浩兄台如晤：,body_clean,0,7
CSQP-SFHC-TEXT-189,CSQP-SFHC-TEXT-189-EVID-0970,remittance,兹寄香币肆拾元正，到时查收，以作兄台茶果之敬，尚希笑纳是幸。,body_clean,156,186
CSQP-SFHC-TEXT-189,CSQP-SFHC-TEXT-189-EVID-0971,closing,愚蓝松江手启,body_clean,211,217
CSQP-SFHC-TEXT-189,CSQP-SFHC-TEXT-189-EVID-0972,entities,sender=外洋蓝松江；recipient=潮汕绍浩兄台；relationship=sibling_or_same_generation_kin；date=一九七三年八月廿九日；money=肆拾元；currency=元；places=潮汕->广东侨乡；kinship=兄；弟,body_clean,75,76
CSQP-SFHC-TEXT-190,CSQP-SFHC-TEXT-190-EVID-0973,opening,岳双亲大人尊前：,body_clean,0,8
CSQP-SFHC-TEXT-190,CSQP-SFHC-TEXT-190-EVID-0974,remittance,兹由亚才汇上人民币壹佰伍拾元，到时查收。,body_clean,201,221
CSQP-SFHC-TEXT-190,CSQP-SFHC-TEXT-190-EVID-0975,family_care,凤光孙儿经于农历十一月廿六日完婚，本次婚事，草草而以（已），不请客，只做三桌（桌）请至亲，二老叔与亚燕，因居服未满百日，不能参与婚事。,body_clean,34,101
CSQP-SFHC-TEXT-190,CSQP-SFHC-TEXT-190-EVID-0976,closing,婚邢树熙、女陈婵珠仝谨上,body_clean,284,296
CSQP-SFHC-TEXT-190,CSQP-SFHC-TEXT-190-EVID-0977,entities,sender=外洋邢树熙、陈婵珠；recipient=潮汕岳双亲大人；relationship=child_to_parent；date=一九八五年元月廿一日；money=壹佰伍拾元；currency=元；places=潮汕->广东侨乡；kinship=双亲；儿；孙；妹；叔；婶；姑,body_clean,37,38
CSQP-SFHC-TEXT-191,CSQP-SFHC-TEXT-191-EVID-0978,opening,母亲大人膝下：,body_clean,0,7
CSQP-SFHC-TEXT-191,CSQP-SFHC-TEXT-191-EVID-0979,safety,男客仗安好。,body_clean,289,295
CSQP-SFHC-TEXT-191,CSQP-SFHC-TEXT-191-EVID-0980,remittance,兹奉上港币壹佰壹拾元，至祈查收，除抹与赛贤妗壹拾伍元，余为廿旨之敬。；安全药油，药材店无是药出售，街坊所推销此未有递到，故无寄上。,body_clean,255,289
CSQP-SFHC-TEXT-191,CSQP-SFHC-TEXT-191-EVID-0981,family_care,母亲大人膝下：,body_clean,0,7
CSQP-SFHC-TEXT-191,CSQP-SFHC-TEXT-191-EVID-0982,instruction,二日前扁兄到叻，顺便托其带来大人所嘱买之胶底拖鞋一双，及洽英与拔弟之汗衣各一件，谅于先后必可以收到。,body_clean,29,79
CSQP-SFHC-TEXT-191,CSQP-SFHC-TEXT-191-EVID-0983,closing,顺此禀达。,body_clean,295,300
CSQP-SFHC-TEXT-191,CSQP-SFHC-TEXT-191-EVID-0984,entities,sender=外洋英锋；recipient=潮汕母亲大人；relationship=child_to_parent；date=己七月初二日（1949后）；money=壹佰壹拾元；currency=港币；places=潮汕->广东侨乡；kinship=母亲；兄；弟；男；妗,body_clean,33,34
CSQP-SFHC-TEXT-192,CSQP-SFHC-TEXT-192-EVID-0985,safety,两地平安,body_clean,170,174
CSQP-SFHC-TEXT-192,CSQP-SFHC-TEXT-192-EVID-0986,remittance,兹话有便，特寄去港币叁拾元，内抹伍元，送交桐端老叔台茶仪之需，顺便告彼，予现尚无职业，本拟专函致候，莫奈手内拮据，故尔请彼原谅可矣。,body_clean,98,164
CSQP-SFHC-TEXT-192,CSQP-SFHC-TEXT-192-EVID-0987,family_care,佩帘吾妻收览：；见字劝告岳父母二位大人为要，并望将详细情形，告我以慰。,body_clean,0,7
CSQP-SFHC-TEXT-192,CSQP-SFHC-TEXT-192-EVID-0988,closing,庚九月卅日 予永河草,body_clean,175,185
CSQP-SFHC-TEXT-192,CSQP-SFHC-TEXT-192-EVID-0989,entities,sender=外洋永河；recipient=潮汕佩莺吾妻；relationship=spouse_to_spouse；date=庚九月廿日（1949后）；money=叁拾元；currency=港币；places=潮汕->广东侨乡；kinship=岳父；妻；姐；叔,body_clean,3,4
CSQP-SFHC-TEXT-193,CSQP-SFHC-TEXT-193-EVID-0990,safety,幸蒙神天保庇，合家老少平安，不胜之喜，恩等旅客迪吉，希免锦念。；妥后回音，且喜二地平安，余言后叙。,body_clean,28,59
CSQP-SFHC-TEXT-193,CSQP-SFHC-TEXT-193-EVID-0991,remittance,适逢批期之便，外付去港币七十元，至时检收。,body_clean,59,80
CSQP-SFHC-TEXT-193,CSQP-SFHC-TEXT-193-EVID-0992,family_care,赛兰吾妻知悉：；兹谕者，顷接家中回批，内中各事经已知详。,body_clean,0,7
CSQP-SFHC-TEXT-193,CSQP-SFHC-TEXT-193-EVID-0993,entities,sender=外洋孝钦；recipient=潮汕赛兰吾妻；relationship=spouse_to_spouse；date=庚十一月初六（1949后）；money=七十元；currency=港币；places=潮汕->广东侨乡；kinship=母亲；嫂；妻；媳,body_clean,102,103
CSQP-SFHC-TEXT-194,CSQP-SFHC-TEXT-194-EVID-0994,opening,慈亲大人尊前：,body_clean,43,50
CSQP-SFHC-TEXT-194,CSQP-SFHC-TEXT-194-EVID-0995,remittance,兹随函付（附）上港银肆拾元查收，为家情之用。,body_clean,104,126
CSQP-SFHC-TEXT-194,CSQP-SFHC-TEXT-194-EVID-0996,family_care,儿郭斯照禀,body_clean,140,145
CSQP-SFHC-TEXT-194,CSQP-SFHC-TEXT-194-EVID-0997,instruction,定聘、迎亲日子祈为示知。,body_clean,92,104
CSQP-SFHC-TEXT-194,CSQP-SFHC-TEXT-194-EVID-0998,closing,顺候，并请；儿郭斯照禀,body_clean,131,136
CSQP-SFHC-TEXT-194,CSQP-SFHC-TEXT-194-EVID-0999,entities,sender=叻郭思照；recipient=潮宁大黄坑家慈亲大人；relationship=child_to_parent；date=辛八月廿日；money=叁拾元；currency=银元；places=潮安->广东潮安；叻->新加坡；kinship=慈亲；弟；儿,body_clean,70,71
CSQP-SFHC-TEXT-195,CSQP-SFHC-TEXT-195-EVID-1000,opening,岳母大人尊前：,body_clean,0,7
CSQP-SFHC-TEXT-195,CSQP-SFHC-TEXT-195-EVID-1001,remittance,今逢便时，奉上港币弍拾元正，到祈查收，内作大人寿辰之庆，并祝福禄寿全是颂。,body_clean,95,132
CSQP-SFHC-TEXT-195,CSQP-SFHC-TEXT-195-EVID-1002,family_care,岳母大人尊前：,body_clean,0,7
CSQP-SFHC-TEXT-195,CSQP-SFHC-TEXT-195-EVID-1003,closing,正贤、遂蕊仝上,body_clean,141,148
CSQP-SFHC-TEXT-195,CSQP-SFHC-TEXT-195-EVID-1004,entities,sender=外洋正贤、遂蕊；recipient=潮汕岳母大人；relationship=son_in_law_to_parent_in_law；date=农元月初八日（1949后）；money=弍拾元；currency=港币；places=潮汕->广东侨乡；kinship=岳母,evidence_entities,,
CSQP-SFHC-TEXT-196,CSQP-SFHC-TEXT-196-EVID-1005,opening,慈亲大人尊前：,body_clean,43,50
CSQP-SFHC-TEXT-196,CSQP-SFHC-TEXT-196-EVID-1006,remittance,上年十二月底，寄去一信，港币壹佰元，覆信不是柔枝所写，叫何人代写抑或被人偷收，回音来知。；今逢信局之便，付上港币柒拾伍元，到日查收，藉作家中之用。,body_clean,85,129
CSQP-SFHC-TEXT-196,CSQP-SFHC-TEXT-196-EVID-1007,family_care,今逢信局之便，付上港币柒拾伍元，到日查收，藉作家中之用。；儿壁奎谨禀 元月十四日,body_clean,129,157
CSQP-SFHC-TEXT-196,CSQP-SFHC-TEXT-196-EVID-1008,instruction,请大人去摄肖影【相片】二张，每张二寸大，到来作字【办证】，将来一□前来，切勿有误，专函奉上。,body_clean,157,203
CSQP-SFHC-TEXT-196,CSQP-SFHC-TEXT-196-EVID-1009,entities,sender=叻郑壁奎；recipient=潮安南桂家慈亲大人；relationship=child_to_parent；date=元月十四日；money=柒拾伍元；currency=港币；places=安南->越南；潮安->广东潮安；叻->新加坡；kinship=慈亲；儿,body_clean,214,215
CSQP-SFHC-TEXT-197,CSQP-SFHC-TEXT-197-EVID-1010,opening,慈亲大人尊前膝下：,body_clean,44,53
CSQP-SFHC-TEXT-197,CSQP-SFHC-TEXT-197-EVID-1011,remittance,兹奉上港币伍拾元，至请查收。,body_clean,360,374
CSQP-SFHC-TEXT-197,CSQP-SFHC-TEXT-197-EVID-1012,family_care,大人玉体近来定必康健，诚可预卜，老姑与外祖母等，有便请代致候。；于其中送伍元与老姑母，作为茶果之需。,body_clean,329,360
CSQP-SFHC-TEXT-197,CSQP-SFHC-TEXT-197-EVID-1013,instruction,祈大人无须远虑是幸。,body_clean,318,328
CSQP-SFHC-TEXT-197,CSQP-SFHC-TEXT-197-EVID-1014,closing,男裕潮谨上,body_clean,403,408
CSQP-SFHC-TEXT-197,CSQP-SFHC-TEXT-197-EVID-1015,entities,sender=麻坡郑裕潮；recipient=潮安第五区家慈亲大人；relationship=child_to_parent；date=二月初四日；money=伍拾元；currency=港币；places=潮安->广东潮安；kinship=慈亲；祖母；外祖母；男；姑,body_clean,349,351
CSQP-SFHC-TEXT-198,CSQP-SFHC-TEXT-198-EVID-1016,opening,大嫂侍右：,body_clean,42,47
CSQP-SFHC-TEXT-198,CSQP-SFHC-TEXT-198-EVID-1017,remittance,是日随逢期批之便，随函寄去港币弍拾元，收作家用之需也。,body_clean,196,223
CSQP-SFHC-TEXT-198,CSQP-SFHC-TEXT-198-EVID-1018,family_care,闻讯之下不过于忧心，想人生在世，命之修短，实有定数，极宜作（节）哀顺变，善保身体，刻苦维持，抚育儿子，大概作人须要明白一切。,body_clean,108,170
CSQP-SFHC-TEXT-198,CSQP-SFHC-TEXT-198-EVID-1019,instruction,闻讯之下不过于忧心，想人生在世，命之修短，实有定数，极宜作（节）哀顺变，善保身体，刻苦维持，抚育儿子，大概作人须要明白一切。,body_clean,108,170
CSQP-SFHC-TEXT-198,CSQP-SFHC-TEXT-198-EVID-1020,closing,此致，即候,body_clean,233,238
CSQP-SFHC-TEXT-198,CSQP-SFHC-TEXT-198-EVID-1021,entities,sender=叻张居兴；recipient=潮安南桂张牛牯侄儿；relationship=in_law_or_affinal_kin；date=二月十七日；money=弍拾元；currency=港币；places=安南->越南；潮安->广东潮安；叻->新加坡；kinship=嫂；大嫂；兄；儿；侄；叔,body_clean,42,44
CSQP-SFHC-TEXT-199,CSQP-SFHC-TEXT-199-EVID-1022,opening,家姑大人膝下：,body_clean,0,7
CSQP-SFHC-TEXT-199,CSQP-SFHC-TEXT-199-EVID-1023,remittance,敬禀者，兹付上港银叁拾元正，至希查收，充为家用，妥后示复。,body_clean,8,37
CSQP-SFHC-TEXT-199,CSQP-SFHC-TEXT-199-EVID-1024,closing,媳丁陈氏禀,body_clean,322,327
CSQP-SFHC-TEXT-199,CSQP-SFHC-TEXT-199-EVID-1025,entities,sender=外洋丁陈氏；recipient=潮汕家姑大人；relationship=younger_to_elder_kin；date=四月初四（1949后）；money=叁拾元；currency=银元；places=潮汕->广东侨乡；kinship=媳；叔；姑,body_clean,176,177
CSQP-SFHC-TEXT-200,CSQP-SFHC-TEXT-200-EVID-1026,opening,利仙、英仙女儿收知：,body_clean,0,10
CSQP-SFHC-TEXT-200,CSQP-SFHC-TEXT-200-EVID-1027,remittance,兹寄去港币叁拾元，至时查收，作为汝等二人衣食之用。；接到汝附由晋锦批内来信，各情已悉，所讨各物候有便，寄去可也。,body_clean,41,66
CSQP-SFHC-TEXT-200,CSQP-SFHC-TEXT-200-EVID-1028,family_care,利仙、英仙女儿收知：；近据闻汝家骚变，使子震怒，茂篮夫妻不当己极，不思一元才能，自给尚无维持，端赖子力谋寄与，苟能和睦，安乐以理家计，则子虽劳苦养给，尤（犹）自甘心。,body_clean,0,10
CSQP-SFHC-TEXT-200,CSQP-SFHC-TEXT-200-EVID-1029,closing,父字,body_clean,251,253
CSQP-SFHC-TEXT-200,CSQP-SFHC-TEXT-200-EVID-1030,entities,sender=外洋父；recipient=潮汕利仙、英仙女儿；relationship=unknown；date=四月七日（1949后）；money=叁拾元；currency=港币；places=潮汕->广东侨乡；kinship=嫂；妻；儿,body_clean,82,83
CSQP-SFHC-TEXT-201,CSQP-SFHC-TEXT-201-EVID-1031,safety,两地平安,body_clean,174,178
CSQP-SFHC-TEXT-201,CSQP-SFHC-TEXT-201-EVID-1032,remittance,兹顺便寄去港币四拾元，如旧分抹之后，余作家需。；予自去夏间，应承孟贵内侄，助其升学之费用后，直至于今，不断的逐月将银信寄去，倘生活稍佳，当然作更多的援助。,body_clean,148,171
CSQP-SFHC-TEXT-201,CSQP-SFHC-TEXT-201-EVID-1033,family_care,孟贵内侄之身体，较前强壮否？；父命儿子寄家批，这正所以表现亲近之情，给妳（你）知道，毋须（需）多疑虑。,body_clean,93,107
CSQP-SFHC-TEXT-201,CSQP-SFHC-TEXT-201-EVID-1034,instruction,父命儿子寄家批，这正所以表现亲近之情，给妳（你）知道，毋须（需）多疑虑。,body_clean,112,148
CSQP-SFHC-TEXT-201,CSQP-SFHC-TEXT-201-EVID-1035,closing,此致；张运俊手书,body_clean,171,173
CSQP-SFHC-TEXT-201,CSQP-SFHC-TEXT-201-EVID-1036,entities,sender=外洋张运俊；recipient=潮汕绍娟内助；relationship=spouse_to_spouse；date=五月初二日（1949后）；money=四拾元；currency=港币；places=潮汕->广东侨乡；kinship=内助；儿；侄；内侄,body_clean,114,115
CSQP-SFHC-TEXT-202,CSQP-SFHC-TEXT-202-EVID-1037,opening,启者，承接读来书，各情知详，汝母每日，千艰万苦，受尽饥饿，积蓄寄去。,body_clean,8,42
CSQP-SFHC-TEXT-202,CSQP-SFHC-TEXT-202-EVID-1038,remittance,启者，承接读来书，各情知详，汝母每日，千艰万苦，受尽饥饿，积蓄寄去。；今逢批期之便，付上港币伍拾元，到日查收。,body_clean,8,42
CSQP-SFHC-TEXT-202,CSQP-SFHC-TEXT-202-EVID-1039,family_care,楚鸿吾儿知悉：；启者，承接读来书，各情知详，汝母每日，千艰万苦，受尽饥饿，积蓄寄去。,body_clean,0,7
CSQP-SFHC-TEXT-202,CSQP-SFHC-TEXT-202-EVID-1040,instruction,汝务须勤俭耕作，以免家中大小受饥受寒为要。；汝大母亲四月廿四日忌辰，须要奉拜为要。,body_clean,115,136
CSQP-SFHC-TEXT-202,CSQP-SFHC-TEXT-202-EVID-1041,entities,sender=外洋杨秀兰；recipient=潮汕楚鸿吾儿；relationship=parent_to_child；date=五月廿五日（1949后）；money=伍拾元；currency=港币；places=潮汕->广东侨乡；叻->新加坡；kinship=母亲；儿；孙；姑,body_clean,3,4
CSQP-SFHC-TEXT-203,CSQP-SFHC-TEXT-203-EVID-1042,opening,家姑大人尊前：,body_clean,0,7
CSQP-SFHC-TEXT-203,CSQP-SFHC-TEXT-203-EVID-1043,remittance,港币三十元,body_clean,30,35
CSQP-SFHC-TEXT-203,CSQP-SFHC-TEXT-203-EVID-1044,closing,媳丁陈氏禀,body_clean,160,165
CSQP-SFHC-TEXT-203,CSQP-SFHC-TEXT-203-EVID-1045,entities,sender=外洋丁陈氏；recipient=潮汕家姑大人；relationship=younger_to_elder_kin；date=五月廿九日（1949后）；money=三十元；currency=港币；places=潮汕->广东侨乡；汕头->广东汕头；kinship=媳；叔；姑,body_clean,98,99
CSQP-SFHC-TEXT-204,CSQP-SFHC-TEXT-204-EVID-1046,remittance,上函回批尚未接到，今再寄去一批，外洋港币柒拾元，至时检收。,body_clean,7,36
CSQP-SFHC-TEXT-204,CSQP-SFHC-TEXT-204-EVID-1047,family_care,茂鉴儿收读：；内计抹交，吾母亲大人伍元，又抹交三弟伍元，又抹交茂昌侄伍元，存余五十五元，作为家用。,body_clean,0,6
CSQP-SFHC-TEXT-204,CSQP-SFHC-TEXT-204-EVID-1048,instruction,余言后嘱。,body_clean,78,83
CSQP-SFHC-TEXT-204,CSQP-SFHC-TEXT-204-EVID-1049,closing,农历五月廿九日 父字,body_clean,87,97
CSQP-SFHC-TEXT-204,CSQP-SFHC-TEXT-204-EVID-1050,entities,sender=外洋父；recipient=潮汕茂鉴儿；relationship=unknown；date=农历五月廿九日（1949后）；money=柒拾元；currency=港币；places=潮汕->广东侨乡；kinship=母亲；弟；儿；侄,body_clean,53,54
CSQP-SFHC-TEXT-205,CSQP-SFHC-TEXT-205-EVID-1051,remittance,兹逢航便，寄去港币伍拾元，到时查收。；你弟景云相片，候缓些时，再行寄去。,body_clean,39,57
CSQP-SFHC-TEXT-205,CSQP-SFHC-TEXT-205-EVID-1052,family_care,浩基侄儿收阅：；本月十五日为你祖母忌辰，拾元买箱〔民俗祭品衣箱〕牲礼祭礼，余为家情之用。,body_clean,0,7
CSQP-SFHC-TEXT-205,CSQP-SFHC-TEXT-205-EVID-1053,instruction,余不多嘱。,body_clean,103,108
CSQP-SFHC-TEXT-205,CSQP-SFHC-TEXT-205-EVID-1054,closing,愚叔继豪字,body_clean,109,114
CSQP-SFHC-TEXT-205,CSQP-SFHC-TEXT-205-EVID-1055,entities,sender=外洋继豪；recipient=潮汕浩基侄儿；relationship=uncle_nephew_or_nephew_kin；date=六月初六日（1949后）；money=伍拾元；currency=港币；places=潮汕->广东侨乡；kinship=祖母；弟；儿；侄；叔,body_clean,23,24
CSQP-SFHC-TEXT-206,CSQP-SFHC-TEXT-206-EVID-1056,opening,启者，上日承接覆书，各事详悉。,body_clean,51,66
CSQP-SFHC-TEXT-206,CSQP-SFHC-TEXT-206-EVID-1057,safety,遥祝家中大小平安，诸务遂心为祝。,body_clean,66,82
CSQP-SFHC-TEXT-206,CSQP-SFHC-TEXT-206-EVID-1058,remittance,今逢批期之便，付去港币肆拾元，到日查收，以应家中之用，专函布沏。；阳历六月廿七日，金华轮开行，潮安浮洋市树下田乡刘碧珍回汕，顺便搭去旧〔衣〕六捆，内藏两权叔搭药品，另列一纸，各物若收着，照寄去单纸提交旧衣。,body_clean,205,237
CSQP-SFHC-TEXT-206,CSQP-SFHC-TEXT-206-EVID-1059,family_care,楚鸿吾儿知悉：；遥祝家中大小平安，诸务遂心为祝。,body_clean,43,50
CSQP-SFHC-TEXT-206,CSQP-SFHC-TEXT-206-EVID-1060,instruction,汝母此信寄去，七月是无能力再寄，须要知之。,body_clean,184,205
CSQP-SFHC-TEXT-206,CSQP-SFHC-TEXT-206-EVID-1061,entities,sender=叻杨秀兰；recipient=潮安东风乡陈楚鸿吾儿；relationship=parent_to_child；date=六月廿七日；money=肆拾元；currency=港币；places=潮安->广东潮安；汕头->广东汕头；东凤->广东潮安东凤；叻->新加坡；kinship=母亲；儿；叔；姑,body_clean,22,23
CSQP-SFHC-TEXT-207,CSQP-SFHC-TEXT-207-EVID-1062,opening,母亲大人尊鉴：,body_clean,0,7
CSQP-SFHC-TEXT-207,CSQP-SFHC-TEXT-207-EVID-1063,remittance,兹适船期之便，奉上港币叁拾元，祈为查收。,body_clean,209,229
CSQP-SFHC-TEXT-207,CSQP-SFHC-TEXT-207-EVID-1064,family_care,母亲大人尊鉴：；敬禀者，不亲教益己（已）多时矣，蕴慕之殷无时或释，敬维福体安康，合家安吉为慰。,body_clean,0,7
CSQP-SFHC-TEXT-207,CSQP-SFHC-TEXT-207-EVID-1065,instruction,兹适船期之便，奉上港币叁拾元，祈为查收。,body_clean,209,229
CSQP-SFHC-TEXT-207,CSQP-SFHC-TEXT-207-EVID-1066,closing,永绵谨禀,body_clean,283,287
CSQP-SFHC-TEXT-207,CSQP-SFHC-TEXT-207-EVID-1067,entities,sender=外洋永绵；recipient=潮汕母亲大人；relationship=child_to_parent；date=七月十三日（1949后）；money=叁拾元；currency=港币；places=潮汕->广东侨乡；kinship=母亲；祖母；弟；男；妹；姑,body_clean,231,233
CSQP-SFHC-TEXT-208,CSQP-SFHC-TEXT-208-EVID-1068,opening,舜良女儿收悉：,body_clean,41,48
CSQP-SFHC-TEXT-208,CSQP-SFHC-TEXT-208-EVID-1069,remittance,启者，兹逢便寄去港币叁拾元，届时查收。；日前寄去邮信，谅有收到？,body_clean,49,68
CSQP-SFHC-TEXT-208,CSQP-SFHC-TEXT-208-EVID-1070,family_care,舜良女儿收悉：；内抹壹拾元，与相知叔收用，抹壹拾元与田兄拜祖，并拜傅先生，余壹拾元为女儿收用。,body_clean,41,48
CSQP-SFHC-TEXT-208,CSQP-SFHC-TEXT-208-EVID-1071,instruction,余言后嘱。,body_clean,148,153
CSQP-SFHC-TEXT-208,CSQP-SFHC-TEXT-208-EVID-1072,closing,母亲字,body_clean,160,163
CSQP-SFHC-TEXT-208,CSQP-SFHC-TEXT-208-EVID-1073,entities,sender=叻陈碧心；recipient=澄邑隆都潘舜良女儿；relationship=unknown；date=八月廿日；money=叁拾元；currency=港币；places=澄邑->广东澄海；叻->新加坡；kinship=母亲；兄；儿；叔,body_clean,87,88
CSQP-SFHC-TEXT-209,CSQP-SFHC-TEXT-209-EVID-1074,safety,另者，二叔回塘（唐），定卜一路水陆平安，何日到家否？,body_clean,112,138
CSQP-SFHC-TEXT-209,CSQP-SFHC-TEXT-209-EVID-1075,remittance,兹者，今逢轮便，付去港币肆拾元，到时查收。；内中抹出陆元，奉与二叔婶两位大人之用，又抹出肆元，奉与细姑之用，并代为问候，其余之项以作家情之用。,body_clean,8,29
CSQP-SFHC-TEXT-209,CSQP-SFHC-TEXT-209-EVID-1076,family_care,李氏荆妻收次：,body_clean,0,7
CSQP-SFHC-TEXT-209,CSQP-SFHC-TEXT-209-EVID-1077,entities,sender=外洋陈和武；recipient=潮汕李氏荆妻；relationship=spouse_to_spouse；date=十一月二日（1949后）；money=肆拾元；currency=港币；places=潮汕->广东侨乡；kinship=妻；荆妻；叔；婶；姑,body_clean,2,4
CSQP-SFHC-TEXT-210,CSQP-SFHC-TEXT-210-EVID-1078,opening,敬启者，兹由批局寄上港币壹佰伍拾元，到祈检收。,body_clean,53,76
CSQP-SFHC-TEXT-210,CSQP-SFHC-TEXT-210-EVID-1079,remittance,敬启者，兹由批局寄上港币壹佰伍拾元，到祈检收。,body_clean,53,76
CSQP-SFHC-TEXT-210,CSQP-SFHC-TEXT-210-EVID-1080,closing,弟得钦启,body_clean,127,131
CSQP-SFHC-TEXT-210,CSQP-SFHC-TEXT-210-EVID-1081,entities,sender=香蔡得钦；recipient=潮安登隆都蔡永钦先生；relationship=sibling_or_same_generation_kin；date=十一月廿二；money=壹佰伍拾元；currency=港币；places=潮安->广东潮安；kinship=兄；弟,body_clean,93,94
CSQP-SFHC-TEXT-211,CSQP-SFHC-TEXT-211-EVID-1082,opening,双亲大人尊前：,body_clean,0,7
CSQP-SFHC-TEXT-211,CSQP-SFHC-TEXT-211-EVID-1083,safety,久疏禀候，歉罪殊深，恭维玉体康泰，起居安妥，为祝为祷。,body_clean,8,35
CSQP-SFHC-TEXT-211,CSQP-SFHC-TEXT-211-EVID-1084,remittance,兹承赍函，附上港币叁拾元，至请照收。,body_clean,35,53
CSQP-SFHC-TEXT-211,CSQP-SFHC-TEXT-211-EVID-1085,family_care,内计壹拾元，呈交祖母大人收用，存余二十元，作为慈亲大人费用。,body_clean,53,83
CSQP-SFHC-TEXT-211,CSQP-SFHC-TEXT-211-EVID-1086,closing,女巧仙禀上,body_clean,95,100
CSQP-SFHC-TEXT-211,CSQP-SFHC-TEXT-211-EVID-1087,entities,sender=外洋巧仙；recipient=潮汕双亲大人；relationship=child_to_parent；date=十一月廿七日（1949后）；money=叁拾元；currency=港币；places=潮汕->广东侨乡；kinship=慈亲；双亲；祖母,body_clean,0,2
CSQP-SFHC-TEXT-212,CSQP-SFHC-TEXT-212-EVID-1088,opening,岳母大人膝下：,body_clean,49,56
CSQP-SFHC-TEXT-212,CSQP-SFHC-TEXT-212-EVID-1089,remittance,兹寄港币陆拾元，与诸人福腰。,body_clean,127,141
CSQP-SFHC-TEXT-212,CSQP-SFHC-TEXT-212-EVID-1090,family_care,岳母大人膝下：,body_clean,49,56
CSQP-SFHC-TEXT-212,CSQP-SFHC-TEXT-212-EVID-1091,closing,婿喜林、女银莲仝禀,body_clean,195,204
CSQP-SFHC-TEXT-212,CSQP-SFHC-TEXT-212-EVID-1092,entities,sender=黄万权；recipient=澄属南砂乡林宅岳母大人；relationship=son_in_law_to_parent_in_law；date=农历十二月十二日；money=陆拾元；currency=港币；places=澄邑->广东澄海；kinship=岳母；兄；侄；媳；妹；姑,body_clean,81,82
CSQP-SFHC-TEXT-213,CSQP-SFHC-TEXT-213-EVID-1093,opening,祖母大人尊前：,body_clean,0,7
CSQP-SFHC-TEXT-213,CSQP-SFHC-TEXT-213-EVID-1094,family_care,祖母大人尊前：；廿一日于回谕之内，获悉大人付交三姑母一书中，嘱推（催）彼捷寄家批，以应彼之家姑餐用。,body_clean,0,7
CSQP-SFHC-TEXT-213,CSQP-SFHC-TEXT-213-EVID-1095,instruction,廿一日于回谕之内，获悉大人付交三姑母一书中，嘱推（催）彼捷寄家批，以应彼之家姑餐用。,body_clean,8,50
CSQP-SFHC-TEXT-213,CSQP-SFHC-TEXT-213-EVID-1096,closing,孙男张茂□禀,body_clean,98,104
CSQP-SFHC-TEXT-213,CSQP-SFHC-TEXT-213-EVID-1097,entities,sender=（1949后）外洋张茂□；recipient=潮汕祖母大人；relationship=grandchild_to_grandparent；places=潮汕->广东侨乡；kinship=祖母；男；孙；姑,body_clean,51,52
