record_id,source_index,title_reference,page_reference,has_full_text,text_quality_level,review_needed,body_raw,body_clean,body_without_metadata,body_core,body_length,line_count,sentence_count,sender,recipient,sender_role,recipient_role,relationship_type,kinship_terms,family_members_mentioned,recipient_honorific,self_reference,origin_place,destination_place,overseas_place,hometown_place,place_mentions,route_text,is_overseas_to_hometown,country_or_region,date_text,written_date_text,year_raw,year_normalized,month_text,day_text,lunar_or_solar,era_text,date_confidence,remittance_raw,remittance_amount_text,remittance_amount_number,currency,remittance_statement,remittance_purpose,receipt_instruction,has_remittance,opening_salutation,opening_formula,opening_greeting,main_message,safety_report,family_care_statement,instruction_statement,closing_greeting,closing_formula,date_signature_line,signature,postscript,theme_family_affection,theme_remittance,theme_safety,theme_instruction,theme_study,theme_health,theme_work,theme_debt,theme_marriage,theme_funeral,theme_home_building,main_intent,theme_tags,qiaopi_opening_pattern,qiaopi_closing_pattern,honorific_phrases,humble_phrases,classical_words,common_formulae,remittance_formulae,safety_formulae,instruction_formulae,style_keywords,style_strength,style_reference_text,evidence_opening,evidence_safety,evidence_remittance,evidence_family_care,evidence_instruction,evidence_closing,evidence_entities,retrieval_text,rag_summary_text,title_date_text,title_sender_text,title_recipient_text,body_core_length,ocr_uncertain_count,sender_name_clean,recipient_name_clean,primary_kinship,relation_confidence,place_mentions_normalized,remittance_mentions_json,retrieval_keywords
CSQP-SFHC-TEXT-001,1,辛（1911）阳月（十月）初十日，越南薛老居寄海邑西洋乡张捷谦少爷,pdf_pages=31；book_pages=2,0,metadata_only,1,"寄批人：越南薛孝居
收批人：海邑西洋乡张捷谦少爷
批款：荷银弍元
日期：辛阳月初十日

【仅见寄批人、收批人、批款、日期，未见正文录文】","寄批人：越南薛孝居
收批人：海邑西洋乡张捷谦少爷
批款：荷银弍元
日期：辛阳月初十日",,,42,4,0,越南薛孝居,海邑西洋乡张捷谦少爷,,,unknown,,,少爷,,越南,广东澄海,越南,广东澄海,越南；海邑->广东澄海；西洋乡->广东侨乡西洋乡,越南 -> 广东澄海,1,越南；广东侨乡,辛阳月初十日,,1911,1911,十月,初十日,lunar,干支或传统纪年,high,荷银弍元,弍元,2,荷银,,,,1,,,,,,,,,,,,,0,1,0,0,0,0,0,0,0,0,0,remittance,remittance,,,,,,,,,,,0,,,,荷银弍元,,,,sender=越南薛孝居；recipient=海邑西洋乡张捷谦少爷；relationship=unknown；date=辛阳月初十日；money=弍元；currency=荷银；places=越南；海邑->广东澄海；西洋乡->广东侨乡西洋乡,"辛（1911）阳月（十月）初十日，越南薛老居寄海邑西洋乡张捷谦少爷
越南薛孝居
海邑西洋乡张捷谦少爷
辛阳月初十日
荷银弍元
越南；海邑->广东澄海；西洋乡->广东侨乡西洋乡
remittance",题名：辛（1911）阳月（十月）初十日，越南薛老居寄海邑西洋乡张捷谦少爷；寄批人：越南薛孝居；收批人：海邑西洋乡张捷谦少爷；日期：辛阳月初十日；汇款：荷银弍元；主题：remittance,辛（1911）阳月（十月）初十日,越南薛老居,海邑西洋乡张捷谦少爷,0,0,薛孝居,张捷谦,,,越南；广东澄海；广东侨乡西洋乡,"[{""record_id"": ""CSQP-SFHC-TEXT-001"", ""raw_text"": ""荷银弍元"", ""amount_text"": ""弍元"", ""amount_number"": 2, ""currency"": ""荷银"", ""sentence"": ""批款：荷银弍元"", ""is_primary_candidate"": true, ""source_field"": ""body_clean""}]",辛（1911）阳月（十月）初十日，越南薛老居寄海邑西洋乡张捷谦少爷；越南薛孝居；海邑西洋乡张捷谦少爷；薛孝居；张捷谦；越南；广东澄海；广东侨乡西洋乡；荷银弍元；荷银；remittance；澄海；海邑；西洋乡；广东；广东侨乡；银；元；阳月；十月；初十；薛老居；寄海邑；西洋；少爷；侨乡
CSQP-SFHC-TEXT-002,2,辛（1921）十一月初四，叻坡［新加坡］林序周寄潮安大寨家双亲大人,pdf_pages=32-33；book_pages=3-4,1,high,0,"寄批人：叻坡林序周
收批人：潮安大寨家双亲大人
批款：大洋银捌元
日期：辛十一月初四

双亲大人尊前：
叩禀者，去月杪（杪），得接严谕一片，披吟皆悉，承云母疾经已痊安，不胜喜乐之至也。既幸平善服常，惟诸务祈为珍重，则免有误精神。盖公厝四间既欲拈阄，而分清楚，此理甚妙。苟俺拈不着，可向应来兄租赁亦可，方免无厝可居焉，及开春之田，希从此耕减为荷。兹轮便，奉大良（银）捌元，至时查收，以助家中之用也。亚妗及亚妹，数时尝到俺家坐谈与否？祈回音示知。芝夫叔赎厝一事，他已即寄信，在添木叔处，并嘱苟该厝赎后，俺诸人无用着，则税【租】他人亦可耳，余言后告。此候
金安

辛十一月初四  儿林序周谨禀

另禀者，芝勤弟借良（银）一事，切勿向海亮伯吧【说】知，缘儿上月，不外顺便告知大人也。","寄批人：叻坡林序周
收批人：潮安大寨家双亲大人
批款：大洋银捌元
日期：辛十一月初四

双亲大人尊前：
叩禀者，去月杪（杪），得接严谕一片，披吟皆悉，承云母疾经已痊安，不胜喜乐之至也。既幸平善服常，惟诸务祈为珍重，则免有误精神。盖公厝四间既欲拈阄，而分清楚，此理甚妙。苟俺拈不着，可向应来兄租赁亦可，方免无厝可居焉，及开春之田，希从此耕减为荷。兹轮便，奉大良（银）捌元，至时查收，以助家中之用也。亚妗及亚妹，数时尝到俺家坐谈与否？祈回音示知。芝夫叔赎厝一事，他已即寄信，在添木叔处，并嘱苟该厝赎后，俺诸人无用着，则税【租】他人亦可耳，余言后告。此候
金安

辛十一月初四 儿林序周谨禀

另禀者，芝勤弟借良（银）一事，切勿向海亮伯吧【说】知，缘儿上月，不外顺便告知大人也。","双亲大人尊前：
叩禀者，去月杪（杪），得接严谕一片，披吟皆悉，承云母疾经已痊安，不胜喜乐之至也。既幸平善服常，惟诸务祈为珍重，则免有误精神。盖公厝四间既欲拈阄，而分清楚，此理甚妙。苟俺拈不着，可向应来兄租赁亦可，方免无厝可居焉，及开春之田，希从此耕减为荷。兹轮便，奉大良（银）捌元，至时查收，以助家中之用也。亚妗及亚妹，数时尝到俺家坐谈与否？祈回音示知。芝夫叔赎厝一事，他已即寄信，在添木叔处，并嘱苟该厝赎后，俺诸人无用着，则税【租】他人亦可耳，余言后告。此候
金安

辛十一月初四 儿林序周谨禀

另禀者，芝勤弟借良（银）一事，切勿向海亮伯吧【说】知，缘儿上月，不外顺便告知大人也。","叩禀者，去月杪（杪），得接严谕一片，披吟皆悉，承云母疾经已痊安，不胜喜乐之至也。既幸平善服常，惟诸务祈为珍重，则免有误精神。盖公厝四间既欲拈阄，而分清楚，此理甚妙。苟俺拈不着，可向应来兄租赁亦可，方免无厝可居焉，及开春之田，希从此耕减为荷。兹轮便，奉大良（银）捌元，至时查收，以助家中之用也。亚妗及亚妹，数时尝到俺家坐谈与否？祈回音示知。芝夫叔赎厝一事，他已即寄信，在添木叔处，并嘱苟该厝赎后，俺诸人无用着，则税【租】他人亦可耳，余言后告。此候
金安",336,9,13,叻坡林序周,潮安大寨家双亲大人,child,parent,child_to_parent,双亲；兄；弟；儿；妹；叔；伯；妗,承云母；可向应来兄；亚妗及亚妹；芝夫叔；在添木叔；芝勤弟；勿向海亮伯；缘儿,大人；尊前,儿,新加坡,广东潮安,新加坡,广东潮安,新加坡；叻坡->新加坡；潮安->广东潮安；大寨->广东潮安大寨；叻->新加坡,新加坡 -> 广东潮安,1,新加坡；广东侨乡,辛十一月初四,辛十一月初四 儿林序周谨禀,1921,1921,十一月,,lunar,干支或传统纪年,high,大洋银捌元,捌元,8,大洋,兹轮便，奉大良（银）捌元，至时查收，以助家中之用也。,家用,兹轮便，奉大良（银）捌元，至时查收，以助家中之用也。,1,双亲大人尊前：,叩禀者，去月杪（杪），得接严谕一片，披吟皆悉，承云母疾经已痊安，不胜喜乐之至也。,叩禀者，去月杪（杪），得接严谕一片，披吟皆悉，承云母疾经已痊安，不胜喜乐之至也。,"叩禀者，去月杪（杪），得接严谕一片，披吟皆悉，承云母疾经已痊安，不胜喜乐之至也。既幸平善服常，惟诸务祈为珍重，则免有误精神。盖公厝四间既欲拈阄，而分清楚，此理甚妙。苟俺拈不着，可向应来兄租赁亦可，方免无厝可居焉，及开春之田，希从此耕减为荷。兹轮便，奉大良（银）捌元，至时查收，以助家中之用也。亚妗及亚妹，数时尝到俺家坐谈与否？祈回音示知。芝夫叔赎厝一事，他已即寄信，在添木叔处，并嘱苟该厝赎后，俺诸人无用着，则税【租】他人亦可耳，余言后告。此候
金安",叩禀者，去月杪（杪），得接严谕一片，披吟皆悉，承云母疾经已痊安，不胜喜乐之至也。,叩禀者，去月杪（杪），得接严谕一片，披吟皆悉，承云母疾经已痊安，不胜喜乐之至也。；兹轮便，奉大良（银）捌元，至时查收，以助家中之用也。,既幸平善服常，惟诸务祈为珍重，则免有误精神。；芝夫叔赎厝一事，他已即寄信，在添木叔处，并嘱苟该厝赎后，俺诸人无用着，则税【租】他人亦可耳，余言后告。,此候,谨禀,辛十一月初四 儿林序周谨禀,辛十一月初四 儿林序周谨禀,另禀者，芝勤弟借良（银）一事，切勿向海亮伯吧【说】知，缘儿上月，不外顺便告知大人也。,1,1,1,1,0,1,0,1,0,0,1,instruction,family_affection;remittance;safety;instruction;health;debt;home_building,叩禀者；禀者；尊前,谨禀；此候,大人；尊前；金安,儿；弟；叩；谨；俺,兹；祈；荷；奉；承；惟；盖；不胜；诸务；切勿；余言后告,叩禀者；尊前；谨禀；查收；此候；金安,兹轮便；查收,痊安,切勿；祈为；嘱,叩禀者；禀者；尊前；谨禀；此候；大人；金安；儿；弟；叩；谨；俺；兹；祈；荷；奉；承；惟；盖；不胜；诸务；切勿；余言后告；查收,3,"双亲大人尊前：
叩禀者，去月杪（杪），得接严谕一片，披吟皆悉，承云母疾经已痊安，不胜喜乐之至也。
兹轮便，奉大良（银）捌元，至时查收，以助家中之用也。
既幸平善服常，惟诸务祈为珍重，则免有误精神。；芝夫叔赎厝一事，他已即寄信，在添木叔处，并嘱苟该厝赎后，俺诸人无用着，则税【租】他人亦可耳，余言后告。
此候
辛十一月初四 儿林序周谨禀",双亲大人尊前：,叩禀者，去月杪（杪），得接严谕一片，披吟皆悉，承云母疾经已痊安，不胜喜乐之至也。,兹轮便，奉大良（银）捌元，至时查收，以助家中之用也。,叩禀者，去月杪（杪），得接严谕一片，披吟皆悉，承云母疾经已痊安，不胜喜乐之至也。；兹轮便，奉大良（银）捌元，至时查收，以助家中之用也。,既幸平善服常，惟诸务祈为珍重，则免有误精神。；芝夫叔赎厝一事，他已即寄信，在添木叔处，并嘱苟该厝赎后，俺诸人无用着，则税【租】他人亦可耳，余言后告。,此候；辛十一月初四 儿林序周谨禀,sender=叻坡林序周；recipient=潮安大寨家双亲大人；relationship=child_to_parent；date=辛十一月初四；money=捌元；currency=大洋；places=新加坡；叻坡->新加坡；潮安->广东潮安；大寨->广东潮安大寨；叻->新加坡；kinship=双亲；兄；弟；儿；妹；叔；伯；妗,"辛（1921）十一月初四，叻坡［新加坡］林序周寄潮安大寨家双亲大人
叻坡林序周
潮安大寨家双亲大人
辛十一月初四
大洋银捌元
新加坡；叻坡->新加坡；潮安->广东潮安；大寨->广东潮安大寨；叻->新加坡
family_affection;remittance;safety;instruction;health;debt;home_building
叩禀者，去月杪（杪），得接严谕一片，披吟皆悉，承云母疾经已痊安，不胜喜乐之至也。既幸平善服常，惟诸务祈为珍重，则免有误精神。盖公厝四间既欲拈阄，而分清楚，此理甚妙。苟俺拈不着，可向应来兄租赁亦可，方免无厝可居焉，及开春之田，希从此耕减为荷。兹轮便，奉大良（银）捌元，至时查收，以助家中之用也。亚妗及亚妹，数时尝到俺家坐谈与否？祈回音示知。芝夫叔赎厝一事，他已即寄信，在添木叔处，并嘱苟该厝赎后，俺诸人无用着，则税【租】他人亦可耳，余言后告。此候
金安",题名：辛（1921）十一月初四，叻坡［新加坡］林序周寄潮安大寨家双亲大人；寄批人：叻坡林序周；收批人：潮安大寨家双亲大人；日期：辛十一月初四；汇款：大洋银捌元；主题：family_affection;remittance;safety;instruction;health;debt;home_building；正文摘录：叩禀者，去月杪（杪），得接严谕一片，披吟皆悉，承云母疾经已痊安，不胜喜乐之至也。既幸平善服常，惟诸务祈为珍重，则免有误精神。盖公厝四间既欲拈阄，而分清楚，此理甚妙。苟俺拈不着，可向应来兄租赁亦可，方免无厝可居焉，及开春之田，希从此耕减为荷。,辛（1921）十一月初四,叻坡［新加坡］林序周,潮安大寨家双亲大人,224,0,林序周,双亲,双亲,high,新加坡；广东潮安；广东潮安大寨,"[{""record_id"": ""CSQP-SFHC-TEXT-002"", ""raw_text"": ""大洋银捌元"", ""amount_text"": ""捌元"", ""amount_number"": 8, ""currency"": ""大洋"", ""sentence"": ""批款：大洋银捌元"", ""is_primary_candidate"": true, ""source_field"": ""body_clean""}, {""record_id"": ""CSQP-SFHC-TEXT-002"", ""raw_text"": ""大良（银）捌元"", ""amount_text"": ""捌元"", ""amount_number"": 8, ""currency"": ""银元"", ""sentence"": ""兹轮便，奉大良（银）捌元，至时查收，以助家中之用也。"", ""is_primary_candidate"": false, ""source_field"": ""body_clean""}]",辛（1921）十一月初四，叻坡［新加坡］林序周寄潮安大寨家双亲大人；叻坡林序周；潮安大寨家双亲大人；林序周；双亲；兄；弟；儿；妹；叔；伯；妗；新加坡；广东潮安；广东潮安大寨；大洋银捌元；大洋；family_affection；remittance；safety；instruction；health；debt；home_building；叻坡；潮安；大寨；广东；大洋银；洋银；大良（银）；良（银）；银；元；叩禀者；尊前；谨禀；查收；此候；金安；十一月；初四；林序；family；affection；home；building；禀者；不胜；诸务；切勿；余言；后告；得接；严谕；一片；披吟皆悉；云母；疾经；痊安；喜乐；之至；既幸；平善；服常；惟诸务；祈为；珍重；有误；精神；盖公；四间；拈阄；而分；清楚；此理；甚妙；可向；应来；租赁
CSQP-SFHC-TEXT-003,3,民国十三年（1924）五月八号，叻［新加坡］林序周寄潮安大寨家父亲大人,pdf_pages=34-36；book_pages=5-7,1,high,0,"寄批人：叻坡林序周
收批人：潮安大寨家父亲大人
批款：英洋拾贰元
日期：民国十三年五月八号，夏历甲午四月初五日

父亲大人膝下：
叩禀者，月杪（杪）得奉教谕一片，拜读敬悉，荷蒙天庇，二地平安，甚慰。内嘱五月初一日，脱吾母孝服之事，自当如命，免介。兹轮便，寄洋良（银）十二元，至日如字查收，以应家中之用也。承尊言叫儿秋后回塘（唐）等情，大人不用介意，候儿有利可得之日，自然收拾归家无误矣。许氏内妻，年齿尚属幼稚，诸务有不晓之处，敢望大人祈为从容教训，使得茅塞剖开，则家庭之幸焉。见字亦祈代嘱他（她）须听
大人清诲，诸件不可忤逆，家务尤宜勤作，弟妹亦当教养，方免致为外庭耻笑也。近想胞弟，谅卜比前一方强壮否？可知声茂兄，经于昨天生理【生意】另改，易作布包，缘旧袜廊无生理【生意】之故耳。但未卜寄永蕃弟之鞋度是何人的，祈回数示晓，余言后伸。
顺候
福安不一

儿林序周谨叩
民国十三年五月八号，夏历甲午四月初五日书","寄批人：叻坡林序周
收批人：潮安大寨家父亲大人
批款：英洋拾贰元
日期：民国十三年五月八号，夏历甲午四月初五日

父亲大人膝下：
叩禀者，月杪（杪）得奉教谕一片，拜读敬悉，荷蒙天庇，二地平安，甚慰。内嘱五月初一日，脱吾母孝服之事，自当如命，免介。兹轮便，寄洋良（银）十二元，至日如字查收，以应家中之用也。承尊言叫儿秋后回塘（唐）等情，大人不用介意，候儿有利可得之日，自然收拾归家无误矣。许氏内妻，年齿尚属幼稚，诸务有不晓之处，敢望大人祈为从容教训，使得茅塞剖开，则家庭之幸焉。见字亦祈代嘱他（她）须听
大人清诲，诸件不可忤逆，家务尤宜勤作，弟妹亦当教养，方免致为外庭耻笑也。近想胞弟，谅卜比前一方强壮否？可知声茂兄，经于昨天生理【生意】另改，易作布包，缘旧袜廊无生理【生意】之故耳。但未卜寄永蕃弟之鞋度是何人的，祈回数示晓，余言后伸。
顺候
福安不一

儿林序周谨叩
民国十三年五月八号，夏历甲午四月初五日书","父亲大人膝下：
叩禀者，月杪（杪）得奉教谕一片，拜读敬悉，荷蒙天庇，二地平安，甚慰。内嘱五月初一日，脱吾母孝服之事，自当如命，免介。兹轮便，寄洋良（银）十二元，至日如字查收，以应家中之用也。承尊言叫儿秋后回塘（唐）等情，大人不用介意，候儿有利可得之日，自然收拾归家无误矣。许氏内妻，年齿尚属幼稚，诸务有不晓之处，敢望大人祈为从容教训，使得茅塞剖开，则家庭之幸焉。见字亦祈代嘱他（她）须听
大人清诲，诸件不可忤逆，家务尤宜勤作，弟妹亦当教养，方免致为外庭耻笑也。近想胞弟，谅卜比前一方强壮否？可知声茂兄，经于昨天生理【生意】另改，易作布包，缘旧袜廊无生理【生意】之故耳。但未卜寄永蕃弟之鞋度是何人的，祈回数示晓，余言后伸。
顺候
福安不一

儿林序周谨叩
民国十三年五月八号，夏历甲午四月初五日书","叩禀者，月杪（杪）得奉教谕一片，拜读敬悉，荷蒙天庇，二地平安，甚慰。内嘱五月初一日，脱吾母孝服之事，自当如命，免介。兹轮便，寄洋良（银）十二元，至日如字查收，以应家中之用也。承尊言叫儿秋后回塘（唐）等情，大人不用介意，候儿有利可得之日，自然收拾归家无误矣。许氏内妻，年齿尚属幼稚，诸务有不晓之处，敢望大人祈为从容教训，使得茅塞剖开，则家庭之幸焉。见字亦祈代嘱他（她）须听
大人清诲，诸件不可忤逆，家务尤宜勤作，弟妹亦当教养，方免致为外庭耻笑也。近想胞弟，谅卜比前一方强壮否？可知声茂兄，经于昨天生理【生意】另改，易作布包，缘旧袜廊无生理【生意】之故耳。但未卜寄永蕃弟之鞋度是何人的，祈回数示晓，余言后伸。
福安不一",404,11,15,叻坡林序周,潮安大寨家父亲大人,child,parent,child_to_parent,父亲；兄；弟；妻；内妻；儿；妹,安大寨家父；脱吾母；承尊言叫儿；候儿；许氏内妻；弟妹；近想胞弟；可知声茂兄；卜寄永蕃弟,大人；膝下,儿,新加坡,广东潮安,新加坡,广东潮安,新加坡；叻坡->新加坡；潮安->广东潮安；大寨->广东潮安大寨；叻->新加坡,新加坡 -> 广东潮安,1,新加坡；广东侨乡,民国十三年五月八号，夏历甲午四月初五日,"儿林序周谨叩
民国十三年五月八号，夏历甲午四月初五日书",民国十三年,1924,五月,八号,mixed,民国,high,英洋拾贰元,拾贰元,12,英洋,兹轮便，寄洋良（银）十二元，至日如字查收，以应家中之用也。,家用,兹轮便，寄洋良（银）十二元，至日如字查收，以应家中之用也。,1,父亲大人膝下：,叩禀者，月杪（杪）得奉教谕一片，拜读敬悉，荷蒙天庇，二地平安，甚慰。,叩禀者，月杪（杪）得奉教谕一片，拜读敬悉，荷蒙天庇，二地平安，甚慰。,"叩禀者，月杪（杪）得奉教谕一片，拜读敬悉，荷蒙天庇，二地平安，甚慰。内嘱五月初一日，脱吾母孝服之事，自当如命，免介。兹轮便，寄洋良（银）十二元，至日如字查收，以应家中之用也。承尊言叫儿秋后回塘（唐）等情，大人不用介意，候儿有利可得之日，自然收拾归家无误矣。许氏内妻，年齿尚属幼稚，诸务有不晓之处，敢望大人祈为从容教训，使得茅塞剖开，则家庭之幸焉。见字亦祈代嘱他（她）须听
大人清诲，诸件不可忤逆，家务尤宜勤作，弟妹亦当教养，方免致为外庭耻笑也。近想胞弟，谅卜比前一方强壮否？可知声茂兄，经于昨天生理【生意】另改，易作布包，缘旧袜廊无生理【生意】之故耳。但未卜寄永蕃弟之鞋度是何人的，祈回数示晓，余言后伸。
福安不一",叩禀者，月杪（杪）得奉教谕一片，拜读敬悉，荷蒙天庇，二地平安，甚慰。,父亲大人膝下：；内嘱五月初一日，脱吾母孝服之事，自当如命，免介。,内嘱五月初一日，脱吾母孝服之事，自当如命，免介。；许氏内妻，年齿尚属幼稚，诸务有不晓之处，敢望大人祈为从容教训，使得茅塞剖开，则家庭之幸焉。,顺候,谨叩,"儿林序周谨叩
民国十三年五月八号，夏历甲午四月初五日书",儿林序周谨叩,,1,1,1,1,1,1,1,0,1,1,0,instruction,family_affection;remittance;safety;instruction;study;health;work;marriage;funeral,叩禀者；禀者；膝下,谨叩；顺候,大人；膝下；福安,儿；弟；叩；谨,兹；祈；谅；荷；奉；承；甚慰；诸务；如命,叩禀者；膝下；查收；顺候；福安；不一,兹轮便；查收；如字查收,平安,须；祈为；嘱；不可；教训,叩禀者；禀者；膝下；谨叩；顺候；大人；福安；儿；弟；叩；谨；兹；祈；谅；荷；奉；承；甚慰；诸务；如命；查收；不一,3,"父亲大人膝下：
叩禀者，月杪（杪）得奉教谕一片，拜读敬悉，荷蒙天庇，二地平安，甚慰。
兹轮便，寄洋良（银）十二元，至日如字查收，以应家中之用也。
内嘱五月初一日，脱吾母孝服之事，自当如命，免介。；许氏内妻，年齿尚属幼稚，诸务有不晓之处，敢望大人祈为从容教训，使得茅塞剖开，则家庭之幸焉。
顺候
儿林序周谨叩",父亲大人膝下：,叩禀者，月杪（杪）得奉教谕一片，拜读敬悉，荷蒙天庇，二地平安，甚慰。,兹轮便，寄洋良（银）十二元，至日如字查收，以应家中之用也。,父亲大人膝下：；内嘱五月初一日，脱吾母孝服之事，自当如命，免介。,内嘱五月初一日，脱吾母孝服之事，自当如命，免介。；许氏内妻，年齿尚属幼稚，诸务有不晓之处，敢望大人祈为从容教训，使得茅塞剖开，则家庭之幸焉。,顺候；儿林序周谨叩,sender=叻坡林序周；recipient=潮安大寨家父亲大人；relationship=child_to_parent；date=民国十三年五月八号，夏历甲午四月初五日；money=拾贰元；currency=英洋；places=新加坡；叻坡->新加坡；潮安->广东潮安；大寨->广东潮安大寨；叻->新加坡；kinship=父亲；兄；弟；妻；内妻；儿；妹,"民国十三年（1924）五月八号，叻［新加坡］林序周寄潮安大寨家父亲大人
叻坡林序周
潮安大寨家父亲大人
民国十三年五月八号，夏历甲午四月初五日
英洋拾贰元
新加坡；叻坡->新加坡；潮安->广东潮安；大寨->广东潮安大寨；叻->新加坡
family_affection;remittance;safety;instruction;study;health;work;marriage;funeral
叩禀者，月杪（杪）得奉教谕一片，拜读敬悉，荷蒙天庇，二地平安，甚慰。内嘱五月初一日，脱吾母孝服之事，自当如命，免介。兹轮便，寄洋良（银）十二元，至日如字查收，以应家中之用也。承尊言叫儿秋后回塘（唐）等情，大人不用介意，候儿有利可得之日，自然收拾归家无误矣。许氏内妻，年齿尚属幼稚，诸务有不晓之处，敢望大人祈为从容教训，使得茅塞剖开，则家庭之幸焉。见字亦祈代嘱他（她）须听
大人清诲，诸件不可忤逆，家务尤宜勤作，弟妹亦当教养，方免致为外庭耻笑也。近想胞弟，谅卜比前一方强壮否？可知声茂兄，经于昨天生理【生意】另改，易作布包，缘旧袜廊无生理【生意】之故耳。但未卜寄永蕃弟之鞋度是何人的，祈回数示晓，余言后伸。
福安不一",题名：民国十三年（1924）五月八号，叻［新加坡］林序周寄潮安大寨家父亲大人；寄批人：叻坡林序周；收批人：潮安大寨家父亲大人；日期：民国十三年五月八号，夏历甲午四月初五日；汇款：英洋拾贰元；主题：family_affection;remittance;safety;instruction;study;health;work;marriage;funeral；正文摘录：叩禀者，月杪（杪）得奉教谕一片，拜读敬悉，荷蒙天庇，二地平安，甚慰。内嘱五月初一日，脱吾母孝服之事，自当如命，免介。兹轮便，寄洋良（银）十二元，至日如字查收，以应家中之用也。承尊言叫儿秋后回塘（唐）等情，大人不用介意，候儿有利可得之日，自然,民国十三年（1924）五月八号,叻［新加坡］林序周,潮安大寨家父亲大人,305,0,林序周,父亲,父亲,high,新加坡；广东潮安；广东潮安大寨,"[{""record_id"": ""CSQP-SFHC-TEXT-003"", ""raw_text"": ""英洋拾贰元"", ""amount_text"": ""拾贰元"", ""amount_number"": 12, ""currency"": ""英洋"", ""sentence"": ""批款：英洋拾贰元"", ""is_primary_candidate"": true, ""source_field"": ""body_clean""}, {""record_id"": ""CSQP-SFHC-TEXT-003"", ""raw_text"": ""良（银）十二元"", ""amount_text"": ""十二元"", ""amount_number"": 12, ""currency"": ""银元"", ""sentence"": ""兹轮便，寄洋良（银）十二元，至日如字查收，以应家中之用也。"", ""is_primary_candidate"": false, ""source_field"": ""body_clean""}]",民国十三年（1924）五月八号，叻［新加坡］林序周寄潮安大寨家父亲大人；叻坡林序周；潮安大寨家父亲大人；林序周；父亲；兄；弟；妻；内妻；儿；妹；新加坡；广东潮安；广东潮安大寨；英洋拾贰元；英洋；family_affection；remittance；safety；instruction；study；health；work；marriage；funeral；叻坡；潮安；大寨；广东；良（银）；银；元；叩禀者；膝下；查收；顺候；福安；不一；民国；十三年；五月；八号；林序；英洋拾；family；affection；禀者；甚慰；诸务；如命；教谕；一片；拜读；敬悉；荷蒙天；二地；平安；内嘱；初一；脱吾母；孝服；自当；免介；寄洋良；十二元；至日；如字；以应；家中；之用；承尊言；秋后；回塘；等情；不用；介意；候儿；有利；可得；自然
CSQP-SFHC-TEXT-004,4,丙年（1926）八月廿六日，外洋儿贞寄潮汕慈亲大人,pdf_pages=37；book_pages=8,1,medium,0,"字禀

慈亲大人尊前福安：
敬启者，日前训谕一书，内中各节俱已详悉。近维老大人玉体定卜康泰，四时清吉为慰。兹逢洋轮往汕，付信局带上一函，并大洋伍拾元，到日查收。内抹出式元，分老鹅侄收，又抹出式元，分海发弟收，余者以作家中之需可也。再者，劳代问老鹅侄之病情，现岂尝全（痊）愈否？望顺笔示知为荷。此请
近安

丙年八月廿六日  儿贞禀上","字禀

慈亲大人尊前福安：
敬启者，日前训谕一书，内中各节俱已详悉。近维老大人玉体定卜康泰，四时清吉为慰。兹逢洋轮往汕，付信局带上一函，并大洋伍拾元，到日查收。内抹出式元，分老鹅侄收，又抹出式元，分海发弟收，余者以作家中之需可也。再者，劳代问老鹅侄之病情，现岂尝全（痊）愈否？望顺笔示知为荷。此请
近安

丙年八月廿六日 儿贞禀上","字禀

慈亲大人尊前福安：
敬启者，日前训谕一书，内中各节俱已详悉。近维老大人玉体定卜康泰，四时清吉为慰。兹逢洋轮往汕，付信局带上一函，并大洋伍拾元，到日查收。内抹出式元，分老鹅侄收，又抹出式元，分海发弟收，余者以作家中之需可也。再者，劳代问老鹅侄之病情，现岂尝全（痊）愈否？望顺笔示知为荷。此请
近安

丙年八月廿六日 儿贞禀上","敬启者，日前训谕一书，内中各节俱已详悉。近维老大人玉体定卜康泰，四时清吉为慰。兹逢洋轮往汕，付信局带上一函，并大洋伍拾元，到日查收。内抹出式元，分老鹅侄收，又抹出式元，分海发弟收，余者以作家中之需可也。再者，劳代问老鹅侄之病情，现岂尝全（痊）愈否？望顺笔示知为荷。此请
近安",165,5,11,外洋儿贞,潮汕慈亲大人,child,parent,child_to_parent,慈亲；弟；儿；侄,外洋儿；分老鹅侄；分海发弟；代问老鹅侄,大人；尊前；福安,儿,海外,广东侨乡,海外,广东侨乡,潮汕->广东侨乡,海外 -> 广东侨乡,1,海外；广东侨乡,丙年（1926）八月廿六日,丙年八月廿六日 儿贞禀上,1926,1926,八月,廿六日,solar,干支或传统纪年,high,大洋伍拾元,伍拾元,50,大洋,兹逢洋轮往汕，付信局带上一函，并大洋伍拾元，到日查收。,,兹逢洋轮往汕，付信局带上一函，并大洋伍拾元，到日查收。,1,慈亲大人尊前福安：,敬启者，日前训谕一书，内中各节俱已详悉。,慈亲大人尊前福安：,"敬启者，日前训谕一书，内中各节俱已详悉。近维老大人玉体定卜康泰，四时清吉为慰。兹逢洋轮往汕，付信局带上一函，并大洋伍拾元，到日查收。内抹出式元，分老鹅侄收，又抹出式元，分海发弟收，余者以作家中之需可也。再者，劳代问老鹅侄之病情，现岂尝全（痊）愈否？望顺笔示知为荷。此请
近安",,内抹出式元，分老鹅侄收，又抹出式元，分海发弟收，余者以作家中之需可也。；丙年八月廿六日 儿贞禀上,,,禀上,丙年八月廿六日 儿贞禀上,丙年八月廿六日 儿贞禀上,,1,1,0,0,0,1,0,0,0,0,0,health_care,family_affection;remittance;health,启者；尊前,启,大人；尊前；福安,儿；弟,兹；荷,尊前；查收；福安,查收,,,启者；尊前；启；大人；福安；儿；弟；兹；荷；查收,3,"慈亲大人尊前福安：
敬启者，日前训谕一书，内中各节俱已详悉。
兹逢洋轮往汕，付信局带上一函，并大洋伍拾元，到日查收。
丙年八月廿六日 儿贞禀上",慈亲大人尊前福安：,,兹逢洋轮往汕，付信局带上一函，并大洋伍拾元，到日查收。,内抹出式元，分老鹅侄收，又抹出式元，分海发弟收，余者以作家中之需可也。；丙年八月廿六日 儿贞禀上,,丙年八月廿六日 儿贞禀上,sender=外洋儿贞；recipient=潮汕慈亲大人；relationship=child_to_parent；date=丙年（1926）八月廿六日；money=伍拾元；currency=大洋；places=潮汕->广东侨乡；kinship=慈亲；弟；儿；侄,"丙年（1926）八月廿六日，外洋儿贞寄潮汕慈亲大人
外洋儿贞
潮汕慈亲大人
丙年（1926）八月廿六日
大洋伍拾元
潮汕->广东侨乡
family_affection;remittance;health
敬启者，日前训谕一书，内中各节俱已详悉。近维老大人玉体定卜康泰，四时清吉为慰。兹逢洋轮往汕，付信局带上一函，并大洋伍拾元，到日查收。内抹出式元，分老鹅侄收，又抹出式元，分海发弟收，余者以作家中之需可也。再者，劳代问老鹅侄之病情，现岂尝全（痊）愈否？望顺笔示知为荷。此请
近安",题名：丙年（1926）八月廿六日，外洋儿贞寄潮汕慈亲大人；寄批人：外洋儿贞；收批人：潮汕慈亲大人；日期：丙年（1926）八月廿六日；汇款：大洋伍拾元；主题：family_affection;remittance;health；正文摘录：敬启者，日前训谕一书，内中各节俱已详悉。近维老大人玉体定卜康泰，四时清吉为慰。兹逢洋轮往汕，付信局带上一函，并大洋伍拾元，到日查收。内抹出式元，分老鹅侄收，又抹出式元，分海发弟收，余者以作家中之需可也。再者，劳代问老鹅侄之病情，现岂尝全（痊,丙年（1926）八月廿六日,外洋儿贞,潮汕慈亲大人,136,0,儿贞,慈亲,慈亲,high,广东侨乡；海外,"[{""record_id"": ""CSQP-SFHC-TEXT-004"", ""raw_text"": ""大洋伍拾元"", ""amount_text"": ""伍拾元"", ""amount_number"": 50, ""currency"": ""大洋"", ""sentence"": ""兹逢洋轮往汕，付信局带上一函，并大洋伍拾元，到日查收。"", ""is_primary_candidate"": true, ""source_field"": ""body_clean""}, {""record_id"": ""CSQP-SFHC-TEXT-004"", ""raw_text"": ""式元"", ""amount_text"": ""式元"", ""amount_number"": 2, ""currency"": ""元"", ""sentence"": ""内抹出式元，分老鹅侄收，又抹出式元，分海发弟收，余者以作家中之需可也。"", ""is_primary_candidate"": false, ""source_field"": ""body_clean""}]",丙年（1926）八月廿六日，外洋儿贞寄潮汕慈亲大人；外洋儿贞；潮汕慈亲大人；儿贞；慈亲；弟；儿；侄；广东侨乡；海外；大洋伍拾元；大洋；family_affection；remittance；health；潮汕；广东；元；尊前；查收；福安；丙年；八月；廿六日；外洋；侨乡；伍拾；family；affection；启者；敬启者；日前；训谕；一书；内中；各节；详悉；近维；老大；玉体；定卜；康泰；四时；清吉为；兹逢洋轮；往汕；付信局；带上；一函；出式；分老鹅；侄收；分海；发弟；余者；作家；再者；劳代问；老鹅侄；病情；尝全；愈否；望顺；笔示；知为；此请；近安
CSQP-SFHC-TEXT-005,5,丙（1927）十二月十一日，越［沙捞越］陈进保寄澄邑程洋冈家大嫂,pdf_pages=38；book_pages=9,1,medium,0,"家大嫂大人收知：
敬复者，前接来书，一切均悉，幸喜两厝平安，不胜慰耳。兹逢丙轮之便，即付大银十四元，到祈查收。内抹一元交玉珍收用，又抹一元交碧音收用，又抹一元耀凯收用，又抹一元，侄妇收用，余存十元，家情之需是荷。并候
近安

陈进保草
丙十一月十一日顿","家大嫂大人收知：
敬复者，前接来书，一切均悉，幸喜两厝平安，不胜慰耳。兹逢丙轮之便，即付大银十四元，到祈查收。内抹一元交玉珍收用，又抹一元交碧音收用，又抹一元耀凯收用，又抹一元，侄妇收用，余存十元，家情之需是荷。并候
近安

陈进保草
丙十一月十一日顿","家大嫂大人收知：
敬复者，前接来书，一切均悉，幸喜两厝平安，不胜慰耳。兹逢丙轮之便，即付大银十四元，到祈查收。内抹一元交玉珍收用，又抹一元交碧音收用，又抹一元耀凯收用，又抹一元，侄妇收用，余存十元，家情之需是荷。并候
近安

陈进保草
丙十一月十一日顿","敬复者，前接来书，一切均悉，幸喜两厝平安，不胜慰耳。兹逢丙轮之便，即付大银十四元，到祈查收。内抹一元交玉珍收用，又抹一元交碧音收用，又抹一元耀凯收用，又抹一元，侄妇收用，余存十元，家情之需是荷。并候
近安",126,5,8,越［沙捞越］陈进保,澄邑程洋冈家大嫂,,sibling_in_law,in_law_or_affinal_kin,嫂；大嫂；侄,程洋冈家大嫂；家大嫂,大人；收知,,,广东澄海,,广东澄海,澄邑->广东澄海,广东澄海,0,广东侨乡,丙（1927）十二月十一日,丙十一月十一日顿,1927,1927,十二月,十一日,solar,干支或传统纪年,high,大银十四元,十四元,14,银元,兹逢丙轮之便，即付大银十四元，到祈查收。,,兹逢丙轮之便，即付大银十四元，到祈查收。；内抹一元交玉珍收用，又抹一元交碧音收用，又抹一元耀凯收用，又抹一元，侄妇收用，余存十元，家情之需是荷。,1,家大嫂大人收知：,,敬复者，前接来书，一切均悉，幸喜两厝平安，不胜慰耳。,"敬复者，前接来书，一切均悉，幸喜两厝平安，不胜慰耳。兹逢丙轮之便，即付大银十四元，到祈查收。内抹一元交玉珍收用，又抹一元交碧音收用，又抹一元耀凯收用，又抹一元，侄妇收用，余存十元，家情之需是荷。并候
近安",敬复者，前接来书，一切均悉，幸喜两厝平安，不胜慰耳。,,,,顿,丙十一月十一日顿,丙十一月十一日顿,,0,1,1,0,0,0,0,0,0,0,1,safety_report,remittance;safety;home_building,收知,,大人；收知,,兹；祈；荷；不胜,祈查收；查收,查收,平安,,收知；大人；兹；祈；荷；不胜；祈查收；查收,2,"家大嫂大人收知：
敬复者，前接来书，一切均悉，幸喜两厝平安，不胜慰耳。
兹逢丙轮之便，即付大银十四元，到祈查收。
丙十一月十一日顿",家大嫂大人收知：,敬复者，前接来书，一切均悉，幸喜两厝平安，不胜慰耳。,兹逢丙轮之便，即付大银十四元，到祈查收。,,,丙十一月十一日顿,sender=越［沙捞越］陈进保；recipient=澄邑程洋冈家大嫂；relationship=in_law_or_affinal_kin；date=丙（1927）十二月十一日；money=十四元；currency=银元；places=澄邑->广东澄海；kinship=嫂；大嫂；侄,"丙（1927）十二月十一日，越［沙捞越］陈进保寄澄邑程洋冈家大嫂
越［沙捞越］陈进保
澄邑程洋冈家大嫂
丙（1927）十二月十一日
大银十四元
澄邑->广东澄海
remittance;safety;home_building
敬复者，前接来书，一切均悉，幸喜两厝平安，不胜慰耳。兹逢丙轮之便，即付大银十四元，到祈查收。内抹一元交玉珍收用，又抹一元交碧音收用，又抹一元耀凯收用，又抹一元，侄妇收用，余存十元，家情之需是荷。并候
近安",题名：丙（1927）十二月十一日，越［沙捞越］陈进保寄澄邑程洋冈家大嫂；寄批人：越［沙捞越］陈进保；收批人：澄邑程洋冈家大嫂；日期：丙（1927）十二月十一日；汇款：大银十四元；主题：remittance;safety;home_building；正文摘录：敬复者，前接来书，一切均悉，幸喜两厝平安，不胜慰耳。兹逢丙轮之便，即付大银十四元，到祈查收。内抹一元交玉珍收用，又抹一元交碧音收用，又抹一元耀凯收用，又抹一元，侄妇收用，余存十元，家情之需是荷。并候近安,丙（1927）十二月十一日,越［沙捞越］陈进保,澄邑程洋冈家大嫂,101,0,陈进保,大嫂,侄,high,广东澄海,"[{""record_id"": ""CSQP-SFHC-TEXT-005"", ""raw_text"": ""大银十四元"", ""amount_text"": ""十四元"", ""amount_number"": 14, ""currency"": ""银元"", ""sentence"": ""兹逢丙轮之便，即付大银十四元，到祈查收。"", ""is_primary_candidate"": true, ""source_field"": ""body_clean""}, {""record_id"": ""CSQP-SFHC-TEXT-005"", ""raw_text"": ""一元"", ""amount_text"": ""一元"", ""amount_number"": 1, ""currency"": ""元"", ""sentence"": ""内抹一元交玉珍收用，又抹一元交碧音收用，又抹一元耀凯收用，又抹一元，侄妇收用，余存十元，家情之需是荷。"", ""is_primary_candidate"": false, ""source_field"": ""body_clean""}, {""record_id"": ""CSQP-SFHC-TEXT-005"", ""raw_text"": ""十元"", ""amount_text"": ""十元"", ""amount_number"": 10, ""currency"": ""元"", ""sentence"": ""内抹一元交玉珍收用，又抹一元交碧音收用，又抹一元耀凯收用，又抹一元，侄妇收用，余存十元，家情之需是荷。"", ""is_primary_candidate"": false, ""source_field"": ""body_clean""}]",丙（1927）十二月十一日，越［沙捞越］陈进保寄澄邑程洋冈家大嫂；越［沙捞越］陈进保；澄邑程洋冈家大嫂；陈进保；大嫂；嫂；侄；广东澄海；大银十四元；银元；remittance；safety；home_building；澄海；澄邑；广东；大银；银；元；祈查收；查收；十二月；十一日；沙捞越；陈进；保寄澄邑；程洋冈家；十四元；home；building；收知；不胜；敬复者；前接；均悉；幸喜；平安；慰耳；兹逢丙轮；即付；一元；交玉珍；收用；交碧音；耀凯；侄妇；余存；十元；家情；并候；近安
CSQP-SFHC-TEXT-006,6,丁（1927）九月初五日，外洋两猛寄潮汕慈亲大人,pdf_pages=39；book_pages=10,1,medium,0,"慈亲大人膝下：
敬禀者，兹逢船透【往】汕，并付大洋银捌元，到祈检收，作为家需之用。但男在暹自当克（刻）苦勤俭，一文不敢妄费，如塘（唐）山须宜如此为要，是所至盼。专此告达。并颂
金安

男两猛禀
丁九月初五日","慈亲大人膝下：
敬禀者，兹逢船透【往】汕，并付大洋银捌元，到祈检收，作为家需之用。但男在暹自当克（刻）苦勤俭，一文不敢妄费，如塘（唐）山须宜如此为要，是所至盼。专此告达。并颂
金安

男两猛禀
丁九月初五日","慈亲大人膝下：
敬禀者，兹逢船透【往】汕，并付大洋银捌元，到祈检收，作为家需之用。但男在暹自当克（刻）苦勤俭，一文不敢妄费，如塘（唐）山须宜如此为要，是所至盼。专此告达。并颂
金安

男两猛禀
丁九月初五日","敬禀者，兹逢船透【往】汕，并付大洋银捌元，到祈检收，作为家需之用。但男在暹自当克（刻）苦勤俭，一文不敢妄费，如塘（唐）山须宜如此为要，是所至盼。专此告达。并颂
金安",103,5,8,外洋两猛,潮汕慈亲大人,child,parent,child_to_parent,慈亲；男,,大人；膝下,男,海外,广东侨乡,海外,广东侨乡,潮汕->广东侨乡；暹->泰国,海外 -> 广东侨乡,1,海外；广东侨乡；泰国,丁（1927）九月初五日,"男两猛禀
丁九月初五日",1927,1927,九月,初五日,lunar,干支或传统纪年,high,大洋银捌元,捌元,8,大洋,敬禀者，兹逢船透【往】汕，并付大洋银捌元，到祈检收，作为家需之用。,家用,,1,慈亲大人膝下：,敬禀者，兹逢船透【往】汕，并付大洋银捌元，到祈检收，作为家需之用。,,"敬禀者，兹逢船透【往】汕，并付大洋银捌元，到祈检收，作为家需之用。但男在暹自当克（刻）苦勤俭，一文不敢妄费，如塘（唐）山须宜如此为要，是所至盼。专此告达。并颂
金安",,,但男在暹自当克（刻）苦勤俭，一文不敢妄费，如塘（唐）山须宜如此为要，是所至盼。,,,"男两猛禀
丁九月初五日",男两猛禀,,0,1,0,1,0,0,0,0,0,0,0,instruction,remittance;instruction,敬禀者；禀者；膝下,,大人；膝下；金安,,兹；祈,敬禀者；膝下；金安,,,须；勤俭,敬禀者；禀者；膝下；大人；金安；兹；祈,2,"慈亲大人膝下：
敬禀者，兹逢船透【往】汕，并付大洋银捌元，到祈检收，作为家需之用。
但男在暹自当克（刻）苦勤俭，一文不敢妄费，如塘（唐）山须宜如此为要，是所至盼。
男两猛禀",慈亲大人膝下：,,敬禀者，兹逢船透【往】汕，并付大洋银捌元，到祈检收，作为家需之用。,,但男在暹自当克（刻）苦勤俭，一文不敢妄费，如塘（唐）山须宜如此为要，是所至盼。,男两猛禀,sender=外洋两猛；recipient=潮汕慈亲大人；relationship=child_to_parent；date=丁（1927）九月初五日；money=捌元；currency=大洋；places=潮汕->广东侨乡；暹->泰国；kinship=慈亲；男,"丁（1927）九月初五日，外洋两猛寄潮汕慈亲大人
外洋两猛
潮汕慈亲大人
丁（1927）九月初五日
大洋银捌元
潮汕->广东侨乡；暹->泰国
remittance;instruction
敬禀者，兹逢船透【往】汕，并付大洋银捌元，到祈检收，作为家需之用。但男在暹自当克（刻）苦勤俭，一文不敢妄费，如塘（唐）山须宜如此为要，是所至盼。专此告达。并颂
金安",题名：丁（1927）九月初五日，外洋两猛寄潮汕慈亲大人；寄批人：外洋两猛；收批人：潮汕慈亲大人；日期：丁（1927）九月初五日；汇款：大洋银捌元；主题：remittance;instruction；正文摘录：敬禀者，兹逢船透【往】汕，并付大洋银捌元，到祈检收，作为家需之用。但男在暹自当克（刻）苦勤俭，一文不敢妄费，如塘（唐）山须宜如此为要，是所至盼。专此告达。并颂金安,丁（1927）九月初五日,外洋两猛,潮汕慈亲大人,81,0,两猛,慈亲,慈亲,high,广东侨乡；泰国；海外,"[{""record_id"": ""CSQP-SFHC-TEXT-006"", ""raw_text"": ""大洋银捌元"", ""amount_text"": ""捌元"", ""amount_number"": 8, ""currency"": ""大洋"", ""sentence"": ""敬禀者，兹逢船透【往】汕，并付大洋银捌元，到祈检收，作为家需之用。"", ""is_primary_candidate"": true, ""source_field"": ""body_clean""}]",丁（1927）九月初五日，外洋两猛寄潮汕慈亲大人；外洋两猛；潮汕慈亲大人；两猛；慈亲；男；广东侨乡；泰国；海外；大洋银捌元；大洋；remittance；instruction；潮汕；广东；大洋银；洋银；银；元；敬禀者；膝下；金安；九月初；五日；外洋；侨乡；禀者；兹逢；船透；并付；检收；作为；之用；自当克；勤俭；一文；不敢；妄费；如塘；山须；如此；专此；告达；并颂
CSQP-SFHC-TEXT-007,7,戊（1928）六月十七，暹［泰国］圣源寄汀（澄）邑南砂乡林严亲大人,pdf_pages=40；book_pages=11,1,low,0,"寄批人：暹圣源
收批人：汀邑南砂乡林严亲大人
批款：大洋捌元
日期：戊六月十七

严亲大人尊前：
敬禀者，兹逢轮便，付信局呈上大洋捌元，到日祈查收，以资家用。各地平安，顺此奉慰。跪请
福安

男圣源顿
戊六月十七","寄批人：暹圣源
收批人：汀邑南砂乡林严亲大人
批款：大洋捌元
日期：戊六月十七

严亲大人尊前：
敬禀者，兹逢轮便，付信局呈上大洋捌元，到日祈查收，以资家用。各地平安，顺此奉慰。跪请
福安

男圣源顿
戊六月十七","严亲大人尊前：
敬禀者，兹逢轮便，付信局呈上大洋捌元，到日祈查收，以资家用。各地平安，顺此奉慰。跪请
福安

男圣源顿
戊六月十七","敬禀者，兹逢轮便，付信局呈上大洋捌元，到日祈查收，以资家用。各地平安，顺此奉慰。跪请
福安",106,9,7,暹圣源,汀邑南砂乡林严亲大人,child,parent,child_to_parent,严亲；男,,大人；尊前,男,泰国,广东澄海,泰国,广东澄海,泰国；汀邑->广东澄海；暹->泰国,泰国 -> 广东澄海,1,泰国；广东侨乡,戊六月十七,"男圣源顿
戊六月十七",1928,1928,六月,,solar,干支或传统纪年,high,大洋捌元,捌元,8,大洋,敬禀者，兹逢轮便，付信局呈上大洋捌元，到日祈查收，以资家用。,家用,敬禀者，兹逢轮便，付信局呈上大洋捌元，到日祈查收，以资家用。,1,严亲大人尊前：,敬禀者，兹逢轮便，付信局呈上大洋捌元，到日祈查收，以资家用。,各地平安，顺此奉慰。,"敬禀者，兹逢轮便，付信局呈上大洋捌元，到日祈查收，以资家用。各地平安，顺此奉慰。跪请
福安",各地平安，顺此奉慰。,,,各地平安，顺此奉慰。,顿,"男圣源顿
戊六月十七",男圣源顿,,0,1,1,0,0,0,0,0,0,0,0,safety_report,remittance;safety,敬禀者；禀者；尊前,,大人；尊前；福安,,兹；祈；奉,敬禀者；尊前；祈查收；查收；福安,查收,平安,,敬禀者；禀者；尊前；大人；福安；兹；祈；奉；祈查收；查收,3,"严亲大人尊前：
敬禀者，兹逢轮便，付信局呈上大洋捌元，到日祈查收，以资家用。
各地平安，顺此奉慰。
男圣源顿",严亲大人尊前：,各地平安，顺此奉慰。,敬禀者，兹逢轮便，付信局呈上大洋捌元，到日祈查收，以资家用。,,,各地平安，顺此奉慰。；男圣源顿,sender=暹圣源；recipient=汀邑南砂乡林严亲大人；relationship=child_to_parent；date=戊六月十七；money=捌元；currency=大洋；places=泰国；汀邑->广东澄海；暹->泰国；kinship=严亲；男,"戊（1928）六月十七，暹［泰国］圣源寄汀（澄）邑南砂乡林严亲大人
暹圣源
汀邑南砂乡林严亲大人
戊六月十七
大洋捌元
泰国；汀邑->广东澄海；暹->泰国
remittance;safety
敬禀者，兹逢轮便，付信局呈上大洋捌元，到日祈查收，以资家用。各地平安，顺此奉慰。跪请
福安",题名：戊（1928）六月十七，暹［泰国］圣源寄汀（澄）邑南砂乡林严亲大人；寄批人：暹圣源；收批人：汀邑南砂乡林严亲大人；日期：戊六月十七；汇款：大洋捌元；主题：remittance;safety；正文摘录：敬禀者，兹逢轮便，付信局呈上大洋捌元，到日祈查收，以资家用。各地平安，顺此奉慰。跪请福安,戊（1928）六月十七,暹［泰国］圣源,汀（澄）邑南砂乡林严亲大人,44,0,圣源,南砂乡林严亲,严亲,high,泰国；广东澄海,"[{""record_id"": ""CSQP-SFHC-TEXT-007"", ""raw_text"": ""大洋捌元"", ""amount_text"": ""捌元"", ""amount_number"": 8, ""currency"": ""大洋"", ""sentence"": ""批款：大洋捌元"", ""is_primary_candidate"": true, ""source_field"": ""body_clean""}, {""record_id"": ""CSQP-SFHC-TEXT-007"", ""raw_text"": ""大洋捌元"", ""amount_text"": ""捌元"", ""amount_number"": 8, ""currency"": ""大洋"", ""sentence"": ""敬禀者，兹逢轮便，付信局呈上大洋捌元，到日祈查收，以资家用。"", ""is_primary_candidate"": false, ""source_field"": ""body_clean""}]",戊（1928）六月十七，暹［泰国］圣源寄汀（澄）邑南砂乡林严亲大人；暹圣源；汀邑南砂乡林严亲大人；圣源；南砂乡林严亲；严亲；男；泰国；广东澄海；大洋捌元；大洋；remittance；safety；澄海；汀邑；广东；元；敬禀者；尊前；祈查收；查收；福安；六月；十七；南砂；乡林；禀者；兹逢轮；付信局；以资；家用；各地；平安；奉慰
CSQP-SFHC-TEXT-008,8,戊（1928）七月十六日，外洋两猛寄潮汕慈亲大人,pdf_pages=41；book_pages=12,1,needs_review,1,"慈亲大人前尊：
敬禀者，本月十六日，兹逢大火船透【往】汕，并奉大洋银五元，到祈检收，以作家需之用。不知今年塘（唐）山之果□【子】，岂有些微利入手否？回信赐音示知。自男未暹，亦有五六载，谁知命理衰薄，纵有微利入手，至今不能回归祖国，以见慈亲之颜，罪实甚矣。而暹中，现刻行情甚苦，财利实在难得，倘有些金钱可取，自当收拾回家。余无别言，特此告达。并询
金安

男两猛
戊七月十六日禀","慈亲大人前尊：
敬禀者，本月十六日，兹逢大火船透【往】汕，并奉大洋银五元，到祈检收，以作家需之用。不知今年塘（唐）山之果□【子】，岂有些微利入手否？回信赐音示知。自男未暹，亦有五六载，谁知命理衰薄，纵有微利入手，至今不能回归祖国，以见慈亲之颜，罪实甚矣。而暹中，现刻行情甚苦，财利实在难得，倘有些金钱可取，自当收拾回家。余无别言，特此告达。并询
金安

男两猛
戊七月十六日禀","慈亲大人前尊：
敬禀者，本月十六日，兹逢大火船透【往】汕，并奉大洋银五元，到祈检收，以作家需之用。不知今年塘（唐）山之果□【子】，岂有些微利入手否？回信赐音示知。自男未暹，亦有五六载，谁知命理衰薄，纵有微利入手，至今不能回归祖国，以见慈亲之颜，罪实甚矣。而暹中，现刻行情甚苦，财利实在难得，倘有些金钱可取，自当收拾回家。余无别言，特此告达。并询
金安

男两猛
戊七月十六日禀","敬禀者，本月十六日，兹逢大火船透【往】汕，并奉大洋银五元，到祈检收，以作家需之用。不知今年塘（唐）山之果□【子】，岂有些微利入手否？回信赐音示知。自男未暹，亦有五六载，谁知命理衰薄，纵有微利入手，至今不能回归祖国，以见慈亲之颜，罪实甚矣。而暹中，现刻行情甚苦，财利实在难得，倘有些金钱可取，自当收拾回家。余无别言，特此告达。并询
金安
男两猛",188,5,11,外洋两猛,潮汕慈亲大人,,parent,child_to_parent,慈亲；男,,大人,,海外,广东侨乡,海外,广东侨乡,潮汕->广东侨乡,海外 -> 广东侨乡,1,海外；广东侨乡,戊（1928）七月十六日,戊七月十六日禀,1928,1928,七月,十六日,solar,干支或传统纪年,high,大洋银五元,五元,5,大洋,敬禀者，本月十六日，兹逢大火船透【往】汕，并奉大洋银五元，到祈检收，以作家需之用。,家用,,1,慈亲大人前尊：,敬禀者，本月十六日，兹逢大火船透【往】汕，并奉大洋银五元，到祈检收，以作家需之用。,,"敬禀者，本月十六日，兹逢大火船透【往】汕，并奉大洋银五元，到祈检收，以作家需之用。不知今年塘（唐）山之果□【子】，岂有些微利入手否？回信赐音示知。自男未暹，亦有五六载，谁知命理衰薄，纵有微利入手，至今不能回归祖国，以见慈亲之颜，罪实甚矣。而暹中，现刻行情甚苦，财利实在难得，倘有些金钱可取，自当收拾回家。余无别言，特此告达。并询
金安
男两猛",,,,,,戊七月十六日禀,戊七月十六日禀,,0,1,0,0,0,0,0,0,0,0,0,remittance,remittance,敬禀者；禀者,,大人；金安,,兹；祈；奉,敬禀者；金安,,,,敬禀者；禀者；大人；金安；兹；祈；奉,2,"慈亲大人前尊：
敬禀者，本月十六日，兹逢大火船透【往】汕，并奉大洋银五元，到祈检收，以作家需之用。
戊七月十六日禀",慈亲大人前尊：,,敬禀者，本月十六日，兹逢大火船透【往】汕，并奉大洋银五元，到祈检收，以作家需之用。,,,戊七月十六日禀,sender=外洋两猛；recipient=潮汕慈亲大人；relationship=child_to_parent；date=戊（1928）七月十六日；money=五元；currency=大洋；places=潮汕->广东侨乡；kinship=慈亲；男,"戊（1928）七月十六日，外洋两猛寄潮汕慈亲大人
外洋两猛
潮汕慈亲大人
戊（1928）七月十六日
大洋银五元
潮汕->广东侨乡
remittance
敬禀者，本月十六日，兹逢大火船透【往】汕，并奉大洋银五元，到祈检收，以作家需之用。不知今年塘（唐）山之果□【子】，岂有些微利入手否？回信赐音示知。自男未暹，亦有五六载，谁知命理衰薄，纵有微利入手，至今不能回归祖国，以见慈亲之颜，罪实甚矣。而暹中，现刻行情甚苦，财利实在难得，倘有些金钱可取，自当收拾回家。余无别言，特此告达。并询
金安
男两猛",题名：戊（1928）七月十六日，外洋两猛寄潮汕慈亲大人；寄批人：外洋两猛；收批人：潮汕慈亲大人；日期：戊（1928）七月十六日；汇款：大洋银五元；主题：remittance；正文摘录：敬禀者，本月十六日，兹逢大火船透【往】汕，并奉大洋银五元，到祈检收，以作家需之用。不知今年塘（唐）山之果□【子】，岂有些微利入手否？回信赐音示知。自男未暹，亦有五六载，谁知命理衰薄，纵有微利入手，至今不能回归祖国，以见慈亲之颜，罪实甚矣。而,戊（1928）七月十六日,外洋两猛,潮汕慈亲大人,169,1,两猛,慈亲,慈亲,high,广东侨乡；海外,"[{""record_id"": ""CSQP-SFHC-TEXT-008"", ""raw_text"": ""大洋银五元"", ""amount_text"": ""五元"", ""amount_number"": 5, ""currency"": ""大洋"", ""sentence"": ""敬禀者，本月十六日，兹逢大火船透【往】汕，并奉大洋银五元，到祈检收，以作家需之用。"", ""is_primary_candidate"": true, ""source_field"": ""body_clean""}]",戊（1928）七月十六日，外洋两猛寄潮汕慈亲大人；外洋两猛；潮汕慈亲大人；两猛；慈亲；男；广东侨乡；海外；大洋银五元；大洋；remittance；潮汕；广东；大洋银；洋银；银；元；敬禀者；金安；七月；十六日；外洋；侨乡；五元；禀者；本月；兹逢；大火；船透；检收；作家；之用；不知；今年；山之果；有些；微利；入手；回信；音示；自男未；五六；谁知；命理；衰薄；至今；不能；回归祖国；以见；之颜；罪实；暹中；现刻；行情；甚苦；财利；实在；难得；金钱；可取；收拾；回家；余无别；特此；告达；并询；男两猛
CSQP-SFHC-TEXT-009,9,己（1929）七月廿五日，［暹］大弟寄［澄莲中余宅］荆妻李氏,pdf_pages=42；book_pages=13,1,medium,0,"字付

荆妻李氏收知：
敬陈者，昨接来家批，诸事以（已）悉。但家中诸事祈知尽力调理，上须（需）和睦妗母亲邻，下当教训两儿为要，勿负余言，是幸兹矣。顺便付去大银捌元，到时查收家用。余事后陈，两地平安。此嘱，即候
梓安不一

己七月十五日  夫大弟字","字付

荆妻李氏收知：
敬陈者，昨接来家批，诸事以（已）悉。但家中诸事祈知尽力调理，上须（需）和睦妗母亲邻，下当教训两儿为要，勿负余言，是幸兹矣。顺便付去大银捌元，到时查收家用。余事后陈，两地平安。此嘱，即候
梓安不一

己七月十五日 夫大弟字","字付

荆妻李氏收知：
敬陈者，昨接来家批，诸事以（已）悉。但家中诸事祈知尽力调理，上须（需）和睦妗母亲邻，下当教训两儿为要，勿负余言，是幸兹矣。顺便付去大银捌元，到时查收家用。余事后陈，两地平安。此嘱，即候
梓安不一

己七月十五日 夫大弟字","字付
敬陈者，昨接来家批，诸事以（已）悉。但家中诸事祈知尽力调理，上须（需）和睦妗母亲邻，下当教训两儿为要，勿负余言，是幸兹矣。顺便付去大银捌元，到时查收家用。余事后陈，两地平安。此嘱，即候
梓安不一",122,5,9,［暹］大弟,［澄莲中余宅］荆妻李氏,sibling,spouse,spouse_to_spouse,母亲；弟；妻；荆妻；儿；妗,大弟；荆妻；和睦妗母；当教训两儿；夫大弟,收知,,泰国,广东澄海,泰国,广东澄海,澄莲->广东澄海,泰国 -> 广东澄海,1,泰国；广东侨乡,己（1929）七月廿五日,己七月十五日 夫大弟字,1929,1929,七月,廿五日,solar,干支或传统纪年,high,大银捌元,捌元,8,银元,顺便付去大银捌元，到时查收家用。,家用,顺便付去大银捌元，到时查收家用。,1,荆妻李氏收知：,,余事后陈，两地平安。,"字付
敬陈者，昨接来家批，诸事以（已）悉。但家中诸事祈知尽力调理，上须（需）和睦妗母亲邻，下当教训两儿为要，勿负余言，是幸兹矣。顺便付去大银捌元，到时查收家用。余事后陈，两地平安。此嘱，即候
梓安不一",余事后陈，两地平安。,荆妻李氏收知：；但家中诸事祈知尽力调理，上须（需）和睦妗母亲邻，下当教训两儿为要，勿负余言，是幸兹矣。,但家中诸事祈知尽力调理，上须（需）和睦妗母亲邻，下当教训两儿为要，勿负余言，是幸兹矣。；此嘱，即候,,字,己七月十五日 夫大弟字,己七月十五日 夫大弟字,,1,1,1,1,0,0,0,0,1,0,0,instruction,family_affection;remittance;safety;instruction;marriage,收知,,收知,儿；弟,兹；祈,查收；不一,付去；查收,平安,须；嘱；教训,收知；儿；弟；兹；祈；查收；不一,2,"荆妻李氏收知：
余事后陈，两地平安。
顺便付去大银捌元，到时查收家用。
但家中诸事祈知尽力调理，上须（需）和睦妗母亲邻，下当教训两儿为要，勿负余言，是幸兹矣。；此嘱，即候
己七月十五日 夫大弟字",荆妻李氏收知：,余事后陈，两地平安。,顺便付去大银捌元，到时查收家用。,荆妻李氏收知：；但家中诸事祈知尽力调理，上须（需）和睦妗母亲邻，下当教训两儿为要，勿负余言，是幸兹矣。,但家中诸事祈知尽力调理，上须（需）和睦妗母亲邻，下当教训两儿为要，勿负余言，是幸兹矣。；此嘱，即候,己七月十五日 夫大弟字,sender=［暹］大弟；recipient=［澄莲中余宅］荆妻李氏；relationship=spouse_to_spouse；date=己（1929）七月廿五日；money=捌元；currency=银元；places=澄莲->广东澄海；kinship=母亲；弟；妻；荆妻；儿；妗,"己（1929）七月廿五日，［暹］大弟寄［澄莲中余宅］荆妻李氏
［暹］大弟
［澄莲中余宅］荆妻李氏
己（1929）七月廿五日
大银捌元
澄莲->广东澄海
family_affection;remittance;safety;instruction;marriage
字付
敬陈者，昨接来家批，诸事以（已）悉。但家中诸事祈知尽力调理，上须（需）和睦妗母亲邻，下当教训两儿为要，勿负余言，是幸兹矣。顺便付去大银捌元，到时查收家用。余事后陈，两地平安。此嘱，即候
梓安不一",题名：己（1929）七月廿五日，［暹］大弟寄［澄莲中余宅］荆妻李氏；寄批人：［暹］大弟；收批人：［澄莲中余宅］荆妻李氏；日期：己（1929）七月廿五日；汇款：大银捌元；主题：family_affection;remittance;safety;instruction;marriage；正文摘录：字付敬陈者，昨接来家批，诸事以（已）悉。但家中诸事祈知尽力调理，上须（需）和睦妗母亲邻，下当教训两儿为要，勿负余言，是幸兹矣。顺便付去大银捌元，到时查收家用。余事后陈，两地平安。此嘱，即候梓安不一,己（1929）七月廿五日,［暹］大弟,［澄莲中余宅］荆妻李氏,98,0,大弟,荆妻李氏,母亲,high,广东澄海；泰国,"[{""record_id"": ""CSQP-SFHC-TEXT-009"", ""raw_text"": ""大银捌元"", ""amount_text"": ""捌元"", ""amount_number"": 8, ""currency"": ""银元"", ""sentence"": ""顺便付去大银捌元，到时查收家用。"", ""is_primary_candidate"": true, ""source_field"": ""body_clean""}]",己（1929）七月廿五日，［暹］大弟寄［澄莲中余宅］荆妻李氏；［暹］大弟；［澄莲中余宅］荆妻李氏；大弟；荆妻李氏；母亲；弟；妻；荆妻；儿；妗；广东澄海；泰国；大银捌元；银元；family_affection；remittance；safety；instruction；marriage；澄海；澄莲；广东；大银；银；元；查收；不一；七月；廿五日；中余宅；李氏；family；affection；收知；字付；陈者；昨接；来家批；诸事；家中；祈知；尽力；调理；上须；和睦；下当；教训；两儿；余言；幸兹；顺便；付去；家用；事后；两地；平安；此嘱；即候；梓安不一
CSQP-SFHC-TEXT-010,10,十八年（1929）十月十三日，外洋贞玉寄潮汕慈亲大人,pdf_pages=43；book_pages=14,1,medium,0,"字奉

慈亲大人尊前福安：
敬启者，近想大人玉体定卜康泰，四时清吉为慰。至吾小弟钦械，此次回家，谅必一路安好，何时抵家，望祈示晓。且吾在外幸获身子粗安，切勿介之才是。今奉上大洋银叁拾元，到日查收，以作家需可也。匆匆于此，余言后禀。即请
金安

儿贞玉手谨
十八年十月十三日","字奉

慈亲大人尊前福安：
敬启者，近想大人玉体定卜康泰，四时清吉为慰。至吾小弟钦械，此次回家，谅必一路安好，何时抵家，望祈示晓。且吾在外幸获身子粗安，切勿介之才是。今奉上大洋银叁拾元，到日查收，以作家需可也。匆匆于此，余言后禀。即请
金安

儿贞玉手谨
十八年十月十三日","字奉

慈亲大人尊前福安：
敬启者，近想大人玉体定卜康泰，四时清吉为慰。至吾小弟钦械，此次回家，谅必一路安好，何时抵家，望祈示晓。且吾在外幸获身子粗安，切勿介之才是。今奉上大洋银叁拾元，到日查收，以作家需可也。匆匆于此，余言后禀。即请
金安

儿贞玉手谨
十八年十月十三日","字奉
敬启者，近想大人玉体定卜康泰，四时清吉为慰。至吾小弟钦械，此次回家，谅必一路安好，何时抵家，望祈示晓。且吾在外幸获身子粗安，切勿介之才是。今奉上大洋银叁拾元，到日查收，以作家需可也。匆匆于此，余言后禀。即请
金安
儿贞玉手谨",136,6,11,外洋贞玉,潮汕慈亲大人,,parent,child_to_parent,慈亲；弟；儿,至吾小弟,大人；尊前；福安,,海外,广东侨乡,海外,广东侨乡,潮汕->广东侨乡,海外 -> 广东侨乡,1,海外；广东侨乡,十八年（1929）十月十三日,十八年十月十三日,1929,1929,十月,十三日,solar,西历,high,大洋银叁拾元,叁拾元,30,大洋,今奉上大洋银叁拾元，到日查收，以作家需可也。,家用,今奉上大洋银叁拾元，到日查收，以作家需可也。,1,慈亲大人尊前福安：,敬启者，近想大人玉体定卜康泰，四时清吉为慰。,慈亲大人尊前福安：,"字奉
敬启者，近想大人玉体定卜康泰，四时清吉为慰。至吾小弟钦械，此次回家，谅必一路安好，何时抵家，望祈示晓。且吾在外幸获身子粗安，切勿介之才是。今奉上大洋银叁拾元，到日查收，以作家需可也。匆匆于此，余言后禀。即请
金安
儿贞玉手谨",至吾小弟钦械，此次回家，谅必一路安好，何时抵家，望祈示晓。,儿贞玉手谨,且吾在外幸获身子粗安，切勿介之才是。,,,十八年十月十三日,,,1,1,1,1,0,0,0,0,0,0,0,instruction,family_affection;remittance;safety;instruction,启者；尊前,启,大人；尊前；金安；福安,儿；弟；谨,祈；谅；奉；切勿,尊前；查收；金安；福安,奉上；查收,安好,切勿,启者；尊前；启；大人；金安；福安；儿；弟；谨；祈；谅；奉；切勿；查收,3,"慈亲大人尊前福安：
敬启者，近想大人玉体定卜康泰，四时清吉为慰。
至吾小弟钦械，此次回家，谅必一路安好，何时抵家，望祈示晓。
今奉上大洋银叁拾元，到日查收，以作家需可也。
且吾在外幸获身子粗安，切勿介之才是。",慈亲大人尊前福安：,至吾小弟钦械，此次回家，谅必一路安好，何时抵家，望祈示晓。,今奉上大洋银叁拾元，到日查收，以作家需可也。,儿贞玉手谨,且吾在外幸获身子粗安，切勿介之才是。,,sender=外洋贞玉；recipient=潮汕慈亲大人；relationship=child_to_parent；date=十八年（1929）十月十三日；money=叁拾元；currency=大洋；places=潮汕->广东侨乡；kinship=慈亲；弟；儿,"十八年（1929）十月十三日，外洋贞玉寄潮汕慈亲大人
外洋贞玉
潮汕慈亲大人
十八年（1929）十月十三日
大洋银叁拾元
潮汕->广东侨乡
family_affection;remittance;safety;instruction
字奉
敬启者，近想大人玉体定卜康泰，四时清吉为慰。至吾小弟钦械，此次回家，谅必一路安好，何时抵家，望祈示晓。且吾在外幸获身子粗安，切勿介之才是。今奉上大洋银叁拾元，到日查收，以作家需可也。匆匆于此，余言后禀。即请
金安
儿贞玉手谨",题名：十八年（1929）十月十三日，外洋贞玉寄潮汕慈亲大人；寄批人：外洋贞玉；收批人：潮汕慈亲大人；日期：十八年（1929）十月十三日；汇款：大洋银叁拾元；主题：family_affection;remittance;safety;instruction；正文摘录：字奉敬启者，近想大人玉体定卜康泰，四时清吉为慰。至吾小弟钦械，此次回家，谅必一路安好，何时抵家，望祈示晓。且吾在外幸获身子粗安，切勿介之才是。今奉上大洋银叁拾元，到日查收，以作家需可也。匆匆于此，余言后禀。即请金安儿贞玉手谨,十八年（1929）十月十三日,外洋贞玉,潮汕慈亲大人,112,0,贞玉,慈亲,慈亲,high,广东侨乡；海外,"[{""record_id"": ""CSQP-SFHC-TEXT-010"", ""raw_text"": ""大洋银叁拾元"", ""amount_text"": ""叁拾元"", ""amount_number"": 30, ""currency"": ""大洋"", ""sentence"": ""今奉上大洋银叁拾元，到日查收，以作家需可也。"", ""is_primary_candidate"": true, ""source_field"": ""body_clean""}]",十八年（1929）十月十三日，外洋贞玉寄潮汕慈亲大人；外洋贞玉；潮汕慈亲大人；贞玉；慈亲；弟；儿；广东侨乡；海外；大洋银叁拾元；大洋；family_affection；remittance；safety；instruction；潮汕；广东；大洋银；洋银；银；元；尊前；查收；金安；福安；十八年；十月；十三日；外洋；侨乡；银叁；拾元；family；affection；启者；切勿；敬启者；近想；玉体；定卜；康泰；四时；清吉为；小弟；钦械；此次；回家；谅必；一路；安好；何时；抵家；祈示晓；在外；幸获；身子；粗安；介之才；今奉；作家；需可；匆匆；余言；儿贞；玉手
CSQP-SFHC-TEXT-011,11,庚年（1930）三月初八日，彭亨［马来亚］刘仕芝寄潮安东凤乡陈赞堂先生,pdf_pages=44；book_pages=15,1,needs_review,1,"寄批人：彭亨刘仕芝
收批人：潮安东凤乡陈赞堂先生
批款：大银肆元
日期：庚年三月初八日

赞堂任台鉴：
启者，愚在于二月十五日抵嘭，刻乾兴叫吾落素来绵，鱼察执事，顺笔告知。是天付去大良（银）四元，至祈查收，以作茶果之需，望□笑纳，容后面叙。并请
近安

弟刘仕芝托
庚年三月初八日","寄批人：彭亨刘仕芝
收批人：潮安东凤乡陈赞堂先生
批款：大银肆元
日期：庚年三月初八日

赞堂任台鉴：
启者，愚在于二月十五日抵嘭，刻乾兴叫吾落素来绵，鱼察执事，顺笔告知。是天付去大良（银）四元，至祈查收，以作茶果之需，望□笑纳，容后面叙。并请
近安

弟刘仕芝托
庚年三月初八日","赞堂任台鉴：
启者，愚在于二月十五日抵嘭，刻乾兴叫吾落素来绵，鱼察执事，顺笔告知。是天付去大良（银）四元，至祈查收，以作茶果之需，望□笑纳，容后面叙。并请
近安

弟刘仕芝托
庚年三月初八日","启者，愚在于二月十五日抵嘭，刻乾兴叫吾落素来绵，鱼察执事，顺笔告知。是天付去大良（银）四元，至祈查收，以作茶果之需，望□笑纳，容后面叙。并请
近安",140,9,7,彭亨刘仕芝,潮安东凤乡陈赞堂先生,sibling,social_or_business_contact,sibling_or_same_generation_kin,弟,,台鉴；先生,弟,马来西亚彭亨,广东潮安,马来西亚彭亨,广东潮安,彭亨->马来西亚彭亨；嘭->马来西亚彭亨；潮安->广东潮安；东凤->广东潮安东凤,马来西亚彭亨 -> 广东潮安,1,马来西亚；广东侨乡,庚年三月初八日,"弟刘仕芝托
庚年三月初八日",1930,1930,三月,初八日,lunar,干支或传统纪年,high,大银肆元,肆元,4,银元,是天付去大良（银）四元，至祈查收，以作茶果之需，望□笑纳，容后面叙。,茶果,是天付去大良（银）四元，至祈查收，以作茶果之需，望□笑纳，容后面叙。,1,赞堂任台鉴：,启者，愚在于二月十五日抵嘭，刻乾兴叫吾落素来绵，鱼察执事，顺笔告知。,,"启者，愚在于二月十五日抵嘭，刻乾兴叫吾落素来绵，鱼察执事，顺笔告知。是天付去大良（银）四元，至祈查收，以作茶果之需，望□笑纳，容后面叙。并请
近安",,,,并请,托,"弟刘仕芝托
庚年三月初八日",弟刘仕芝托,,0,1,0,0,0,0,0,0,0,0,0,remittance,remittance,启者；台鉴,启；托；并请,台鉴,愚；弟,祈；容后,祈查收；至祈查收；查收；容后,付去；查收,,,启者；台鉴；启；托；并请；愚；弟；祈；容后；祈查收；至祈查收；查收,3,"赞堂任台鉴：
启者，愚在于二月十五日抵嘭，刻乾兴叫吾落素来绵，鱼察执事，顺笔告知。
是天付去大良（银）四元，至祈查收，以作茶果之需，望□笑纳，容后面叙。
并请
弟刘仕芝托",赞堂任台鉴：,,是天付去大良（银）四元，至祈查收，以作茶果之需，望□笑纳，容后面叙。,,,并请；弟刘仕芝托,sender=彭亨刘仕芝；recipient=潮安东凤乡陈赞堂先生；relationship=sibling_or_same_generation_kin；date=庚年三月初八日；money=肆元；currency=银元；places=彭亨->马来西亚彭亨；嘭->马来西亚彭亨；潮安->广东潮安；东凤->广东潮安东凤；kinship=弟,"庚年（1930）三月初八日，彭亨［马来亚］刘仕芝寄潮安东凤乡陈赞堂先生
彭亨刘仕芝
潮安东凤乡陈赞堂先生
庚年三月初八日
大银肆元
彭亨->马来西亚彭亨；嘭->马来西亚彭亨；潮安->广东潮安；东凤->广东潮安东凤
remittance
启者，愚在于二月十五日抵嘭，刻乾兴叫吾落素来绵，鱼察执事，顺笔告知。是天付去大良（银）四元，至祈查收，以作茶果之需，望□笑纳，容后面叙。并请
近安",题名：庚年（1930）三月初八日，彭亨［马来亚］刘仕芝寄潮安东凤乡陈赞堂先生；寄批人：彭亨刘仕芝；收批人：潮安东凤乡陈赞堂先生；日期：庚年三月初八日；汇款：大银肆元；主题：remittance；正文摘录：启者，愚在于二月十五日抵嘭，刻乾兴叫吾落素来绵，鱼察执事，顺笔告知。是天付去大良（银）四元，至祈查收，以作茶果之需，望□笑纳，容后面叙。并请近安,庚年（1930）三月初八日,彭亨［马来亚］刘仕芝,潮安东凤乡陈赞堂先生,72,1,刘仕芝,乡陈赞堂,弟,high,马来西亚彭亨；广东潮安；广东潮安东凤,"[{""record_id"": ""CSQP-SFHC-TEXT-011"", ""raw_text"": ""大银肆元"", ""amount_text"": ""肆元"", ""amount_number"": 4, ""currency"": ""银元"", ""sentence"": ""批款：大银肆元"", ""is_primary_candidate"": true, ""source_field"": ""body_clean""}, {""record_id"": ""CSQP-SFHC-TEXT-011"", ""raw_text"": ""大良（银）四元"", ""amount_text"": ""四元"", ""amount_number"": 4, ""currency"": ""银元"", ""sentence"": ""是天付去大良（银）四元，至祈查收，以作茶果之需，望□笑纳，容后面叙。"", ""is_primary_candidate"": false, ""source_field"": ""body_clean""}]",庚年（1930）三月初八日，彭亨［马来亚］刘仕芝寄潮安东凤乡陈赞堂先生；彭亨刘仕芝；潮安东凤乡陈赞堂先生；刘仕芝；乡陈赞堂；弟；马来西亚彭亨；广东潮安；广东潮安东凤；大银肆元；银元；remittance；彭亨；嘭；潮安；东凤；广东；大银；大良（银）；良（银）；银；元；祈查收；至祈查收；查收；容后；庚年；三月初；八日；马来亚；东凤乡；陈赞堂；先生；马来西亚；大银肆；启者；台鉴；至祈；在于；二月；十五日；刻乾兴；素来；鱼察；执事；顺笔；告知；天付；大良；四元；以作；茶果；笑纳；后面；近安
CSQP-SFHC-TEXT-012,12,辛未（1931）四月三十日，叻吴锦兴寄潮安江东都洪金祝先生,pdf_pages=45；book_pages=16,1,high,0,"书达

金祝兄台青鉴：
启者，但兄台经旋之后，诸事定卜遂心，以及合家具各清泰为慰。兹逢杨（洋）轮，付信局带去大洋银肆元，到祈查收，以作茶果之用。叩蒙神天之佑，两方均安是慰。但今尊堂大人肯与兄台往叻者，船租费用，可在塘（唐）中谋为可矣。如今刻下身边尚无余资，不能如命寄去作船租之用，倘若塘（唐）中，谋为无银项可作船租之用，然后再回音示晓是要。如陈坤在洲府仔，若无未出叻坡，如美土兄今以（已）往暹，以此达知，手此，祈掷音示知为荷。余言后述。并候
佳安

辛未四月三十日  吴锦兴缄","书达

金祝兄台青鉴：
启者，但兄台经旋之后，诸事定卜遂心，以及合家具各清泰为慰。兹逢杨（洋）轮，付信局带去大洋银肆元，到祈查收，以作茶果之用。叩蒙神天之佑，两方均安是慰。但今尊堂大人肯与兄台往叻者，船租费用，可在塘（唐）中谋为可矣。如今刻下身边尚无余资，不能如命寄去作船租之用，倘若塘（唐）中，谋为无银项可作船租之用，然后再回音示晓是要。如陈坤在洲府仔，若无未出叻坡，如美土兄今以（已）往暹，以此达知，手此，祈掷音示知为荷。余言后述。并候
佳安

辛未四月三十日 吴锦兴缄","书达

金祝兄台青鉴：
启者，但兄台经旋之后，诸事定卜遂心，以及合家具各清泰为慰。兹逢杨（洋）轮，付信局带去大洋银肆元，到祈查收，以作茶果之用。叩蒙神天之佑，两方均安是慰。但今尊堂大人肯与兄台往叻者，船租费用，可在塘（唐）中谋为可矣。如今刻下身边尚无余资，不能如命寄去作船租之用，倘若塘（唐）中，谋为无银项可作船租之用，然后再回音示晓是要。如陈坤在洲府仔，若无未出叻坡，如美土兄今以（已）往暹，以此达知，手此，祈掷音示知为荷。余言后述。并候
佳安

辛未四月三十日 吴锦兴缄","书达
金祝兄台青鉴：
启者，但兄台经旋之后，诸事定卜遂心，以及合家具各清泰为慰。兹逢杨（洋）轮，付信局带去大洋银肆元，到祈查收，以作茶果之用。叩蒙神天之佑，两方均安是慰。但今尊堂大人肯与兄台往叻者，船租费用，可在塘（唐）中谋为可矣。如今刻下身边尚无余资，不能如命寄去作船租之用，倘若塘（唐）中，谋为无银项可作船租之用，然后再回音示晓是要。如陈坤在洲府仔，若无未出叻坡，如美土兄今以（已）往暹，以此达知，手此，祈掷音示知为荷。余言后述。并候
佳安",237,5,12,叻吴锦兴,潮安江东都洪金祝先生,,social_or_business_contact,social_or_business,兄,金祝兄；但兄；大人肯与兄；如美土兄,先生,,新加坡,广东潮安,新加坡,广东潮安,叻坡->新加坡；潮安->广东潮安；叻->新加坡；暹->泰国,新加坡 -> 广东潮安,1,新加坡；广东侨乡；泰国,辛未（1931）四月三十日,辛未四月三十日 吴锦兴缄,1931,1931,四月,三十日,solar,干支或传统纪年,high,大洋银肆元,肆元,4,大洋,兹逢杨（洋）轮，付信局带去大洋银肆元，到祈查收，以作茶果之用。；如今刻下身边尚无余资，不能如命寄去作船租之用，倘若塘（唐）中，谋为无银项可作船租之用，然后再回音示晓是要。,茶果,兹逢杨（洋）轮，付信局带去大洋银肆元，到祈查收，以作茶果之用。,1,,启者，但兄台经旋之后，诸事定卜遂心，以及合家具各清泰为慰。,启者，但兄台经旋之后，诸事定卜遂心，以及合家具各清泰为慰。,"书达
金祝兄台青鉴：
启者，但兄台经旋之后，诸事定卜遂心，以及合家具各清泰为慰。兹逢杨（洋）轮，付信局带去大洋银肆元，到祈查收，以作茶果之用。叩蒙神天之佑，两方均安是慰。但今尊堂大人肯与兄台往叻者，船租费用，可在塘（唐）中谋为可矣。如今刻下身边尚无余资，不能如命寄去作船租之用，倘若塘（唐）中，谋为无银项可作船租之用，然后再回音示晓是要。如陈坤在洲府仔，若无未出叻坡，如美土兄今以（已）往暹，以此达知，手此，祈掷音示知为荷。余言后述。并候
佳安",启者，但兄台经旋之后，诸事定卜遂心，以及合家具各清泰为慰。,启者，但兄台经旋之后，诸事定卜遂心，以及合家具各清泰为慰。,,,缄,辛未四月三十日 吴锦兴缄,辛未四月三十日 吴锦兴缄,,1,1,1,0,0,0,0,1,0,0,0,family_affection,family_affection;remittance;safety;debt,启者,启,大人,叩,兹；祈；荷；如命,祈查收；查收,寄去；查收,清泰,,启者；启；大人；叩；兹；祈；荷；如命；祈查收；查收,3,"启者，但兄台经旋之后，诸事定卜遂心，以及合家具各清泰为慰。
兹逢杨（洋）轮，付信局带去大洋银肆元，到祈查收，以作茶果之用。；如今刻下身边尚无余资，不能如命寄去作船租之用，倘若塘（唐）中，谋为无银项可作船租之用，然后再回音示晓是要。
辛未四月三十日 吴锦兴缄",启者，但兄台经旋之后，诸事定卜遂心，以及合家具各清泰为慰。,启者，但兄台经旋之后，诸事定卜遂心，以及合家具各清泰为慰。,兹逢杨（洋）轮，付信局带去大洋银肆元，到祈查收，以作茶果之用。；如今刻下身边尚无余资，不能如命寄去作船租之用，倘若塘（唐）中，谋为无银项可作船租之用，然后再回音示晓是要。,启者，但兄台经旋之后，诸事定卜遂心，以及合家具各清泰为慰。,,辛未四月三十日 吴锦兴缄,sender=叻吴锦兴；recipient=潮安江东都洪金祝先生；relationship=social_or_business；date=辛未（1931）四月三十日；money=肆元；currency=大洋；places=叻坡->新加坡；潮安->广东潮安；叻->新加坡；暹->泰国；kinship=兄,"辛未（1931）四月三十日，叻吴锦兴寄潮安江东都洪金祝先生
叻吴锦兴
潮安江东都洪金祝先生
辛未（1931）四月三十日
大洋银肆元
叻坡->新加坡；潮安->广东潮安；叻->新加坡；暹->泰国
family_affection;remittance;safety;debt
书达
金祝兄台青鉴：
启者，但兄台经旋之后，诸事定卜遂心，以及合家具各清泰为慰。兹逢杨（洋）轮，付信局带去大洋银肆元，到祈查收，以作茶果之用。叩蒙神天之佑，两方均安是慰。但今尊堂大人肯与兄台往叻者，船租费用，可在塘（唐）中谋为可矣。如今刻下身边尚无余资，不能如命寄去作船租之用，倘若塘（唐）中，谋为无银项可作船租之用，然后再回音示晓是要。如陈坤在洲府仔，若无未出叻坡，如美土兄今以（已）往暹，以此达知，手此，祈掷音示知为荷。余言后述。并候
佳安",题名：辛未（1931）四月三十日，叻吴锦兴寄潮安江东都洪金祝先生；寄批人：叻吴锦兴；收批人：潮安江东都洪金祝先生；日期：辛未（1931）四月三十日；汇款：大洋银肆元；主题：family_affection;remittance;safety;debt；正文摘录：书达金祝兄台青鉴：启者，但兄台经旋之后，诸事定卜遂心，以及合家具各清泰为慰。兹逢杨（洋）轮，付信局带去大洋银肆元，到祈查收，以作茶果之用。叩蒙神天之佑，两方均安是慰。但今尊堂大人肯与兄台往叻者，船租费用，可在塘（唐）中谋为可矣。如今刻下身边,辛未（1931）四月三十日,叻吴锦兴,潮安江东都洪金祝先生,219,0,吴锦兴,江东都洪金祝,兄,medium,广东潮安；新加坡；泰国,"[{""record_id"": ""CSQP-SFHC-TEXT-012"", ""raw_text"": ""大洋银肆元"", ""amount_text"": ""肆元"", ""amount_number"": 4, ""currency"": ""大洋"", ""sentence"": ""兹逢杨（洋）轮，付信局带去大洋银肆元，到祈查收，以作茶果之用。"", ""is_primary_candidate"": true, ""source_field"": ""body_clean""}]",辛未（1931）四月三十日，叻吴锦兴寄潮安江东都洪金祝先生；叻吴锦兴；潮安江东都洪金祝先生；吴锦兴；江东都洪金祝；兄；广东潮安；新加坡；泰国；大洋银肆元；大洋；family_affection；remittance；safety；debt；叻坡；潮安；广东；大洋银；洋银；银；元；祈查收；查收；辛未；四月；三十日；锦兴；江东；洪金祝；先生；银肆；family；affection；启者；如命；书达；金祝；兄台；青鉴；经旋；之后；诸事；定卜；遂心；家具；清泰；为慰；付信局；以作；茶果；之用；叩蒙神；天之佑；两方；均安是；尊堂；往叻者；船租；费用；中谋为；如今；刻下；身边；尚无；余资；不能；作船；倘若；谋为；无银项；可作；然后；回音；示晓是；陈坤；若无未出；如美土兄；今以；往暹
CSQP-SFHC-TEXT-013,13,辛（1931）七月十六日，暹何春好寄潮邑何厝围乡家母亲大人,pdf_pages=46；book_pages=17,1,low,0,"寄批人：暹何春好
收批人：潮邑何周围乡家母亲大人
批款：银伍元
日期：辛七月十六日

母亲大人尊前：
敬禀者，兹奉上大洋银伍元，至日查收，谅大人玉体康钦为慰。至客外平安免介，家中各事，回来知可也。此禀，敬请
福安

何春好
辛七月十六日寄","寄批人：暹何春好
收批人：潮邑何周围乡家母亲大人
批款：银伍元
日期：辛七月十六日

母亲大人尊前：
敬禀者，兹奉上大洋银伍元，至日查收，谅大人玉体康钦为慰。至客外平安免介，家中各事，回来知可也。此禀，敬请
福安

何春好
辛七月十六日寄","母亲大人尊前：
敬禀者，兹奉上大洋银伍元，至日查收，谅大人玉体康钦为慰。至客外平安免介，家中各事，回来知可也。此禀，敬请
福安

何春好
辛七月十六日寄","敬禀者，兹奉上大洋银伍元，至日查收，谅大人玉体康钦为慰。至客外平安免介，家中各事，回来知可也。此禀，敬请
福安
何春好",119,9,7,暹何春好,潮邑何周围乡家母亲大人,,parent,child_to_parent,母亲,周围乡家母,大人；尊前,,泰国,,泰国,,暹->泰国,泰国,0,泰国,辛七月十六日,辛七月十六日寄,1931,1931,七月,十六日,solar,干支或传统纪年,high,银伍元,伍元,5,银元,敬禀者，兹奉上大洋银伍元，至日查收，谅大人玉体康钦为慰。,,敬禀者，兹奉上大洋银伍元，至日查收，谅大人玉体康钦为慰。,1,母亲大人尊前：,敬禀者，兹奉上大洋银伍元，至日查收，谅大人玉体康钦为慰。,至客外平安免介，家中各事，回来知可也。,"敬禀者，兹奉上大洋银伍元，至日查收，谅大人玉体康钦为慰。至客外平安免介，家中各事，回来知可也。此禀，敬请
福安
何春好",至客外平安免介，家中各事，回来知可也。,母亲大人尊前：；至客外平安免介，家中各事，回来知可也。,,,,辛七月十六日寄,,,1,1,1,0,0,0,0,0,0,0,1,family_affection,family_affection;remittance;safety;home_building,敬禀者；禀者；尊前,,大人；尊前；福安,,兹；谅；奉,敬禀者；尊前；查收；福安,奉上；查收,平安,,敬禀者；禀者；尊前；大人；福安；兹；谅；奉；查收,2,"母亲大人尊前：
敬禀者，兹奉上大洋银伍元，至日查收，谅大人玉体康钦为慰。
至客外平安免介，家中各事，回来知可也。",母亲大人尊前：,至客外平安免介，家中各事，回来知可也。,敬禀者，兹奉上大洋银伍元，至日查收，谅大人玉体康钦为慰。,母亲大人尊前：；至客外平安免介，家中各事，回来知可也。,,,sender=暹何春好；recipient=潮邑何周围乡家母亲大人；relationship=child_to_parent；date=辛七月十六日；money=伍元；currency=银元；places=暹->泰国；kinship=母亲,"辛（1931）七月十六日，暹何春好寄潮邑何厝围乡家母亲大人
暹何春好
潮邑何周围乡家母亲大人
辛七月十六日
银伍元
暹->泰国
family_affection;remittance;safety;home_building
敬禀者，兹奉上大洋银伍元，至日查收，谅大人玉体康钦为慰。至客外平安免介，家中各事，回来知可也。此禀，敬请
福安
何春好",题名：辛（1931）七月十六日，暹何春好寄潮邑何厝围乡家母亲大人；寄批人：暹何春好；收批人：潮邑何周围乡家母亲大人；日期：辛七月十六日；汇款：银伍元；主题：family_affection;remittance;safety;home_building；正文摘录：敬禀者，兹奉上大洋银伍元，至日查收，谅大人玉体康钦为慰。至客外平安免介，家中各事，回来知可也。此禀，敬请福安何春好,辛（1931）七月十六日,暹何春好,潮邑何厝围乡家母亲大人,57,0,何春好,母亲,母亲,high,泰国,"[{""record_id"": ""CSQP-SFHC-TEXT-013"", ""raw_text"": ""银伍元"", ""amount_text"": ""伍元"", ""amount_number"": 5, ""currency"": ""银元"", ""sentence"": ""批款：银伍元"", ""is_primary_candidate"": true, ""source_field"": ""body_clean""}, {""record_id"": ""CSQP-SFHC-TEXT-013"", ""raw_text"": ""大洋银伍元"", ""amount_text"": ""伍元"", ""amount_number"": 5, ""currency"": ""大洋"", ""sentence"": ""敬禀者，兹奉上大洋银伍元，至日查收，谅大人玉体康钦为慰。"", ""is_primary_candidate"": false, ""source_field"": ""body_clean""}]",辛（1931）七月十六日，暹何春好寄潮邑何厝围乡家母亲大人；暹何春好；潮邑何周围乡家母亲大人；何春好；母亲；泰国；银伍元；银元；family_affection；remittance；safety；home_building；大洋银；大洋；洋银；银；元；敬禀者；尊前；查收；福安；七月；十六日；暹何；春好；寄潮；何厝围；乡家；潮邑何；周围；伍元；family；affection；home；building；禀者；至日；玉体；康钦；为慰；客外；平安；免介；家中；各事；回来；知可
CSQP-SFHC-TEXT-014,14,壬（1932）三月十七，暹刘寿春寄澄海月窟内乡家母亲大人,pdf_pages=47；book_pages=18,1,medium,0,"寄批人：暹刘寿春
收批人：澄邑月窟内乡家母亲大人
批款：光洋银拾伍元
日期：壬三月十七

母亲大人尊前：
敬禀者，接来回音一札，跪阅之下，敬悉一切。所云嗲叔欲赎回河墘之田，此事可由俺厝内诸人人从中斟酌，可行则行也，至于是否，宜欲提明来知为要。兹逢火轮返汕，付信局递呈一禀，外光洋银拾伍元，到祈照收。抹出一元，交三妗收用，余充家需。客外平安，免介是幸。并请
金安

儿寿春禀
壬三月十七","寄批人：暹刘寿春
收批人：澄邑月窟内乡家母亲大人
批款：光洋银拾伍元
日期：壬三月十七

母亲大人尊前：
敬禀者，接来回音一札，跪阅之下，敬悉一切。所云嗲叔欲赎回河墘之田，此事可由俺厝内诸人人从中斟酌，可行则行也，至于是否，宜欲提明来知为要。兹逢火轮返汕，付信局递呈一禀，外光洋银拾伍元，到祈照收。抹出一元，交三妗收用，余充家需。客外平安，免介是幸。并请
金安

儿寿春禀
壬三月十七","母亲大人尊前：
敬禀者，接来回音一札，跪阅之下，敬悉一切。所云嗲叔欲赎回河墘之田，此事可由俺厝内诸人人从中斟酌，可行则行也，至于是否，宜欲提明来知为要。兹逢火轮返汕，付信局递呈一禀，外光洋银拾伍元，到祈照收。抹出一元，交三妗收用，余充家需。客外平安，免介是幸。并请
金安

儿寿春禀
壬三月十七","敬禀者，接来回音一札，跪阅之下，敬悉一切。所云嗲叔欲赎回河墘之田，此事可由俺厝内诸人人从中斟酌，可行则行也，至于是否，宜欲提明来知为要。兹逢火轮返汕，付信局递呈一禀，外光洋银拾伍元，到祈照收。抹出一元，交三妗收用，余充家需。客外平安，免介是幸。并请
金安",192,9,10,暹刘寿春,澄邑月窟内乡家母亲大人,child,parent,child_to_parent,母亲；儿；叔；妗,窟内乡家母；所云嗲叔；交三妗,大人；尊前,儿,泰国,广东澄海,泰国,广东澄海,澄海->广东澄海；澄邑->广东澄海；暹->泰国,泰国 -> 广东澄海,1,泰国；广东侨乡,壬三月十七,"儿寿春禀
壬三月十七",1932,1932,三月,,solar,干支或传统纪年,high,光洋银拾伍元,拾伍元,15,银元,兹逢火轮返汕，付信局递呈一禀，外光洋银拾伍元，到祈照收。,,兹逢火轮返汕，付信局递呈一禀，外光洋银拾伍元，到祈照收。；抹出一元，交三妗收用，余充家需。,1,母亲大人尊前：,敬禀者，接来回音一札，跪阅之下，敬悉一切。,客外平安，免介是幸。,"敬禀者，接来回音一札，跪阅之下，敬悉一切。所云嗲叔欲赎回河墘之田，此事可由俺厝内诸人人从中斟酌，可行则行也，至于是否，宜欲提明来知为要。兹逢火轮返汕，付信局递呈一禀，外光洋银拾伍元，到祈照收。抹出一元，交三妗收用，余充家需。客外平安，免介是幸。并请
金安",客外平安，免介是幸。,母亲大人尊前：；儿寿春禀,,并请,,"儿寿春禀
壬三月十七",儿寿春禀,,1,1,1,0,0,0,0,1,0,0,1,safety_report,family_affection;remittance;safety;debt;home_building,敬禀者；禀者；尊前,并请,大人；尊前；金安,儿；俺,兹；祈,敬禀者；尊前；金安,,平安,,敬禀者；禀者；尊前；并请；大人；金安；儿；俺；兹；祈,3,"母亲大人尊前：
敬禀者，接来回音一札，跪阅之下，敬悉一切。
客外平安，免介是幸。
兹逢火轮返汕，付信局递呈一禀，外光洋银拾伍元，到祈照收。
并请
儿寿春禀",母亲大人尊前：,客外平安，免介是幸。,兹逢火轮返汕，付信局递呈一禀，外光洋银拾伍元，到祈照收。,母亲大人尊前：；儿寿春禀,,并请；儿寿春禀,sender=暹刘寿春；recipient=澄邑月窟内乡家母亲大人；relationship=child_to_parent；date=壬三月十七；money=拾伍元；currency=银元；places=澄海->广东澄海；澄邑->广东澄海；暹->泰国；kinship=母亲；儿；叔；妗,"壬（1932）三月十七，暹刘寿春寄澄海月窟内乡家母亲大人
暹刘寿春
澄邑月窟内乡家母亲大人
壬三月十七
光洋银拾伍元
澄海->广东澄海；澄邑->广东澄海；暹->泰国
family_affection;remittance;safety;debt;home_building
敬禀者，接来回音一札，跪阅之下，敬悉一切。所云嗲叔欲赎回河墘之田，此事可由俺厝内诸人人从中斟酌，可行则行也，至于是否，宜欲提明来知为要。兹逢火轮返汕，付信局递呈一禀，外光洋银拾伍元，到祈照收。抹出一元，交三妗收用，余充家需。客外平安，免介是幸。并请
金安",题名：壬（1932）三月十七，暹刘寿春寄澄海月窟内乡家母亲大人；寄批人：暹刘寿春；收批人：澄邑月窟内乡家母亲大人；日期：壬三月十七；汇款：光洋银拾伍元；主题：family_affection;remittance;safety;debt;home_building；正文摘录：敬禀者，接来回音一札，跪阅之下，敬悉一切。所云嗲叔欲赎回河墘之田，此事可由俺厝内诸人人从中斟酌，可行则行也，至于是否，宜欲提明来知为要。兹逢火轮返汕，付信局递呈一禀，外光洋银拾伍元，到祈照收。抹出一元，交三妗收用，余充家需。客外平安，免介是,壬（1932）三月十七,暹刘寿春,澄海月窟内乡家母亲大人,126,0,刘寿春,母亲,母亲,high,广东澄海；泰国,"[{""record_id"": ""CSQP-SFHC-TEXT-014"", ""raw_text"": ""光洋银拾伍元"", ""amount_text"": ""拾伍元"", ""amount_number"": 15, ""currency"": ""银元"", ""sentence"": ""批款：光洋银拾伍元"", ""is_primary_candidate"": true, ""source_field"": ""body_clean""}, {""record_id"": ""CSQP-SFHC-TEXT-014"", ""raw_text"": ""光洋银拾伍元"", ""amount_text"": ""拾伍元"", ""amount_number"": 15, ""currency"": ""银元"", ""sentence"": ""兹逢火轮返汕，付信局递呈一禀，外光洋银拾伍元，到祈照收。"", ""is_primary_candidate"": false, ""source_field"": ""body_clean""}, {""record_id"": ""CSQP-SFHC-TEXT-014"", ""raw_text"": ""一元"", ""amount_text"": ""一元"", ""amount_number"": 1, ""currency"": ""元"", ""sentence"": ""抹出一元，交三妗收用，余充家需。"", ""is_primary_candidate"": false, ""source_field"": ""body_clean""}]",壬（1932）三月十七，暹刘寿春寄澄海月窟内乡家母亲大人；暹刘寿春；澄邑月窟内乡家母亲大人；刘寿春；母亲；儿；叔；妗；广东澄海；泰国；光洋银拾伍元；银元；family_affection；remittance；safety；debt；home_building；澄海；澄邑；广东；洋银；光洋银；银；元；敬禀者；尊前；金安；三月；十七；内乡；光洋；银拾；伍元；family；affection；home；building；禀者；回音；一札；跪阅；之下；敬悉；所云嗲叔；赎回；之田；此事；人人；从中；斟酌；可行；至于；是否；宜欲；提明来；知为；兹逢；火轮；返汕；付信局；递呈；一禀；祈照；一元；交三；收用；充家；客外；平安；免介
CSQP-SFHC-TEXT-015,15,壬（1932）三月廿日，外洋陈公寄潮汕媳妇,pdf_pages=48；book_pages=19,1,high,0,"字付媳妇收知：
兹承便付去大银十五元，至日祈为查收。内抹银乙（一）元老姑收用，余者以应家中之用也。但是现年生理大不幸，在本月十六夜八点半钟，被番贼相【破】门而入，店内白银布匹，被他劫去数百来银，随叻一庐被劫三间，薄伤四人，况且为公被他伤刀，幸者薄伤，大命平安。且喜两成带妻儿同赴外合（公）家，老少具（俱）以平安，喜之胜也，破财更不介意也。但番贼被铳伤死一人，刻下夜夜京皇（惊惶）不敢，民不知后来何为。幸有官净掠【追捕】，尚且各厝被劫甚多，刻下取利甚难矣。媳妇见信至切克（刻）苦安为家计，免使尔公日夜之忧戚。托神天庇佑，各厝升平，自然嘱叫尔夫回家为是，余言难尽。专此示知
黄氏媳妇

壬三月廿日 陈公托","字付媳妇收知：
兹承便付去大银十五元，至日祈为查收。内抹银乙（一）元老姑收用，余者以应家中之用也。但是现年生理大不幸，在本月十六夜八点半钟，被番贼相【破】门而入，店内白银布匹，被他劫去数百来银，随叻一庐被劫三间，薄伤四人，况且为公被他伤刀，幸者薄伤，大命平安。且喜两成带妻儿同赴外合（公）家，老少具（俱）以平安，喜之胜也，破财更不介意也。但番贼被铳伤死一人，刻下夜夜京皇（惊惶）不敢，民不知后来何为。幸有官净掠【追捕】，尚且各厝被劫甚多，刻下取利甚难矣。媳妇见信至切克（刻）苦安为家计，免使尔公日夜之忧戚。托神天庇佑，各厝升平，自然嘱叫尔夫回家为是，余言难尽。专此示知
黄氏媳妇

壬三月廿日 陈公托","字付媳妇收知：
兹承便付去大银十五元，至日祈为查收。内抹银乙（一）元老姑收用，余者以应家中之用也。但是现年生理大不幸，在本月十六夜八点半钟，被番贼相【破】门而入，店内白银布匹，被他劫去数百来银，随叻一庐被劫三间，薄伤四人，况且为公被他伤刀，幸者薄伤，大命平安。且喜两成带妻儿同赴外合（公）家，老少具（俱）以平安，喜之胜也，破财更不介意也。但番贼被铳伤死一人，刻下夜夜京皇（惊惶）不敢，民不知后来何为。幸有官净掠【追捕】，尚且各厝被劫甚多，刻下取利甚难矣。媳妇见信至切克（刻）苦安为家计，免使尔公日夜之忧戚。托神天庇佑，各厝升平，自然嘱叫尔夫回家为是，余言难尽。专此示知
黄氏媳妇

壬三月廿日 陈公托","兹承便付去大银十五元，至日祈为查收。内抹银乙（一）元老姑收用，余者以应家中之用也。但是现年生理大不幸，在本月十六夜八点半钟，被番贼相【破】门而入，店内白银布匹，被他劫去数百来银，随叻一庐被劫三间，薄伤四人，况且为公被他伤刀，幸者薄伤，大命平安。且喜两成带妻儿同赴外合（公）家，老少具（俱）以平安，喜之胜也，破财更不介意也。但番贼被铳伤死一人，刻下夜夜京皇（惊惶）不敢，民不知后来何为。幸有官净掠【追捕】，尚且各厝被劫甚多，刻下取利甚难矣。媳妇见信至切克（刻）苦安为家计，免使尔公日夜之忧戚。托神天庇佑，各厝升平，自然嘱叫尔夫回家为是，余言难尽。专此示知
黄氏媳妇",300,4,12,外洋陈公,潮汕媳妇,,daughter_in_law,parent_to_child_in_law,妻；儿；媳；媳妇；姑,潮汕媳；字付媳；元老姑；喜两成带妻；黄氏媳,收知,,海外,广东侨乡,海外,广东侨乡,潮汕->广东侨乡,海外 -> 广东侨乡,1,海外；广东侨乡,壬（1932）三月廿日,壬三月廿日 陈公托,1932,1932,三月,,solar,干支或传统纪年,high,大银十五元,十五元,15,银元,兹承便付去大银十五元，至日祈为查收。,,兹承便付去大银十五元，至日祈为查收。；内抹银乙（一）元老姑收用，余者以应家中之用也。,1,字付媳妇收知：,,但是现年生理大不幸，在本月十六夜八点半钟，被番贼相【破】门而入，店内白银布匹，被他劫去数百来银，随叻一庐被劫三间，薄伤四人，况且为公被他伤刀，幸者薄伤，大命平安。,"兹承便付去大银十五元，至日祈为查收。内抹银乙（一）元老姑收用，余者以应家中之用也。但是现年生理大不幸，在本月十六夜八点半钟，被番贼相【破】门而入，店内白银布匹，被他劫去数百来银，随叻一庐被劫三间，薄伤四人，况且为公被他伤刀，幸者薄伤，大命平安。且喜两成带妻儿同赴外合（公）家，老少具（俱）以平安，喜之胜也，破财更不介意也。但番贼被铳伤死一人，刻下夜夜京皇（惊惶）不敢，民不知后来何为。幸有官净掠【追捕】，尚且各厝被劫甚多，刻下取利甚难矣。媳妇见信至切克（刻）苦安为家计，免使尔公日夜之忧戚。托神天庇佑，各厝升平，自然嘱叫尔夫回家为是，余言难尽。专此示知
黄氏媳妇",但是现年生理大不幸，在本月十六夜八点半钟，被番贼相【破】门而入，店内白银布匹，被他劫去数百来银，随叻一庐被劫三间，薄伤四人，况且为公被他伤刀，幸者薄伤，大命平安。；且喜两成带妻儿同赴外合（公）家，老少具（俱）以平安，喜之胜也，破财更不介意也。,内抹银乙（一）元老姑收用，余者以应家中之用也。；且喜两成带妻儿同赴外合（公）家，老少具（俱）以平安，喜之胜也，破财更不介意也。,兹承便付去大银十五元，至日祈为查收。；托神天庇佑，各厝升平，自然嘱叫尔夫回家为是，余言难尽。,,托,壬三月廿日 陈公托,壬三月廿日 陈公托,,1,1,1,1,0,0,0,0,1,0,1,instruction,family_affection;remittance;safety;instruction;marriage;home_building,收知,托,收知,儿,兹；祈；承,查收,付去；查收,平安,祈为；嘱,收知；托；儿；兹；祈；承；查收,2,"字付媳妇收知：
但是现年生理大不幸，在本月十六夜八点半钟，被番贼相【破】门而入，店内白银布匹，被他劫去数百来银，随叻一庐被劫三间，薄伤四人，况且为公被他伤刀，幸者薄伤，大命平安。；且喜两成带妻儿同赴外合（公）家，老少具（俱）以平安，喜之胜也，破财更不介意也。
兹承便付去大银十五元，至日祈为查收。
兹承便付去大银十五元，至日祈为查收。；托神天庇佑，各厝升平，自然嘱叫尔夫回家为是，余言难尽。
壬三月廿日 陈公托",字付媳妇收知：,但是现年生理大不幸，在本月十六夜八点半钟，被番贼相【破】门而入，店内白银布匹，被他劫去数百来银，随叻一庐被劫三间，薄伤四人，况且为公被他伤刀，幸者薄伤，大命平安。；且喜两成带妻儿同赴外合（公）家，老少具（俱）以平安，喜之胜也，破财更不介意也。,兹承便付去大银十五元，至日祈为查收。,内抹银乙（一）元老姑收用，余者以应家中之用也。；且喜两成带妻儿同赴外合（公）家，老少具（俱）以平安，喜之胜也，破财更不介意也。,兹承便付去大银十五元，至日祈为查收。；托神天庇佑，各厝升平，自然嘱叫尔夫回家为是，余言难尽。,壬三月廿日 陈公托,sender=外洋陈公；recipient=潮汕媳妇；relationship=parent_to_child_in_law；date=壬（1932）三月廿日；money=十五元；currency=银元；places=潮汕->广东侨乡；kinship=妻；儿；媳；媳妇；姑,"壬（1932）三月廿日，外洋陈公寄潮汕媳妇
外洋陈公
潮汕媳妇
壬（1932）三月廿日
大银十五元
潮汕->广东侨乡
family_affection;remittance;safety;instruction;marriage;home_building
兹承便付去大银十五元，至日祈为查收。内抹银乙（一）元老姑收用，余者以应家中之用也。但是现年生理大不幸，在本月十六夜八点半钟，被番贼相【破】门而入，店内白银布匹，被他劫去数百来银，随叻一庐被劫三间，薄伤四人，况且为公被他伤刀，幸者薄伤，大命平安。且喜两成带妻儿同赴外合（公）家，老少具（俱）以平安，喜之胜也，破财更不介意也。但番贼被铳伤死一人，刻下夜夜京皇（惊惶）不敢，民不知后来何为。幸有官净掠【追捕】，尚且各厝被劫甚多，刻下取利甚难矣。媳妇见信至切克（刻）苦安为家计，免使尔公日夜之忧戚。托神天庇佑，各厝升平，自然嘱叫尔夫回家为是，余言难尽。专此示知
黄氏媳妇",题名：壬（1932）三月廿日，外洋陈公寄潮汕媳妇；寄批人：外洋陈公；收批人：潮汕媳妇；日期：壬（1932）三月廿日；汇款：大银十五元；主题：family_affection;remittance;safety;instruction;marriage;home_building；正文摘录：兹承便付去大银十五元，至日祈为查收。内抹银乙（一）元老姑收用，余者以应家中之用也。但是现年生理大不幸，在本月十六夜八点半钟，被番贼相【破】门而入，店内白银布匹，被他劫去数百来银，随叻一庐被劫三间，薄伤四人，况且为公被他伤刀，幸者薄伤，大命平,壬（1932）三月廿日,外洋陈公,潮汕媳妇,280,0,陈公,媳妇,妻,high,广东侨乡；海外,"[{""record_id"": ""CSQP-SFHC-TEXT-015"", ""raw_text"": ""大银十五元"", ""amount_text"": ""十五元"", ""amount_number"": 15, ""currency"": ""银元"", ""sentence"": ""兹承便付去大银十五元，至日祈为查收。"", ""is_primary_candidate"": true, ""source_field"": ""body_clean""}]",壬（1932）三月廿日，外洋陈公寄潮汕媳妇；外洋陈公；潮汕媳妇；陈公；媳妇；妻；儿；媳；姑；广东侨乡；海外；大银十五元；银元；family_affection；remittance；safety；instruction；marriage；home_building；潮汕；广东；大银；银；元；查收；三月；廿日；外洋；侨乡；十五元；family；affection；home；building；收知；付去；至日；祈为；元老；姑收用；余者；以应；家中；之用；现年；生理；不幸；本月；十六；八点半；门而入；店内；白银；布匹；劫去；数百；随叻；一庐；被劫；三间；薄伤；四人；况且；为公；伤刀；幸者；平安；两成；妻儿；同赴；外合；老少；喜之胜；破财；不介意；但番；一人；刻下；夜夜；京皇
CSQP-SFHC-TEXT-016,16,壬申年（1932）六月十一日，外洋大专寄潮汕祖父大人,pdf_pages=49；book_pages=20,1,medium,0,"祖父大人万福：
敬禀者，日前诵读手谕，所嘱各事俱已详悉。刻下孙儿居于大埕兄之店，幸告平安，望勿远念为盼。兹付信局，奉上大洋银陆元，到时查收，以作大人果饵之需。余言后禀。敬祝
金安

壬申年六月十一日 孙儿大专叩禀","祖父大人万福：
敬禀者，日前诵读手谕，所嘱各事俱已详悉。刻下孙儿居于大埕兄之店，幸告平安，望勿远念为盼。兹付信局，奉上大洋银陆元，到时查收，以作大人果饵之需。余言后禀。敬祝
金安

壬申年六月十一日 孙儿大专叩禀","祖父大人万福：
敬禀者，日前诵读手谕，所嘱各事俱已详悉。刻下孙儿居于大埕兄之店，幸告平安，望勿远念为盼。兹付信局，奉上大洋银陆元，到时查收，以作大人果饵之需。余言后禀。敬祝
金安

壬申年六月十一日 孙儿大专叩禀","敬禀者，日前诵读手谕，所嘱各事俱已详悉。刻下孙儿居于大埕兄之店，幸告平安，望勿远念为盼。兹付信局，奉上大洋银陆元，到时查收，以作大人果饵之需。余言后禀。敬祝
金安",106,4,8,外洋大专,潮汕祖父大人,grandchild,grandparent,grandchild_to_grandparent,祖父；兄；儿；孙,潮汕祖父；祖父；刻下孙儿；居于大埕兄；孙儿,大人,孙,海外,广东侨乡,海外,广东侨乡,潮汕->广东侨乡,海外 -> 广东侨乡,1,海外；广东侨乡,壬申年（1932）六月十一日,壬申年六月十一日 孙儿大专叩禀,1932,1932,六月,十一日,solar,干支或传统纪年,high,大洋银陆元,陆元,6,大洋,兹付信局，奉上大洋银陆元，到时查收，以作大人果饵之需。,,兹付信局，奉上大洋银陆元，到时查收，以作大人果饵之需。,1,祖父大人万福：,敬禀者，日前诵读手谕，所嘱各事俱已详悉。,刻下孙儿居于大埕兄之店，幸告平安，望勿远念为盼。,"敬禀者，日前诵读手谕，所嘱各事俱已详悉。刻下孙儿居于大埕兄之店，幸告平安，望勿远念为盼。兹付信局，奉上大洋银陆元，到时查收，以作大人果饵之需。余言后禀。敬祝
金安",刻下孙儿居于大埕兄之店，幸告平安，望勿远念为盼。,祖父大人万福：；刻下孙儿居于大埕兄之店，幸告平安，望勿远念为盼。,敬禀者，日前诵读手谕，所嘱各事俱已详悉。,,,壬申年六月十一日 孙儿大专叩禀,壬申年六月十一日 孙儿大专叩禀,,1,1,1,1,1,0,0,0,0,0,0,instruction,family_affection;remittance;safety;instruction;study,敬禀者；禀者,,大人；金安,儿；叩,兹；奉,敬禀者；查收；金安,奉上；查收,平安,嘱,敬禀者；禀者；大人；金安；儿；叩；兹；奉；查收,2,"祖父大人万福：
敬禀者，日前诵读手谕，所嘱各事俱已详悉。
刻下孙儿居于大埕兄之店，幸告平安，望勿远念为盼。
兹付信局，奉上大洋银陆元，到时查收，以作大人果饵之需。
壬申年六月十一日 孙儿大专叩禀",祖父大人万福：,刻下孙儿居于大埕兄之店，幸告平安，望勿远念为盼。,兹付信局，奉上大洋银陆元，到时查收，以作大人果饵之需。,祖父大人万福：；刻下孙儿居于大埕兄之店，幸告平安，望勿远念为盼。,敬禀者，日前诵读手谕，所嘱各事俱已详悉。,壬申年六月十一日 孙儿大专叩禀,sender=外洋大专；recipient=潮汕祖父大人；relationship=grandchild_to_grandparent；date=壬申年（1932）六月十一日；money=陆元；currency=大洋；places=潮汕->广东侨乡；kinship=祖父；兄；儿；孙,"壬申年（1932）六月十一日，外洋大专寄潮汕祖父大人
外洋大专
潮汕祖父大人
壬申年（1932）六月十一日
大洋银陆元
潮汕->广东侨乡
family_affection;remittance;safety;instruction;study
敬禀者，日前诵读手谕，所嘱各事俱已详悉。刻下孙儿居于大埕兄之店，幸告平安，望勿远念为盼。兹付信局，奉上大洋银陆元，到时查收，以作大人果饵之需。余言后禀。敬祝
金安",题名：壬申年（1932）六月十一日，外洋大专寄潮汕祖父大人；寄批人：外洋大专；收批人：潮汕祖父大人；日期：壬申年（1932）六月十一日；汇款：大洋银陆元；主题：family_affection;remittance;safety;instruction;study；正文摘录：敬禀者，日前诵读手谕，所嘱各事俱已详悉。刻下孙儿居于大埕兄之店，幸告平安，望勿远念为盼。兹付信局，奉上大洋银陆元，到时查收，以作大人果饵之需。余言后禀。敬祝金安,壬申年（1932）六月十一日,外洋大专,潮汕祖父大人,80,0,大专,祖父,祖父,high,广东侨乡；海外,"[{""record_id"": ""CSQP-SFHC-TEXT-016"", ""raw_text"": ""大洋银陆元"", ""amount_text"": ""陆元"", ""amount_number"": 6, ""currency"": ""大洋"", ""sentence"": ""兹付信局，奉上大洋银陆元，到时查收，以作大人果饵之需。"", ""is_primary_candidate"": true, ""source_field"": ""body_clean""}]",壬申年（1932）六月十一日，外洋大专寄潮汕祖父大人；外洋大专；潮汕祖父大人；大专；祖父；兄；儿；孙；广东侨乡；海外；大洋银陆元；大洋；family_affection；remittance；safety；instruction；study；潮汕；广东；大洋银；洋银；银；元；敬禀者；查收；金安；壬申；六月；十一日；外洋；侨乡；银陆元；family；affection；禀者；日前；诵读；手谕；所嘱；各事；详悉；刻下；孙儿；居于；大埕；兄之店；幸告；平安；远念；兹付；信局；奉上；以作；果饵；余言；敬祝
CSQP-SFHC-TEXT-017,17,癸（1933）九月十一日，越姚丁南寄潮安南桂家母亲大人,pdf_pages=50；book_pages=21,1,low,0,"寄批人：越姚丁南
收批人：潮安南桂家母亲大人
批款：洋银肆元
日期：癸九月十一日

慈亲大人膝下：
兹寄批局，带去洋银肆元，至照查收，以安家计。此达
金安

癸九月十一日 姚丁南草","寄批人：越姚丁南
收批人：潮安南桂家母亲大人
批款：洋银肆元
日期：癸九月十一日

慈亲大人膝下：
兹寄批局，带去洋银肆元，至照查收，以安家计。此达
金安

癸九月十一日 姚丁南草","慈亲大人膝下：
兹寄批局，带去洋银肆元，至照查收，以安家计。此达
金安

癸九月十一日 姚丁南草","兹寄批局，带去洋银肆元，至照查收，以安家计。此达
金安",90,8,5,越姚丁南,潮安南桂家母亲大人,,parent,child_to_parent,慈亲；母亲,安南桂家母,大人；膝下,,越南,广东潮安,越南,广东潮安,安南->越南；潮安->广东潮安,越南 -> 广东潮安,1,越南；广东侨乡,癸九月十一日,癸九月十一日 姚丁南草,1933,1933,九月,十一日,solar,干支或传统纪年,high,洋银肆元,肆元,4,银元,兹寄批局，带去洋银肆元，至照查收，以安家计。,,兹寄批局，带去洋银肆元，至照查收，以安家计。,1,慈亲大人膝下：,,,"兹寄批局，带去洋银肆元，至照查收，以安家计。此达
金安",,,,,草,癸九月十一日 姚丁南草,癸九月十一日 姚丁南草,,1,1,0,0,0,0,0,0,0,0,0,remittance,family_affection;remittance,膝下,,大人；膝下；金安,,兹,膝下；查收；金安,查收,,,膝下；大人；金安；兹；查收,2,"慈亲大人膝下：
兹寄批局，带去洋银肆元，至照查收，以安家计。
癸九月十一日 姚丁南草",慈亲大人膝下：,,兹寄批局，带去洋银肆元，至照查收，以安家计。,,,癸九月十一日 姚丁南草,sender=越姚丁南；recipient=潮安南桂家母亲大人；relationship=child_to_parent；date=癸九月十一日；money=肆元；currency=银元；places=安南->越南；潮安->广东潮安；kinship=慈亲；母亲,"癸（1933）九月十一日，越姚丁南寄潮安南桂家母亲大人
越姚丁南
潮安南桂家母亲大人
癸九月十一日
洋银肆元
安南->越南；潮安->广东潮安
family_affection;remittance
兹寄批局，带去洋银肆元，至照查收，以安家计。此达
金安",题名：癸（1933）九月十一日，越姚丁南寄潮安南桂家母亲大人；寄批人：越姚丁南；收批人：潮安南桂家母亲大人；日期：癸九月十一日；汇款：洋银肆元；主题：family_affection;remittance；正文摘录：兹寄批局，带去洋银肆元，至照查收，以安家计。此达金安,癸（1933）九月十一日,越姚丁南,潮安南桂家母亲大人,26,0,姚丁南,母亲,母亲,high,越南；广东潮安,"[{""record_id"": ""CSQP-SFHC-TEXT-017"", ""raw_text"": ""洋银肆元"", ""amount_text"": ""肆元"", ""amount_number"": 4, ""currency"": ""银元"", ""sentence"": ""批款：洋银肆元"", ""is_primary_candidate"": true, ""source_field"": ""body_clean""}, {""record_id"": ""CSQP-SFHC-TEXT-017"", ""raw_text"": ""洋银肆元"", ""amount_text"": ""肆元"", ""amount_number"": 4, ""currency"": ""银元"", ""sentence"": ""兹寄批局，带去洋银肆元，至照查收，以安家计。"", ""is_primary_candidate"": false, ""source_field"": ""body_clean""}]",癸（1933）九月十一日，越姚丁南寄潮安南桂家母亲大人；越姚丁南；潮安南桂家母亲大人；姚丁南；母亲；慈亲；越南；广东潮安；洋银肆元；银元；family_affection；remittance；安南；潮安；广东；洋银；银；元；膝下；查收；金安；九月；十一日；寄潮；桂家；肆元；family；affection；批局；至照；安家；此达
CSQP-SFHC-TEXT-018,18,民国廿三年（1934）元月初五日，外洋曾大专寄潮汕祖父大人,pdf_pages=51；book_pages=22,1,medium,0,"祖父大人万福：
敬禀者，爆竹一声除旧，桃符万户更新，恭维大人新春纳福，玉体安康为祝。兹付信局奉上大洋银捌元，到时查收，以助家用是荷，余言后禀。敬祝
金安，并祝
新春万福

孙儿曾大专禀
民国廿三年元月初五日","祖父大人万福：
敬禀者，爆竹一声除旧，桃符万户更新，恭维大人新春纳福，玉体安康为祝。兹付信局奉上大洋银捌元，到时查收，以助家用是荷，余言后禀。敬祝
金安，并祝
新春万福

孙儿曾大专禀
民国廿三年元月初五日","祖父大人万福：
敬禀者，爆竹一声除旧，桃符万户更新，恭维大人新春纳福，玉体安康为祝。兹付信局奉上大洋银捌元，到时查收，以助家用是荷，余言后禀。敬祝
金安，并祝
新春万福

孙儿曾大专禀
民国廿三年元月初五日","敬禀者，爆竹一声除旧，桃符万户更新，恭维大人新春纳福，玉体安康为祝。兹付信局奉上大洋银捌元，到时查收，以助家用是荷，余言后禀。敬祝
金安，并祝
新春万福",103,6,8,外洋曾大专,潮汕祖父大人,grandchild,grandparent,grandchild_to_grandparent,祖父；儿；孙,潮汕祖父；祖父；孙儿,大人,孙,海外,广东侨乡,海外,广东侨乡,潮汕->广东侨乡,海外 -> 广东侨乡,1,海外；广东侨乡,民国廿三年（1934）元月初五日,"孙儿曾大专禀
民国廿三年元月初五日",民国廿三年,1934,,初五日,lunar,民国,high,大洋银捌元,捌元,8,大洋,兹付信局奉上大洋银捌元，到时查收，以助家用是荷，余言后禀。,家用,兹付信局奉上大洋银捌元，到时查收，以助家用是荷，余言后禀。,1,祖父大人万福：,敬禀者，爆竹一声除旧，桃符万户更新，恭维大人新春纳福，玉体安康为祝。,,"敬禀者，爆竹一声除旧，桃符万户更新，恭维大人新春纳福，玉体安康为祝。兹付信局奉上大洋银捌元，到时查收，以助家用是荷，余言后禀。敬祝
金安，并祝
新春万福",,祖父大人万福：；敬禀者，爆竹一声除旧，桃符万户更新，恭维大人新春纳福，玉体安康为祝。,,,,"孙儿曾大专禀
民国廿三年元月初五日",孙儿曾大专禀,,1,1,0,0,0,1,0,0,0,0,0,health_care,family_affection;remittance;health,敬禀者；禀者,,大人；金安,儿,兹；荷；奉,敬禀者；查收；金安,奉上；查收,,,敬禀者；禀者；大人；金安；儿；兹；荷；奉；查收,2,"祖父大人万福：
敬禀者，爆竹一声除旧，桃符万户更新，恭维大人新春纳福，玉体安康为祝。
兹付信局奉上大洋银捌元，到时查收，以助家用是荷，余言后禀。
孙儿曾大专禀",祖父大人万福：,,兹付信局奉上大洋银捌元，到时查收，以助家用是荷，余言后禀。,祖父大人万福：；敬禀者，爆竹一声除旧，桃符万户更新，恭维大人新春纳福，玉体安康为祝。,,孙儿曾大专禀,sender=外洋曾大专；recipient=潮汕祖父大人；relationship=grandchild_to_grandparent；date=民国廿三年（1934）元月初五日；money=捌元；currency=大洋；places=潮汕->广东侨乡；kinship=祖父；儿；孙,"民国廿三年（1934）元月初五日，外洋曾大专寄潮汕祖父大人
外洋曾大专
潮汕祖父大人
民国廿三年（1934）元月初五日
大洋银捌元
潮汕->广东侨乡
family_affection;remittance;health
敬禀者，爆竹一声除旧，桃符万户更新，恭维大人新春纳福，玉体安康为祝。兹付信局奉上大洋银捌元，到时查收，以助家用是荷，余言后禀。敬祝
金安，并祝
新春万福",题名：民国廿三年（1934）元月初五日，外洋曾大专寄潮汕祖父大人；寄批人：外洋曾大专；收批人：潮汕祖父大人；日期：民国廿三年（1934）元月初五日；汇款：大洋银捌元；主题：family_affection;remittance;health；正文摘录：敬禀者，爆竹一声除旧，桃符万户更新，恭维大人新春纳福，玉体安康为祝。兹付信局奉上大洋银捌元，到时查收，以助家用是荷，余言后禀。敬祝金安，并祝新春万福,民国廿三年（1934）元月初五日,外洋曾大专,潮汕祖父大人,74,0,曾大专,祖父,祖父,high,广东侨乡；海外,"[{""record_id"": ""CSQP-SFHC-TEXT-018"", ""raw_text"": ""大洋银捌元"", ""amount_text"": ""捌元"", ""amount_number"": 8, ""currency"": ""大洋"", ""sentence"": ""兹付信局奉上大洋银捌元，到时查收，以助家用是荷，余言后禀。"", ""is_primary_candidate"": true, ""source_field"": ""body_clean""}]",民国廿三年（1934）元月初五日，外洋曾大专寄潮汕祖父大人；外洋曾大专；潮汕祖父大人；曾大专；祖父；儿；孙；广东侨乡；海外；大洋银捌元；大洋；family_affection；remittance；health；潮汕；广东；大洋银；洋银；银；元；敬禀者；查收；金安；民国；廿三；月初；五日；外洋；大专；侨乡；family；affection；禀者；爆竹；一声；除旧；桃符；万户；更新；恭维；新春；纳福；玉体；安康；兹付；信局；以助；家用；余言；敬祝；并祝；万福
CSQP-SFHC-TEXT-019,19,甲（1934）五月初八日，呷［马来亚呷坡］林松汉寄潮汕家荣泉兄台,pdf_pages=52；book_pages=23,1,medium,0,"字连

家荣泉兄台雅鉴：
敬启者，刻逢羽便，呈上洋银陆元查收。但兄台玉体康健，但刻呷坡来有飞机【机】三四只（架），每次坐上飞去，每人大洋良（银）二十五元，因此连知，余言后叙。此致，神天福庇，二地平安。并候
近安不一

甲五月初八日 呷林松汉缄","字连

家荣泉兄台雅鉴：
敬启者，刻逢羽便，呈上洋银陆元查收。但兄台玉体康健，但刻呷坡来有飞机【机】三四只（架），每次坐上飞去，每人大洋良（银）二十五元，因此连知，余言后叙。此致，神天福庇，二地平安。并候
近安不一

甲五月初八日 呷林松汉缄","字连

家荣泉兄台雅鉴：
敬启者，刻逢羽便，呈上洋银陆元查收。但兄台玉体康健，但刻呷坡来有飞机【机】三四只（架），每次坐上飞去，每人大洋良（银）二十五元，因此连知，余言后叙。此致，神天福庇，二地平安。并候
近安不一

甲五月初八日 呷林松汉缄","字连
家荣泉兄台雅鉴：
敬启者，刻逢羽便，呈上洋银陆元查收。但兄台玉体康健，但刻呷坡来有飞机【机】三四只（架），每次坐上飞去，每人大洋良（银）二十五元，因此连知，余言后叙。此致，神天福庇，二地平安。并候
近安不一",121,5,8,呷［马来亚呷坡］林松汉,潮汕家荣泉兄台,,sibling,sibling_or_same_generation_kin,兄,汕家荣泉兄；家荣泉兄；但兄,,,,广东侨乡,,广东侨乡,潮汕->广东侨乡,广东侨乡,0,广东侨乡,甲（1934）五月初八日,甲五月初八日 呷林松汉缄,1934,1934,五月,初八日,lunar,干支或传统纪年,high,洋银陆元,陆元,6,银元,敬启者，刻逢羽便，呈上洋银陆元查收。,,敬启者，刻逢羽便，呈上洋银陆元查收。,1,,敬启者，刻逢羽便，呈上洋银陆元查收。,此致，神天福庇，二地平安。,"字连
家荣泉兄台雅鉴：
敬启者，刻逢羽便，呈上洋银陆元查收。但兄台玉体康健，但刻呷坡来有飞机【机】三四只（架），每次坐上飞去，每人大洋良（银）二十五元，因此连知，余言后叙。此致，神天福庇，二地平安。并候
近安不一",此致，神天福庇，二地平安。,,,此致，神天福庇，二地平安。,缄,甲五月初八日 呷林松汉缄,甲五月初八日 呷林松汉缄,,0,1,1,0,0,0,0,0,0,0,0,safety_report,remittance;safety,启者,启；此致,,,,查收；不一,查收,平安,,启者；启；此致；查收；不一,2,"敬启者，刻逢羽便，呈上洋银陆元查收。
此致，神天福庇，二地平安。
甲五月初八日 呷林松汉缄",敬启者，刻逢羽便，呈上洋银陆元查收。,此致，神天福庇，二地平安。,敬启者，刻逢羽便，呈上洋银陆元查收。,,,此致，神天福庇，二地平安。；甲五月初八日 呷林松汉缄,sender=呷［马来亚呷坡］林松汉；recipient=潮汕家荣泉兄台；relationship=sibling_or_same_generation_kin；date=甲（1934）五月初八日；money=陆元；currency=银元；places=潮汕->广东侨乡；kinship=兄,"甲（1934）五月初八日，呷［马来亚呷坡］林松汉寄潮汕家荣泉兄台
呷［马来亚呷坡］林松汉
潮汕家荣泉兄台
甲（1934）五月初八日
洋银陆元
潮汕->广东侨乡
remittance;safety
字连
家荣泉兄台雅鉴：
敬启者，刻逢羽便，呈上洋银陆元查收。但兄台玉体康健，但刻呷坡来有飞机【机】三四只（架），每次坐上飞去，每人大洋良（银）二十五元，因此连知，余言后叙。此致，神天福庇，二地平安。并候
近安不一",题名：甲（1934）五月初八日，呷［马来亚呷坡］林松汉寄潮汕家荣泉兄台；寄批人：呷［马来亚呷坡］林松汉；收批人：潮汕家荣泉兄台；日期：甲（1934）五月初八日；汇款：洋银陆元；主题：remittance;safety；正文摘录：字连家荣泉兄台雅鉴：敬启者，刻逢羽便，呈上洋银陆元查收。但兄台玉体康健，但刻呷坡来有飞机【机】三四只（架），每次坐上飞去，每人大洋良（银）二十五元，因此连知，余言后叙。此致，神天福庇，二地平安。并候近安不一,甲（1934）五月初八日,呷［马来亚呷坡］林松汉,潮汕家荣泉兄台,103,0,呷林松汉,家荣泉兄台,兄,medium,广东侨乡,"[{""record_id"": ""CSQP-SFHC-TEXT-019"", ""raw_text"": ""洋银陆元"", ""amount_text"": ""陆元"", ""amount_number"": 6, ""currency"": ""银元"", ""sentence"": ""敬启者，刻逢羽便，呈上洋银陆元查收。"", ""is_primary_candidate"": true, ""source_field"": ""body_clean""}, {""record_id"": ""CSQP-SFHC-TEXT-019"", ""raw_text"": ""良（银）二十五元"", ""amount_text"": ""二十五元"", ""amount_number"": 25, ""currency"": ""银元"", ""sentence"": ""但兄台玉体康健，但刻呷坡来有飞机【机】三四只（架），每次坐上飞去，每人大洋良（银）二十五元，因此连知，余言后叙。"", ""is_primary_candidate"": false, ""source_field"": ""body_clean""}]",甲（1934）五月初八日，呷［马来亚呷坡］林松汉寄潮汕家荣泉兄台；呷［马来亚呷坡］林松汉；潮汕家荣泉兄台；呷林松汉；家荣泉兄台；兄；广东侨乡；洋银陆元；银元；remittance；safety；潮汕；广东；大洋；洋银；良（银）；银；元；查收；不一；五月；初八；马来亚；林松汉；家荣泉；兄台；侨乡；陆元；启者；雅鉴；敬启者；刻逢羽；玉体；康健；但刻；飞机；三四只；每次；飞去；每人；二十五元；因此；连知；余言；天福；二地；平安；并候；近安不一
CSQP-SFHC-TEXT-020,20,民二十三年（1935）旧历十二月初二日，房亨［马来亚彭亨］北根陈集良寄潮安东凤乡陈赞堂先生,pdf_pages=53；book_pages=24,1,medium,0,"赞堂兄台大鉴：
敬启者，忆别南下，光阴荏苒，转瞬间忽又数月，尚未走书拜候，甚念，甚念！比维近来贵体佳吉，诸事祯祥为祝为颂。但未知兄台，于何时下叻之期，务请示晓是盼。兹修寸草以藉申候，外并附中正银贰元，至时检收，幸祈笑纳。此致，即请并祝
新祺集祐

弟集良手上
民二十三年旧历十二月初二日","赞堂兄台大鉴：
敬启者，忆别南下，光阴荏苒，转瞬间忽又数月，尚未走书拜候，甚念，甚念！比维近来贵体佳吉，诸事祯祥为祝为颂。但未知兄台，于何时下叻之期，务请示晓是盼。兹修寸草以藉申候，外并附中正银贰元，至时检收，幸祈笑纳。此致，即请并祝
新祺集祐

弟集良手上
民二十三年旧历十二月初二日","赞堂兄台大鉴：
敬启者，忆别南下，光阴荏苒，转瞬间忽又数月，尚未走书拜候，甚念，甚念！比维近来贵体佳吉，诸事祯祥为祝为颂。但未知兄台，于何时下叻之期，务请示晓是盼。兹修寸草以藉申候，外并附中正银贰元，至时检收，幸祈笑纳。此致，即请并祝
新祺集祐

弟集良手上
民二十三年旧历十二月初二日","赞堂兄台大鉴：
敬启者，忆别南下，光阴荏苒，转瞬间忽又数月，尚未走书拜候，甚念，甚念！比维近来贵体佳吉，诸事祯祥为祝为颂。但未知兄台，于何时下叻之期，务请示晓是盼。兹修寸草以藉申候，外并附中正银贰元，至时检收，幸祈笑纳。此致，即请并祝
新祺集祐",143,5,9,房亨［马来亚彭亨］北根陈集良,潮安东凤乡陈赞堂先生,sibling,social_or_business_contact,sibling_or_same_generation_kin,兄；弟,赞堂兄；但未知兄,先生,弟,马来西亚彭亨,广东潮安,马来西亚彭亨,广东潮安,彭亨->马来西亚彭亨；潮安->广东潮安；东凤->广东潮安东凤；叻->新加坡,马来西亚彭亨 -> 广东潮安,1,马来西亚；广东侨乡；新加坡,民二十三年（1935）旧历十二月初二日,"弟集良手上
民二十三年旧历十二月初二日",1935,1935,十二月,初二日,mixed,西历,high,中正银贰元,贰元,2,银元,兹修寸草以藉申候，外并附中正银贰元，至时检收，幸祈笑纳。,,兹修寸草以藉申候，外并附中正银贰元，至时检收，幸祈笑纳。,1,,敬启者，忆别南下，光阴荏苒，转瞬间忽又数月，尚未走书拜候，甚念，甚念！,,"赞堂兄台大鉴：
敬启者，忆别南下，光阴荏苒，转瞬间忽又数月，尚未走书拜候，甚念，甚念！比维近来贵体佳吉，诸事祯祥为祝为颂。但未知兄台，于何时下叻之期，务请示晓是盼。兹修寸草以藉申候，外并附中正银贰元，至时检收，幸祈笑纳。此致，即请并祝
新祺集祐",,,,此致，即请并祝,,"弟集良手上
民二十三年旧历十二月初二日",弟集良手上,,1,1,0,0,0,0,0,0,0,0,1,family_affection,family_affection;remittance;home_building,启者,启；此致,,弟,兹；祈,,,,,启者；启；此致；弟；兹；祈,2,"敬启者，忆别南下，光阴荏苒，转瞬间忽又数月，尚未走书拜候，甚念，甚念！
兹修寸草以藉申候，外并附中正银贰元，至时检收，幸祈笑纳。
此致，即请并祝
弟集良手上",敬启者，忆别南下，光阴荏苒，转瞬间忽又数月，尚未走书拜候，甚念，甚念！,,兹修寸草以藉申候，外并附中正银贰元，至时检收，幸祈笑纳。,,,此致，即请并祝；弟集良手上,sender=房亨［马来亚彭亨］北根陈集良；recipient=潮安东凤乡陈赞堂先生；relationship=sibling_or_same_generation_kin；date=民二十三年（1935）旧历十二月初二日；money=贰元；currency=银元；places=彭亨->马来西亚彭亨；潮安->广东潮安；东凤->广东潮安东凤；叻->新加坡；kinship=兄；弟,"民二十三年（1935）旧历十二月初二日，房亨［马来亚彭亨］北根陈集良寄潮安东凤乡陈赞堂先生
房亨［马来亚彭亨］北根陈集良
潮安东凤乡陈赞堂先生
民二十三年（1935）旧历十二月初二日
中正银贰元
彭亨->马来西亚彭亨；潮安->广东潮安；东凤->广东潮安东凤；叻->新加坡
family_affection;remittance;home_building
赞堂兄台大鉴：
敬启者，忆别南下，光阴荏苒，转瞬间忽又数月，尚未走书拜候，甚念，甚念！比维近来贵体佳吉，诸事祯祥为祝为颂。但未知兄台，于何时下叻之期，务请示晓是盼。兹修寸草以藉申候，外并附中正银贰元，至时检收，幸祈笑纳。此致，即请并祝
新祺集祐",题名：民二十三年（1935）旧历十二月初二日，房亨［马来亚彭亨］北根陈集良寄潮安东凤乡陈赞堂先生；寄批人：房亨［马来亚彭亨］北根陈集良；收批人：潮安东凤乡陈赞堂先生；日期：民二十三年（1935）旧历十二月初二日；汇款：中正银贰元；主题：family_affection;remittance;home_building；正文摘录：赞堂兄台大鉴：敬启者，忆别南下，光阴荏苒，转瞬间忽又数月，尚未走书拜候，甚念，甚念！比维近来贵体佳吉，诸事祯祥为祝为颂。但未知兄台，于何时下叻之期，务请示晓是盼。兹修寸草以藉申候，外并附中正银贰元，至时检收，幸祈笑纳。此致，即请并祝新祺集祐,民二十三年（1935）旧历十二月初二日,房亨［马来亚彭亨］北根陈集良,潮安东凤乡陈赞堂先生,120,0,房亨北根陈集良,乡陈赞堂,兄,high,马来西亚彭亨；广东潮安；广东潮安东凤；新加坡,"[{""record_id"": ""CSQP-SFHC-TEXT-020"", ""raw_text"": ""中正银贰元"", ""amount_text"": ""贰元"", ""amount_number"": 2, ""currency"": ""银元"", ""sentence"": ""兹修寸草以藉申候，外并附中正银贰元，至时检收，幸祈笑纳。"", ""is_primary_candidate"": true, ""source_field"": ""body_clean""}]",民二十三年（1935）旧历十二月初二日，房亨［马来亚彭亨］北根陈集良寄潮安东凤乡陈赞堂先生；房亨［马来亚彭亨］北根陈集良；潮安东凤乡陈赞堂先生；房亨北根陈集良；乡陈赞堂；兄；弟；马来西亚彭亨；广东潮安；广东潮安东凤；新加坡；中正银贰元；银元；family_affection；remittance；home_building；彭亨；潮安；东凤；广东；中正银；银；元；二十三年；旧历；十二月；初二；房亨；马来亚；北根；陈集良；东凤乡；陈赞堂；先生；房亨北根；马来西亚；中正；family；affection；home；building；启者；堂兄；台大；敬启者；忆别；南下；光阴荏苒；转瞬间；数月；尚未；走书；拜候；甚念；比维；近来；贵体；佳吉；诸事；未知；兄台；何时；之期；请示；晓是；寸草；以藉；申候；附中；正银；至时；检收；幸祈；笑纳；并祝；新祺集
CSQP-SFHC-TEXT-021,21,廿四年（1935）六月三号，外洋南山寄潮汕父亲大人,pdf_pages=54；book_pages=25,1,low,0,"父亲大人：
兹寄去洋银拾元，至其（祈）理收，内计抹壹元交妹娥收，余者以充家费，男在外平善。专此，并祝
福安

男南山
廿四年六月三号","父亲大人：
兹寄去洋银拾元，至其（祈）理收，内计抹壹元交妹娥收，余者以充家费，男在外平善。专此，并祝
福安

男南山
廿四年六月三号","父亲大人：
兹寄去洋银拾元，至其（祈）理收，内计抹壹元交妹娥收，余者以充家费，男在外平善。专此，并祝
福安

男南山
廿四年六月三号","兹寄去洋银拾元，至其（祈）理收，内计抹壹元交妹娥收，余者以充家费，男在外平善。专此，并祝
福安
男南山",66,5,6,外洋南山,潮汕父亲大人,,parent,child_to_parent,父亲；男；妹,潮汕父；抹壹元交妹,大人,,海外,广东侨乡,海外,广东侨乡,潮汕->广东侨乡,海外 -> 广东侨乡,1,海外；广东侨乡,廿四年（1935）六月三号,廿四年六月三号,1935,1935,六月,三号,solar,西历,high,洋银拾元,拾元,10,银元,兹寄去洋银拾元，至其（祈）理收，内计抹壹元交妹娥收，余者以充家费，男在外平善。,分抹,兹寄去洋银拾元，至其（祈）理收，内计抹壹元交妹娥收，余者以充家费，男在外平善。,1,父亲大人：,,福安,"兹寄去洋银拾元，至其（祈）理收，内计抹壹元交妹娥收，余者以充家费，男在外平善。专此，并祝
福安
男南山",,父亲大人：,,,,廿四年六月三号,,,1,1,0,0,0,0,0,0,0,0,0,remittance,family_affection;remittance,,,大人；福安,,兹；祈,福安,寄去,,,大人；福安；兹；祈,1,"父亲大人：
兹寄去洋银拾元，至其（祈）理收，内计抹壹元交妹娥收，余者以充家费，男在外平善。",父亲大人：,,兹寄去洋银拾元，至其（祈）理收，内计抹壹元交妹娥收，余者以充家费，男在外平善。,父亲大人：,,,sender=外洋南山；recipient=潮汕父亲大人；relationship=child_to_parent；date=廿四年（1935）六月三号；money=拾元；currency=银元；places=潮汕->广东侨乡；kinship=父亲；男；妹,"廿四年（1935）六月三号，外洋南山寄潮汕父亲大人
外洋南山
潮汕父亲大人
廿四年（1935）六月三号
洋银拾元
潮汕->广东侨乡
family_affection;remittance
兹寄去洋银拾元，至其（祈）理收，内计抹壹元交妹娥收，余者以充家费，男在外平善。专此，并祝
福安
男南山",题名：廿四年（1935）六月三号，外洋南山寄潮汕父亲大人；寄批人：外洋南山；收批人：潮汕父亲大人；日期：廿四年（1935）六月三号；汇款：洋银拾元；主题：family_affection;remittance；正文摘录：兹寄去洋银拾元，至其（祈）理收，内计抹壹元交妹娥收，余者以充家费，男在外平善。专此，并祝福安男南山,廿四年（1935）六月三号,外洋南山,潮汕父亲大人,49,0,南山,父亲,父亲,high,广东侨乡；海外,"[{""record_id"": ""CSQP-SFHC-TEXT-021"", ""raw_text"": ""洋银拾元"", ""amount_text"": ""拾元"", ""amount_number"": 10, ""currency"": ""银元"", ""sentence"": ""兹寄去洋银拾元，至其（祈）理收，内计抹壹元交妹娥收，余者以充家费，男在外平善。"", ""is_primary_candidate"": true, ""source_field"": ""body_clean""}, {""record_id"": ""CSQP-SFHC-TEXT-021"", ""raw_text"": ""壹元"", ""amount_text"": ""壹元"", ""amount_number"": 1, ""currency"": ""元"", ""sentence"": ""兹寄去洋银拾元，至其（祈）理收，内计抹壹元交妹娥收，余者以充家费，男在外平善。"", ""is_primary_candidate"": false, ""source_field"": ""body_clean""}]",廿四年（1935）六月三号，外洋南山寄潮汕父亲大人；外洋南山；潮汕父亲大人；南山；父亲；男；妹；广东侨乡；海外；洋银拾元；银元；family_affection；remittance；潮汕；广东；洋银；银；元；福安；廿四；六月；三号；外洋；侨乡；拾元；family；affection；理收；内计；壹元；交妹；余者；充家费；在外；平善；并祝
CSQP-SFHC-TEXT-022,22,廿四年（1935）九月十四号，暹京许卓峰寄饶邑隆都家祖母大人,pdf_pages=55；book_pages=26,1,low,0,"双亲大人膝下：
启者，是天有船开行之便，顺寄上大良（银）四元正，至祈查收，两地平安，顺此奉上。余事后言。并候
福安

儿卓峰泐
廿四年九月十四号","双亲大人膝下：
启者，是天有船开行之便，顺寄上大良（银）四元正，至祈查收，两地平安，顺此奉上。余事后言。并候
福安

儿卓峰泐
廿四年九月十四号","双亲大人膝下：
启者，是天有船开行之便，顺寄上大良（银）四元正，至祈查收，两地平安，顺此奉上。余事后言。并候
福安

儿卓峰泐
廿四年九月十四号","启者，是天有船开行之便，顺寄上大良（银）四元正，至祈查收，两地平安，顺此奉上。余事后言。并候
福安",72,5,7,暹京许卓峰,饶邑隆都家祖母大人,child,grandparent,child_to_parent,双亲；祖母；家祖；儿,邑隆都家祖母,大人；膝下,儿,泰国,广东饶平,泰国,广东饶平,饶邑->广东饶平；暹->泰国,泰国 -> 广东饶平,1,泰国；广东侨乡,廿四年（1935）九月十四号,"儿卓峰泐
廿四年九月十四号",1935,1935,九月,十四号,solar,西历,high,大良（银）四元,四元,4,银元,启者，是天有船开行之便，顺寄上大良（银）四元正，至祈查收，两地平安，顺此奉上。,,启者，是天有船开行之便，顺寄上大良（银）四元正，至祈查收，两地平安，顺此奉上。,1,双亲大人膝下：,启者，是天有船开行之便，顺寄上大良（银）四元正，至祈查收，两地平安，顺此奉上。,启者，是天有船开行之便，顺寄上大良（银）四元正，至祈查收，两地平安，顺此奉上。,"启者，是天有船开行之便，顺寄上大良（银）四元正，至祈查收，两地平安，顺此奉上。余事后言。并候
福安",启者，是天有船开行之便，顺寄上大良（银）四元正，至祈查收，两地平安，顺此奉上。,儿卓峰泐,,启者，是天有船开行之便，顺寄上大良（银）四元正，至祈查收，两地平安，顺此奉上。,泐,"儿卓峰泐
廿四年九月十四号",儿卓峰泐,,1,1,1,0,0,0,0,0,0,0,0,safety_report,family_affection;remittance;safety,启者；膝下,启,大人；膝下；福安,儿,祈；奉,膝下；祈查收；至祈查收；查收；福安,寄上；奉上；查收,平安,,启者；膝下；启；大人；福安；儿；祈；奉；祈查收；至祈查收；查收,3,"双亲大人膝下：
启者，是天有船开行之便，顺寄上大良（银）四元正，至祈查收，两地平安，顺此奉上。
儿卓峰泐",双亲大人膝下：,启者，是天有船开行之便，顺寄上大良（银）四元正，至祈查收，两地平安，顺此奉上。,启者，是天有船开行之便，顺寄上大良（银）四元正，至祈查收，两地平安，顺此奉上。,儿卓峰泐,,启者，是天有船开行之便，顺寄上大良（银）四元正，至祈查收，两地平安，顺此奉上。；儿卓峰泐,sender=暹京许卓峰；recipient=饶邑隆都家祖母大人；relationship=child_to_parent；date=廿四年（1935）九月十四号；money=四元；currency=银元；places=饶邑->广东饶平；暹->泰国；kinship=双亲；祖母；家祖；儿,"廿四年（1935）九月十四号，暹京许卓峰寄饶邑隆都家祖母大人
暹京许卓峰
饶邑隆都家祖母大人
廿四年（1935）九月十四号
大良（银）四元
饶邑->广东饶平；暹->泰国
family_affection;remittance;safety
启者，是天有船开行之便，顺寄上大良（银）四元正，至祈查收，两地平安，顺此奉上。余事后言。并候
福安",题名：廿四年（1935）九月十四号，暹京许卓峰寄饶邑隆都家祖母大人；寄批人：暹京许卓峰；收批人：饶邑隆都家祖母大人；日期：廿四年（1935）九月十四号；汇款：大良（银）四元；主题：family_affection;remittance;safety；正文摘录：启者，是天有船开行之便，顺寄上大良（银）四元正，至祈查收，两地平安，顺此奉上。余事后言。并候福安,廿四年（1935）九月十四号,暹京许卓峰,饶邑隆都家祖母大人,48,0,京许卓峰,祖母,双亲,high,广东饶平；泰国,"[{""record_id"": ""CSQP-SFHC-TEXT-022"", ""raw_text"": ""大良（银）四元"", ""amount_text"": ""四元"", ""amount_number"": 4, ""currency"": ""银元"", ""sentence"": ""启者，是天有船开行之便，顺寄上大良（银）四元正，至祈查收，两地平安，顺此奉上。"", ""is_primary_candidate"": true, ""source_field"": ""body_clean""}]",廿四年（1935）九月十四号，暹京许卓峰寄饶邑隆都家祖母大人；暹京许卓峰；饶邑隆都家祖母大人；京许卓峰；祖母；双亲；家祖；儿；广东饶平；泰国；大良（银）四元；银元；family_affection；remittance；safety；饶邑；广东；大良（银）；良（银）；银；元；膝下；祈查收；至祈查收；查收；福安；廿四；九月；十四号；暹京；许卓峰；饶邑隆；京许；卓峰；饶平；大良；四元；family；affection；启者；至祈；天有；开行；顺寄上；两地；平安；事后；并候
CSQP-SFHC-TEXT-023,23,中华民国廿四年（1935）十一月十三日，暹镇乾寄饶平隆都吴宅双亲大人,pdf_pages=56；book_pages=27,1,high,0,"双亲大人尊前：
敬禀者，前接家中来谕，披诵之余，喜悉合家老少均安，藉慰远怀。现刻报纸，风传全国银币统制，各地均已实行，未知岂有确实，其内容如何行法，祈后信指陈示知。此际暹中米粟价格大跌，各行生意顿形萧条，小本商贾颇受影响，失业之人日见其多，儿幸有立足之地，然也岌岌自危，惟有勤俭一途，稍可应付环境之恶劣。日前升照见，又向儿索讨旧债，真是无法应付，惟有少寄家信，极力节省，缓缓摊【分】还，所以此次又不能多寄，尚祈谅之。兹付去大洋拾元，至时查收，回音示知为荷。此请
福安

中华民国廿四【年】十一月十三日 儿镇乾上","双亲大人尊前：
敬禀者，前接家中来谕，披诵之余，喜悉合家老少均安，藉慰远怀。现刻报纸，风传全国银币统制，各地均已实行，未知岂有确实，其内容如何行法，祈后信指陈示知。此际暹中米粟价格大跌，各行生意顿形萧条，小本商贾颇受影响，失业之人日见其多，儿幸有立足之地，然也岌岌自危，惟有勤俭一途，稍可应付环境之恶劣。日前升照见，又向儿索讨旧债，真是无法应付，惟有少寄家信，极力节省，缓缓摊【分】还，所以此次又不能多寄，尚祈谅之。兹付去大洋拾元，至时查收，回音示知为荷。此请
福安

中华民国廿四【年】十一月十三日 儿镇乾上","双亲大人尊前：
敬禀者，前接家中来谕，披诵之余，喜悉合家老少均安，藉慰远怀。现刻报纸，风传全国银币统制，各地均已实行，未知岂有确实，其内容如何行法，祈后信指陈示知。此际暹中米粟价格大跌，各行生意顿形萧条，小本商贾颇受影响，失业之人日见其多，儿幸有立足之地，然也岌岌自危，惟有勤俭一途，稍可应付环境之恶劣。日前升照见，又向儿索讨旧债，真是无法应付，惟有少寄家信，极力节省，缓缓摊【分】还，所以此次又不能多寄，尚祈谅之。兹付去大洋拾元，至时查收，回音示知为荷。此请
福安

中华民国廿四【年】十一月十三日 儿镇乾上","敬禀者，前接家中来谕，披诵之余，喜悉合家老少均安，藉慰远怀。现刻报纸，风传全国银币统制，各地均已实行，未知岂有确实，其内容如何行法，祈后信指陈示知。此际暹中米粟价格大跌，各行生意顿形萧条，小本商贾颇受影响，失业之人日见其多，儿幸有立足之地，然也岌岌自危，惟有勤俭一途，稍可应付环境之恶劣。日前升照见，又向儿索讨旧债，真是无法应付，惟有少寄家信，极力节省，缓缓摊【分】还，所以此次又不能多寄，尚祈谅之。兹付去大洋拾元，至时查收，回音示知为荷。此请
福安",255,4,9,暹镇乾,饶平隆都吴宅双亲大人,child,parent,child_to_parent,双亲；儿,又向儿,大人；尊前,儿,泰国,,泰国,,暹->泰国,泰国,0,泰国,中华民国廿四年（1935）十一月十三日,中华民国廿四【年】十一月十三日 儿镇乾上,民国廿四年,1935,十一月,十三日,solar,民国,high,大洋拾元,拾元,10,大洋,兹付去大洋拾元，至时查收，回音示知为荷。,,兹付去大洋拾元，至时查收，回音示知为荷。,1,双亲大人尊前：,敬禀者，前接家中来谕，披诵之余，喜悉合家老少均安，藉慰远怀。,福安,"敬禀者，前接家中来谕，披诵之余，喜悉合家老少均安，藉慰远怀。现刻报纸，风传全国银币统制，各地均已实行，未知岂有确实，其内容如何行法，祈后信指陈示知。此际暹中米粟价格大跌，各行生意顿形萧条，小本商贾颇受影响，失业之人日见其多，儿幸有立足之地，然也岌岌自危，惟有勤俭一途，稍可应付环境之恶劣。日前升照见，又向儿索讨旧债，真是无法应付，惟有少寄家信，极力节省，缓缓摊【分】还，所以此次又不能多寄，尚祈谅之。兹付去大洋拾元，至时查收，回音示知为荷。此请
福安",,敬禀者，前接家中来谕，披诵之余，喜悉合家老少均安，藉慰远怀。；此际暹中米粟价格大跌，各行生意顿形萧条，小本商贾颇受影响，失业之人日见其多，儿幸有立足之地，然也岌岌自危，惟有勤俭一途，稍可应付环境之恶劣。,此际暹中米粟价格大跌，各行生意顿形萧条，小本商贾颇受影响，失业之人日见其多，儿幸有立足之地，然也岌岌自危，惟有勤俭一途，稍可应付环境之恶劣。,,,中华民国廿四【年】十一月十三日 儿镇乾上,中华民国廿四【年】十一月十三日 儿镇乾上,,1,1,0,1,0,0,1,1,0,0,0,instruction,family_affection;remittance;instruction;work;debt,敬禀者；禀者；尊前,,大人；尊前；福安,儿,兹；祈；谅；荷；惟,敬禀者；尊前；查收；福安,付去；查收,,勤俭,敬禀者；禀者；尊前；大人；福安；儿；兹；祈；谅；荷；惟；查收,3,"双亲大人尊前：
敬禀者，前接家中来谕，披诵之余，喜悉合家老少均安，藉慰远怀。
兹付去大洋拾元，至时查收，回音示知为荷。
此际暹中米粟价格大跌，各行生意顿形萧条，小本商贾颇受影响，失业之人日见其多，儿幸有立足之地，然也岌岌自危，惟有勤俭一途，稍可应付环境之恶劣。
中华民国廿四【年】十一月十三日 儿镇乾上",双亲大人尊前：,,兹付去大洋拾元，至时查收，回音示知为荷。,敬禀者，前接家中来谕，披诵之余，喜悉合家老少均安，藉慰远怀。；此际暹中米粟价格大跌，各行生意顿形萧条，小本商贾颇受影响，失业之人日见其多，儿幸有立足之地，然也岌岌自危，惟有勤俭一途，稍可应付环境之恶劣。,此际暹中米粟价格大跌，各行生意顿形萧条，小本商贾颇受影响，失业之人日见其多，儿幸有立足之地，然也岌岌自危，惟有勤俭一途，稍可应付环境之恶劣。,中华民国廿四【年】十一月十三日 儿镇乾上,sender=暹镇乾；recipient=饶平隆都吴宅双亲大人；relationship=child_to_parent；date=中华民国廿四年（1935）十一月十三日；money=拾元；currency=大洋；places=暹->泰国；kinship=双亲；儿,"中华民国廿四年（1935）十一月十三日，暹镇乾寄饶平隆都吴宅双亲大人
暹镇乾
饶平隆都吴宅双亲大人
中华民国廿四年（1935）十一月十三日
大洋拾元
暹->泰国
family_affection;remittance;instruction;work;debt
敬禀者，前接家中来谕，披诵之余，喜悉合家老少均安，藉慰远怀。现刻报纸，风传全国银币统制，各地均已实行，未知岂有确实，其内容如何行法，祈后信指陈示知。此际暹中米粟价格大跌，各行生意顿形萧条，小本商贾颇受影响，失业之人日见其多，儿幸有立足之地，然也岌岌自危，惟有勤俭一途，稍可应付环境之恶劣。日前升照见，又向儿索讨旧债，真是无法应付，惟有少寄家信，极力节省，缓缓摊【分】还，所以此次又不能多寄，尚祈谅之。兹付去大洋拾元，至时查收，回音示知为荷。此请
福安",题名：中华民国廿四年（1935）十一月十三日，暹镇乾寄饶平隆都吴宅双亲大人；寄批人：暹镇乾；收批人：饶平隆都吴宅双亲大人；日期：中华民国廿四年（1935）十一月十三日；汇款：大洋拾元；主题：family_affection;remittance;instruction;work;debt；正文摘录：敬禀者，前接家中来谕，披诵之余，喜悉合家老少均安，藉慰远怀。现刻报纸，风传全国银币统制，各地均已实行，未知岂有确实，其内容如何行法，祈后信指陈示知。此际暹中米粟价格大跌，各行生意顿形萧条，小本商贾颇受影响，失业之人日见其多，儿幸有立足之地，,中华民国廿四年（1935）十一月十三日,暹镇乾,饶平隆都吴宅双亲大人,224,0,镇乾,饶平隆都吴宅双亲,双亲,high,泰国,"[{""record_id"": ""CSQP-SFHC-TEXT-023"", ""raw_text"": ""大洋拾元"", ""amount_text"": ""拾元"", ""amount_number"": 10, ""currency"": ""大洋"", ""sentence"": ""兹付去大洋拾元，至时查收，回音示知为荷。"", ""is_primary_candidate"": true, ""source_field"": ""body_clean""}]",中华民国廿四年（1935）十一月十三日，暹镇乾寄饶平隆都吴宅双亲大人；暹镇乾；饶平隆都吴宅双亲大人；镇乾；饶平隆都吴宅双亲；双亲；儿；泰国；大洋拾元；大洋；family_affection；remittance；instruction；work；debt；银；元；敬禀者；尊前；查收；福安；中华民国；廿四；十一月；十三日；暹镇；饶平；吴宅；拾元；family；affection；禀者；前接；家中；披诵；之余；喜悉；合家；老少；慰远怀；现刻；报纸；风传；全国；银币；统制；各地；实行；未知；确实；内容；如何；行法；祈后；指陈；示知；此际；暹中米；价格；大跌；各行；生意；顿形；萧条；商贾；颇受；影响；失业；日见；其多；儿幸；立足之地；岌岌；自危；惟有；勤俭；应付；环境；恶劣；日前
CSQP-SFHC-TEXT-024,24,乙亥年（1935）十月廿二日，暹财福寄汀（澄）邑南砂乡林宅慈亲大人,pdf_pages=57；book_pages=28,1,high,0,"寄批人：暹财福
收批人：汀邑南砂乡林宅慈亲大人
批款：光洋银二十元
日期：乙亥年十月廿二日

字奉

慈亲大人尊前：
敬禀者，现以（已）付批局，带去光洋银二十元，到时查收，计抹二元交慈亲收用，余存十八元家用。另者，慈亲近来定卜玉体康泰，为祝为慰。儿住外地，今年无运【运气不佳】，在五月间致一疾病，至今全（痊）愈矣，顺此禀知。暹中生意冷淡，自五月谷船无下哈，并无厚利可获，致之批信希【少】寄，候有厚利入手，自当多寄。外中吾妻全吾儿亦安好，祈免锦念，顺此告知，余无别言。顺请
金安不一

乙亥年十月廿二日 男财福禀上","寄批人：暹财福
收批人：汀邑南砂乡林宅慈亲大人
批款：光洋银二十元
日期：乙亥年十月廿二日

字奉

慈亲大人尊前：
敬禀者，现以（已）付批局，带去光洋银二十元，到时查收，计抹二元交慈亲收用，余存十八元家用。另者，慈亲近来定卜玉体康泰，为祝为慰。儿住外地，今年无运【运气不佳】，在五月间致一疾病，至今全（痊）愈矣，顺此禀知。暹中生意冷淡，自五月谷船无下哈，并无厚利可获，致之批信希【少】寄，候有厚利入手，自当多寄。外中吾妻全吾儿亦安好，祈免锦念，顺此告知，余无别言。顺请
金安不一

乙亥年十月廿二日 男财福禀上","字奉

慈亲大人尊前：
敬禀者，现以（已）付批局，带去光洋银二十元，到时查收，计抹二元交慈亲收用，余存十八元家用。另者，慈亲近来定卜玉体康泰，为祝为慰。儿住外地，今年无运【运气不佳】，在五月间致一疾病，至今全（痊）愈矣，顺此禀知。暹中生意冷淡，自五月谷船无下哈，并无厚利可获，致之批信希【少】寄，候有厚利入手，自当多寄。外中吾妻全吾儿亦安好，祈免锦念，顺此告知，余无别言。顺请
金安不一

乙亥年十月廿二日 男财福禀上","字奉
敬禀者，现以（已）付批局，带去光洋银二十元，到时查收，计抹二元交慈亲收用，余存十八元家用。另者，慈亲近来定卜玉体康泰，为祝为慰。儿住外地，今年无运【运气不佳】，在五月间致一疾病，至今全（痊）愈矣，顺此禀知。暹中生意冷淡，自五月谷船无下哈，并无厚利可获，致之批信希【少】寄，候有厚利入手，自当多寄。外中吾妻全吾儿亦安好，祈免锦念，顺此告知，余无别言。顺请
金安不一",256,9,10,暹财福,汀邑南砂乡林宅慈亲大人,child,parent,child_to_parent,慈亲；妻；儿；男,外中吾妻；全吾儿,大人；尊前,男,泰国,广东澄海,泰国,广东澄海,汀邑->广东澄海；暹->泰国,泰国 -> 广东澄海,1,泰国；广东侨乡,乙亥年十月廿二日,乙亥年十月廿二日 男财福禀上,1935,1935,十月,廿二日,solar,干支或传统纪年,high,光洋银二十元,二十元,20,银元,敬禀者，现以（已）付批局，带去光洋银二十元，到时查收，计抹二元交慈亲收用，余存十八元家用。,家用；分抹,敬禀者，现以（已）付批局，带去光洋银二十元，到时查收，计抹二元交慈亲收用，余存十八元家用。,1,慈亲大人尊前：,敬禀者，现以（已）付批局，带去光洋银二十元，到时查收，计抹二元交慈亲收用，余存十八元家用。,外中吾妻全吾儿亦安好，祈免锦念，顺此告知，余无别言。,"字奉
敬禀者，现以（已）付批局，带去光洋银二十元，到时查收，计抹二元交慈亲收用，余存十八元家用。另者，慈亲近来定卜玉体康泰，为祝为慰。儿住外地，今年无运【运气不佳】，在五月间致一疾病，至今全（痊）愈矣，顺此禀知。暹中生意冷淡，自五月谷船无下哈，并无厚利可获，致之批信希【少】寄，候有厚利入手，自当多寄。外中吾妻全吾儿亦安好，祈免锦念，顺此告知，余无别言。顺请
金安不一",外中吾妻全吾儿亦安好，祈免锦念，顺此告知，余无别言。,儿住外地，今年无运【运气不佳】，在五月间致一疾病，至今全（痊）愈矣，顺此禀知。；外中吾妻全吾儿亦安好，祈免锦念，顺此告知，余无别言。,,儿住外地，今年无运【运气不佳】，在五月间致一疾病，至今全（痊）愈矣，顺此禀知。,禀上,乙亥年十月廿二日 男财福禀上,乙亥年十月廿二日 男财福禀上,,1,1,1,0,0,1,1,0,1,0,0,health_care,family_affection;remittance;safety;health;work;marriage,敬禀者；禀者；尊前,,大人；尊前；金安,儿,祈；奉,敬禀者；尊前；查收；金安；不一,查收,安好,,敬禀者；禀者；尊前；大人；金安；儿；祈；奉；查收；不一,3,"慈亲大人尊前：
敬禀者，现以（已）付批局，带去光洋银二十元，到时查收，计抹二元交慈亲收用，余存十八元家用。
外中吾妻全吾儿亦安好，祈免锦念，顺此告知，余无别言。
儿住外地，今年无运【运气不佳】，在五月间致一疾病，至今全（痊）愈矣，顺此禀知。
乙亥年十月廿二日 男财福禀上",慈亲大人尊前：,外中吾妻全吾儿亦安好，祈免锦念，顺此告知，余无别言。,敬禀者，现以（已）付批局，带去光洋银二十元，到时查收，计抹二元交慈亲收用，余存十八元家用。,儿住外地，今年无运【运气不佳】，在五月间致一疾病，至今全（痊）愈矣，顺此禀知。；外中吾妻全吾儿亦安好，祈免锦念，顺此告知，余无别言。,,儿住外地，今年无运【运气不佳】，在五月间致一疾病，至今全（痊）愈矣，顺此禀知。；乙亥年十月廿二日 男财福禀上,sender=暹财福；recipient=汀邑南砂乡林宅慈亲大人；relationship=child_to_parent；date=乙亥年十月廿二日；money=二十元；currency=银元；places=汀邑->广东澄海；暹->泰国；kinship=慈亲；妻；儿；男,"乙亥年（1935）十月廿二日，暹财福寄汀（澄）邑南砂乡林宅慈亲大人
暹财福
汀邑南砂乡林宅慈亲大人
乙亥年十月廿二日
光洋银二十元
汀邑->广东澄海；暹->泰国
family_affection;remittance;safety;health;work;marriage
字奉
敬禀者，现以（已）付批局，带去光洋银二十元，到时查收，计抹二元交慈亲收用，余存十八元家用。另者，慈亲近来定卜玉体康泰，为祝为慰。儿住外地，今年无运【运气不佳】，在五月间致一疾病，至今全（痊）愈矣，顺此禀知。暹中生意冷淡，自五月谷船无下哈，并无厚利可获，致之批信希【少】寄，候有厚利入手，自当多寄。外中吾妻全吾儿亦安好，祈免锦念，顺此告知，余无别言。顺请
金安不一",题名：乙亥年（1935）十月廿二日，暹财福寄汀（澄）邑南砂乡林宅慈亲大人；寄批人：暹财福；收批人：汀邑南砂乡林宅慈亲大人；日期：乙亥年十月廿二日；汇款：光洋银二十元；主题：family_affection;remittance;safety;health;work;marriage；正文摘录：字奉敬禀者，现以（已）付批局，带去光洋银二十元，到时查收，计抹二元交慈亲收用，余存十八元家用。另者，慈亲近来定卜玉体康泰，为祝为慰。儿住外地，今年无运【运气不佳】，在五月间致一疾病，至今全（痊）愈矣，顺此禀知。暹中生意冷淡，自五月谷船无下哈,乙亥年（1935）十月廿二日,暹财福,汀（澄）邑南砂乡林宅慈亲大人,182,0,财福,南砂乡林宅慈亲,慈亲,high,广东澄海；泰国,"[{""record_id"": ""CSQP-SFHC-TEXT-024"", ""raw_text"": ""光洋银二十元"", ""amount_text"": ""二十元"", ""amount_number"": 20, ""currency"": ""银元"", ""sentence"": ""批款：光洋银二十元"", ""is_primary_candidate"": true, ""source_field"": ""body_clean""}, {""record_id"": ""CSQP-SFHC-TEXT-024"", ""raw_text"": ""光洋银二十元"", ""amount_text"": ""二十元"", ""amount_number"": 20, ""currency"": ""银元"", ""sentence"": ""敬禀者，现以（已）付批局，带去光洋银二十元，到时查收，计抹二元交慈亲收用，余存十八元家用。"", ""is_primary_candidate"": false, ""source_field"": ""body_clean""}, {""record_id"": ""CSQP-SFHC-TEXT-024"", ""raw_text"": ""二元"", ""amount_text"": ""二元"", ""amount_number"": 2, ""currency"": ""元"", ""sentence"": ""敬禀者，现以（已）付批局，带去光洋银二十元，到时查收，计抹二元交慈亲收用，余存十八元家用。"", ""is_primary_candidate"": false, ""source_field"": ""body_clean""}, {""record_id"": ""CSQP-SFHC-TEXT-024"", ""raw_text"": ""十八元"", ""amount_text"": ""十八元"", ""amount_number"": 18, ""currency"": ""元"", ""sentence"": ""敬禀者，现以（已）付批局，带去光洋银二十元，到时查收，计抹二元交慈亲收用，余存十八元家用。"", ""is_primary_candidate"": false, ""source_field"": ""body_clean""}]",乙亥年（1935）十月廿二日，暹财福寄汀（澄）邑南砂乡林宅慈亲大人；暹财福；汀邑南砂乡林宅慈亲大人；财福；南砂乡林宅慈亲；慈亲；妻；儿；男；广东澄海；泰国；光洋银二十元；银元；family_affection；remittance；safety；health；work；marriage；澄海；汀邑；广东；洋银；光洋银；银；元；敬禀者；尊前；查收；金安；不一；乙亥；十月；廿二日；南砂；乡林宅；光洋；二十元；family；affection；禀者；现以；批局；计抹；二元；交慈；亲收；余存；十八元；家用；另者；亲近；来定；玉体；康泰；为慰；儿住；外地；今年；无运；运气；不佳；五月；间致；疾病；至今；禀知；暹中；生意；冷淡；谷船；无下；厚利；致之批；信希；候有；入手；自当；外中；吾妻
CSQP-SFHC-TEXT-025,25,中华民国乙年（1935）十月廿日，外洋永源寄潮汕大兄,pdf_pages=58-59；book_pages=29-30,1,high,0,"大兄于足青及：
敬启者，顷承福弟云云，兄于九月十九日，再得男儿之喜，儿等闻之同深欣慰，而为道贺也。外洋行情依然呆滞，殊难乐观，侄儿嘉成如于汕市，谋得一事，较之为善，虽无薪水可得，亦当速就之。因弟所观外洋，境况日见恶劣，若汕市有可栖身之处，更有求日也。闻迩来国内实行法币，因之各物腾贵，定必不错否？苟如是，则贫寒所受影响，当必甚巨也。总之在此过程中，属难避免之事，盖因市侩谋利，为千载一时之机会耳。至目前明顺兄来信，与弟商借之项（款），本当如命，无如近来弟甚拮据，实难筹措，望兄婉言代弟谢之。兹顺付上国币十五元，至请查收，内祈抹出大银贰元，送与大姐，又贰元内人送大嫂，以代肉卵之敬，余存十一元，以应先君忌祭，以及先祖扫墓等费，妥否示教为盼。肃此，即请
大安

弟永源寄
中华民国乙年十月廿日发","大兄于足青及：
敬启者，顷承福弟云云，兄于九月十九日，再得男儿之喜，儿等闻之同深欣慰，而为道贺也。外洋行情依然呆滞，殊难乐观，侄儿嘉成如于汕市，谋得一事，较之为善，虽无薪水可得，亦当速就之。因弟所观外洋，境况日见恶劣，若汕市有可栖身之处，更有求日也。闻迩来国内实行法币，因之各物腾贵，定必不错否？苟如是，则贫寒所受影响，当必甚巨也。总之在此过程中，属难避免之事，盖因市侩谋利，为千载一时之机会耳。至目前明顺兄来信，与弟商借之项（款），本当如命，无如近来弟甚拮据，实难筹措，望兄婉言代弟谢之。兹顺付上国币十五元，至请查收，内祈抹出大银贰元，送与大姐，又贰元内人送大嫂，以代肉卵之敬，余存十一元，以应先君忌祭，以及先祖扫墓等费，妥否示教为盼。肃此，即请
大安

弟永源寄
中华民国乙年十月廿日发","大兄于足青及：
敬启者，顷承福弟云云，兄于九月十九日，再得男儿之喜，儿等闻之同深欣慰，而为道贺也。外洋行情依然呆滞，殊难乐观，侄儿嘉成如于汕市，谋得一事，较之为善，虽无薪水可得，亦当速就之。因弟所观外洋，境况日见恶劣，若汕市有可栖身之处，更有求日也。闻迩来国内实行法币，因之各物腾贵，定必不错否？苟如是，则贫寒所受影响，当必甚巨也。总之在此过程中，属难避免之事，盖因市侩谋利，为千载一时之机会耳。至目前明顺兄来信，与弟商借之项（款），本当如命，无如近来弟甚拮据，实难筹措，望兄婉言代弟谢之。兹顺付上国币十五元，至请查收，内祈抹出大银贰元，送与大姐，又贰元内人送大嫂，以代肉卵之敬，余存十一元，以应先君忌祭，以及先祖扫墓等费，妥否示教为盼。肃此，即请
大安

弟永源寄
中华民国乙年十月廿日发","大兄于足青及：
敬启者，顷承福弟云云，兄于九月十九日，再得男儿之喜，儿等闻之同深欣慰，而为道贺也。外洋行情依然呆滞，殊难乐观，侄儿嘉成如于汕市，谋得一事，较之为善，虽无薪水可得，亦当速就之。因弟所观外洋，境况日见恶劣，若汕市有可栖身之处，更有求日也。闻迩来国内实行法币，因之各物腾贵，定必不错否？苟如是，则贫寒所受影响，当必甚巨也。总之在此过程中，属难避免之事，盖因市侩谋利，为千载一时之机会耳。至目前明顺兄来信，与弟商借之项（款），本当如命，无如近来弟甚拮据，实难筹措，望兄婉言代弟谢之。兹顺付上国币十五元，至请查收，内祈抹出大银贰元，送与大姐，又贰元内人送大嫂，以代肉卵之敬，余存十一元，以应先君忌祭，以及先祖扫墓等费，妥否示教为盼。肃此，即请
大安
弟永源寄
中华民国乙年十月廿日发",345,5,13,外洋永源,潮汕大兄,,sibling,sibling_or_same_generation_kin,嫂；大嫂；兄；弟；儿；男；侄；姐,潮汕大兄；大兄；顷承福弟；再得男儿；侄儿；因弟；目前明顺兄；与弟；无如近来弟；望兄；婉言代弟；送与大姐,,,海外,广东侨乡,海外,广东侨乡,潮汕->广东侨乡,海外 -> 广东侨乡,1,海外；广东侨乡,中华民国乙年（1935）十月廿日,,1935,1935,十月,,solar,民国,high,国币十五元,十五元,15,国币,兹顺付上国币十五元，至请查收，内祈抹出大银贰元，送与大姐，又贰元内人送大嫂，以代肉卵之敬，余存十一元，以应先君忌祭，以及先祖扫墓等费，妥否示教为盼。,,兹顺付上国币十五元，至请查收，内祈抹出大银贰元，送与大姐，又贰元内人送大嫂，以代肉卵之敬，余存十一元，以应先君忌祭，以及先祖扫墓等费，妥否示教为盼。,1,,敬启者，顷承福弟云云，兄于九月十九日，再得男儿之喜，儿等闻之同深欣慰，而为道贺也。,,"大兄于足青及：
敬启者，顷承福弟云云，兄于九月十九日，再得男儿之喜，儿等闻之同深欣慰，而为道贺也。外洋行情依然呆滞，殊难乐观，侄儿嘉成如于汕市，谋得一事，较之为善，虽无薪水可得，亦当速就之。因弟所观外洋，境况日见恶劣，若汕市有可栖身之处，更有求日也。闻迩来国内实行法币，因之各物腾贵，定必不错否？苟如是，则贫寒所受影响，当必甚巨也。总之在此过程中，属难避免之事，盖因市侩谋利，为千载一时之机会耳。至目前明顺兄来信，与弟商借之项（款），本当如命，无如近来弟甚拮据，实难筹措，望兄婉言代弟谢之。兹顺付上国币十五元，至请查收，内祈抹出大银贰元，送与大姐，又贰元内人送大嫂，以代肉卵之敬，余存十一元，以应先君忌祭，以及先祖扫墓等费，妥否示教为盼。肃此，即请
大安
弟永源寄
中华民国乙年十月廿日发",,敬启者，顷承福弟云云，兄于九月十九日，再得男儿之喜，儿等闻之同深欣慰，而为道贺也。；外洋行情依然呆滞，殊难乐观，侄儿嘉成如于汕市，谋得一事，较之为善，虽无薪水可得，亦当速就之。,,,,,,,1,1,0,0,0,0,0,1,0,1,0,debt,family_affection;remittance;debt;funeral,启者,启,,儿；弟,兹；祈；承；盖；如命,查收,查收,,,启者；启；儿；弟；兹；祈；承；盖；如命；查收,3,"敬启者，顷承福弟云云，兄于九月十九日，再得男儿之喜，儿等闻之同深欣慰，而为道贺也。
兹顺付上国币十五元，至请查收，内祈抹出大银贰元，送与大姐，又贰元内人送大嫂，以代肉卵之敬，余存十一元，以应先君忌祭，以及先祖扫墓等费，妥否示教为盼。",敬启者，顷承福弟云云，兄于九月十九日，再得男儿之喜，儿等闻之同深欣慰，而为道贺也。,,兹顺付上国币十五元，至请查收，内祈抹出大银贰元，送与大姐，又贰元内人送大嫂，以代肉卵之敬，余存十一元，以应先君忌祭，以及先祖扫墓等费，妥否示教为盼。,敬启者，顷承福弟云云，兄于九月十九日，再得男儿之喜，儿等闻之同深欣慰，而为道贺也。；外洋行情依然呆滞，殊难乐观，侄儿嘉成如于汕市，谋得一事，较之为善，虽无薪水可得，亦当速就之。,,,sender=外洋永源；recipient=潮汕大兄；relationship=sibling_or_same_generation_kin；date=中华民国乙年（1935）十月廿日；money=十五元；currency=国币；places=潮汕->广东侨乡；kinship=嫂；大嫂；兄；弟；儿；男；侄；姐,"中华民国乙年（1935）十月廿日，外洋永源寄潮汕大兄
外洋永源
潮汕大兄
中华民国乙年（1935）十月廿日
国币十五元
潮汕->广东侨乡
family_affection;remittance;debt;funeral
大兄于足青及：
敬启者，顷承福弟云云，兄于九月十九日，再得男儿之喜，儿等闻之同深欣慰，而为道贺也。外洋行情依然呆滞，殊难乐观，侄儿嘉成如于汕市，谋得一事，较之为善，虽无薪水可得，亦当速就之。因弟所观外洋，境况日见恶劣，若汕市有可栖身之处，更有求日也。闻迩来国内实行法币，因之各物腾贵，定必不错否？苟如是，则贫寒所受影响，当必甚巨也。总之在此过程中，属难避免之事，盖因市侩谋利，为千载一时之机会耳。至目前明顺兄来信，与弟商借之项（款），本当如命，无如近来弟甚拮据，实难筹措，望兄婉言代弟谢之。兹顺付上国币十五元，至请查收，内祈抹出大银贰元，送与大姐，又贰元内人送大嫂，以代肉卵之敬，余存十一元，以应先君忌祭，以及先祖扫墓等费，妥否示教为盼。肃此，即请
大安
弟永源寄
中华民国乙年十月廿日发",题名：中华民国乙年（1935）十月廿日，外洋永源寄潮汕大兄；寄批人：外洋永源；收批人：潮汕大兄；日期：中华民国乙年（1935）十月廿日；汇款：国币十五元；主题：family_affection;remittance;debt;funeral；正文摘录：大兄于足青及：敬启者，顷承福弟云云，兄于九月十九日，再得男儿之喜，儿等闻之同深欣慰，而为道贺也。外洋行情依然呆滞，殊难乐观，侄儿嘉成如于汕市，谋得一事，较之为善，虽无薪水可得，亦当速就之。因弟所观外洋，境况日见恶劣，若汕市有可栖身之处，更有,中华民国乙年（1935）十月廿日,外洋永源,潮汕大兄,340,0,永源,大兄,兄,medium,广东侨乡；海外,"[{""record_id"": ""CSQP-SFHC-TEXT-025"", ""raw_text"": ""国币十五元"", ""amount_text"": ""十五元"", ""amount_number"": 15, ""currency"": ""国币"", ""sentence"": ""兹顺付上国币十五元，至请查收，内祈抹出大银贰元，送与大姐，又贰元内人送大嫂，以代肉卵之敬，余存十一元，以应先君忌祭，以及先祖扫墓等费，妥否示教为盼。"", ""is_primary_candidate"": true, ""source_field"": ""body_clean""}, {""record_id"": ""CSQP-SFHC-TEXT-025"", ""raw_text"": ""大银贰元"", ""amount_text"": ""贰元"", ""amount_number"": 2, ""currency"": ""银元"", ""sentence"": ""兹顺付上国币十五元，至请查收，内祈抹出大银贰元，送与大姐，又贰元内人送大嫂，以代肉卵之敬，余存十一元，以应先君忌祭，以及先祖扫墓等费，妥否示教为盼。"", ""is_primary_candidate"": false, ""source_field"": ""body_clean""}, {""record_id"": ""CSQP-SFHC-TEXT-025"", ""raw_text"": ""贰元"", ""amount_text"": ""贰元"", ""amount_number"": 2, ""currency"": ""元"", ""sentence"": ""兹顺付上国币十五元，至请查收，内祈抹出大银贰元，送与大姐，又贰元内人送大嫂，以代肉卵之敬，余存十一元，以应先君忌祭，以及先祖扫墓等费，妥否示教为盼。"", ""is_primary_candidate"": false, ""source_field"": ""body_clean""}, {""record_id"": ""CSQP-SFHC-TEXT-025"", ""raw_text"": ""十一元"", ""amount_text"": ""十一元"", ""amount_number"": 11, ""currency"": ""元"", ""sentence"": ""兹顺付上国币十五元，至请查收，内祈抹出大银贰元，送与大姐，又贰元内人送大嫂，以代肉卵之敬，余存十一元，以应先君忌祭，以及先祖扫墓等费，妥否示教为盼。"", ""is_primary_candidate"": false, ""source_field"": ""body_clean""}]",中华民国乙年（1935）十月廿日，外洋永源寄潮汕大兄；外洋永源；潮汕大兄；永源；大兄；嫂；大嫂；兄；弟；儿；男；侄；姐；广东侨乡；海外；国币十五元；国币；family_affection；remittance；debt；funeral；潮汕；广东；法币；大银；银；元；查收；中华民国；乙年；十月；廿日；外洋；侨乡；十五元；family；affection；启者；如命；大兄于；青及；敬启者；顷承福弟；云云；兄于；九月；十九日；男儿；之喜；儿等闻；同深；欣慰；道贺；行情；依然；呆滞；殊难；乐观；侄儿；嘉成；如于；汕市；一事；较之；为善；薪水；当速；因弟；所观；境况；日见；恶劣；栖身之处；有求；迩来；国内；实行；各物；腾贵；定必
CSQP-SFHC-TEXT-026,26,甲七月初五日（1936前），外洋林荣泉寄潮汕朝晋胞弟,pdf_pages=60；book_pages=31,1,medium,0,"朝晋胞弟收知：

兹因是天接来回批壹札，内所云刻下塘（唐）山【政】府，发生推（摊）派民工，娘尔各作事件，经以详悉。现刻下行情冷淡，生理难以为安，目前甚是拮手，端此报知。逢轮回梓羽便，付去英洋银陆元，到日查收应用。蒙神天保佑，内外平安，喜之欣也，余无别言。此致
金安不一

兄林荣泉
甲七月初五日寄","朝晋胞弟收知：

兹因是天接来回批壹札，内所云刻下塘（唐）山【政】府，发生推（摊）派民工，娘尔各作事件，经以详悉。现刻下行情冷淡，生理难以为安，目前甚是拮手，端此报知。逢轮回梓羽便，付去英洋银陆元，到日查收应用。蒙神天保佑，内外平安，喜之欣也，余无别言。此致
金安不一

兄林荣泉
甲七月初五日寄","朝晋胞弟收知：

兹因是天接来回批壹札，内所云刻下塘（唐）山【政】府，发生推（摊）派民工，娘尔各作事件，经以详悉。现刻下行情冷淡，生理难以为安，目前甚是拮手，端此报知。逢轮回梓羽便，付去英洋银陆元，到日查收应用。蒙神天保佑，内外平安，喜之欣也，余无别言。此致
金安不一

兄林荣泉
甲七月初五日寄","兹因是天接来回批壹札，内所云刻下塘（唐）山【政】府，发生推（摊）派民工，娘尔各作事件，经以详悉。现刻下行情冷淡，生理难以为安，目前甚是拮手，端此报知。逢轮回梓羽便，付去英洋银陆元，到日查收应用。蒙神天保佑，内外平安，喜之欣也，余无别言。此致
金安不一
兄林荣泉",148,5,9,外洋林荣泉,潮汕朝晋胞弟,,sibling,sibling_or_same_generation_kin,兄；弟,汕朝晋胞弟；朝晋胞弟,收知,,海外,广东侨乡,海外,广东侨乡,潮汕->广东侨乡,海外 -> 广东侨乡,1,海外；广东侨乡,甲七月初五日（1936前）,甲七月初五日寄,1936前,,七月,初五日,lunar,干支或传统纪年,medium,洋银陆元,陆元,6,银元,逢轮回梓羽便，付去英洋银陆元，到日查收应用。,,逢轮回梓羽便，付去英洋银陆元，到日查收应用。,1,朝晋胞弟收知：,,蒙神天保佑，内外平安，喜之欣也，余无别言。,"兹因是天接来回批壹札，内所云刻下塘（唐）山【政】府，发生推（摊）派民工，娘尔各作事件，经以详悉。现刻下行情冷淡，生理难以为安，目前甚是拮手，端此报知。逢轮回梓羽便，付去英洋银陆元，到日查收应用。蒙神天保佑，内外平安，喜之欣也，余无别言。此致
金安不一
兄林荣泉",蒙神天保佑，内外平安，喜之欣也，余无别言。,,,此致,,甲七月初五日寄,,,0,1,1,0,0,0,0,0,0,0,0,safety_report,remittance;safety,收知,此致,收知；金安,弟,兹,查收；金安；不一,付去；查收,平安,,收知；此致；金安；弟；兹；查收；不一,2,"朝晋胞弟收知：
蒙神天保佑，内外平安，喜之欣也，余无别言。
逢轮回梓羽便，付去英洋银陆元，到日查收应用。
此致",朝晋胞弟收知：,蒙神天保佑，内外平安，喜之欣也，余无别言。,逢轮回梓羽便，付去英洋银陆元，到日查收应用。,,,此致,sender=外洋林荣泉；recipient=潮汕朝晋胞弟；relationship=sibling_or_same_generation_kin；date=甲七月初五日（1936前）；money=陆元；currency=银元；places=潮汕->广东侨乡；kinship=兄；弟,"甲七月初五日（1936前），外洋林荣泉寄潮汕朝晋胞弟
外洋林荣泉
潮汕朝晋胞弟
甲七月初五日（1936前）
洋银陆元
潮汕->广东侨乡
remittance;safety
兹因是天接来回批壹札，内所云刻下塘（唐）山【政】府，发生推（摊）派民工，娘尔各作事件，经以详悉。现刻下行情冷淡，生理难以为安，目前甚是拮手，端此报知。逢轮回梓羽便，付去英洋银陆元，到日查收应用。蒙神天保佑，内外平安，喜之欣也，余无别言。此致
金安不一
兄林荣泉",题名：甲七月初五日（1936前），外洋林荣泉寄潮汕朝晋胞弟；寄批人：外洋林荣泉；收批人：潮汕朝晋胞弟；日期：甲七月初五日（1936前）；汇款：洋银陆元；主题：remittance;safety；正文摘录：兹因是天接来回批壹札，内所云刻下塘（唐）山【政】府，发生推（摊）派民工，娘尔各作事件，经以详悉。现刻下行情冷淡，生理难以为安，目前甚是拮手，端此报知。逢轮回梓羽便，付去英洋银陆元，到日查收应用。蒙神天保佑，内外平安，喜之欣也，余无别言。此致,甲七月初五日（1936前）,外洋林荣泉,潮汕朝晋胞弟,128,0,林荣泉,朝晋胞弟,兄,high,广东侨乡；海外,"[{""record_id"": ""CSQP-SFHC-TEXT-026"", ""raw_text"": ""洋银陆元"", ""amount_text"": ""陆元"", ""amount_number"": 6, ""currency"": ""银元"", ""sentence"": ""逢轮回梓羽便，付去英洋银陆元，到日查收应用。"", ""is_primary_candidate"": true, ""source_field"": ""body_clean""}]",甲七月初五日（1936前），外洋林荣泉寄潮汕朝晋胞弟；外洋林荣泉；潮汕朝晋胞弟；林荣泉；朝晋胞弟；兄；弟；广东侨乡；海外；洋银陆元；银元；remittance；safety；潮汕；广东；洋银；英洋；银；元；查收；金安；不一；七月；初五；外洋；朝晋；胞弟；侨乡；陆元；收知；天接；来回；批壹；内所云；刻下；发生；民工；娘尔；各作；事件；经以；详悉；行情；冷淡；生理；难以；为安；目前；甚是；拮手；端此；报知；轮回；梓羽；付去；应用；蒙神天；保佑；内外；平安；喜之欣；余无别；兄林荣泉
CSQP-SFHC-TEXT-027,27,甲九月廿五日（1936前），［暹］大弟寄［澄莲中余宅］荆妻李氏,pdf_pages=61；book_pages=32,1,medium,0,"字付荆妻李氏收阅：

兹承批局，带来家信一片，内陈诸事，俱以（已）详悉。幸蒙神天佑庇，合家老少平安，余心甚喜矣。至于二儿，祈知教训是要。兹付去大银八元，到时查收，家中之用也。余言后嘱。顺祝
合家平安

甲九月廿五日  夫大弟字","字付荆妻李氏收阅：

兹承批局，带来家信一片，内陈诸事，俱以（已）详悉。幸蒙神天佑庇，合家老少平安，余心甚喜矣。至于二儿，祈知教训是要。兹付去大银八元，到时查收，家中之用也。余言后嘱。顺祝
合家平安

甲九月廿五日 夫大弟字","字付荆妻李氏收阅：

兹承批局，带来家信一片，内陈诸事，俱以（已）详悉。幸蒙神天佑庇，合家老少平安，余心甚喜矣。至于二儿，祈知教训是要。兹付去大银八元，到时查收，家中之用也。余言后嘱。顺祝
合家平安

甲九月廿五日 夫大弟字","字付荆妻李氏收阅：
兹承批局，带来家信一片，内陈诸事，俱以（已）详悉。幸蒙神天佑庇，合家老少平安，余心甚喜矣。至于二儿，祈知教训是要。兹付去大银八元，到时查收，家中之用也。余言后嘱。顺祝
合家平安",112,4,9,［暹］大弟,［澄莲中余宅］荆妻李氏,sibling,spouse,spouse_to_spouse,弟；妻；荆妻；儿,大弟；荆妻；字付荆妻；至于二儿；夫大弟,,,泰国,广东澄海,泰国,广东澄海,澄莲->广东澄海,泰国 -> 广东澄海,1,泰国；广东侨乡,甲九月廿五日（1936前）,甲九月廿五日 夫大弟字,1936前,,九月,廿五日,solar,干支或传统纪年,medium,大银八元,八元,8,银元,兹付去大银八元，到时查收，家中之用也。,家用,兹付去大银八元，到时查收，家中之用也。,1,,,幸蒙神天佑庇，合家老少平安，余心甚喜矣。,"字付荆妻李氏收阅：
兹承批局，带来家信一片，内陈诸事，俱以（已）详悉。幸蒙神天佑庇，合家老少平安，余心甚喜矣。至于二儿，祈知教训是要。兹付去大银八元，到时查收，家中之用也。余言后嘱。顺祝
合家平安",幸蒙神天佑庇，合家老少平安，余心甚喜矣。；合家平安,字付荆妻李氏收阅：；幸蒙神天佑庇，合家老少平安，余心甚喜矣。,至于二儿，祈知教训是要。；余言后嘱。,,字,甲九月廿五日 夫大弟字,甲九月廿五日 夫大弟字,,1,1,1,1,0,0,0,0,1,0,0,instruction,family_affection;remittance;safety;instruction;marriage,,,,儿；弟,兹；祈；承,查收,付去；查收,平安,嘱；教训,儿；弟；兹；祈；承；查收,2,"幸蒙神天佑庇，合家老少平安，余心甚喜矣。；合家平安
兹付去大银八元，到时查收，家中之用也。
至于二儿，祈知教训是要。；余言后嘱。
甲九月廿五日 夫大弟字",,幸蒙神天佑庇，合家老少平安，余心甚喜矣。；合家平安,兹付去大银八元，到时查收，家中之用也。,字付荆妻李氏收阅：；幸蒙神天佑庇，合家老少平安，余心甚喜矣。,至于二儿，祈知教训是要。；余言后嘱。,甲九月廿五日 夫大弟字,sender=［暹］大弟；recipient=［澄莲中余宅］荆妻李氏；relationship=spouse_to_spouse；date=甲九月廿五日（1936前）；money=八元；currency=银元；places=澄莲->广东澄海；kinship=弟；妻；荆妻；儿,"甲九月廿五日（1936前），［暹］大弟寄［澄莲中余宅］荆妻李氏
［暹］大弟
［澄莲中余宅］荆妻李氏
甲九月廿五日（1936前）
大银八元
澄莲->广东澄海
family_affection;remittance;safety;instruction;marriage
字付荆妻李氏收阅：
兹承批局，带来家信一片，内陈诸事，俱以（已）详悉。幸蒙神天佑庇，合家老少平安，余心甚喜矣。至于二儿，祈知教训是要。兹付去大银八元，到时查收，家中之用也。余言后嘱。顺祝
合家平安",题名：甲九月廿五日（1936前），［暹］大弟寄［澄莲中余宅］荆妻李氏；寄批人：［暹］大弟；收批人：［澄莲中余宅］荆妻李氏；日期：甲九月廿五日（1936前）；汇款：大银八元；主题：family_affection;remittance;safety;instruction;marriage；正文摘录：字付荆妻李氏收阅：兹承批局，带来家信一片，内陈诸事，俱以（已）详悉。幸蒙神天佑庇，合家老少平安，余心甚喜矣。至于二儿，祈知教训是要。兹付去大银八元，到时查收，家中之用也。余言后嘱。顺祝合家平安,甲九月廿五日（1936前）,［暹］大弟,［澄莲中余宅］荆妻李氏,96,0,大弟,荆妻李氏,妻,medium,广东澄海；泰国,"[{""record_id"": ""CSQP-SFHC-TEXT-027"", ""raw_text"": ""大银八元"", ""amount_text"": ""八元"", ""amount_number"": 8, ""currency"": ""银元"", ""sentence"": ""兹付去大银八元，到时查收，家中之用也。"", ""is_primary_candidate"": true, ""source_field"": ""body_clean""}]",甲九月廿五日（1936前），［暹］大弟寄［澄莲中余宅］荆妻李氏；［暹］大弟；［澄莲中余宅］荆妻李氏；大弟；荆妻李氏；弟；妻；荆妻；儿；广东澄海；泰国；大银八元；银元；family_affection；remittance；safety；instruction；marriage；澄海；澄莲；广东；大银；银；元；查收；九月；廿五日；中余宅；李氏；八元；family；affection；字付；收阅；批局；带来；家信；一片；诸事；俱以；详悉；幸蒙神天；佑庇；合家；老少；平安；余心；甚喜；至于；二儿；祈知；教训；兹付；家中；之用；余言；后嘱；顺祝
CSQP-SFHC-TEXT-028,28,乙四月初五日（1936前），外洋丘明正寄潮汕岳祖母、岳慈亲,pdf_pages=62；book_pages=33,1,high,0,"岳祖母老大人尊前福安：
岳慈亲大人尊前金安：

谨禀者，昨天承接家中来批，内云吾妻决意来叻，婚姻之甚不以然。但现在叻中行情极苦，取利甚难，况婿不外与他人庸工，每月辛（薪）金数元，人不敷出，已致家批少寄，故耳（而）望祈勿介为盼。至于婿决定近前收拾回家，大约在七、八月间，特此先告。大人见字，千祈嘱令媛勿下叻为要，但勇台等历来定卜诸务胜意，田园茂盛可知也。本当时常修书致候，乃云山遥远，谅在至亲定无见怪。维（唯）有恭祝神佛保佑，大人福寿绵长，四时吉庆，以及合家老少亦然，此婿之愿也。兹逢轮船之便，外奉上大良（银）弍元，到时查收，以为大人茶果之需。区区微意，望祈笑纳是荷。幸喜二地平安，甚慰，余言后禀。专此，并候
金安

乙四月初五日  婿丘明正沏","岳祖母老大人尊前福安：
岳慈亲大人尊前金安：

谨禀者，昨天承接家中来批，内云吾妻决意来叻，婚姻之甚不以然。但现在叻中行情极苦，取利甚难，况婿不外与他人庸工，每月辛（薪）金数元，人不敷出，已致家批少寄，故耳（而）望祈勿介为盼。至于婿决定近前收拾回家，大约在七、八月间，特此先告。大人见字，千祈嘱令媛勿下叻为要，但勇台等历来定卜诸务胜意，田园茂盛可知也。本当时常修书致候，乃云山遥远，谅在至亲定无见怪。维（唯）有恭祝神佛保佑，大人福寿绵长，四时吉庆，以及合家老少亦然，此婿之愿也。兹逢轮船之便，外奉上大良（银）弍元，到时查收，以为大人茶果之需。区区微意，望祈笑纳是荷。幸喜二地平安，甚慰，余言后禀。专此，并候
金安

乙四月初五日 婿丘明正沏","岳祖母老大人尊前福安：
岳慈亲大人尊前金安：

谨禀者，昨天承接家中来批，内云吾妻决意来叻，婚姻之甚不以然。但现在叻中行情极苦，取利甚难，况婿不外与他人庸工，每月辛（薪）金数元，人不敷出，已致家批少寄，故耳（而）望祈勿介为盼。至于婿决定近前收拾回家，大约在七、八月间，特此先告。大人见字，千祈嘱令媛勿下叻为要，但勇台等历来定卜诸务胜意，田园茂盛可知也。本当时常修书致候，乃云山遥远，谅在至亲定无见怪。维（唯）有恭祝神佛保佑，大人福寿绵长，四时吉庆，以及合家老少亦然，此婿之愿也。兹逢轮船之便，外奉上大良（银）弍元，到时查收，以为大人茶果之需。区区微意，望祈笑纳是荷。幸喜二地平安，甚慰，余言后禀。专此，并候
金安

乙四月初五日 婿丘明正沏","岳慈亲大人尊前金安：
谨禀者，昨天承接家中来批，内云吾妻决意来叻，婚姻之甚不以然。但现在叻中行情极苦，取利甚难，况婿不外与他人庸工，每月辛（薪）金数元，人不敷出，已致家批少寄，故耳（而）望祈勿介为盼。至于婿决定近前收拾回家，大约在七、八月间，特此先告。大人见字，千祈嘱令媛勿下叻为要，但勇台等历来定卜诸务胜意，田园茂盛可知也。本当时常修书致候，乃云山遥远，谅在至亲定无见怪。维（唯）有恭祝神佛保佑，大人福寿绵长，四时吉庆，以及合家老少亦然，此婿之愿也。兹逢轮船之便，外奉上大良（银）弍元，到时查收，以为大人茶果之需。区区微意，望祈笑纳是荷。幸喜二地平安，甚慰，余言后禀。专此，并候
金安
乙四月初五日 婿丘明正沏",320,5,14,外洋丘明正,潮汕岳祖母、岳慈亲,,grandparent,grandchild_to_grandparent,慈亲；祖母；岳祖母；岳慈亲；妻,潮汕岳祖母；岳祖母；内云吾妻,大人；尊前；福安,,海外,广东侨乡,海外,广东侨乡,潮汕->广东侨乡；叻->新加坡,海外 -> 广东侨乡,1,海外；广东侨乡；新加坡,乙四月初五日（1936前）,,1936前,,四月,初五日,lunar,干支或传统纪年,medium,大良（银）弍元,弍元,2,银元,兹逢轮船之便，外奉上大良（银）弍元，到时查收，以为大人茶果之需。,茶果,兹逢轮船之便，外奉上大良（银）弍元，到时查收，以为大人茶果之需。；区区微意，望祈笑纳是荷。,1,岳祖母老大人尊前福安：,谨禀者，昨天承接家中来批，内云吾妻决意来叻，婚姻之甚不以然。,岳祖母老大人尊前福安：,"岳慈亲大人尊前金安：
谨禀者，昨天承接家中来批，内云吾妻决意来叻，婚姻之甚不以然。但现在叻中行情极苦，取利甚难，况婿不外与他人庸工，每月辛（薪）金数元，人不敷出，已致家批少寄，故耳（而）望祈勿介为盼。至于婿决定近前收拾回家，大约在七、八月间，特此先告。大人见字，千祈嘱令媛勿下叻为要，但勇台等历来定卜诸务胜意，田园茂盛可知也。本当时常修书致候，乃云山遥远，谅在至亲定无见怪。维（唯）有恭祝神佛保佑，大人福寿绵长，四时吉庆，以及合家老少亦然，此婿之愿也。兹逢轮船之便，外奉上大良（银）弍元，到时查收，以为大人茶果之需。区区微意，望祈笑纳是荷。幸喜二地平安，甚慰，余言后禀。专此，并候
金安
乙四月初五日 婿丘明正沏",幸喜二地平安，甚慰，余言后禀。,岳祖母老大人尊前福安：；谨禀者，昨天承接家中来批，内云吾妻决意来叻，婚姻之甚不以然。,大人见字，千祈嘱令媛勿下叻为要，但勇台等历来定卜诸务胜意，田园茂盛可知也。,,,,,,1,1,1,1,0,0,0,0,1,0,1,instruction,family_affection;remittance;safety;instruction;marriage;home_building,禀者；尊前,谨禀,大人；尊前；金安；福安,谨,兹；祈；谅；荷；奉；承；甚慰；诸务,尊前；谨禀；查收；金安；福安,奉上；查收,平安,嘱,禀者；尊前；谨禀；大人；金安；福安；谨；兹；祈；谅；荷；奉；承；甚慰；诸务；查收,3,"岳祖母老大人尊前福安：
谨禀者，昨天承接家中来批，内云吾妻决意来叻，婚姻之甚不以然。
幸喜二地平安，甚慰，余言后禀。
兹逢轮船之便，外奉上大良（银）弍元，到时查收，以为大人茶果之需。
大人见字，千祈嘱令媛勿下叻为要，但勇台等历来定卜诸务胜意，田园茂盛可知也。",岳祖母老大人尊前福安：,幸喜二地平安，甚慰，余言后禀。,兹逢轮船之便，外奉上大良（银）弍元，到时查收，以为大人茶果之需。,岳祖母老大人尊前福安：；谨禀者，昨天承接家中来批，内云吾妻决意来叻，婚姻之甚不以然。,大人见字，千祈嘱令媛勿下叻为要，但勇台等历来定卜诸务胜意，田园茂盛可知也。,,sender=外洋丘明正；recipient=潮汕岳祖母、岳慈亲；relationship=grandchild_to_grandparent；date=乙四月初五日（1936前）；money=弍元；currency=银元；places=潮汕->广东侨乡；叻->新加坡；kinship=慈亲；祖母；岳祖母；岳慈亲；妻,"乙四月初五日（1936前），外洋丘明正寄潮汕岳祖母、岳慈亲
外洋丘明正
潮汕岳祖母、岳慈亲
乙四月初五日（1936前）
大良（银）弍元
潮汕->广东侨乡；叻->新加坡
family_affection;remittance;safety;instruction;marriage;home_building
岳慈亲大人尊前金安：
谨禀者，昨天承接家中来批，内云吾妻决意来叻，婚姻之甚不以然。但现在叻中行情极苦，取利甚难，况婿不外与他人庸工，每月辛（薪）金数元，人不敷出，已致家批少寄，故耳（而）望祈勿介为盼。至于婿决定近前收拾回家，大约在七、八月间，特此先告。大人见字，千祈嘱令媛勿下叻为要，但勇台等历来定卜诸务胜意，田园茂盛可知也。本当时常修书致候，乃云山遥远，谅在至亲定无见怪。维（唯）有恭祝神佛保佑，大人福寿绵长，四时吉庆，以及合家老少亦然，此婿之愿也。兹逢轮船之便，外奉上大良（银）弍元，到时查收，以为大人茶果之需。区区微意，望祈笑纳是荷。幸喜二地平安，甚慰，余言后禀。专此，并候
金安
乙四月初五日 婿丘明正沏",题名：乙四月初五日（1936前），外洋丘明正寄潮汕岳祖母、岳慈亲；寄批人：外洋丘明正；收批人：潮汕岳祖母、岳慈亲；日期：乙四月初五日（1936前）；汇款：大良（银）弍元；主题：family_affection;remittance;safety;instruction;marriage;home_building；正文摘录：岳慈亲大人尊前金安：谨禀者，昨天承接家中来批，内云吾妻决意来叻，婚姻之甚不以然。但现在叻中行情极苦，取利甚难，况婿不外与他人庸工，每月辛（薪）金数元，人不敷出，已致家批少寄，故耳（而）望祈勿介为盼。至于婿决定近前收拾回家，大约在七、八月间，,乙四月初五日（1936前）,外洋丘明正,潮汕岳祖母、岳慈亲,302,0,丘明正,岳祖母、岳慈亲,慈亲,high,广东侨乡；新加坡；海外,"[{""record_id"": ""CSQP-SFHC-TEXT-028"", ""raw_text"": ""大良（银）弍元"", ""amount_text"": ""弍元"", ""amount_number"": 2, ""currency"": ""银元"", ""sentence"": ""兹逢轮船之便，外奉上大良（银）弍元，到时查收，以为大人茶果之需。"", ""is_primary_candidate"": true, ""source_field"": ""body_clean""}]",乙四月初五日（1936前），外洋丘明正寄潮汕岳祖母、岳慈亲；外洋丘明正；潮汕岳祖母、岳慈亲；丘明正；岳祖母、岳慈亲；慈亲；祖母；岳祖母；岳慈亲；妻；广东侨乡；新加坡；海外；大良（银）弍元；银元；family_affection；remittance；safety；instruction；marriage；home_building；潮汕；广东；大良（银）；良（银）；银；元；尊前；谨禀；查收；金安；福安；四月；初五；外洋；丘明；侨乡；大良；family；affection；home；building；禀者；甚慰；诸务；昨天；承接；家中；来批；内云；吾妻；决意；婚姻；以然；现在；行情；极苦；取利；甚难；况婿；不外；他人；庸工；每月；金数元；敷出；已致家；批少；故耳；祈勿；介为；至于；决定；近前；收拾；回家；大约；八月；特此；先告
CSQP-SFHC-TEXT-029,29,乙六月初八日（1936前），越陈国保寄澄邑程洋冈家慈亲老大人,pdf_pages=63；book_pages=34,1,needs_review,1,"寄批人：越陈国保
收批人：澄邑程洋岗家慈亲老大人
批款：大银壹拾五元
日期：乙六月初八日

慈亲老大人尊鉴：

是帮【次】寄去大银壹拾五元至□查收，以应家费。但是，此次吴亚财兄转越各等情节尽详，外并寄来甲仔一领以及贡菜、香附、熟地等物亦经一切查妥，特此复知。大凡家中之情，全仗吾慈顾理为要。至于小女儿年纪拾出，诚宜其教□针刺绣，切莫与他（她）读书。总是读书识文，此系男子非女子所宜也。至九弟宜当与之读，他是男子，倘得识字，后日求贵则可不患耳。此禀，并请
万安

儿国保  乙六月初八日书

此15元抽出4元送熟地之项，余□支作家费。","寄批人：越陈国保
收批人：澄邑程洋岗家慈亲老大人
批款：大银壹拾五元
日期：乙六月初八日

慈亲老大人尊鉴：

是帮【次】寄去大银壹拾五元至□查收，以应家费。但是，此次吴亚财兄转越各等情节尽详，外并寄来甲仔一领以及贡菜、香附、熟地等物亦经一切查妥，特此复知。大凡家中之情，全仗吾慈顾理为要。至于小女儿年纪拾出，诚宜其教□针刺绣，切莫与他（她）读书。总是读书识文，此系男子非女子所宜也。至九弟宜当与之读，他是男子，倘得识字，后日求贵则可不患耳。此禀，并请
万安

儿国保 乙六月初八日书

此15元抽出4元送熟地之项，余□支作家费。","慈亲老大人尊鉴：

是帮【次】寄去大银壹拾五元至□查收，以应家费。但是，此次吴亚财兄转越各等情节尽详，外并寄来甲仔一领以及贡菜、香附、熟地等物亦经一切查妥，特此复知。大凡家中之情，全仗吾慈顾理为要。至于小女儿年纪拾出，诚宜其教□针刺绣，切莫与他（她）读书。总是读书识文，此系男子非女子所宜也。至九弟宜当与之读，他是男子，倘得识字，后日求贵则可不患耳。此禀，并请
万安

儿国保 乙六月初八日书

此15元抽出4元送熟地之项，余□支作家费。","是帮【次】寄去大银壹拾五元至□查收，以应家费。但是，此次吴亚财兄转越各等情节尽详，外并寄来甲仔一领以及贡菜、香附、熟地等物亦经一切查妥，特此复知。大凡家中之情，全仗吾慈顾理为要。至于小女儿年纪拾出，诚宜其教□针刺绣，切莫与他（她）读书。总是读书识文，此系男子非女子所宜也。至九弟宜当与之读，他是男子，倘得识字，后日求贵则可不患耳。此禀，并请
万安
儿国保 乙六月初八日书
此15元抽出4元送熟地之项，余□支作家费。",265,9,11,越陈国保,澄邑程洋岗家慈亲老大人,,parent,child_to_parent,慈亲；兄；弟；儿；男,次吴亚财兄；至于小女儿；至九弟,大人；尊鉴,,越南,广东澄海,越南,广东澄海,澄邑->广东澄海,越南 -> 广东澄海,1,越南；广东侨乡,乙六月初八日,,1936前,,六月,初八日,lunar,干支或传统纪年,medium,大银壹拾五元,壹拾五元,15,银元,是帮【次】寄去大银壹拾五元至□查收，以应家费。,,是帮【次】寄去大银壹拾五元至□查收，以应家费。,1,慈亲老大人尊鉴：,,,"是帮【次】寄去大银壹拾五元至□查收，以应家费。但是，此次吴亚财兄转越各等情节尽详，外并寄来甲仔一领以及贡菜、香附、熟地等物亦经一切查妥，特此复知。大凡家中之情，全仗吾慈顾理为要。至于小女儿年纪拾出，诚宜其教□针刺绣，切莫与他（她）读书。总是读书识文，此系男子非女子所宜也。至九弟宜当与之读，他是男子，倘得识字，后日求贵则可不患耳。此禀，并请
万安
儿国保 乙六月初八日书
此15元抽出4元送熟地之项，余□支作家费。",,大凡家中之情，全仗吾慈顾理为要。；至于小女儿年纪拾出，诚宜其教□针刺绣，切莫与他（她）读书。,,此禀，并请,,,,,1,1,0,0,1,0,0,0,0,0,0,study,family_affection;remittance;study,,并请,大人；尊鉴,儿；弟,,查收,寄去；查收,,,并请；大人；尊鉴；儿；弟；查收,2,"慈亲老大人尊鉴：
是帮【次】寄去大银壹拾五元至□查收，以应家费。
此禀，并请",慈亲老大人尊鉴：,,是帮【次】寄去大银壹拾五元至□查收，以应家费。,大凡家中之情，全仗吾慈顾理为要。；至于小女儿年纪拾出，诚宜其教□针刺绣，切莫与他（她）读书。,,此禀，并请,sender=越陈国保；recipient=澄邑程洋岗家慈亲老大人；relationship=child_to_parent；date=乙六月初八日；money=壹拾五元；currency=银元；places=澄邑->广东澄海；kinship=慈亲；兄；弟；儿；男,"乙六月初八日（1936前），越陈国保寄澄邑程洋冈家慈亲老大人
越陈国保
澄邑程洋岗家慈亲老大人
乙六月初八日
大银壹拾五元
澄邑->广东澄海
family_affection;remittance;study
是帮【次】寄去大银壹拾五元至□查收，以应家费。但是，此次吴亚财兄转越各等情节尽详，外并寄来甲仔一领以及贡菜、香附、熟地等物亦经一切查妥，特此复知。大凡家中之情，全仗吾慈顾理为要。至于小女儿年纪拾出，诚宜其教□针刺绣，切莫与他（她）读书。总是读书识文，此系男子非女子所宜也。至九弟宜当与之读，他是男子，倘得识字，后日求贵则可不患耳。此禀，并请
万安
儿国保 乙六月初八日书
此15元抽出4元送熟地之项，余□支作家费。",题名：乙六月初八日（1936前），越陈国保寄澄邑程洋冈家慈亲老大人；寄批人：越陈国保；收批人：澄邑程洋岗家慈亲老大人；日期：乙六月初八日；汇款：大银壹拾五元；主题：family_affection;remittance;study；正文摘录：是帮【次】寄去大银壹拾五元至□查收，以应家费。但是，此次吴亚财兄转越各等情节尽详，外并寄来甲仔一领以及贡菜、香附、熟地等物亦经一切查妥，特此复知。大凡家中之情，全仗吾慈顾理为要。至于小女儿年纪拾出，诚宜其教□针刺绣，切莫与他（她）读书。总是,乙六月初八日（1936前）,越陈国保,澄邑程洋冈家慈亲老大人,203,3,陈国保,慈亲老,慈亲,high,广东澄海；越南,"[{""record_id"": ""CSQP-SFHC-TEXT-029"", ""raw_text"": ""大银壹拾五元"", ""amount_text"": ""壹拾五元"", ""amount_number"": 15, ""currency"": ""银元"", ""sentence"": ""批款：大银壹拾五元"", ""is_primary_candidate"": true, ""source_field"": ""body_clean""}, {""record_id"": ""CSQP-SFHC-TEXT-029"", ""raw_text"": ""大银壹拾五元"", ""amount_text"": ""壹拾五元"", ""amount_number"": 15, ""currency"": ""银元"", ""sentence"": ""是帮【次】寄去大银壹拾五元至□查收，以应家费。"", ""is_primary_candidate"": false, ""source_field"": ""body_clean""}, {""record_id"": ""CSQP-SFHC-TEXT-029"", ""raw_text"": ""15元"", ""amount_text"": ""15元"", ""amount_number"": 15, ""currency"": ""元"", ""sentence"": ""此15元抽出4元送熟地之项，余□支作家费。"", ""is_primary_candidate"": false, ""source_field"": ""body_clean""}, {""record_id"": ""CSQP-SFHC-TEXT-029"", ""raw_text"": ""4元"", ""amount_text"": ""4元"", ""amount_number"": 4, ""currency"": ""元"", ""sentence"": ""此15元抽出4元送熟地之项，余□支作家费。"", ""is_primary_candidate"": false, ""source_field"": ""body_clean""}]",乙六月初八日（1936前），越陈国保寄澄邑程洋冈家慈亲老大人；越陈国保；澄邑程洋岗家慈亲老大人；陈国保；慈亲老；慈亲；兄；弟；儿；男；广东澄海；越南；大银壹拾五元；银元；family_affection；remittance；study；澄海；澄邑；广东；大银；银；元；查收；六月；初八；陈国；保寄澄邑；程洋冈；家慈；老大；程洋岗；大银壹拾；五元；family；affection；尊鉴；寄去；应家费；此次；吴亚；财兄；转越；情节；尽详；寄来；仔一领；贡菜；香附；熟地；物亦经；查妥；特此；复知；大凡；家中；之情；全仗；顾理；至于；小女儿；年纪；拾出；诚宜；其教；针刺；切莫；读书；总是；识文；此系；男子；女子；所宜；至九弟；宜当；之读；倘得；识字；日求
CSQP-SFHC-TEXT-030,30,庚七月十九日（1936前），暹大弟寄澄莲中余宅荆妻李氏,pdf_pages=64；book_pages=35,1,medium,0,"寄批人：逞大弟
收批人：澄莲中余宅荆妻李氏
批款：大银捌元
日期：庚七月十九日

字付荆妻李氏收阅：

启者，兹承批局带来家信一书，内云诸事，俱以（已）知道。但唐中二小儿，祈知教训是要，方免余之挂念也。兹以顺轮付去大银八元，到时查收，家中之用，余无别嘱。两地平安。并颂
诸安不一

庚七月十九日
夫大弟字","寄批人：逞大弟
收批人：澄莲中余宅荆妻李氏
批款：大银捌元
日期：庚七月十九日

字付荆妻李氏收阅：

启者，兹承批局带来家信一书，内云诸事，俱以（已）知道。但唐中二小儿，祈知教训是要，方免余之挂念也。兹以顺轮付去大银八元，到时查收，家中之用，余无别嘱。两地平安。并颂
诸安不一

庚七月十九日
夫大弟字","字付荆妻李氏收阅：

启者，兹承批局带来家信一书，内云诸事，俱以（已）知道。但唐中二小儿，祈知教训是要，方免余之挂念也。兹以顺轮付去大银八元，到时查收，家中之用，余无别嘱。两地平安。并颂
诸安不一

庚七月十九日
夫大弟字","字付荆妻李氏收阅：
启者，兹承批局带来家信一书，内云诸事，俱以（已）知道。但唐中二小儿，祈知教训是要，方免余之挂念也。兹以顺轮付去大银八元，到时查收，家中之用，余无别嘱。两地平安。并颂
诸安不一",152,9,9,逞大弟,澄莲中余宅荆妻李氏,sibling,spouse,spouse_to_spouse,弟；妻；荆妻；儿,逞大弟；中余宅荆妻；字付荆妻；唐中二小儿；夫大弟,,夫,泰国,广东澄海,泰国,广东澄海,澄莲->广东澄海,泰国 -> 广东澄海,1,泰国；广东侨乡,庚七月十九日,"夫大弟字
庚七月十九日",1936前,,七月,十九日,solar,干支或传统纪年,medium,大银捌元,捌元,8,银元,兹以顺轮付去大银八元，到时查收，家中之用，余无别嘱。,家用,兹以顺轮付去大银八元，到时查收，家中之用，余无别嘱。,1,,启者，兹承批局带来家信一书，内云诸事，俱以（已）知道。,两地平安。,"字付荆妻李氏收阅：
启者，兹承批局带来家信一书，内云诸事，俱以（已）知道。但唐中二小儿，祈知教训是要，方免余之挂念也。兹以顺轮付去大银八元，到时查收，家中之用，余无别嘱。两地平安。并颂
诸安不一",两地平安。,字付荆妻李氏收阅：；但唐中二小儿，祈知教训是要，方免余之挂念也。,但唐中二小儿，祈知教训是要，方免余之挂念也。；兹以顺轮付去大银八元，到时查收，家中之用，余无别嘱。,,字,"夫大弟字
庚七月十九日",夫大弟字,,1,1,1,1,0,0,0,0,1,0,0,instruction,family_affection;remittance;safety;instruction;marriage,启者,启,,小儿；儿；弟,兹；祈；承,查收；不一,付去；查收,平安,嘱；教训,启者；启；小儿；儿；弟；兹；祈；承；查收；不一,3,"启者，兹承批局带来家信一书，内云诸事，俱以（已）知道。
两地平安。
兹以顺轮付去大银八元，到时查收，家中之用，余无别嘱。
但唐中二小儿，祈知教训是要，方免余之挂念也。；兹以顺轮付去大银八元，到时查收，家中之用，余无别嘱。
夫大弟字",启者，兹承批局带来家信一书，内云诸事，俱以（已）知道。,两地平安。,兹以顺轮付去大银八元，到时查收，家中之用，余无别嘱。,字付荆妻李氏收阅：；但唐中二小儿，祈知教训是要，方免余之挂念也。,但唐中二小儿，祈知教训是要，方免余之挂念也。；兹以顺轮付去大银八元，到时查收，家中之用，余无别嘱。,夫大弟字,sender=逞大弟；recipient=澄莲中余宅荆妻李氏；relationship=spouse_to_spouse；date=庚七月十九日；money=捌元；currency=银元；places=澄莲->广东澄海；kinship=弟；妻；荆妻；儿,"庚七月十九日（1936前），暹大弟寄澄莲中余宅荆妻李氏
逞大弟
澄莲中余宅荆妻李氏
庚七月十九日
大银捌元
澄莲->广东澄海
family_affection;remittance;safety;instruction;marriage
字付荆妻李氏收阅：
启者，兹承批局带来家信一书，内云诸事，俱以（已）知道。但唐中二小儿，祈知教训是要，方免余之挂念也。兹以顺轮付去大银八元，到时查收，家中之用，余无别嘱。两地平安。并颂
诸安不一",题名：庚七月十九日（1936前），暹大弟寄澄莲中余宅荆妻李氏；寄批人：逞大弟；收批人：澄莲中余宅荆妻李氏；日期：庚七月十九日；汇款：大银捌元；主题：family_affection;remittance;safety;instruction;marriage；正文摘录：字付荆妻李氏收阅：启者，兹承批局带来家信一书，内云诸事，俱以（已）知道。但唐中二小儿，祈知教训是要，方免余之挂念也。兹以顺轮付去大银八元，到时查收，家中之用，余无别嘱。两地平安。并颂诸安不一,庚七月十九日（1936前）,暹大弟,澄莲中余宅荆妻李氏,95,0,逞大弟,中余宅荆妻李氏,妻,high,广东澄海；泰国,"[{""record_id"": ""CSQP-SFHC-TEXT-030"", ""raw_text"": ""大银捌元"", ""amount_text"": ""捌元"", ""amount_number"": 8, ""currency"": ""银元"", ""sentence"": ""批款：大银捌元"", ""is_primary_candidate"": true, ""source_field"": ""body_clean""}, {""record_id"": ""CSQP-SFHC-TEXT-030"", ""raw_text"": ""大银八元"", ""amount_text"": ""八元"", ""amount_number"": 8, ""currency"": ""银元"", ""sentence"": ""兹以顺轮付去大银八元，到时查收，家中之用，余无别嘱。"", ""is_primary_candidate"": false, ""source_field"": ""body_clean""}]",庚七月十九日（1936前），暹大弟寄澄莲中余宅荆妻李氏；逞大弟；澄莲中余宅荆妻李氏；中余宅荆妻李氏；弟；妻；荆妻；儿；广东澄海；泰国；大银捌元；银元；family_affection；remittance；safety；instruction；marriage；澄海；澄莲；广东；大银；银；元；查收；不一；七月；十九日；暹大弟；寄澄莲；中余宅；李氏；family；affection；启者；小儿；字付；收阅；批局；带来；家信；一书；内云；诸事；俱以；知道；唐中；祈知；教训；方免；挂念；顺轮付；八元；家中；之用；余无别；两地；平安；并颂；诸安不一
CSQP-SFHC-TEXT-031,31,庚完月（十二月）十二日（1936前），外洋李来盛寄潮汕大姊,pdf_pages=65；book_pages=36,1,high,0,"书达

大姊妆次：

自违慈教，不觉数年，恭维懿躬纳祜，阖祉延厘，弥深下祝。所怅河山迢隔，不克躬亲定省，歉仄奚如，惟望曲有下情，遥维妳丈、贤甥在暹迩来谅什报定，然长通矣。贤甥初次出门，吾妳须嘱其专心习业，勤俭为要，将来家门兴隆，职在他身，想吾妳试办知之。兹奉上英洋伍元，抵时晒存，以作腰仪之用，聊表寸衷。专此沏候，顺询
闺安百益

愚小弟李来盛手上
庚完月十二日","书达

大姊妆次：

自违慈教，不觉数年，恭维懿躬纳祜，阖祉延厘，弥深下祝。所怅河山迢隔，不克躬亲定省，歉仄奚如，惟望曲有下情，遥维妳丈、贤甥在暹迩来谅什报定，然长通矣。贤甥初次出门，吾妳须嘱其专心习业，勤俭为要，将来家门兴隆，职在他身，想吾妳试办知之。兹奉上英洋伍元，抵时晒存，以作腰仪之用，聊表寸衷。专此沏候，顺询
闺安百益

愚小弟李来盛手上
庚完月十二日","书达

大姊妆次：

自违慈教，不觉数年，恭维懿躬纳祜，阖祉延厘，弥深下祝。所怅河山迢隔，不克躬亲定省，歉仄奚如，惟望曲有下情，遥维妳丈、贤甥在暹迩来谅什报定，然长通矣。贤甥初次出门，吾妳须嘱其专心习业，勤俭为要，将来家门兴隆，职在他身，想吾妳试办知之。兹奉上英洋伍元，抵时晒存，以作腰仪之用，聊表寸衷。专此沏候，顺询
闺安百益

愚小弟李来盛手上
庚完月十二日","书达
大姊妆次：
自违慈教，不觉数年，恭维懿躬纳祜，阖祉延厘，弥深下祝。所怅河山迢隔，不克躬亲定省，歉仄奚如，惟望曲有下情，遥维妳丈、贤甥在暹迩来谅什报定，然长通矣。贤甥初次出门，吾妳须嘱其专心习业，勤俭为要，将来家门兴隆，职在他身，想吾妳试办知之。兹奉上英洋伍元，抵时晒存，以作腰仪之用，聊表寸衷。专此沏候，顺询
闺安百益",181,6,10,外洋李来盛,潮汕大姊,,sibling,sibling_or_same_generation_kin,弟；姊,潮汕大姊；大姊；愚小弟,,愚,海外,广东侨乡,海外,广东侨乡,潮汕->广东侨乡；暹->泰国,海外 -> 广东侨乡,1,海外；广东侨乡；泰国,庚完月（十二月）十二日（1936前）,"愚小弟李来盛手上
庚完月十二日",1936前,,十二月,十二日,solar,干支或传统纪年,medium,英洋伍元,伍元,5,英洋,兹奉上英洋伍元，抵时晒存，以作腰仪之用，聊表寸衷。,,,1,,,,"书达
大姊妆次：
自违慈教，不觉数年，恭维懿躬纳祜，阖祉延厘，弥深下祝。所怅河山迢隔，不克躬亲定省，歉仄奚如，惟望曲有下情，遥维妳丈、贤甥在暹迩来谅什报定，然长通矣。贤甥初次出门，吾妳须嘱其专心习业，勤俭为要，将来家门兴隆，职在他身，想吾妳试办知之。兹奉上英洋伍元，抵时晒存，以作腰仪之用，聊表寸衷。专此沏候，顺询
闺安百益",,,贤甥初次出门，吾妳须嘱其专心习业，勤俭为要，将来家门兴隆，职在他身，想吾妳试办知之。,,,"愚小弟李来盛手上
庚完月十二日",愚小弟李来盛手上,,0,1,0,1,0,0,1,0,0,0,0,instruction,remittance;instruction;work,,,,愚；弟,兹；谅；奉；惟,,奉上,,须；嘱；勤俭,愚；弟；兹；谅；奉；惟,2,"兹奉上英洋伍元，抵时晒存，以作腰仪之用，聊表寸衷。
贤甥初次出门，吾妳须嘱其专心习业，勤俭为要，将来家门兴隆，职在他身，想吾妳试办知之。
愚小弟李来盛手上",,,兹奉上英洋伍元，抵时晒存，以作腰仪之用，聊表寸衷。,,贤甥初次出门，吾妳须嘱其专心习业，勤俭为要，将来家门兴隆，职在他身，想吾妳试办知之。,愚小弟李来盛手上,sender=外洋李来盛；recipient=潮汕大姊；relationship=sibling_or_same_generation_kin；date=庚完月（十二月）十二日（1936前）；money=伍元；currency=英洋；places=潮汕->广东侨乡；暹->泰国；kinship=弟；姊,"庚完月（十二月）十二日（1936前），外洋李来盛寄潮汕大姊
外洋李来盛
潮汕大姊
庚完月（十二月）十二日（1936前）
英洋伍元
潮汕->广东侨乡；暹->泰国
remittance;instruction;work
书达
大姊妆次：
自违慈教，不觉数年，恭维懿躬纳祜，阖祉延厘，弥深下祝。所怅河山迢隔，不克躬亲定省，歉仄奚如，惟望曲有下情，遥维妳丈、贤甥在暹迩来谅什报定，然长通矣。贤甥初次出门，吾妳须嘱其专心习业，勤俭为要，将来家门兴隆，职在他身，想吾妳试办知之。兹奉上英洋伍元，抵时晒存，以作腰仪之用，聊表寸衷。专此沏候，顺询
闺安百益",题名：庚完月（十二月）十二日（1936前），外洋李来盛寄潮汕大姊；寄批人：外洋李来盛；收批人：潮汕大姊；日期：庚完月（十二月）十二日（1936前）；汇款：英洋伍元；主题：remittance;instruction;work；正文摘录：书达大姊妆次：自违慈教，不觉数年，恭维懿躬纳祜，阖祉延厘，弥深下祝。所怅河山迢隔，不克躬亲定省，歉仄奚如，惟望曲有下情，遥维妳丈、贤甥在暹迩来谅什报定，然长通矣。贤甥初次出门，吾妳须嘱其专心习业，勤俭为要，将来家门兴隆，职在他身，想吾妳试办,庚完月（十二月）十二日（1936前）,外洋李来盛,潮汕大姊,159,0,李来盛,大姊,弟,high,广东侨乡；泰国；海外,"[{""record_id"": ""CSQP-SFHC-TEXT-031"", ""raw_text"": ""英洋伍元"", ""amount_text"": ""伍元"", ""amount_number"": 5, ""currency"": ""英洋"", ""sentence"": ""兹奉上英洋伍元，抵时晒存，以作腰仪之用，聊表寸衷。"", ""is_primary_candidate"": true, ""source_field"": ""body_clean""}]",庚完月（十二月）十二日（1936前），外洋李来盛寄潮汕大姊；外洋李来盛；潮汕大姊；李来盛；大姊；弟；姊；广东侨乡；泰国；海外；英洋伍元；英洋；remittance；instruction；work；潮汕；广东；元；庚完；十二月；十二日；洋李；来盛；李来；侨乡；伍元；书达；大姊妆次；自违；慈教；不觉；数年；恭维；躬纳祜；延厘；弥深；所怅；河山；迢隔；躬亲；歉仄；奚如；惟望；曲有；下情；遥维；贤甥；迩来；谅什报定；然长通；初次；出门；嘱其；专心；习业；勤俭；将来；家门；兴隆；职在；试办；知之；抵时；晒存；以作；腰仪；之用；聊表；寸衷；专此；沏候；顺询；闺安百益
CSQP-SFHC-TEXT-032,32,辛七月初七日（1936前），外洋陈进保寄潮汕慈亲大人,pdf_pages=66；book_pages=37,1,medium,0,"慈亲大人尊安：

禀者，本月初四日，接读来示，诸事各悉。而幸神天福庇，两地平安，喜之不胜也。今逢轮转，呈上贰拾元，到时查收，家用可也。余事后禀。专此致，即请
福安

男陈进保顿
辛七月初七日","慈亲大人尊安：

禀者，本月初四日，接读来示，诸事各悉。而幸神天福庇，两地平安，喜之不胜也。今逢轮转，呈上贰拾元，到时查收，家用可也。余事后禀。专此致，即请
福安

男陈进保顿
辛七月初七日","慈亲大人尊安：

禀者，本月初四日，接读来示，诸事各悉。而幸神天福庇，两地平安，喜之不胜也。今逢轮转，呈上贰拾元，到时查收，家用可也。余事后禀。专此致，即请
福安

男陈进保顿
辛七月初七日","禀者，本月初四日，接读来示，诸事各悉。而幸神天福庇，两地平安，喜之不胜也。今逢轮转，呈上贰拾元，到时查收，家用可也。余事后禀。专此致，即请
福安",95,5,9,外洋陈进保,潮汕慈亲大人,child,parent,child_to_parent,慈亲；男,,大人,男,海外,广东侨乡,海外,广东侨乡,潮汕->广东侨乡,海外 -> 广东侨乡,1,海外；广东侨乡,辛七月初七日（1936前）,"男陈进保顿
辛七月初七日",1936前,,七月,初七日,lunar,干支或传统纪年,medium,贰拾元,贰拾元,20,元,今逢轮转，呈上贰拾元，到时查收，家用可也。,家用,今逢轮转，呈上贰拾元，到时查收，家用可也。,1,慈亲大人尊安：,禀者，本月初四日，接读来示，诸事各悉。,而幸神天福庇，两地平安，喜之不胜也。,"禀者，本月初四日，接读来示，诸事各悉。而幸神天福庇，两地平安，喜之不胜也。今逢轮转，呈上贰拾元，到时查收，家用可也。余事后禀。专此致，即请
福安",而幸神天福庇，两地平安，喜之不胜也。,,,专此致，即请,顿,"男陈进保顿
辛七月初七日",男陈进保顿,,0,1,1,0,1,0,0,0,0,0,0,safety_report,remittance;safety;study,禀者,此致,大人；福安,,不胜,查收；福安,查收,平安,,禀者；此致；大人；福安；不胜；查收,2,"慈亲大人尊安：
禀者，本月初四日，接读来示，诸事各悉。
而幸神天福庇，两地平安，喜之不胜也。
今逢轮转，呈上贰拾元，到时查收，家用可也。
专此致，即请
男陈进保顿",慈亲大人尊安：,而幸神天福庇，两地平安，喜之不胜也。,今逢轮转，呈上贰拾元，到时查收，家用可也。,,,专此致，即请；男陈进保顿,sender=外洋陈进保；recipient=潮汕慈亲大人；relationship=child_to_parent；date=辛七月初七日（1936前）；money=贰拾元；currency=元；places=潮汕->广东侨乡；kinship=慈亲；男,"辛七月初七日（1936前），外洋陈进保寄潮汕慈亲大人
外洋陈进保
潮汕慈亲大人
辛七月初七日（1936前）
贰拾元
潮汕->广东侨乡
remittance;safety;study
禀者，本月初四日，接读来示，诸事各悉。而幸神天福庇，两地平安，喜之不胜也。今逢轮转，呈上贰拾元，到时查收，家用可也。余事后禀。专此致，即请
福安",题名：辛七月初七日（1936前），外洋陈进保寄潮汕慈亲大人；寄批人：外洋陈进保；收批人：潮汕慈亲大人；日期：辛七月初七日（1936前）；汇款：贰拾元；主题：remittance;safety;study；正文摘录：禀者，本月初四日，接读来示，诸事各悉。而幸神天福庇，两地平安，喜之不胜也。今逢轮转，呈上贰拾元，到时查收，家用可也。余事后禀。专此致，即请福安,辛七月初七日（1936前）,外洋陈进保,潮汕慈亲大人,71,0,陈进保,慈亲,慈亲,high,广东侨乡；海外,"[{""record_id"": ""CSQP-SFHC-TEXT-032"", ""raw_text"": ""贰拾元"", ""amount_text"": ""贰拾元"", ""amount_number"": 20, ""currency"": ""元"", ""sentence"": ""今逢轮转，呈上贰拾元，到时查收，家用可也。"", ""is_primary_candidate"": true, ""source_field"": ""body_clean""}]",辛七月初七日（1936前），外洋陈进保寄潮汕慈亲大人；外洋陈进保；潮汕慈亲大人；陈进保；慈亲；男；广东侨乡；海外；贰拾元；元；remittance；safety；study；潮汕；广东；查收；福安；七月；初七；外洋；陈进；侨乡；拾元；禀者；不胜；本月；初四；接读；来示；诸事；各悉；幸神；天福；两地；平安；今逢；轮转；家用；事后
CSQP-SFHC-TEXT-033,33,癸十月廿五日（1936前），暹来镇寄潮安鹤塘乡刘氏贤妻,pdf_pages=67；book_pages=38,0,metadata_only,1,"寄批人：逞来镇
收批人：潮安鹳塘乡刘氏贤妻
批款：大银贰元
日期：癸十月廿五日

[截图仅含寄批人、收批人、批款、日期，未见正文录文]","寄批人：逞来镇
收批人：潮安鹳塘乡刘氏贤妻
批款：大银贰元
日期：癸十月廿五日",,,39,4,0,逞来镇,潮安鹳塘乡刘氏贤妻,,spouse,spouse_to_spouse,妻；贤妻,乡刘氏贤妻,贤妻,,泰国,广东潮安,泰国,广东潮安,潮安->广东潮安,泰国 -> 广东潮安,1,泰国；广东侨乡,癸十月廿五日,,1936前,,十月,廿五日,solar,干支或传统纪年,medium,大银贰元,贰元,2,银元,,,,1,,,,,,,,,,,,,1,1,0,0,0,0,0,0,1,0,0,remittance,family_affection;remittance;marriage,,,,,,,,,,,0,,,,大银贰元,,,,sender=逞来镇；recipient=潮安鹳塘乡刘氏贤妻；relationship=spouse_to_spouse；date=癸十月廿五日；money=贰元；currency=银元；places=潮安->广东潮安；kinship=妻；贤妻,"癸十月廿五日（1936前），暹来镇寄潮安鹤塘乡刘氏贤妻
逞来镇
潮安鹳塘乡刘氏贤妻
癸十月廿五日
大银贰元
潮安->广东潮安
family_affection;remittance;marriage",题名：癸十月廿五日（1936前），暹来镇寄潮安鹤塘乡刘氏贤妻；寄批人：逞来镇；收批人：潮安鹳塘乡刘氏贤妻；日期：癸十月廿五日；汇款：大银贰元；主题：family_affection;remittance;marriage,癸十月廿五日（1936前）,暹来镇,潮安鹤塘乡刘氏贤妻,0,0,逞来镇,鹳塘乡刘氏,妻,medium,广东潮安；泰国,"[{""record_id"": ""CSQP-SFHC-TEXT-033"", ""raw_text"": ""大银贰元"", ""amount_text"": ""贰元"", ""amount_number"": 2, ""currency"": ""银元"", ""sentence"": ""批款：大银贰元"", ""is_primary_candidate"": true, ""source_field"": ""body_clean""}]",癸十月廿五日（1936前），暹来镇寄潮安鹤塘乡刘氏贤妻；逞来镇；潮安鹳塘乡刘氏贤妻；鹳塘乡刘氏；妻；贤妻；广东潮安；泰国；大银贰元；银元；family_affection；remittance；marriage；潮安；广东；大银；银；元；十月；廿五日；暹来；鹤塘乡；刘氏；逞来；鹳塘乡；family；affection
CSQP-SFHC-TEXT-034,34,二月初八日（1936前），暹大专寄汀（澄）邑中外区家祖父大人,pdf_pages=68；book_pages=39,1,medium,0,"寄批人：逞曾大专
收批人：汀邑中外区家祖父大人
批款：大光银拾贰元
日期：二月初八日

祖父大人尊鉴：

敬启者，近维谭祉迎吉，家居安泰为祝。兹付去大光银拾贰元，到即检收，以充家费。至于孙弟，近年岂曾入学读书，抑或嬉游无事，最好一并示愚。此请，并祝
近安

二月初八日
孙大专禀","寄批人：逞曾大专
收批人：汀邑中外区家祖父大人
批款：大光银拾贰元
日期：二月初八日

祖父大人尊鉴：

敬启者，近维谭祉迎吉，家居安泰为祝。兹付去大光银拾贰元，到即检收，以充家费。至于孙弟，近年岂曾入学读书，抑或嬉游无事，最好一并示愚。此请，并祝
近安

二月初八日
孙大专禀","祖父大人尊鉴：

敬启者，近维谭祉迎吉，家居安泰为祝。兹付去大光银拾贰元，到即检收，以充家费。至于孙弟，近年岂曾入学读书，抑或嬉游无事，最好一并示愚。此请，并祝
近安

二月初八日
孙大专禀","敬启者，近维谭祉迎吉，家居安泰为祝。兹付去大光银拾贰元，到即检收，以充家费。至于孙弟，近年岂曾入学读书，抑或嬉游无事，最好一并示愚。此请，并祝
近安",139,9,8,逞曾大专,汀邑中外区家祖父大人,grandchild,grandparent,grandchild_to_grandparent,祖父；家祖；弟；孙,中外区家祖父；祖父；至于孙弟,大人；尊鉴,孙,泰国,广东澄海,泰国,广东澄海,汀邑->广东澄海,泰国 -> 广东澄海,1,泰国；广东侨乡,二月初八日,"孙大专禀
二月初八日",1936前,,二月,初八日,lunar,,medium,大光银拾贰元,拾贰元,12,银元,兹付去大光银拾贰元，到即检收，以充家费。,,,1,祖父大人尊鉴：,敬启者，近维谭祉迎吉，家居安泰为祝。,,"敬启者，近维谭祉迎吉，家居安泰为祝。兹付去大光银拾贰元，到即检收，以充家费。至于孙弟，近年岂曾入学读书，抑或嬉游无事，最好一并示愚。此请，并祝
近安",,祖父大人尊鉴：,,,,"孙大专禀
二月初八日",孙大专禀,,1,1,0,0,1,0,0,0,0,0,0,study,family_affection;remittance;study,启者,启,大人；尊鉴,愚；弟,兹,,付去,,,启者；启；大人；尊鉴；愚；弟；兹,2,"祖父大人尊鉴：
敬启者，近维谭祉迎吉，家居安泰为祝。
兹付去大光银拾贰元，到即检收，以充家费。
孙大专禀",祖父大人尊鉴：,,兹付去大光银拾贰元，到即检收，以充家费。,祖父大人尊鉴：,,孙大专禀,sender=逞曾大专；recipient=汀邑中外区家祖父大人；relationship=grandchild_to_grandparent；date=二月初八日；money=拾贰元；currency=银元；places=汀邑->广东澄海；kinship=祖父；家祖；弟；孙,"二月初八日（1936前），暹大专寄汀（澄）邑中外区家祖父大人
逞曾大专
汀邑中外区家祖父大人
二月初八日
大光银拾贰元
汀邑->广东澄海
family_affection;remittance;study
敬启者，近维谭祉迎吉，家居安泰为祝。兹付去大光银拾贰元，到即检收，以充家费。至于孙弟，近年岂曾入学读书，抑或嬉游无事，最好一并示愚。此请，并祝
近安",题名：二月初八日（1936前），暹大专寄汀（澄）邑中外区家祖父大人；寄批人：逞曾大专；收批人：汀邑中外区家祖父大人；日期：二月初八日；汇款：大光银拾贰元；主题：family_affection;remittance;study；正文摘录：敬启者，近维谭祉迎吉，家居安泰为祝。兹付去大光银拾贰元，到即检收，以充家费。至于孙弟，近年岂曾入学读书，抑或嬉游无事，最好一并示愚。此请，并祝近安,二月初八日（1936前）,暹大专,汀（澄）邑中外区家祖父大人,73,0,逞曾大专,祖父,祖父,high,广东澄海；泰国,"[{""record_id"": ""CSQP-SFHC-TEXT-034"", ""raw_text"": ""银拾贰元"", ""amount_text"": ""拾贰元"", ""amount_number"": 12, ""currency"": ""银元"", ""sentence"": ""批款：大光银拾贰元"", ""is_primary_candidate"": true, ""source_field"": ""body_clean""}, {""record_id"": ""CSQP-SFHC-TEXT-034"", ""raw_text"": ""银拾贰元"", ""amount_text"": ""拾贰元"", ""amount_number"": 12, ""currency"": ""银元"", ""sentence"": ""兹付去大光银拾贰元，到即检收，以充家费。"", ""is_primary_candidate"": false, ""source_field"": ""body_clean""}]",二月初八日（1936前），暹大专寄汀（澄）邑中外区家祖父大人；逞曾大专；汀邑中外区家祖父大人；祖父；家祖；弟；孙；广东澄海；泰国；大光银拾贰元；银元；family_affection；remittance；study；澄海；汀邑；广东；银；元；二月；初八；大专；寄汀；中外；区家；大光；银拾；family；affection；启者；尊鉴；敬启者；近维；谭祉；迎吉；家居；安泰；兹付；检收；充家费；至于；孙弟；近年；入学；读书；抑或；嬉游；最好；一并；示愚；此请；并祝；近安
CSQP-SFHC-TEXT-035,35,七月四日（1936前），外洋什美馥寄潮汕母亲大人,pdf_pages=69；book_pages=40,1,medium,0,"母亲大人钧前：

敬禀者，前奉家书，谅再接到可知，惟对于进行的机会，现尚未有头绪，望大人切切不可与人言及这事，承恐将来不成，定被他人耻笑，那时无颜见人，岂不自讨苦恼也，莫实望切寄来为幸。兹奉呈洋银壹拾伍元，到时查收，以作家用乃盼。顺请
金安

男许美馥谨上  七月四日","母亲大人钧前：

敬禀者，前奉家书，谅再接到可知，惟对于进行的机会，现尚未有头绪，望大人切切不可与人言及这事，承恐将来不成，定被他人耻笑，那时无颜见人，岂不自讨苦恼也，莫实望切寄来为幸。兹奉呈洋银壹拾伍元，到时查收，以作家用乃盼。顺请
金安

男许美馥谨上 七月四日","母亲大人钧前：

敬禀者，前奉家书，谅再接到可知，惟对于进行的机会，现尚未有头绪，望大人切切不可与人言及这事，承恐将来不成，定被他人耻笑，那时无颜见人，岂不自讨苦恼也，莫实望切寄来为幸。兹奉呈洋银壹拾伍元，到时查收，以作家用乃盼。顺请
金安

男许美馥谨上 七月四日","敬禀者，前奉家书，谅再接到可知，惟对于进行的机会，现尚未有头绪，望大人切切不可与人言及这事，承恐将来不成，定被他人耻笑，那时无颜见人，岂不自讨苦恼也，莫实望切寄来为幸。兹奉呈洋银壹拾伍元，到时查收，以作家用乃盼。顺请
金安",133,4,6,外洋什美馥,潮汕母亲大人,,parent,child_to_parent,母亲；男,潮汕母,大人,,海外,广东侨乡,海外,广东侨乡,潮汕->广东侨乡,海外 -> 广东侨乡,1,海外；广东侨乡,七月四日（1936前）,,1936前,,七月,四日,solar,,medium,洋银壹拾伍元,壹拾伍元,15,银元,兹奉呈洋银壹拾伍元，到时查收，以作家用乃盼。,家用,兹奉呈洋银壹拾伍元，到时查收，以作家用乃盼。,1,母亲大人钧前：,敬禀者，前奉家书，谅再接到可知，惟对于进行的机会，现尚未有头绪，望大人切切不可与人言及这事，承恐将来不成，定被他人耻笑，那时无颜见人，岂不自讨苦恼也，莫实望切寄来为幸。,,"敬禀者，前奉家书，谅再接到可知，惟对于进行的机会，现尚未有头绪，望大人切切不可与人言及这事，承恐将来不成，定被他人耻笑，那时无颜见人，岂不自讨苦恼也，莫实望切寄来为幸。兹奉呈洋银壹拾伍元，到时查收，以作家用乃盼。顺请
金安",,母亲大人钧前：,敬禀者，前奉家书，谅再接到可知，惟对于进行的机会，现尚未有头绪，望大人切切不可与人言及这事，承恐将来不成，定被他人耻笑，那时无颜见人，岂不自讨苦恼也，莫实望切寄来为幸。,,,,,,1,1,0,1,0,0,0,0,0,0,0,instruction,family_affection;remittance;instruction,敬禀者；禀者,谨上,大人；金安,谨,兹；谅；奉；承；惟,敬禀者；查收；金安,查收,,不可,敬禀者；禀者；谨上；大人；金安；谨；兹；谅；奉；承；惟；查收,3,"母亲大人钧前：
敬禀者，前奉家书，谅再接到可知，惟对于进行的机会，现尚未有头绪，望大人切切不可与人言及这事，承恐将来不成，定被他人耻笑，那时无颜见人，岂不自讨苦恼也，莫实望切寄来为幸。
兹奉呈洋银壹拾伍元，到时查收，以作家用乃盼。",母亲大人钧前：,,兹奉呈洋银壹拾伍元，到时查收，以作家用乃盼。,母亲大人钧前：,敬禀者，前奉家书，谅再接到可知，惟对于进行的机会，现尚未有头绪，望大人切切不可与人言及这事，承恐将来不成，定被他人耻笑，那时无颜见人，岂不自讨苦恼也，莫实望切寄来为幸。,,sender=外洋什美馥；recipient=潮汕母亲大人；relationship=child_to_parent；date=七月四日（1936前）；money=壹拾伍元；currency=银元；places=潮汕->广东侨乡；kinship=母亲；男,"七月四日（1936前），外洋什美馥寄潮汕母亲大人
外洋什美馥
潮汕母亲大人
七月四日（1936前）
洋银壹拾伍元
潮汕->广东侨乡
family_affection;remittance;instruction
敬禀者，前奉家书，谅再接到可知，惟对于进行的机会，现尚未有头绪，望大人切切不可与人言及这事，承恐将来不成，定被他人耻笑，那时无颜见人，岂不自讨苦恼也，莫实望切寄来为幸。兹奉呈洋银壹拾伍元，到时查收，以作家用乃盼。顺请
金安",题名：七月四日（1936前），外洋什美馥寄潮汕母亲大人；寄批人：外洋什美馥；收批人：潮汕母亲大人；日期：七月四日（1936前）；汇款：洋银壹拾伍元；主题：family_affection;remittance;instruction；正文摘录：敬禀者，前奉家书，谅再接到可知，惟对于进行的机会，现尚未有头绪，望大人切切不可与人言及这事，承恐将来不成，定被他人耻笑，那时无颜见人，岂不自讨苦恼也，莫实望切寄来为幸。兹奉呈洋银壹拾伍元，到时查收，以作家用乃盼。顺请金安,七月四日（1936前）,外洋什美馥,潮汕母亲大人,110,0,什美馥,母亲,母亲,high,广东侨乡；海外,"[{""record_id"": ""CSQP-SFHC-TEXT-035"", ""raw_text"": ""洋银壹拾伍元"", ""amount_text"": ""壹拾伍元"", ""amount_number"": 15, ""currency"": ""银元"", ""sentence"": ""兹奉呈洋银壹拾伍元，到时查收，以作家用乃盼。"", ""is_primary_candidate"": true, ""source_field"": ""body_clean""}]",七月四日（1936前），外洋什美馥寄潮汕母亲大人；外洋什美馥；潮汕母亲大人；什美馥；母亲；男；广东侨乡；海外；洋银壹拾伍元；银元；family_affection；remittance；instruction；潮汕；广东；洋银；银；元；敬禀者；查收；金安；七月；四日；外洋；侨乡；壹拾；伍元；family；affection；禀者；谨上；前奉；家书；接到；可知；对于；进行；机会；尚未；头绪；切切；言及；承恐；将来；不成；他人；耻笑；那时；无颜见人；自讨；苦恼；莫实；望切；寄来；为幸；作家；顺请
CSQP-SFHC-TEXT-036,36,八月初一（1936前），麻坡［马来亚］陈弟阵寄潮安东凤家绵浩胞兄,pdf_pages=70；book_pages=41,1,needs_review,1,"寄批人：麻坡陈弟咱
收批人：潮安东风家绵浩胞兄
批款：大洋银拾元
日期：八月初一

书致绵浩兄长大鉴：

敬启者，兹呈天□信局，带去家批一道，外及大洋银拾元至时查展，以助俺家庭用之。查接吾兄上批，云及无项可助，田中粕费，要渡南来，在予想亦未有不可。此致，并请
秋安

弟弟年  八月初乙（一）顿","寄批人：麻坡陈弟咱
收批人：潮安东风家绵浩胞兄
批款：大洋银拾元
日期：八月初一

书致绵浩兄长大鉴：

敬启者，兹呈天□信局，带去家批一道，外及大洋银拾元至时查展，以助俺家庭用之。查接吾兄上批，云及无项可助，田中粕费，要渡南来，在予想亦未有不可。此致，并请
秋安

弟弟年 八月初乙（一）顿","书致绵浩兄长大鉴：

敬启者，兹呈天□信局，带去家批一道，外及大洋银拾元至时查展，以助俺家庭用之。查接吾兄上批，云及无项可助，田中粕费，要渡南来，在予想亦未有不可。此致，并请
秋安

弟弟年 八月初乙（一）顿","书致绵浩兄长大鉴：
敬启者，兹呈天□信局，带去家批一道，外及大洋银拾元至时查展，以助俺家庭用之。查接吾兄上批，云及无项可助，田中粕费，要渡南来，在予想亦未有不可。此致，并请
秋安",146,8,6,麻坡陈弟咱,潮安东风家绵浩胞兄,sibling,sibling,sibling_or_same_generation_kin,兄；弟,麻坡陈弟；家绵浩胞兄；书致绵浩兄；查接吾兄；弟弟,,弟,,广东潮安,,广东潮安,潮安->广东潮安；东凤->广东潮安东凤,广东潮安,0,广东侨乡,八月初一,弟弟年 八月初乙（一）顿,1936前,,八月,,lunar,,medium,大洋银拾元,拾元,10,大洋,敬启者，兹呈天□信局，带去家批一道，外及大洋银拾元至时查展，以助俺家庭用之。,,,1,,敬启者，兹呈天□信局，带去家批一道，外及大洋银拾元至时查展，以助俺家庭用之。,,"书致绵浩兄长大鉴：
敬启者，兹呈天□信局，带去家批一道，外及大洋银拾元至时查展，以助俺家庭用之。查接吾兄上批，云及无项可助，田中粕费，要渡南来，在予想亦未有不可。此致，并请
秋安",,,查接吾兄上批，云及无项可助，田中粕费，要渡南来，在予想亦未有不可。,此致，并请,顿,弟弟年 八月初乙（一）顿,弟弟年 八月初乙（一）顿,,0,1,0,1,0,0,0,0,0,0,0,instruction,remittance;instruction,启者,启；并请；此致,,弟；予；俺,兹,,,,不可,启者；启；并请；此致；弟；予；俺；兹,2,"敬启者，兹呈天□信局，带去家批一道，外及大洋银拾元至时查展，以助俺家庭用之。
查接吾兄上批，云及无项可助，田中粕费，要渡南来，在予想亦未有不可。
此致，并请
弟弟年 八月初乙（一）顿",敬启者，兹呈天□信局，带去家批一道，外及大洋银拾元至时查展，以助俺家庭用之。,,敬启者，兹呈天□信局，带去家批一道，外及大洋银拾元至时查展，以助俺家庭用之。,,查接吾兄上批，云及无项可助，田中粕费，要渡南来，在予想亦未有不可。,此致，并请；弟弟年 八月初乙（一）顿,sender=麻坡陈弟咱；recipient=潮安东风家绵浩胞兄；relationship=sibling_or_same_generation_kin；date=八月初一；money=拾元；currency=大洋；places=潮安->广东潮安；东凤->广东潮安东凤；kinship=兄；弟,"八月初一（1936前），麻坡［马来亚］陈弟阵寄潮安东凤家绵浩胞兄
麻坡陈弟咱
潮安东风家绵浩胞兄
八月初一
大洋银拾元
潮安->广东潮安；东凤->广东潮安东凤
remittance;instruction
书致绵浩兄长大鉴：
敬启者，兹呈天□信局，带去家批一道，外及大洋银拾元至时查展，以助俺家庭用之。查接吾兄上批，云及无项可助，田中粕费，要渡南来，在予想亦未有不可。此致，并请
秋安",题名：八月初一（1936前），麻坡［马来亚］陈弟阵寄潮安东凤家绵浩胞兄；寄批人：麻坡陈弟咱；收批人：潮安东风家绵浩胞兄；日期：八月初一；汇款：大洋银拾元；主题：remittance;instruction；正文摘录：书致绵浩兄长大鉴：敬启者，兹呈天□信局，带去家批一道，外及大洋银拾元至时查展，以助俺家庭用之。查接吾兄上批，云及无项可助，田中粕费，要渡南来，在予想亦未有不可。此致，并请秋安,八月初一（1936前）,麻坡［马来亚］陈弟阵,潮安东凤家绵浩胞兄,87,1,麻坡陈弟咱,东风家绵浩胞兄,兄,high,广东潮安；广东潮安东凤,"[{""record_id"": ""CSQP-SFHC-TEXT-036"", ""raw_text"": ""大洋银拾元"", ""amount_text"": ""拾元"", ""amount_number"": 10, ""currency"": ""大洋"", ""sentence"": ""批款：大洋银拾元"", ""is_primary_candidate"": true, ""source_field"": ""body_clean""}, {""record_id"": ""CSQP-SFHC-TEXT-036"", ""raw_text"": ""大洋银拾元"", ""amount_text"": ""拾元"", ""amount_number"": 10, ""currency"": ""大洋"", ""sentence"": ""敬启者，兹呈天□信局，带去家批一道，外及大洋银拾元至时查展，以助俺家庭用之。"", ""is_primary_candidate"": false, ""source_field"": ""body_clean""}]",八月初一（1936前），麻坡［马来亚］陈弟阵寄潮安东凤家绵浩胞兄；麻坡陈弟咱；潮安东风家绵浩胞兄；东风家绵浩胞兄；兄；弟；广东潮安；广东潮安东凤；大洋银拾元；大洋；remittance；instruction；潮安；东凤；广东；大洋银；洋银；银；元；八月；初一；麻坡；马来亚；陈弟；东凤家；绵浩；胞兄；东风；家绵浩；拾元；启者；书致；兄长；大鉴；敬启者；信局；带去；家批；一道；外及；至时；查展；以助；家庭；查接；吾兄；云及；无项；可助；田中；要渡；南来；予想；未有；秋安
CSQP-SFHC-TEXT-037,37,八月廿五日（1936前），外洋雄才寄潮汕母亲大人,pdf_pages=71；book_pages=42,1,needs_review,1,"母亲大人膝下：

敬禀者，是月十七日拜读教言，领悉一切。惟父亲阅此书后，忧愤填胸，大骂孽子害人。但吾兄今日此种举动，虽事有必至，理有固然，致罹斯恶症，使阖宅老幼不乐，正不知生前作何罪恶，致今世演此害己累人之恶剧乎？男每念及此，宁不慨然，惟望母亲现时，对于家中各事，应有把握决断，雍容镇定，切不可慌忙。吾兄之事，应听亲邻劝解，切勿固执，须视为命中生成耳。古语有言，花无常好，月无常圆。此言人生世间，断难事事如意。母亲以玉洁之胸，温和之性，谅知此理，亦应消除烦闷，而从喜乐也。男自违慈颜，瞬已数载，不获晨昏定省，清夜自思，扪心自问，自觉难过。但男儿志在四方，断难都守家园，母亲其亦有以恕有男也。现时俺乡治安若何？祈略示知，使男早晚有便回□□，以畅叙别后满怀之心事也。父亲玉体康健如前，男亦平安，祈释锦念。兹承父亲之命，奉上大洋银弍拾元，到时收入，家用为是，余容后禀。肃此，并请
金安

男雄才谨禀  八月廿五日","母亲大人膝下：

敬禀者，是月十七日拜读教言，领悉一切。惟父亲阅此书后，忧愤填胸，大骂孽子害人。但吾兄今日此种举动，虽事有必至，理有固然，致罹斯恶症，使阖宅老幼不乐，正不知生前作何罪恶，致今世演此害己累人之恶剧乎？男每念及此，宁不慨然，惟望母亲现时，对于家中各事，应有把握决断，雍容镇定，切不可慌忙。吾兄之事，应听亲邻劝解，切勿固执，须视为命中生成耳。古语有言，花无常好，月无常圆。此言人生世间，断难事事如意。母亲以玉洁之胸，温和之性，谅知此理，亦应消除烦闷，而从喜乐也。男自违慈颜，瞬已数载，不获晨昏定省，清夜自思，扪心自问，自觉难过。但男儿志在四方，断难都守家园，母亲其亦有以恕有男也。现时俺乡治安若何？祈略示知，使男早晚有便回□□，以畅叙别后满怀之心事也。父亲玉体康健如前，男亦平安，祈释锦念。兹承父亲之命，奉上大洋银弍拾元，到时收入，家用为是，余容后禀。肃此，并请
金安

男雄才谨禀 八月廿五日","母亲大人膝下：

敬禀者，是月十七日拜读教言，领悉一切。惟父亲阅此书后，忧愤填胸，大骂孽子害人。但吾兄今日此种举动，虽事有必至，理有固然，致罹斯恶症，使阖宅老幼不乐，正不知生前作何罪恶，致今世演此害己累人之恶剧乎？男每念及此，宁不慨然，惟望母亲现时，对于家中各事，应有把握决断，雍容镇定，切不可慌忙。吾兄之事，应听亲邻劝解，切勿固执，须视为命中生成耳。古语有言，花无常好，月无常圆。此言人生世间，断难事事如意。母亲以玉洁之胸，温和之性，谅知此理，亦应消除烦闷，而从喜乐也。男自违慈颜，瞬已数载，不获晨昏定省，清夜自思，扪心自问，自觉难过。但男儿志在四方，断难都守家园，母亲其亦有以恕有男也。现时俺乡治安若何？祈略示知，使男早晚有便回□□，以畅叙别后满怀之心事也。父亲玉体康健如前，男亦平安，祈释锦念。兹承父亲之命，奉上大洋银弍拾元，到时收入，家用为是，余容后禀。肃此，并请
金安

男雄才谨禀 八月廿五日","敬禀者，是月十七日拜读教言，领悉一切。惟父亲阅此书后，忧愤填胸，大骂孽子害人。但吾兄今日此种举动，虽事有必至，理有固然，致罹斯恶症，使阖宅老幼不乐，正不知生前作何罪恶，致今世演此害己累人之恶剧乎？男每念及此，宁不慨然，惟望母亲现时，对于家中各事，应有把握决断，雍容镇定，切不可慌忙。吾兄之事，应听亲邻劝解，切勿固执，须视为命中生成耳。古语有言，花无常好，月无常圆。此言人生世间，断难事事如意。母亲以玉洁之胸，温和之性，谅知此理，亦应消除烦闷，而从喜乐也。男自违慈颜，瞬已数载，不获晨昏定省，清夜自思，扪心自问，自觉难过。但男儿志在四方，断难都守家园，母亲其亦有以恕有男也。现时俺乡治安若何？祈略示知，使男早晚有便回□□，以畅叙别后满怀之心事也。父亲玉体康健如前，男亦平安，祈释锦念。兹承父亲之命，奉上大洋银弍拾元，到时收入，家用为是，余容后禀。肃此，并请
金安",402,4,18,外洋雄才,潮汕母亲大人,,parent,child_to_parent,母亲；父亲；兄；儿；男,潮汕母；惟父；但吾兄；惟望母；吾兄；但男儿；兹承父,大人；膝下,,海外,广东侨乡,海外,广东侨乡,潮汕->广东侨乡,海外 -> 广东侨乡,1,海外；广东侨乡,八月廿五日（1936前）,,1936前,,八月,廿五日,solar,,medium,大洋银弍拾元,弍拾元,20,大洋,兹承父亲之命，奉上大洋银弍拾元，到时收入，家用为是，余容后禀。,家用,,1,母亲大人膝下：,敬禀者，是月十七日拜读教言，领悉一切。,,"敬禀者，是月十七日拜读教言，领悉一切。惟父亲阅此书后，忧愤填胸，大骂孽子害人。但吾兄今日此种举动，虽事有必至，理有固然，致罹斯恶症，使阖宅老幼不乐，正不知生前作何罪恶，致今世演此害己累人之恶剧乎？男每念及此，宁不慨然，惟望母亲现时，对于家中各事，应有把握决断，雍容镇定，切不可慌忙。吾兄之事，应听亲邻劝解，切勿固执，须视为命中生成耳。古语有言，花无常好，月无常圆。此言人生世间，断难事事如意。母亲以玉洁之胸，温和之性，谅知此理，亦应消除烦闷，而从喜乐也。男自违慈颜，瞬已数载，不获晨昏定省，清夜自思，扪心自问，自觉难过。但男儿志在四方，断难都守家园，母亲其亦有以恕有男也。现时俺乡治安若何？祈略示知，使男早晚有便回□□，以畅叙别后满怀之心事也。父亲玉体康健如前，男亦平安，祈释锦念。兹承父亲之命，奉上大洋银弍拾元，到时收入，家用为是，余容后禀。肃此，并请
金安",父亲玉体康健如前，男亦平安，祈释锦念。,母亲大人膝下：；惟父亲阅此书后，忧愤填胸，大骂孽子害人。,男每念及此，宁不慨然，惟望母亲现时，对于家中各事，应有把握决断，雍容镇定，切不可慌忙。；吾兄之事，应听亲邻劝解，切勿固执，须视为命中生成耳。,肃此，并请,,,,,1,1,1,1,1,0,0,0,0,0,0,instruction,family_affection;remittance;safety;instruction;study,敬禀者；禀者；膝下,谨禀；并请,大人；膝下；金安,儿；谨；俺,兹；祈；谅；奉；承；惟；切勿；容后,敬禀者；膝下；谨禀；金安；容后,奉上,平安,切勿；须；不可,敬禀者；禀者；膝下；谨禀；并请；大人；金安；儿；谨；俺；兹；祈；谅；奉；承；惟；切勿；容后,3,"母亲大人膝下：
敬禀者，是月十七日拜读教言，领悉一切。
父亲玉体康健如前，男亦平安，祈释锦念。
兹承父亲之命，奉上大洋银弍拾元，到时收入，家用为是，余容后禀。
男每念及此，宁不慨然，惟望母亲现时，对于家中各事，应有把握决断，雍容镇定，切不可慌忙。；吾兄之事，应听亲邻劝解，切勿固执，须视为命中生成耳。
肃此，并请",母亲大人膝下：,父亲玉体康健如前，男亦平安，祈释锦念。,兹承父亲之命，奉上大洋银弍拾元，到时收入，家用为是，余容后禀。,母亲大人膝下：；惟父亲阅此书后，忧愤填胸，大骂孽子害人。,男每念及此，宁不慨然，惟望母亲现时，对于家中各事，应有把握决断，雍容镇定，切不可慌忙。；吾兄之事，应听亲邻劝解，切勿固执，须视为命中生成耳。,肃此，并请,sender=外洋雄才；recipient=潮汕母亲大人；relationship=child_to_parent；date=八月廿五日（1936前）；money=弍拾元；currency=大洋；places=潮汕->广东侨乡；kinship=母亲；父亲；兄；儿；男,"八月廿五日（1936前），外洋雄才寄潮汕母亲大人
外洋雄才
潮汕母亲大人
八月廿五日（1936前）
大洋银弍拾元
潮汕->广东侨乡
family_affection;remittance;safety;instruction;study
敬禀者，是月十七日拜读教言，领悉一切。惟父亲阅此书后，忧愤填胸，大骂孽子害人。但吾兄今日此种举动，虽事有必至，理有固然，致罹斯恶症，使阖宅老幼不乐，正不知生前作何罪恶，致今世演此害己累人之恶剧乎？男每念及此，宁不慨然，惟望母亲现时，对于家中各事，应有把握决断，雍容镇定，切不可慌忙。吾兄之事，应听亲邻劝解，切勿固执，须视为命中生成耳。古语有言，花无常好，月无常圆。此言人生世间，断难事事如意。母亲以玉洁之胸，温和之性，谅知此理，亦应消除烦闷，而从喜乐也。男自违慈颜，瞬已数载，不获晨昏定省，清夜自思，扪心自问，自觉难过。但男儿志在四方，断难都守家园，母亲其亦有以恕有男也。现时俺乡治安若何？祈略示知，使男早晚有便回□□，以畅叙别后满怀之心事也。父亲玉体康健如前，男亦平安，祈释锦念。兹承父亲之命，奉上大洋银弍拾元，到时收入，家用为是，余容后禀。肃此，并请
金安",题名：八月廿五日（1936前），外洋雄才寄潮汕母亲大人；寄批人：外洋雄才；收批人：潮汕母亲大人；日期：八月廿五日（1936前）；汇款：大洋银弍拾元；主题：family_affection;remittance;safety;instruction;study；正文摘录：敬禀者，是月十七日拜读教言，领悉一切。惟父亲阅此书后，忧愤填胸，大骂孽子害人。但吾兄今日此种举动，虽事有必至，理有固然，致罹斯恶症，使阖宅老幼不乐，正不知生前作何罪恶，致今世演此害己累人之恶剧乎？男每念及此，宁不慨然，惟望母亲现时，对于家中,八月廿五日（1936前）,外洋雄才,潮汕母亲大人,379,2,雄才,母亲,父亲,high,广东侨乡；海外,"[{""record_id"": ""CSQP-SFHC-TEXT-037"", ""raw_text"": ""大洋银弍拾元"", ""amount_text"": ""弍拾元"", ""amount_number"": 20, ""currency"": ""大洋"", ""sentence"": ""兹承父亲之命，奉上大洋银弍拾元，到时收入，家用为是，余容后禀。"", ""is_primary_candidate"": true, ""source_field"": ""body_clean""}]",八月廿五日（1936前），外洋雄才寄潮汕母亲大人；外洋雄才；潮汕母亲大人；雄才；母亲；父亲；兄；儿；男；广东侨乡；海外；大洋银弍拾元；大洋；family_affection；remittance；safety；instruction；study；潮汕；广东；大洋银；洋银；银；元；敬禀者；膝下；谨禀；金安；容后；八月；廿五日；外洋；侨乡；拾元；family；affection；禀者；切勿；十七日；拜读；教言；领悉；此书；忧愤；填胸；大骂；孽子；害人；吾兄；今日；此种；举动；事有必至；理有；固然；罹斯；恶症；老幼；不知；生前；作何；罪恶；今世；演此；害己；累人；之恶；剧乎；念及；慨然；惟望；现时；对于；家中；各事；有把握；决断；雍容；镇定；切不可
CSQP-SFHC-TEXT-038,38,十月初六日（1936前），叻曾清鉴寄潮安凤廓新乡郭财和先生,pdf_pages=72；book_pages=43,1,medium,0,"寄批人：叻曾清鉴
收批人：潮安凤廓新乡郭财和先生
批款：银叁拾元
日期：十月初六日

慈亲大人尊前：

敬启者，近日捧来复示得稔，严极经已归土，承闻之下，惟叹远隔云山，不克趋拜，深为所憾。然抹音之讣，莫能事前各办台仪以维先严，是不孝之罪，何问可推。现值有便，特呈大银叁拾元，以为追助葬礼之需，藉表寸忱，以赎罪戾也。受收之后，乞即挥慰是荷。专此并候，敬请
金安

女巧贞谨上
十月初六日","寄批人：叻曾清鉴
收批人：潮安凤廓新乡郭财和先生
批款：银叁拾元
日期：十月初六日

慈亲大人尊前：

敬启者，近日捧来复示得稔，严极经已归土，承闻之下，惟叹远隔云山，不克趋拜，深为所憾。然抹音之讣，莫能事前各办台仪以维先严，是不孝之罪，何问可推。现值有便，特呈大银叁拾元，以为追助葬礼之需，藉表寸忱，以赎罪戾也。受收之后，乞即挥慰是荷。专此并候，敬请
金安

女巧贞谨上
十月初六日","慈亲大人尊前：

敬启者，近日捧来复示得稔，严极经已归土，承闻之下，惟叹远隔云山，不克趋拜，深为所憾。然抹音之讣，莫能事前各办台仪以维先严，是不孝之罪，何问可推。现值有便，特呈大银叁拾元，以为追助葬礼之需，藉表寸忱，以赎罪戾也。受收之后，乞即挥慰是荷。专此并候，敬请
金安

女巧贞谨上
十月初六日","敬启者，近日捧来复示得稔，严极经已归土，承闻之下，惟叹远隔云山，不克趋拜，深为所憾。然抹音之讣，莫能事前各办台仪以维先严，是不孝之罪，何问可推。现值有便，特呈大银叁拾元，以为追助葬礼之需，藉表寸忱，以赎罪戾也。受收之后，乞即挥慰是荷。专此并候，敬请
金安",192,9,9,叻曾清鉴,潮安凤廓新乡郭财和先生,,parent,child_to_parent,慈亲,,大人；尊前；先生,,新加坡,广东潮安,新加坡,广东潮安,潮安->广东潮安；叻->新加坡,新加坡 -> 广东潮安,1,新加坡；广东侨乡,十月初六日,"女巧贞谨上
十月初六日",1936前,,十月,初六日,lunar,,medium,银叁拾元,叁拾元,30,银元,,,,1,慈亲大人尊前：,敬启者，近日捧来复示得稔，严极经已归土，承闻之下，惟叹远隔云山，不克趋拜，深为所憾。,,"敬启者，近日捧来复示得稔，严极经已归土，承闻之下，惟叹远隔云山，不克趋拜，深为所憾。然抹音之讣，莫能事前各办台仪以维先严，是不孝之罪，何问可推。现值有便，特呈大银叁拾元，以为追助葬礼之需，藉表寸忱，以赎罪戾也。受收之后，乞即挥慰是荷。专此并候，敬请
金安",,,,,谨上,"女巧贞谨上
十月初六日",女巧贞谨上,,0,1,0,0,0,0,0,1,0,1,0,debt,remittance;debt;funeral,启者；尊前,谨上；启,大人；尊前；金安,谨,荷；承；惟,尊前；金安,,,,启者；尊前；谨上；启；大人；金安；谨；荷；承；惟,3,"慈亲大人尊前：
敬启者，近日捧来复示得稔，严极经已归土，承闻之下，惟叹远隔云山，不克趋拜，深为所憾。
女巧贞谨上",慈亲大人尊前：,,银叁拾元,,,女巧贞谨上,sender=叻曾清鉴；recipient=潮安凤廓新乡郭财和先生；relationship=child_to_parent；date=十月初六日；money=叁拾元；currency=银元；places=潮安->广东潮安；叻->新加坡；kinship=慈亲,"十月初六日（1936前），叻曾清鉴寄潮安凤廓新乡郭财和先生
叻曾清鉴
潮安凤廓新乡郭财和先生
十月初六日
银叁拾元
潮安->广东潮安；叻->新加坡
remittance;debt;funeral
敬启者，近日捧来复示得稔，严极经已归土，承闻之下，惟叹远隔云山，不克趋拜，深为所憾。然抹音之讣，莫能事前各办台仪以维先严，是不孝之罪，何问可推。现值有便，特呈大银叁拾元，以为追助葬礼之需，藉表寸忱，以赎罪戾也。受收之后，乞即挥慰是荷。专此并候，敬请
金安",题名：十月初六日（1936前），叻曾清鉴寄潮安凤廓新乡郭财和先生；寄批人：叻曾清鉴；收批人：潮安凤廓新乡郭财和先生；日期：十月初六日；汇款：银叁拾元；主题：remittance;debt;funeral；正文摘录：敬启者，近日捧来复示得稔，严极经已归土，承闻之下，惟叹远隔云山，不克趋拜，深为所憾。然抹音之讣，莫能事前各办台仪以维先严，是不孝之罪，何问可推。现值有便，特呈大银叁拾元，以为追助葬礼之需，藉表寸忱，以赎罪戾也。受收之后，乞即挥慰是荷。专此并,十月初六日（1936前）,叻曾清鉴,潮安凤廓新乡郭财和先生,126,0,曾,凤廓新乡郭财和,慈亲,high,广东潮安；新加坡,"[{""record_id"": ""CSQP-SFHC-TEXT-038"", ""raw_text"": ""银叁拾元"", ""amount_text"": ""叁拾元"", ""amount_number"": 30, ""currency"": ""银元"", ""sentence"": ""批款：银叁拾元"", ""is_primary_candidate"": true, ""source_field"": ""body_clean""}, {""record_id"": ""CSQP-SFHC-TEXT-038"", ""raw_text"": ""大银叁拾元"", ""amount_text"": ""叁拾元"", ""amount_number"": 30, ""currency"": ""银元"", ""sentence"": ""现值有便，特呈大银叁拾元，以为追助葬礼之需，藉表寸忱，以赎罪戾也。"", ""is_primary_candidate"": false, ""source_field"": ""body_clean""}]",十月初六日（1936前），叻曾清鉴寄潮安凤廓新乡郭财和先生；叻曾清鉴；潮安凤廓新乡郭财和先生；曾；凤廓新乡郭财和；慈亲；广东潮安；新加坡；银叁拾元；银元；remittance；debt；funeral；潮安；广东；大银；银；元；尊前；金安；十月初；六日；清鉴；凤廓；新乡；郭财；先生；银叁；拾元；启者；谨上；敬启者；近日；复示；严极经；归土；承闻；之下；惟叹；远隔；云山；趋拜；深为；所憾；然抹音；莫能；事前；各办；台仪；以维；先严；不孝；之罪；何问；现值；特呈大银叁；以为；追助；葬礼；表寸忱；赎罪；受收；之后；即挥慰；专此；并候
CSQP-SFHC-TEXT-039,39,阳月（十月）十七日（1936前），叻陈喜炎寄潮安东凤乡陈镇炎胞兄,pdf_pages=73；book_pages=44,0,metadata_only,1,"寄批人：叻陈喜炎
收批人：潮安东风乡陈镇炎胞兄
批款：大龙银拾元
日期：阳月十七日

[截图仅含寄批人、收批人、批款、日期，未见正文录文]","寄批人：叻陈喜炎
收批人：潮安东风乡陈镇炎胞兄
批款：大龙银拾元
日期：阳月十七日",,,41,4,0,叻陈喜炎,潮安东风乡陈镇炎胞兄,,sibling,sibling_or_same_generation_kin,兄,陈镇炎胞兄,,,新加坡,广东潮安,新加坡,广东潮安,潮安->广东潮安；东凤->广东潮安东凤；叻->新加坡,新加坡 -> 广东潮安,1,新加坡；广东侨乡,阳月十七日,,1936前,,十月,十七日,lunar,,medium,大龙银拾元,拾元,10,银元,,,,1,,,,,,,,,,,,,0,1,0,0,0,0,0,0,0,0,0,remittance,remittance,,,,,,,,,,,0,,,,大龙银拾元,,,,sender=叻陈喜炎；recipient=潮安东风乡陈镇炎胞兄；relationship=sibling_or_same_generation_kin；date=阳月十七日；money=拾元；currency=银元；places=潮安->广东潮安；东凤->广东潮安东凤；叻->新加坡；kinship=兄,"阳月（十月）十七日（1936前），叻陈喜炎寄潮安东凤乡陈镇炎胞兄
叻陈喜炎
潮安东风乡陈镇炎胞兄
阳月十七日
大龙银拾元
潮安->广东潮安；东凤->广东潮安东凤；叻->新加坡
remittance",题名：阳月（十月）十七日（1936前），叻陈喜炎寄潮安东凤乡陈镇炎胞兄；寄批人：叻陈喜炎；收批人：潮安东风乡陈镇炎胞兄；日期：阳月十七日；汇款：大龙银拾元；主题：remittance,阳月（十月）十七日（1936前）,叻陈喜炎,潮安东凤乡陈镇炎胞兄,0,0,陈喜炎,东风乡陈镇炎胞兄,兄,medium,广东潮安；广东潮安东凤；新加坡,"[{""record_id"": ""CSQP-SFHC-TEXT-039"", ""raw_text"": ""大龙银拾元"", ""amount_text"": ""拾元"", ""amount_number"": 10, ""currency"": ""银元"", ""sentence"": ""批款：大龙银拾元"", ""is_primary_candidate"": true, ""source_field"": ""body_clean""}]",阳月（十月）十七日（1936前），叻陈喜炎寄潮安东凤乡陈镇炎胞兄；叻陈喜炎；潮安东风乡陈镇炎胞兄；陈喜炎；东风乡陈镇炎胞兄；兄；广东潮安；广东潮安东凤；新加坡；大龙银拾元；银元；remittance；潮安；东凤；广东；大龙银；银；元；阳月；十月；十七日；东凤乡；陈镇炎；胞兄；东风；大龙；拾元
CSQP-SFHC-TEXT-040,40,闰月廿一日（1936前），外洋男寄潮汕母亲大人,pdf_pages=74；book_pages=45,1,medium,0,"母亲大人金安纳福：

谨启者，近未卜岂尝与四姨来往否？此刻未可与其绝交，须忍气继续与之上落【来在】，以觉光雅耳。下月家批，当在出初即行寄去耳，余之将来奖金，容候近前，当即道告。欠大妹尾次的二十元，亦定下信寄还也。外附大银式元，至请收用乃荷，并候
均安

男谨禀  闰月廿一日","母亲大人金安纳福：

谨启者，近未卜岂尝与四姨来往否？此刻未可与其绝交，须忍气继续与之上落【来在】，以觉光雅耳。下月家批，当在出初即行寄去耳，余之将来奖金，容候近前，当即道告。欠大妹尾次的二十元，亦定下信寄还也。外附大银式元，至请收用乃荷，并候
均安

男谨禀 闰月廿一日","母亲大人金安纳福：

谨启者，近未卜岂尝与四姨来往否？此刻未可与其绝交，须忍气继续与之上落【来在】，以觉光雅耳。下月家批，当在出初即行寄去耳，余之将来奖金，容候近前，当即道告。欠大妹尾次的二十元，亦定下信寄还也。外附大银式元，至请收用乃荷，并候
均安

男谨禀 闰月廿一日","谨启者，近未卜岂尝与四姨来往否？此刻未可与其绝交，须忍气继续与之上落【来在】，以觉光雅耳。下月家批，当在出初即行寄去耳，余之将来奖金，容候近前，当即道告。欠大妹尾次的二十元，亦定下信寄还也。外附大银式元，至请收用乃荷，并候
均安",136,4,8,外洋男,潮汕母亲大人,,parent,child_to_parent,母亲；男；妹,潮汕母；欠大妹,大人；金安,,海外,广东侨乡,海外,广东侨乡,潮汕->广东侨乡,海外 -> 广东侨乡,1,海外；广东侨乡,闰月廿一日（1936前）,,1936前,,,廿一日,solar,,medium,大银式元,式元,2,银元,下月家批，当在出初即行寄去耳，余之将来奖金，容候近前，当即道告。,,此刻未可与其绝交，须忍气继续与之上落【来在】，以觉光雅耳。；外附大银式元，至请收用乃荷，并候,1,母亲大人金安纳福：,谨启者，近未卜岂尝与四姨来往否？,,"谨启者，近未卜岂尝与四姨来往否？此刻未可与其绝交，须忍气继续与之上落【来在】，以觉光雅耳。下月家批，当在出初即行寄去耳，余之将来奖金，容候近前，当即道告。欠大妹尾次的二十元，亦定下信寄还也。外附大银式元，至请收用乃荷，并候
均安",,母亲大人金安纳福：,此刻未可与其绝交，须忍气继续与之上落【来在】，以觉光雅耳。,,,,,,1,1,0,1,0,0,0,1,0,0,0,instruction,family_affection;remittance;instruction;debt,启者,谨禀；启,大人；金安,谨,荷,谨禀；金安,寄去,,须,启者；谨禀；启；大人；金安；谨；荷,2,"母亲大人金安纳福：
谨启者，近未卜岂尝与四姨来往否？
下月家批，当在出初即行寄去耳，余之将来奖金，容候近前，当即道告。
此刻未可与其绝交，须忍气继续与之上落【来在】，以觉光雅耳。",母亲大人金安纳福：,,下月家批，当在出初即行寄去耳，余之将来奖金，容候近前，当即道告。,母亲大人金安纳福：,此刻未可与其绝交，须忍气继续与之上落【来在】，以觉光雅耳。,,sender=外洋男；recipient=潮汕母亲大人；relationship=child_to_parent；date=闰月廿一日（1936前）；money=式元；currency=银元；places=潮汕->广东侨乡；kinship=母亲；男；妹,"闰月廿一日（1936前），外洋男寄潮汕母亲大人
外洋男
潮汕母亲大人
闰月廿一日（1936前）
大银式元
潮汕->广东侨乡
family_affection;remittance;instruction;debt
谨启者，近未卜岂尝与四姨来往否？此刻未可与其绝交，须忍气继续与之上落【来在】，以觉光雅耳。下月家批，当在出初即行寄去耳，余之将来奖金，容候近前，当即道告。欠大妹尾次的二十元，亦定下信寄还也。外附大银式元，至请收用乃荷，并候
均安",题名：闰月廿一日（1936前），外洋男寄潮汕母亲大人；寄批人：外洋男；收批人：潮汕母亲大人；日期：闰月廿一日（1936前）；汇款：大银式元；主题：family_affection;remittance;instruction;debt；正文摘录：谨启者，近未卜岂尝与四姨来往否？此刻未可与其绝交，须忍气继续与之上落【来在】，以觉光雅耳。下月家批，当在出初即行寄去耳，余之将来奖金，容候近前，当即道告。欠大妹尾次的二十元，亦定下信寄还也。外附大银式元，至请收用乃荷，并候均安,闰月廿一日（1936前）,外洋男,潮汕母亲大人,113,0,外洋男,母亲,母亲,high,广东侨乡；海外,"[{""record_id"": ""CSQP-SFHC-TEXT-040"", ""raw_text"": ""二十元"", ""amount_text"": ""二十元"", ""amount_number"": 20, ""currency"": ""元"", ""sentence"": ""欠大妹尾次的二十元，亦定下信寄还也。"", ""is_primary_candidate"": false, ""source_field"": ""body_clean""}, {""record_id"": ""CSQP-SFHC-TEXT-040"", ""raw_text"": ""大银式元"", ""amount_text"": ""式元"", ""amount_number"": 2, ""currency"": ""银元"", ""sentence"": ""外附大银式元，至请收用乃荷，并候"", ""is_primary_candidate"": true, ""source_field"": ""body_clean""}]",闰月廿一日（1936前），外洋男寄潮汕母亲大人；外洋男；潮汕母亲大人；母亲；男；妹；广东侨乡；海外；大银式元；银元；family_affection；remittance；instruction；debt；潮汕；广东；大银；银；元；谨禀；金安；闰月；廿一日；外洋；侨乡；大银式；family；affection；启者；谨启；未卜；岂尝；四姨；来往；此刻；与其；绝交；忍气；继续；之上；以觉；光雅耳；下月家批；出初；即行；将来；奖金；容候；近前；当即；道告；大妹；尾次；二十元；定下；附大银式；收用；并候
CSQP-SFHC-TEXT-041,41,（1936前）叻李开源寄潮安急水陈振平贤婿,pdf_pages=75；book_pages=46,0,metadata_only,1,"寄批人：叻李开源
收批人：潮安急水陈振平贤弟
批款：洋良（银）四元
日期：不详

[截图仅含寄批人、收批人、批款、日期，未见正文录文]","寄批人：叻李开源
收批人：潮安急水陈振平贤弟
批款：洋良（银）四元
日期：不详",,,39,4,0,叻李开源,潮安急水陈振平贤弟,,sibling,sibling_or_same_generation_kin,弟,陈振平贤弟,,,新加坡,广东潮安,新加坡,广东潮安,潮安->广东潮安；叻->新加坡,新加坡 -> 广东潮安,1,新加坡；广东侨乡,不详,,1936前,,,,solar,,medium,洋良（银）四元,四元,4,银元,,,,1,,,,,,,,,,,,,0,1,0,0,0,0,0,0,0,0,0,remittance,remittance,,,,,,,,,,,0,,,,洋良（银）四元,,,,sender=叻李开源；recipient=潮安急水陈振平贤弟；relationship=sibling_or_same_generation_kin；date=不详；money=四元；currency=银元；places=潮安->广东潮安；叻->新加坡；kinship=弟,"（1936前）叻李开源寄潮安急水陈振平贤婿
叻李开源
潮安急水陈振平贤弟
不详
洋良（银）四元
潮安->广东潮安；叻->新加坡
remittance",题名：（1936前）叻李开源寄潮安急水陈振平贤婿；寄批人：叻李开源；收批人：潮安急水陈振平贤弟；日期：不详；汇款：洋良（银）四元；主题：remittance,,（1936前）叻李开源,潮安急水陈振平贤婿,0,0,李开源,急水陈振平贤弟,弟,medium,广东潮安；新加坡,"[{""record_id"": ""CSQP-SFHC-TEXT-041"", ""raw_text"": ""良（银）四元"", ""amount_text"": ""四元"", ""amount_number"": 4, ""currency"": ""银元"", ""sentence"": ""批款：洋良（银）四元"", ""is_primary_candidate"": true, ""source_field"": ""body_clean""}]",（1936前）叻李开源寄潮安急水陈振平贤婿；叻李开源；潮安急水陈振平贤弟；李开源；急水陈振平贤弟；弟；广东潮安；新加坡；洋良（银）四元；银元；remittance；潮安；广东；良（银）；银；元；开源；急水；陈振平贤婿；陈振平；贤弟；洋良；四元
CSQP-SFHC-TEXT-042,42,廿五年（1936）元月初七日，外洋大才寄潮汕祖父大人,pdf_pages=76；book_pages=47,1,medium,0,"祖父大人尊明（前）：

敬启者，迩因行情艰苦，不能多寄，只有每月付多少做平安批而已，须（需）候手头多润，自当厚寄，祈勿介耳。兹承便付去大银六元，至希查收，以助家费，专此奉达。并请
近安

孙大才顿
廿五年元月初七日","祖父大人尊明（前）：

敬启者，迩因行情艰苦，不能多寄，只有每月付多少做平安批而已，须（需）候手头多润，自当厚寄，祈勿介耳。兹承便付去大银六元，至希查收，以助家费，专此奉达。并请
近安

孙大才顿
廿五年元月初七日","祖父大人尊明（前）：

敬启者，迩因行情艰苦，不能多寄，只有每月付多少做平安批而已，须（需）候手头多润，自当厚寄，祈勿介耳。兹承便付去大银六元，至希查收，以助家费，专此奉达。并请
近安

孙大才顿
廿五年元月初七日","敬启者，迩因行情艰苦，不能多寄，只有每月付多少做平安批而已，须（需）候手头多润，自当厚寄，祈勿介耳。兹承便付去大银六元，至希查收，以助家费，专此奉达。并请
近安",107,5,7,外洋大才,潮汕祖父大人,grandchild,grandparent,grandchild_to_grandparent,祖父；孙,潮汕祖父；祖父,大人,孙,海外,广东侨乡,海外,广东侨乡,潮汕->广东侨乡,海外 -> 广东侨乡,1,海外；广东侨乡,廿五年（1936）元月初七日,"孙大才顿
廿五年元月初七日",1936,1936,,初七日,lunar,西历,high,大银六元,六元,6,银元,兹承便付去大银六元，至希查收，以助家费，专此奉达。,,兹承便付去大银六元，至希查收，以助家费，专此奉达。,1,祖父大人尊明（前）：,敬启者，迩因行情艰苦，不能多寄，只有每月付多少做平安批而已，须（需）候手头多润，自当厚寄，祈勿介耳。,敬启者，迩因行情艰苦，不能多寄，只有每月付多少做平安批而已，须（需）候手头多润，自当厚寄，祈勿介耳。,"敬启者，迩因行情艰苦，不能多寄，只有每月付多少做平安批而已，须（需）候手头多润，自当厚寄，祈勿介耳。兹承便付去大银六元，至希查收，以助家费，专此奉达。并请
近安",敬启者，迩因行情艰苦，不能多寄，只有每月付多少做平安批而已，须（需）候手头多润，自当厚寄，祈勿介耳。,祖父大人尊明（前）：,敬启者，迩因行情艰苦，不能多寄，只有每月付多少做平安批而已，须（需）候手头多润，自当厚寄，祈勿介耳。,并请,顿,"孙大才顿
廿五年元月初七日",孙大才顿,,1,1,1,1,0,0,0,0,0,0,0,instruction,family_affection;remittance;safety;instruction,启者,启；并请,大人,,兹；祈；奉；承,查收,付去；查收,平安,须,启者；启；并请；大人；兹；祈；奉；承；查收,2,"祖父大人尊明（前）：
敬启者，迩因行情艰苦，不能多寄，只有每月付多少做平安批而已，须（需）候手头多润，自当厚寄，祈勿介耳。
兹承便付去大银六元，至希查收，以助家费，专此奉达。
并请
孙大才顿",祖父大人尊明（前）：,敬启者，迩因行情艰苦，不能多寄，只有每月付多少做平安批而已，须（需）候手头多润，自当厚寄，祈勿介耳。,兹承便付去大银六元，至希查收，以助家费，专此奉达。,祖父大人尊明（前）：,敬启者，迩因行情艰苦，不能多寄，只有每月付多少做平安批而已，须（需）候手头多润，自当厚寄，祈勿介耳。,并请；孙大才顿,sender=外洋大才；recipient=潮汕祖父大人；relationship=grandchild_to_grandparent；date=廿五年（1936）元月初七日；money=六元；currency=银元；places=潮汕->广东侨乡；kinship=祖父；孙,"廿五年（1936）元月初七日，外洋大才寄潮汕祖父大人
外洋大才
潮汕祖父大人
廿五年（1936）元月初七日
大银六元
潮汕->广东侨乡
family_affection;remittance;safety;instruction
敬启者，迩因行情艰苦，不能多寄，只有每月付多少做平安批而已，须（需）候手头多润，自当厚寄，祈勿介耳。兹承便付去大银六元，至希查收，以助家费，专此奉达。并请
近安",题名：廿五年（1936）元月初七日，外洋大才寄潮汕祖父大人；寄批人：外洋大才；收批人：潮汕祖父大人；日期：廿五年（1936）元月初七日；汇款：大银六元；主题：family_affection;remittance;safety;instruction；正文摘录：敬启者，迩因行情艰苦，不能多寄，只有每月付多少做平安批而已，须（需）候手头多润，自当厚寄，祈勿介耳。兹承便付去大银六元，至希查收，以助家费，专此奉达。并请近安,廿五年（1936）元月初七日,外洋大才,潮汕祖父大人,79,0,大才,祖父,祖父,high,广东侨乡；海外,"[{""record_id"": ""CSQP-SFHC-TEXT-042"", ""raw_text"": ""大银六元"", ""amount_text"": ""六元"", ""amount_number"": 6, ""currency"": ""银元"", ""sentence"": ""兹承便付去大银六元，至希查收，以助家费，专此奉达。"", ""is_primary_candidate"": true, ""source_field"": ""body_clean""}]",廿五年（1936）元月初七日，外洋大才寄潮汕祖父大人；外洋大才；潮汕祖父大人；大才；祖父；孙；广东侨乡；海外；大银六元；银元；family_affection；remittance；safety；instruction；潮汕；广东；大银；银；元；查收；廿五年；月初；七日；外洋；侨乡；六元；family；affection；启者；敬启者；行情；艰苦；不能；只有；每月；多少；平安；而已；手头；多润；自当厚；祈勿；介耳；付去；至希；以助家费；专此；奉达；近安
CSQP-SFHC-TEXT-043,43,丙（1936）六月廿日，外洋大专寄潮汕祖父大人,pdf_pages=77；book_pages=48,1,medium,0,"祖父大人尊前：

敬启者，刻适逢轮转汕，奉上法币拾元，到希查收，以助家用。迩来塘（唐）地景况如何，望祈示知。大人身体定卜健康，精神舒适可知。两地平安，余候后详。谨此，即请
金安

孙大专顿
丙六月廿日","祖父大人尊前：

敬启者，刻适逢轮转汕，奉上法币拾元，到希查收，以助家用。迩来塘（唐）地景况如何，望祈示知。大人身体定卜健康，精神舒适可知。两地平安，余候后详。谨此，即请
金安

孙大专顿
丙六月廿日","祖父大人尊前：

敬启者，刻适逢轮转汕，奉上法币拾元，到希查收，以助家用。迩来塘（唐）地景况如何，望祈示知。大人身体定卜健康，精神舒适可知。两地平安，余候后详。谨此，即请
金安

孙大专顿
丙六月廿日","敬启者，刻适逢轮转汕，奉上法币拾元，到希查收，以助家用。迩来塘（唐）地景况如何，望祈示知。大人身体定卜健康，精神舒适可知。两地平安，余候后详。谨此，即请
金安",100,5,9,外洋大专,潮汕祖父大人,grandchild,grandparent,grandchild_to_grandparent,祖父；孙,潮汕祖父；祖父,大人；尊前,孙,海外,广东侨乡,海外,广东侨乡,潮汕->广东侨乡,海外 -> 广东侨乡,1,海外；广东侨乡,丙（1936）六月廿日,"孙大专顿
丙六月廿日",1936,1936,六月,,solar,干支或传统纪年,high,法币拾元,拾元,10,国币,敬启者，刻适逢轮转汕，奉上法币拾元，到希查收，以助家用。,家用,敬启者，刻适逢轮转汕，奉上法币拾元，到希查收，以助家用。,1,祖父大人尊前：,敬启者，刻适逢轮转汕，奉上法币拾元，到希查收，以助家用。,两地平安，余候后详。,"敬启者，刻适逢轮转汕，奉上法币拾元，到希查收，以助家用。迩来塘（唐）地景况如何，望祈示知。大人身体定卜健康，精神舒适可知。两地平安，余候后详。谨此，即请
金安",两地平安，余候后详。,祖父大人尊前：；大人身体定卜健康，精神舒适可知。,,,顿,"孙大专顿
丙六月廿日",孙大专顿,,1,1,1,0,0,1,0,0,0,0,0,health_care,family_affection;remittance;safety;health,启者；尊前,启,大人；尊前；金安,谨,祈；奉,尊前；查收；金安,奉上；查收,平安,,启者；尊前；启；大人；金安；谨；祈；奉；查收,2,"祖父大人尊前：
敬启者，刻适逢轮转汕，奉上法币拾元，到希查收，以助家用。
两地平安，余候后详。
孙大专顿",祖父大人尊前：,两地平安，余候后详。,敬启者，刻适逢轮转汕，奉上法币拾元，到希查收，以助家用。,祖父大人尊前：；大人身体定卜健康，精神舒适可知。,,孙大专顿,sender=外洋大专；recipient=潮汕祖父大人；relationship=grandchild_to_grandparent；date=丙（1936）六月廿日；money=拾元；currency=国币；places=潮汕->广东侨乡；kinship=祖父；孙,"丙（1936）六月廿日，外洋大专寄潮汕祖父大人
外洋大专
潮汕祖父大人
丙（1936）六月廿日
法币拾元
潮汕->广东侨乡
family_affection;remittance;safety;health
敬启者，刻适逢轮转汕，奉上法币拾元，到希查收，以助家用。迩来塘（唐）地景况如何，望祈示知。大人身体定卜健康，精神舒适可知。两地平安，余候后详。谨此，即请
金安",题名：丙（1936）六月廿日，外洋大专寄潮汕祖父大人；寄批人：外洋大专；收批人：潮汕祖父大人；日期：丙（1936）六月廿日；汇款：法币拾元；主题：family_affection;remittance;safety;health；正文摘录：敬启者，刻适逢轮转汕，奉上法币拾元，到希查收，以助家用。迩来塘（唐）地景况如何，望祈示知。大人身体定卜健康，精神舒适可知。两地平安，余候后详。谨此，即请金安,丙（1936）六月廿日,外洋大专,潮汕祖父大人,78,0,大专,祖父,祖父,high,广东侨乡；海外,"[{""record_id"": ""CSQP-SFHC-TEXT-043"", ""raw_text"": ""法币拾元"", ""amount_text"": ""拾元"", ""amount_number"": 10, ""currency"": ""国币"", ""sentence"": ""敬启者，刻适逢轮转汕，奉上法币拾元，到希查收，以助家用。"", ""is_primary_candidate"": true, ""source_field"": ""body_clean""}]",丙（1936）六月廿日，外洋大专寄潮汕祖父大人；外洋大专；潮汕祖父大人；大专；祖父；孙；广东侨乡；海外；法币拾元；国币；family_affection；remittance；safety；health；潮汕；广东；法币；元；尊前；查收；金安；六月；廿日；外洋；侨乡；拾元；family；affection；启者；敬启者；适逢；轮转；奉上；以助；家用；迩来；景况；如何；祈示；身体；定卜；健康；精神；舒适；可知；两地；平安；余候；谨此
CSQP-SFHC-TEXT-044,44,丙（1936）六月廿四日，外洋丁南寄潮汕母亲大人,pdf_pages=78；book_pages=49,1,high,0,"母亲大人尊前：

敬禀者，承接来家信一札，披读之下，言及吾儿即欲做酒，儿现时并无余资，但办鸡蛋（蛋）一事亦好做酒，候侍（待）近前，然后未迟。如吾存有余积，当自寄信通知，凡事须自从吾之言，不可自主自意。启者，儿现今居住丰镇兄店中办事，谅亦知之，近前丰镇兄下越，可往炳成取金钱付与他带下，谨记为要，不可有误。二地平安，余容后禀。专此，敬请
金安不一

儿丁南缄
丙六月廿四日

另者，兹逢轮船，即寄上大法币壹拾元查收，家情应用也。","母亲大人尊前：

敬禀者，承接来家信一札，披读之下，言及吾儿即欲做酒，儿现时并无余资，但办鸡蛋（蛋）一事亦好做酒，候侍（待）近前，然后未迟。如吾存有余积，当自寄信通知，凡事须自从吾之言，不可自主自意。启者，儿现今居住丰镇兄店中办事，谅亦知之，近前丰镇兄下越，可往炳成取金钱付与他带下，谨记为要，不可有误。二地平安，余容后禀。专此，敬请
金安不一

儿丁南缄
丙六月廿四日

另者，兹逢轮船，即寄上大法币壹拾元查收，家情应用也。","母亲大人尊前：

敬禀者，承接来家信一札，披读之下，言及吾儿即欲做酒，儿现时并无余资，但办鸡蛋（蛋）一事亦好做酒，候侍（待）近前，然后未迟。如吾存有余积，当自寄信通知，凡事须自从吾之言，不可自主自意。启者，儿现今居住丰镇兄店中办事，谅亦知之，近前丰镇兄下越，可往炳成取金钱付与他带下，谨记为要，不可有误。二地平安，余容后禀。专此，敬请
金安不一

儿丁南缄
丙六月廿四日

另者，兹逢轮船，即寄上大法币壹拾元查收，家情应用也。","敬禀者，承接来家信一札，披读之下，言及吾儿即欲做酒，儿现时并无余资，但办鸡蛋（蛋）一事亦好做酒，候侍（待）近前，然后未迟。如吾存有余积，当自寄信通知，凡事须自从吾之言，不可自主自意。启者，儿现今居住丰镇兄店中办事，谅亦知之，近前丰镇兄下越，可往炳成取金钱付与他带下，谨记为要，不可有误。二地平安，余容后禀。专此，敬请
金安不一
另者，兹逢轮船，即寄上大法币壹拾元查收，家情应用也。",213,6,10,外洋丁南,潮汕母亲大人,child,parent,child_to_parent,母亲；兄；儿,潮汕母；言及吾儿；居住丰镇兄；近前丰镇兄,大人；尊前,儿,海外,广东侨乡,海外,广东侨乡,潮汕->广东侨乡,海外 -> 广东侨乡,1,海外；广东侨乡,丙（1936）六月廿四日,"儿丁南缄
丙六月廿四日",1936,1936,六月,廿四日,solar,干支或传统纪年,high,法币壹拾元,壹拾元,10,国币,另者，兹逢轮船，即寄上大法币壹拾元查收，家情应用也。,,另者，兹逢轮船，即寄上大法币壹拾元查收，家情应用也。,1,母亲大人尊前：,敬禀者，承接来家信一札，披读之下，言及吾儿即欲做酒，儿现时并无余资，但办鸡蛋（蛋）一事亦好做酒，候侍（待）近前，然后未迟。,二地平安，余容后禀。,"敬禀者，承接来家信一札，披读之下，言及吾儿即欲做酒，儿现时并无余资，但办鸡蛋（蛋）一事亦好做酒，候侍（待）近前，然后未迟。如吾存有余积，当自寄信通知，凡事须自从吾之言，不可自主自意。启者，儿现今居住丰镇兄店中办事，谅亦知之，近前丰镇兄下越，可往炳成取金钱付与他带下，谨记为要，不可有误。二地平安，余容后禀。专此，敬请
金安不一
另者，兹逢轮船，即寄上大法币壹拾元查收，家情应用也。",二地平安，余容后禀。,母亲大人尊前：；敬禀者，承接来家信一札，披读之下，言及吾儿即欲做酒，儿现时并无余资，但办鸡蛋（蛋）一事亦好做酒，候侍（待）近前，然后未迟。,如吾存有余积，当自寄信通知，凡事须自从吾之言，不可自主自意。；启者，儿现今居住丰镇兄店中办事，谅亦知之，近前丰镇兄下越，可往炳成取金钱付与他带下，谨记为要，不可有误。,,缄,"儿丁南缄
丙六月廿四日",儿丁南缄,,1,1,1,1,1,0,0,0,0,0,0,instruction,family_affection;remittance;safety;instruction;study,敬禀者；启者；禀者；尊前,启,大人；尊前；金安,儿；谨,兹；谅；承；容后,敬禀者；尊前；查收；金安；不一；容后,寄上；查收,平安,须；不可,敬禀者；启者；禀者；尊前；启；大人；金安；儿；谨；兹；谅；承；容后；查收；不一,3,"母亲大人尊前：
敬禀者，承接来家信一札，披读之下，言及吾儿即欲做酒，儿现时并无余资，但办鸡蛋（蛋）一事亦好做酒，候侍（待）近前，然后未迟。
二地平安，余容后禀。
另者，兹逢轮船，即寄上大法币壹拾元查收，家情应用也。
如吾存有余积，当自寄信通知，凡事须自从吾之言，不可自主自意。；启者，儿现今居住丰镇兄店中办事，谅亦知之，近前丰镇兄下越，可往炳成取金钱付与他带下，谨记为要，不可有误。
儿丁南缄",母亲大人尊前：,二地平安，余容后禀。,另者，兹逢轮船，即寄上大法币壹拾元查收，家情应用也。,母亲大人尊前：；敬禀者，承接来家信一札，披读之下，言及吾儿即欲做酒，儿现时并无余资，但办鸡蛋（蛋）一事亦好做酒，候侍（待）近前，然后未迟。,如吾存有余积，当自寄信通知，凡事须自从吾之言，不可自主自意。；启者，儿现今居住丰镇兄店中办事，谅亦知之，近前丰镇兄下越，可往炳成取金钱付与他带下，谨记为要，不可有误。,儿丁南缄,sender=外洋丁南；recipient=潮汕母亲大人；relationship=child_to_parent；date=丙（1936）六月廿四日；money=壹拾元；currency=国币；places=潮汕->广东侨乡；kinship=母亲；兄；儿,"丙（1936）六月廿四日，外洋丁南寄潮汕母亲大人
外洋丁南
潮汕母亲大人
丙（1936）六月廿四日
法币壹拾元
潮汕->广东侨乡
family_affection;remittance;safety;instruction;study
敬禀者，承接来家信一札，披读之下，言及吾儿即欲做酒，儿现时并无余资，但办鸡蛋（蛋）一事亦好做酒，候侍（待）近前，然后未迟。如吾存有余积，当自寄信通知，凡事须自从吾之言，不可自主自意。启者，儿现今居住丰镇兄店中办事，谅亦知之，近前丰镇兄下越，可往炳成取金钱付与他带下，谨记为要，不可有误。二地平安，余容后禀。专此，敬请
金安不一
另者，兹逢轮船，即寄上大法币壹拾元查收，家情应用也。",题名：丙（1936）六月廿四日，外洋丁南寄潮汕母亲大人；寄批人：外洋丁南；收批人：潮汕母亲大人；日期：丙（1936）六月廿四日；汇款：法币壹拾元；主题：family_affection;remittance;safety;instruction;study；正文摘录：敬禀者，承接来家信一札，披读之下，言及吾儿即欲做酒，儿现时并无余资，但办鸡蛋（蛋）一事亦好做酒，候侍（待）近前，然后未迟。如吾存有余积，当自寄信通知，凡事须自从吾之言，不可自主自意。启者，儿现今居住丰镇兄店中办事，谅亦知之，近前丰镇兄下越，,丙（1936）六月廿四日,外洋丁南,潮汕母亲大人,188,0,丁南,母亲,母亲,high,广东侨乡；海外,"[{""record_id"": ""CSQP-SFHC-TEXT-044"", ""raw_text"": ""法币壹拾元"", ""amount_text"": ""壹拾元"", ""amount_number"": 10, ""currency"": ""国币"", ""sentence"": ""另者，兹逢轮船，即寄上大法币壹拾元查收，家情应用也。"", ""is_primary_candidate"": true, ""source_field"": ""body_clean""}]",丙（1936）六月廿四日，外洋丁南寄潮汕母亲大人；外洋丁南；潮汕母亲大人；丁南；母亲；兄；儿；广东侨乡；海外；法币壹拾元；国币；family_affection；remittance；safety；instruction；study；潮汕；广东；法币；元；敬禀者；尊前；查收；金安；不一；容后；六月；廿四日；外洋；侨乡；拾元；family；affection；禀者；启者；承接；家信；一札；披读；之下；言及；现时；无余；但办；鸡蛋；一事；候侍；近前；然后；未迟；存有；余积；当自；寄信；通知；凡事；自从；之言；自主；自意；现今；居住；丰镇；兄店；办事；谅亦知；兄下；可往炳；成取；金钱；付与；谨记；有误；二地；平安；余容；另者；兹逢；轮船；应用
CSQP-SFHC-TEXT-045,45,廿五年（1936）六月廿六，暹卓峰寄饶邑隆都许双亲大人,pdf_pages=79；book_pages=50,1,medium,0,"双亲大人尊前福安：

敬禀者，昨接专函，拜悉一切，藉悉家中平安，儿心甚慰。付来协（荔）枝三碑（竿），均已收到，望免锦念。兹因轮之便，即奉上国币拾肆元，到时查收。内肆元即吾细叔寄交祖母三元，交四婶壹元，余十元，即儿寄交双亲以助家需，专此奉告。顺候
金安

儿卓峰托
廿五，六，廿六","双亲大人尊前福安：

敬禀者，昨接专函，拜悉一切，藉悉家中平安，儿心甚慰。付来协（荔）枝三碑（竿），均已收到，望免锦念。兹因轮之便，即奉上国币拾肆元，到时查收。内肆元即吾细叔寄交祖母三元，交四婶壹元，余十元，即儿寄交双亲以助家需，专此奉告。顺候
金安

儿卓峰托
廿五，六，廿六","双亲大人尊前福安：

敬禀者，昨接专函，拜悉一切，藉悉家中平安，儿心甚慰。付来协（荔）枝三碑（竿），均已收到，望免锦念。兹因轮之便，即奉上国币拾肆元，到时查收。内肆元即吾细叔寄交祖母三元，交四婶壹元，余十元，即儿寄交双亲以助家需，专此奉告。顺候
金安

儿卓峰托
廿五，六，廿六","敬禀者，昨接专函，拜悉一切，藉悉家中平安，儿心甚慰。付来协（荔）枝三碑（竿），均已收到，望免锦念。兹因轮之便，即奉上国币拾肆元，到时查收。内肆元即吾细叔寄交祖母三元，交四婶壹元，余十元，即儿寄交双亲以助家需，专此奉告。顺候
金安",139,5,9,暹卓峰,饶邑隆都许双亲大人,child,parent,child_to_parent,双亲；祖母；儿；叔；婶,元即吾细叔；寄交祖母；交四婶；即儿,大人；尊前；福安,儿,泰国,广东饶平,泰国,广东饶平,饶邑->广东饶平；暹->泰国,泰国 -> 广东饶平,1,泰国；广东侨乡,廿五年（1936）六月廿六,"儿卓峰托
廿五，六，廿六",1936,1936,六月,,solar,西历,high,国币拾肆元,拾肆元,14,国币,兹因轮之便，即奉上国币拾肆元，到时查收。,,兹因轮之便，即奉上国币拾肆元，到时查收。；内肆元即吾细叔寄交祖母三元，交四婶壹元，余十元，即儿寄交双亲以助家需，专此奉告。,1,双亲大人尊前福安：,敬禀者，昨接专函，拜悉一切，藉悉家中平安，儿心甚慰。,双亲大人尊前福安：,"敬禀者，昨接专函，拜悉一切，藉悉家中平安，儿心甚慰。付来协（荔）枝三碑（竿），均已收到，望免锦念。兹因轮之便，即奉上国币拾肆元，到时查收。内肆元即吾细叔寄交祖母三元，交四婶壹元，余十元，即儿寄交双亲以助家需，专此奉告。顺候
金安",敬禀者，昨接专函，拜悉一切，藉悉家中平安，儿心甚慰。,敬禀者，昨接专函，拜悉一切，藉悉家中平安，儿心甚慰。；内肆元即吾细叔寄交祖母三元，交四婶壹元，余十元，即儿寄交双亲以助家需，专此奉告。,,顺候,托,"儿卓峰托
廿五，六，廿六",儿卓峰托,,1,1,1,0,0,0,0,0,0,0,0,safety_report,family_affection;remittance;safety,敬禀者；禀者；尊前,托；顺候,大人；尊前；金安；福安,儿,兹；奉；甚慰,敬禀者；尊前；查收；顺候；金安；福安,奉上；查收,平安,,敬禀者；禀者；尊前；托；顺候；大人；金安；福安；儿；兹；奉；甚慰；查收,3,"双亲大人尊前福安：
敬禀者，昨接专函，拜悉一切，藉悉家中平安，儿心甚慰。
兹因轮之便，即奉上国币拾肆元，到时查收。
顺候
儿卓峰托",双亲大人尊前福安：,敬禀者，昨接专函，拜悉一切，藉悉家中平安，儿心甚慰。,兹因轮之便，即奉上国币拾肆元，到时查收。,敬禀者，昨接专函，拜悉一切，藉悉家中平安，儿心甚慰。；内肆元即吾细叔寄交祖母三元，交四婶壹元，余十元，即儿寄交双亲以助家需，专此奉告。,,顺候；儿卓峰托,sender=暹卓峰；recipient=饶邑隆都许双亲大人；relationship=child_to_parent；date=廿五年（1936）六月廿六；money=拾肆元；currency=国币；places=饶邑->广东饶平；暹->泰国；kinship=双亲；祖母；儿；叔；婶,"廿五年（1936）六月廿六，暹卓峰寄饶邑隆都许双亲大人
暹卓峰
饶邑隆都许双亲大人
廿五年（1936）六月廿六
国币拾肆元
饶邑->广东饶平；暹->泰国
family_affection;remittance;safety
敬禀者，昨接专函，拜悉一切，藉悉家中平安，儿心甚慰。付来协（荔）枝三碑（竿），均已收到，望免锦念。兹因轮之便，即奉上国币拾肆元，到时查收。内肆元即吾细叔寄交祖母三元，交四婶壹元，余十元，即儿寄交双亲以助家需，专此奉告。顺候
金安",题名：廿五年（1936）六月廿六，暹卓峰寄饶邑隆都许双亲大人；寄批人：暹卓峰；收批人：饶邑隆都许双亲大人；日期：廿五年（1936）六月廿六；汇款：国币拾肆元；主题：family_affection;remittance;safety；正文摘录：敬禀者，昨接专函，拜悉一切，藉悉家中平安，儿心甚慰。付来协（荔）枝三碑（竿），均已收到，望免锦念。兹因轮之便，即奉上国币拾肆元，到时查收。内肆元即吾细叔寄交祖母三元，交四婶壹元，余十元，即儿寄交双亲以助家需，专此奉告。顺候金安,廿五年（1936）六月廿六,暹卓峰,饶邑隆都许双亲大人,113,0,卓峰,隆都许双亲,双亲,high,广东饶平；泰国,"[{""record_id"": ""CSQP-SFHC-TEXT-045"", ""raw_text"": ""国币拾肆元"", ""amount_text"": ""拾肆元"", ""amount_number"": 14, ""currency"": ""国币"", ""sentence"": ""兹因轮之便，即奉上国币拾肆元，到时查收。"", ""is_primary_candidate"": true, ""source_field"": ""body_clean""}, {""record_id"": ""CSQP-SFHC-TEXT-045"", ""raw_text"": ""肆元"", ""amount_text"": ""肆元"", ""amount_number"": 4, ""currency"": ""元"", ""sentence"": ""内肆元即吾细叔寄交祖母三元，交四婶壹元，余十元，即儿寄交双亲以助家需，专此奉告。"", ""is_primary_candidate"": false, ""source_field"": ""body_clean""}, {""record_id"": ""CSQP-SFHC-TEXT-045"", ""raw_text"": ""三元"", ""amount_text"": ""三元"", ""amount_number"": 3, ""currency"": ""元"", ""sentence"": ""内肆元即吾细叔寄交祖母三元，交四婶壹元，余十元，即儿寄交双亲以助家需，专此奉告。"", ""is_primary_candidate"": false, ""source_field"": ""body_clean""}, {""record_id"": ""CSQP-SFHC-TEXT-045"", ""raw_text"": ""壹元"", ""amount_text"": ""壹元"", ""amount_number"": 1, ""currency"": ""元"", ""sentence"": ""内肆元即吾细叔寄交祖母三元，交四婶壹元，余十元，即儿寄交双亲以助家需，专此奉告。"", ""is_primary_candidate"": false, ""source_field"": ""body_clean""}, {""record_id"": ""CSQP-SFHC-TEXT-045"", ""raw_text"": ""十元"", ""amount_text"": ""十元"", ""amount_number"": 10, ""currency"": ""元"", ""sentence"": ""内肆元即吾细叔寄交祖母三元，交四婶壹元，余十元，即儿寄交双亲以助家需，专此奉告。"", ""is_primary_candidate"": false, ""source_field"": ""body_clean""}]",廿五年（1936）六月廿六，暹卓峰寄饶邑隆都许双亲大人；暹卓峰；饶邑隆都许双亲大人；卓峰；隆都许双亲；双亲；祖母；儿；叔；婶；广东饶平；泰国；国币拾肆元；国币；family_affection；remittance；safety；饶邑；广东；元；敬禀者；尊前；查收；顺候；金安；福安；廿五年；六月；廿六；饶邑隆；隆都许；饶平；拾肆；family；affection；禀者；甚慰；昨接；专函；拜悉；家中；平安；儿心；付来协；枝三碑；收到；望免；锦念；因轮；内肆；细叔；寄交；三元；交四婶；壹元；十元；即儿；以助家；奉告
CSQP-SFHC-TEXT-046,46,廿五年（1936）七月五日，外洋程兴寄潮汕双亲大人,pdf_pages=80；book_pages=51,1,medium,0,"双亲大人尊前膝下：

敬启者，兹承是月得接示谕，展读之后，各情领悉一切矣。恭维大人福体康强，合家平安，至以为颂也。刻逢批局之便，外呈国币拾元，至日查收，以应家情之用也。刻下儿尚未有事可任，顺为通知也。特此，并候
福安

廿五，七，五  儿程兴缄","双亲大人尊前膝下：

敬启者，兹承是月得接示谕，展读之后，各情领悉一切矣。恭维大人福体康强，合家平安，至以为颂也。刻逢批局之便，外呈国币拾元，至日查收，以应家情之用也。刻下儿尚未有事可任，顺为通知也。特此，并候
福安

廿五，七，五 儿程兴缄","双亲大人尊前膝下：

敬启者，兹承是月得接示谕，展读之后，各情领悉一切矣。恭维大人福体康强，合家平安，至以为颂也。刻逢批局之便，外呈国币拾元，至日查收，以应家情之用也。刻下儿尚未有事可任，顺为通知也。特此，并候
福安

廿五，七，五 儿程兴缄","敬启者，兹承是月得接示谕，展读之后，各情领悉一切矣。恭维大人福体康强，合家平安，至以为颂也。刻逢批局之便，外呈国币拾元，至日查收，以应家情之用也。刻下儿尚未有事可任，顺为通知也。特此，并候
福安",121,4,8,外洋程兴,潮汕双亲大人,,parent,child_to_parent,双亲；儿,刻下儿,大人；尊前；膝下,,海外,广东侨乡,海外,广东侨乡,潮汕->广东侨乡,海外 -> 广东侨乡,1,海外；广东侨乡,廿五年（1936）七月五日,廿五，七，五 儿程兴缄,1936,1936,七月,五日,solar,西历,high,国币拾元,拾元,10,国币,刻逢批局之便，外呈国币拾元，至日查收，以应家情之用也。,,刻逢批局之便，外呈国币拾元，至日查收，以应家情之用也。,1,双亲大人尊前膝下：,敬启者，兹承是月得接示谕，展读之后，各情领悉一切矣。,恭维大人福体康强，合家平安，至以为颂也。,"敬启者，兹承是月得接示谕，展读之后，各情领悉一切矣。恭维大人福体康强，合家平安，至以为颂也。刻逢批局之便，外呈国币拾元，至日查收，以应家情之用也。刻下儿尚未有事可任，顺为通知也。特此，并候
福安",恭维大人福体康强，合家平安，至以为颂也。,恭维大人福体康强，合家平安，至以为颂也。；刻下儿尚未有事可任，顺为通知也。,,,缄,廿五，七，五 儿程兴缄,廿五，七，五 儿程兴缄,,1,1,1,0,1,0,0,0,0,0,0,health_care,family_affection;remittance;safety;study,启者；尊前；膝下,启,大人；尊前；膝下；福安,儿,兹；承,膝下；尊前；查收；福安,查收,平安,,启者；尊前；膝下；启；大人；福安；儿；兹；承；查收,3,"双亲大人尊前膝下：
敬启者，兹承是月得接示谕，展读之后，各情领悉一切矣。
恭维大人福体康强，合家平安，至以为颂也。
刻逢批局之便，外呈国币拾元，至日查收，以应家情之用也。
廿五，七，五 儿程兴缄",双亲大人尊前膝下：,恭维大人福体康强，合家平安，至以为颂也。,刻逢批局之便，外呈国币拾元，至日查收，以应家情之用也。,恭维大人福体康强，合家平安，至以为颂也。；刻下儿尚未有事可任，顺为通知也。,,廿五，七，五 儿程兴缄,sender=外洋程兴；recipient=潮汕双亲大人；relationship=child_to_parent；date=廿五年（1936）七月五日；money=拾元；currency=国币；places=潮汕->广东侨乡；kinship=双亲；儿,"廿五年（1936）七月五日，外洋程兴寄潮汕双亲大人
外洋程兴
潮汕双亲大人
廿五年（1936）七月五日
国币拾元
潮汕->广东侨乡
family_affection;remittance;safety;study
敬启者，兹承是月得接示谕，展读之后，各情领悉一切矣。恭维大人福体康强，合家平安，至以为颂也。刻逢批局之便，外呈国币拾元，至日查收，以应家情之用也。刻下儿尚未有事可任，顺为通知也。特此，并候
福安",题名：廿五年（1936）七月五日，外洋程兴寄潮汕双亲大人；寄批人：外洋程兴；收批人：潮汕双亲大人；日期：廿五年（1936）七月五日；汇款：国币拾元；主题：family_affection;remittance;safety;study；正文摘录：敬启者，兹承是月得接示谕，展读之后，各情领悉一切矣。恭维大人福体康强，合家平安，至以为颂也。刻逢批局之便，外呈国币拾元，至日查收，以应家情之用也。刻下儿尚未有事可任，顺为通知也。特此，并候福安,廿五年（1936）七月五日,外洋程兴,潮汕双亲大人,96,0,程兴,双亲,双亲,high,广东侨乡；海外,"[{""record_id"": ""CSQP-SFHC-TEXT-046"", ""raw_text"": ""国币拾元"", ""amount_text"": ""拾元"", ""amount_number"": 10, ""currency"": ""国币"", ""sentence"": ""刻逢批局之便，外呈国币拾元，至日查收，以应家情之用也。"", ""is_primary_candidate"": true, ""source_field"": ""body_clean""}]",廿五年（1936）七月五日，外洋程兴寄潮汕双亲大人；外洋程兴；潮汕双亲大人；程兴；双亲；儿；广东侨乡；海外；国币拾元；国币；family_affection；remittance；safety；study；潮汕；广东；元；膝下；尊前；查收；福安；廿五年；七月；五日；外洋；侨乡；拾元；family；affection；启者；敬启者；接示；展读；之后；各情；领悉；恭维；福体；康强；合家；平安；以为；刻逢；批局；至日；应家情；之用；刻下；尚未；有事；可任；顺为；通知；特此；并候
CSQP-SFHC-TEXT-047,47,丙年（1936）七月廿四日，咏亨（彭亨）陈赞堂寄潮安东凤乡家祖母大人,pdf_pages=81；book_pages=52,1,medium,0,"寄批人：彭亨陈赞堂
收批人：潮安东风乡家祖母大人
批款：英洋伍元
日期：丙年七月廿四日

家祖慈大人前金安：

敬禀者，聆悉有船透【往】汕，便寄壹信，外并大英币伍元，到视（时）务望检收，以帮家计之需。近谅庭中诸事，定添顺遂，但不知早冬如何否？祈望邦赐玉音示晓。另孙儿与吾细叔父，常常皆有书相通，祈勿锦念是幸。欲言不尽，蒙神天保佑，内外平安，不胜欣喜。敬请
金安

孙儿陈赞堂禀
丙年七月廿四日","寄批人：彭亨陈赞堂
收批人：潮安东风乡家祖母大人
批款：英洋伍元
日期：丙年七月廿四日

家祖慈大人前金安：

敬禀者，聆悉有船透【往】汕，便寄壹信，外并大英币伍元，到视（时）务望检收，以帮家计之需。近谅庭中诸事，定添顺遂，但不知早冬如何否？祈望邦赐玉音示晓。另孙儿与吾细叔父，常常皆有书相通，祈勿锦念是幸。欲言不尽，蒙神天保佑，内外平安，不胜欣喜。敬请
金安

孙儿陈赞堂禀
丙年七月廿四日","家祖慈大人前金安：

敬禀者，聆悉有船透【往】汕，便寄壹信，外并大英币伍元，到视（时）务望检收，以帮家计之需。近谅庭中诸事，定添顺遂，但不知早冬如何否？祈望邦赐玉音示晓。另孙儿与吾细叔父，常常皆有书相通，祈勿锦念是幸。欲言不尽，蒙神天保佑，内外平安，不胜欣喜。敬请
金安

孙儿陈赞堂禀
丙年七月廿四日","敬禀者，聆悉有船透【往】汕，便寄壹信，外并大英币伍元，到视（时）务望检收，以帮家计之需。近谅庭中诸事，定添顺遂，但不知早冬如何否？祈望邦赐玉音示晓。另孙儿与吾细叔父，常常皆有书相通，祈勿锦念是幸。欲言不尽，蒙神天保佑，内外平安，不胜欣喜。敬请
金安",196,9,10,彭亨陈赞堂,潮安东风乡家祖母大人,grandchild,grandparent,grandchild_to_grandparent,祖母；祖慈；家祖；叔父；儿；孙；叔,东风乡家祖母；另孙儿；与吾细叔父；孙儿,大人；金安,孙,马来西亚彭亨,广东潮安,马来西亚彭亨,广东潮安,彭亨->马来西亚彭亨；潮安->广东潮安；东凤->广东潮安东凤,马来西亚彭亨 -> 广东潮安,1,马来西亚；广东侨乡,丙年七月廿四日,"孙儿陈赞堂禀
丙年七月廿四日",1936,1936,七月,廿四日,solar,干支或传统纪年,high,英洋伍元,伍元,5,英洋,,,,1,家祖慈大人前金安：,敬禀者，聆悉有船透【往】汕，便寄壹信，外并大英币伍元，到视（时）务望检收，以帮家计之需。,欲言不尽，蒙神天保佑，内外平安，不胜欣喜。,"敬禀者，聆悉有船透【往】汕，便寄壹信，外并大英币伍元，到视（时）务望检收，以帮家计之需。近谅庭中诸事，定添顺遂，但不知早冬如何否？祈望邦赐玉音示晓。另孙儿与吾细叔父，常常皆有书相通，祈勿锦念是幸。欲言不尽，蒙神天保佑，内外平安，不胜欣喜。敬请
金安",欲言不尽，蒙神天保佑，内外平安，不胜欣喜。,另孙儿与吾细叔父，常常皆有书相通，祈勿锦念是幸。；孙儿陈赞堂禀,敬禀者，聆悉有船透【往】汕，便寄壹信，外并大英币伍元，到视（时）务望检收，以帮家计之需。,,,"孙儿陈赞堂禀
丙年七月廿四日",孙儿陈赞堂禀,,1,1,1,1,0,0,0,0,0,0,0,instruction,family_affection;remittance;safety;instruction,敬禀者；禀者,,大人；金安,儿,祈；谅；不胜,敬禀者；务望；金安,,平安,务望,敬禀者；禀者；大人；金安；儿；祈；谅；不胜；务望,2,"家祖慈大人前金安：
敬禀者，聆悉有船透【往】汕，便寄壹信，外并大英币伍元，到视（时）务望检收，以帮家计之需。
欲言不尽，蒙神天保佑，内外平安，不胜欣喜。
孙儿陈赞堂禀",家祖慈大人前金安：,欲言不尽，蒙神天保佑，内外平安，不胜欣喜。,英洋伍元,另孙儿与吾细叔父，常常皆有书相通，祈勿锦念是幸。；孙儿陈赞堂禀,敬禀者，聆悉有船透【往】汕，便寄壹信，外并大英币伍元，到视（时）务望检收，以帮家计之需。,孙儿陈赞堂禀,sender=彭亨陈赞堂；recipient=潮安东风乡家祖母大人；relationship=grandchild_to_grandparent；date=丙年七月廿四日；money=伍元；currency=英洋；places=彭亨->马来西亚彭亨；潮安->广东潮安；东凤->广东潮安东凤；kinship=祖母；祖慈；家祖；叔父；儿；孙；叔,"丙年（1936）七月廿四日，咏亨（彭亨）陈赞堂寄潮安东凤乡家祖母大人
彭亨陈赞堂
潮安东风乡家祖母大人
丙年七月廿四日
英洋伍元
彭亨->马来西亚彭亨；潮安->广东潮安；东凤->广东潮安东凤
family_affection;remittance;safety;instruction
敬禀者，聆悉有船透【往】汕，便寄壹信，外并大英币伍元，到视（时）务望检收，以帮家计之需。近谅庭中诸事，定添顺遂，但不知早冬如何否？祈望邦赐玉音示晓。另孙儿与吾细叔父，常常皆有书相通，祈勿锦念是幸。欲言不尽，蒙神天保佑，内外平安，不胜欣喜。敬请
金安",题名：丙年（1936）七月廿四日，咏亨（彭亨）陈赞堂寄潮安东凤乡家祖母大人；寄批人：彭亨陈赞堂；收批人：潮安东风乡家祖母大人；日期：丙年七月廿四日；汇款：英洋伍元；主题：family_affection;remittance;safety;instruction；正文摘录：敬禀者，聆悉有船透【往】汕，便寄壹信，外并大英币伍元，到视（时）务望检收，以帮家计之需。近谅庭中诸事，定添顺遂，但不知早冬如何否？祈望邦赐玉音示晓。另孙儿与吾细叔父，常常皆有书相通，祈勿锦念是幸。欲言不尽，蒙神天保佑，内外平安，不胜欣喜。敬,丙年（1936）七月廿四日,咏亨（彭亨）陈赞堂,潮安东凤乡家祖母大人,123,0,陈赞堂,祖母,祖母,high,马来西亚彭亨；广东潮安；广东潮安东凤,"[{""record_id"": ""CSQP-SFHC-TEXT-047"", ""raw_text"": ""英洋伍元"", ""amount_text"": ""伍元"", ""amount_number"": 5, ""currency"": ""英洋"", ""sentence"": ""批款：英洋伍元"", ""is_primary_candidate"": true, ""source_field"": ""body_clean""}, {""record_id"": ""CSQP-SFHC-TEXT-047"", ""raw_text"": ""币伍元"", ""amount_text"": ""伍元"", ""amount_number"": 5, ""currency"": ""元"", ""sentence"": ""敬禀者，聆悉有船透【往】汕，便寄壹信，外并大英币伍元，到视（时）务望检收，以帮家计之需。"", ""is_primary_candidate"": false, ""source_field"": ""body_clean""}]",丙年（1936）七月廿四日，咏亨（彭亨）陈赞堂寄潮安东凤乡家祖母大人；彭亨陈赞堂；潮安东风乡家祖母大人；陈赞堂；祖母；祖慈；家祖；叔父；儿；孙；叔；马来西亚彭亨；广东潮安；广东潮安东凤；英洋伍元；英洋；family_affection；remittance；safety；instruction；彭亨；潮安；东凤；广东；元；敬禀者；务望；金安；丙年；七月；廿四日；乡家；东风；马来西亚；伍元；family；affection；禀者；不胜；聆悉；寄壹信；英币；到视；检收；以帮；家计；近谅；庭中；诸事；定添；顺遂；不知；早冬；如何；祈望；玉音；示晓；孙儿；常常；相通；祈勿锦念；欲言；不尽；蒙神天；保佑；内外；平安；欣喜
CSQP-SFHC-TEXT-048,48,丙子年（1936）七月廿五日，外洋再火寄潮汕外祖母大人,pdf_pages=82；book_pages=53,1,medium,0,"字本

外祖母大人尊前：

敬启者，顷接来谕，敬读再三，各情聆悉。但孙现刻处境十分困难，要将家批分而为二，而批费每张折合国币四角，恐区区新（薪）水，势有所不能耳。望祈转知家妗母，以后每月，在我家批内，抹出数元与他可也。余容后叙。专此，敬请
福安

外孙再炎谨上
丙子年七月廿五日","字本

外祖母大人尊前：

敬启者，顷接来谕，敬读再三，各情聆悉。但孙现刻处境十分困难，要将家批分而为二，而批费每张折合国币四角，恐区区新（薪）水，势有所不能耳。望祈转知家妗母，以后每月，在我家批内，抹出数元与他可也。余容后叙。专此，敬请
福安

外孙再炎谨上
丙子年七月廿五日","字本

外祖母大人尊前：

敬启者，顷接来谕，敬读再三，各情聆悉。但孙现刻处境十分困难，要将家批分而为二，而批费每张折合国币四角，恐区区新（薪）水，势有所不能耳。望祈转知家妗母，以后每月，在我家批内，抹出数元与他可也。余容后叙。专此，敬请
福安

外孙再炎谨上
丙子年七月廿五日","字本
敬启者，顷接来谕，敬读再三，各情聆悉。但孙现刻处境十分困难，要将家批分而为二，而批费每张折合国币四角，恐区区新（薪）水，势有所不能耳。望祈转知家妗母，以后每月，在我家批内，抹出数元与他可也。余容后叙。专此，敬请
福安",139,6,10,外洋再火,潮汕外祖母大人,grandchild,grandparent,grandchild_to_grandparent,祖母；外祖母；孙；外孙；妗,潮汕外祖母；外祖母；但孙；祈转知家妗；外孙,大人；尊前,外孙,海外,广东侨乡,海外,广东侨乡,潮汕->广东侨乡,海外 -> 广东侨乡,1,海外；广东侨乡,丙子年（1936）七月廿五日,"外孙再炎谨上
丙子年七月廿五日",1936,1936,七月,廿五日,solar,干支或传统纪年,high,国币四角,四角,4,国币,,,,1,外祖母大人尊前：,敬启者，顷接来谕，敬读再三，各情聆悉。,福安,"字本
敬启者，顷接来谕，敬读再三，各情聆悉。但孙现刻处境十分困难，要将家批分而为二，而批费每张折合国币四角，恐区区新（薪）水，势有所不能耳。望祈转知家妗母，以后每月，在我家批内，抹出数元与他可也。余容后叙。专此，敬请
福安",,外祖母大人尊前：；望祈转知家妗母，以后每月，在我家批内，抹出数元与他可也。,,,谨上,"外孙再炎谨上
丙子年七月廿五日",外孙再炎谨上,,1,1,0,0,1,0,0,0,0,0,0,remittance,family_affection;remittance;study,启者；尊前,谨上；启,大人；尊前；福安,谨,祈；容后,尊前；福安；容后,,,,启者；尊前；谨上；启；大人；福安；谨；祈；容后,2,"外祖母大人尊前：
敬启者，顷接来谕，敬读再三，各情聆悉。
外孙再炎谨上",外祖母大人尊前：,,国币四角,外祖母大人尊前：；望祈转知家妗母，以后每月，在我家批内，抹出数元与他可也。,,外孙再炎谨上,sender=外洋再火；recipient=潮汕外祖母大人；relationship=grandchild_to_grandparent；date=丙子年（1936）七月廿五日；money=四角；currency=国币；places=潮汕->广东侨乡；kinship=祖母；外祖母；孙；外孙；妗,"丙子年（1936）七月廿五日，外洋再火寄潮汕外祖母大人
外洋再火
潮汕外祖母大人
丙子年（1936）七月廿五日
国币四角
潮汕->广东侨乡
family_affection;remittance;study
字本
敬启者，顷接来谕，敬读再三，各情聆悉。但孙现刻处境十分困难，要将家批分而为二，而批费每张折合国币四角，恐区区新（薪）水，势有所不能耳。望祈转知家妗母，以后每月，在我家批内，抹出数元与他可也。余容后叙。专此，敬请
福安",题名：丙子年（1936）七月廿五日，外洋再火寄潮汕外祖母大人；寄批人：外洋再火；收批人：潮汕外祖母大人；日期：丙子年（1936）七月廿五日；汇款：国币四角；主题：family_affection;remittance;study；正文摘录：字本敬启者，顷接来谕，敬读再三，各情聆悉。但孙现刻处境十分困难，要将家批分而为二，而批费每张折合国币四角，恐区区新（薪）水，势有所不能耳。望祈转知家妗母，以后每月，在我家批内，抹出数元与他可也。余容后叙。专此，敬请福安,丙子年（1936）七月廿五日,外洋再火,潮汕外祖母大人,109,0,再火,外祖母,祖母,high,广东侨乡；海外,"[{""record_id"": ""CSQP-SFHC-TEXT-048"", ""raw_text"": ""国币四角"", ""amount_text"": ""四角"", ""amount_number"": 4, ""currency"": ""国币"", ""sentence"": ""但孙现刻处境十分困难，要将家批分而为二，而批费每张折合国币四角，恐区区新（薪）水，势有所不能耳。"", ""is_primary_candidate"": true, ""source_field"": ""body_clean""}]",丙子年（1936）七月廿五日，外洋再火寄潮汕外祖母大人；外洋再火；潮汕外祖母大人；再火；外祖母；祖母；孙；外孙；妗；广东侨乡；海外；国币四角；国币；family_affection；remittance；study；潮汕；广东；元；尊前；福安；容后；丙子年；七月；廿五日；外洋；侨乡；四角；family；affection；启者；谨上；字本；敬启者；顷接；敬读；再三；各情；聆悉；现刻；处境；十分困难；批分；批费；每张；折合；区区；有所；不能；祈转；知家；以后；每月；我家；批内；出数；余容
CSQP-SFHC-TEXT-049,49,廿五年（1936）十一月十九，外洋程兴寄潮汕双亲大人,pdf_pages=83；book_pages=54,1,medium,0,"双亲大人尊前膝下：

敬启者，本月接读示教，领悉一切矣。刻逢批局之便，奉上寸草，恭祝大人起居康健，合家平安，欣慰之至也。外呈大洋币拾元，至日查收，以应家情之用耳。余无别言。并候
福安

廿五，十乙（一），十九缄  儿程兴","双亲大人尊前膝下：

敬启者，本月接读示教，领悉一切矣。刻逢批局之便，奉上寸草，恭祝大人起居康健，合家平安，欣慰之至也。外呈大洋币拾元，至日查收，以应家情之用耳。余无别言。并候
福安

廿五，十乙（一），十九缄 儿程兴","双亲大人尊前膝下：

敬启者，本月接读示教，领悉一切矣。刻逢批局之便，奉上寸草，恭祝大人起居康健，合家平安，欣慰之至也。外呈大洋币拾元，至日查收，以应家情之用耳。余无别言。并候
福安

廿五，十乙（一），十九缄 儿程兴","敬启者，本月接读示教，领悉一切矣。刻逢批局之便，奉上寸草，恭祝大人起居康健，合家平安，欣慰之至也。外呈大洋币拾元，至日查收，以应家情之用耳。余无别言。并候
福安",109,4,8,外洋程兴,潮汕双亲大人,,parent,child_to_parent,双亲；儿,,大人；尊前；膝下,,海外,广东侨乡,海外,广东侨乡,潮汕->广东侨乡,海外 -> 广东侨乡,1,海外；广东侨乡,廿五年（1936）十一月十九,,1936,1936,十一月,,solar,西历,high,大洋币拾元,拾元,10,大洋,外呈大洋币拾元，至日查收，以应家情之用耳。,,外呈大洋币拾元，至日查收，以应家情之用耳。,1,双亲大人尊前膝下：,敬启者，本月接读示教，领悉一切矣。,刻逢批局之便，奉上寸草，恭祝大人起居康健，合家平安，欣慰之至也。,"敬启者，本月接读示教，领悉一切矣。刻逢批局之便，奉上寸草，恭祝大人起居康健，合家平安，欣慰之至也。外呈大洋币拾元，至日查收，以应家情之用耳。余无别言。并候
福安",刻逢批局之便，奉上寸草，恭祝大人起居康健，合家平安，欣慰之至也。,刻逢批局之便，奉上寸草，恭祝大人起居康健，合家平安，欣慰之至也。；廿五，十乙（一），十九缄 儿程兴,,,,,,,1,1,1,0,1,0,0,0,0,0,0,family_affection,family_affection;remittance;safety;study,启者；尊前；膝下,启,大人；尊前；膝下；福安,儿,奉,膝下；尊前；查收；福安,奉上；查收,平安；起居,,启者；尊前；膝下；启；大人；福安；儿；奉；查收,2,"双亲大人尊前膝下：
敬启者，本月接读示教，领悉一切矣。
刻逢批局之便，奉上寸草，恭祝大人起居康健，合家平安，欣慰之至也。
外呈大洋币拾元，至日查收，以应家情之用耳。",双亲大人尊前膝下：,刻逢批局之便，奉上寸草，恭祝大人起居康健，合家平安，欣慰之至也。,外呈大洋币拾元，至日查收，以应家情之用耳。,刻逢批局之便，奉上寸草，恭祝大人起居康健，合家平安，欣慰之至也。；廿五，十乙（一），十九缄 儿程兴,,,sender=外洋程兴；recipient=潮汕双亲大人；relationship=child_to_parent；date=廿五年（1936）十一月十九；money=拾元；currency=大洋；places=潮汕->广东侨乡；kinship=双亲；儿,"廿五年（1936）十一月十九，外洋程兴寄潮汕双亲大人
外洋程兴
潮汕双亲大人
廿五年（1936）十一月十九
大洋币拾元
潮汕->广东侨乡
family_affection;remittance;safety;study
敬启者，本月接读示教，领悉一切矣。刻逢批局之便，奉上寸草，恭祝大人起居康健，合家平安，欣慰之至也。外呈大洋币拾元，至日查收，以应家情之用耳。余无别言。并候
福安",题名：廿五年（1936）十一月十九，外洋程兴寄潮汕双亲大人；寄批人：外洋程兴；收批人：潮汕双亲大人；日期：廿五年（1936）十一月十九；汇款：大洋币拾元；主题：family_affection;remittance;safety;study；正文摘录：敬启者，本月接读示教，领悉一切矣。刻逢批局之便，奉上寸草，恭祝大人起居康健，合家平安，欣慰之至也。外呈大洋币拾元，至日查收，以应家情之用耳。余无别言。并候福安,廿五年（1936）十一月十九,外洋程兴,潮汕双亲大人,79,0,程兴,双亲,双亲,high,广东侨乡；海外,"[{""record_id"": ""CSQP-SFHC-TEXT-049"", ""raw_text"": ""大洋币拾元"", ""amount_text"": ""拾元"", ""amount_number"": 10, ""currency"": ""大洋"", ""sentence"": ""外呈大洋币拾元，至日查收，以应家情之用耳。"", ""is_primary_candidate"": true, ""source_field"": ""body_clean""}]",廿五年（1936）十一月十九，外洋程兴寄潮汕双亲大人；外洋程兴；潮汕双亲大人；程兴；双亲；儿；广东侨乡；海外；大洋币拾元；大洋；family_affection；remittance；safety；study；潮汕；广东；元；膝下；尊前；查收；福安；廿五年；十一月；十九；外洋；侨乡；拾元；family；affection；启者；敬启者；本月；接读；示教；领悉；刻逢；批局；奉上；寸草；恭祝；起居；康健；合家；平安；欣慰；之至；至日；应家情；之用；余无别；并候
CSQP-SFHC-TEXT-050,50,廿六年（1937）元月十二号，外洋文高寄潮汕母亲大人,pdf_pages=84；book_pages=55,1,high,0,"母亲大人尊前：

谨禀者，兹值轮透【往】汕，乘附出国币伍拾元，到时祈为家用。另者，现暹市情艰苦，人口众多，强有势的才能谋得一职可做，像俺的势力并无，那有容易的找到？故此所以还求着学问读书。现刻已是放假后开学了，此次期考我的分数占在第六位，全级是三十一人，附此以告知。年是差不多要完，文山明年是七岁，在儿想还是叫他同文珠一同去读书，才不会在家和一些无懒（赖）的在一起，将来也要变成那样的不好，未知大人意下如何。冬天到达，天气也寒，望母亲诸宜珍摄，快乐康健，则儿在暹有已（以）安慰也，家中大小定平安也。父亲与儿俱安好，不念。

现在一元有儿全（简）米，各物贵否？敬请
福安

【廿】六，元月十二号  男文高禀","母亲大人尊前：

谨禀者，兹值轮透【往】汕，乘附出国币伍拾元，到时祈为家用。另者，现暹市情艰苦，人口众多，强有势的才能谋得一职可做，像俺的势力并无，那有容易的找到？故此所以还求着学问读书。现刻已是放假后开学了，此次期考我的分数占在第六位，全级是三十一人，附此以告知。年是差不多要完，文山明年是七岁，在儿想还是叫他同文珠一同去读书，才不会在家和一些无懒（赖）的在一起，将来也要变成那样的不好，未知大人意下如何。冬天到达，天气也寒，望母亲诸宜珍摄，快乐康健，则儿在暹有已（以）安慰也，家中大小定平安也。父亲与儿俱安好，不念。

现在一元有儿全（简）米，各物贵否？敬请
福安

【廿】六，元月十二号 男文高禀","母亲大人尊前：

谨禀者，兹值轮透【往】汕，乘附出国币伍拾元，到时祈为家用。另者，现暹市情艰苦，人口众多，强有势的才能谋得一职可做，像俺的势力并无，那有容易的找到？故此所以还求着学问读书。现刻已是放假后开学了，此次期考我的分数占在第六位，全级是三十一人，附此以告知。年是差不多要完，文山明年是七岁，在儿想还是叫他同文珠一同去读书，才不会在家和一些无懒（赖）的在一起，将来也要变成那样的不好，未知大人意下如何。冬天到达，天气也寒，望母亲诸宜珍摄，快乐康健，则儿在暹有已（以）安慰也，家中大小定平安也。父亲与儿俱安好，不念。

现在一元有儿全（简）米，各物贵否？敬请
福安

【廿】六，元月十二号 男文高禀","谨禀者，兹值轮透【往】汕，乘附出国币伍拾元，到时祈为家用。另者，现暹市情艰苦，人口众多，强有势的才能谋得一职可做，像俺的势力并无，那有容易的找到？故此所以还求着学问读书。现刻已是放假后开学了，此次期考我的分数占在第六位，全级是三十一人，附此以告知。年是差不多要完，文山明年是七岁，在儿想还是叫他同文珠一同去读书，才不会在家和一些无懒（赖）的在一起，将来也要变成那样的不好，未知大人意下如何。冬天到达，天气也寒，望母亲诸宜珍摄，快乐康健，则儿在暹有已（以）安慰也，家中大小定平安也。父亲与儿俱安好，不念。
现在一元有儿全（简）米，各物贵否？敬请
福安",301,5,12,外洋文高,潮汕母亲大人,child,parent,child_to_parent,母亲；父亲；儿；男,潮汕母；在儿；望母；则儿；父亲与儿；在一元有儿,大人；尊前,男,海外,广东侨乡,海外,广东侨乡,潮汕->广东侨乡；暹->泰国,海外 -> 广东侨乡,1,海外；广东侨乡；泰国,廿六年（1937）元月十二号,【廿】六，元月十二号 男文高禀,1937,1937,,十二号,solar,西历,high,国币伍拾元,伍拾元,50,国币,谨禀者，兹值轮透【往】汕，乘附出国币伍拾元，到时祈为家用。,家用,,1,母亲大人尊前：,谨禀者，兹值轮透【往】汕，乘附出国币伍拾元，到时祈为家用。,冬天到达，天气也寒，望母亲诸宜珍摄，快乐康健，则儿在暹有已（以）安慰也，家中大小定平安也。,"谨禀者，兹值轮透【往】汕，乘附出国币伍拾元，到时祈为家用。另者，现暹市情艰苦，人口众多，强有势的才能谋得一职可做，像俺的势力并无，那有容易的找到？故此所以还求着学问读书。现刻已是放假后开学了，此次期考我的分数占在第六位，全级是三十一人，附此以告知。年是差不多要完，文山明年是七岁，在儿想还是叫他同文珠一同去读书，才不会在家和一些无懒（赖）的在一起，将来也要变成那样的不好，未知大人意下如何。冬天到达，天气也寒，望母亲诸宜珍摄，快乐康健，则儿在暹有已（以）安慰也，家中大小定平安也。父亲与儿俱安好，不念。
现在一元有儿全（简）米，各物贵否？敬请
福安",冬天到达，天气也寒，望母亲诸宜珍摄，快乐康健，则儿在暹有已（以）安慰也，家中大小定平安也。；父亲与儿俱安好，不念。,母亲大人尊前：；年是差不多要完，文山明年是七岁，在儿想还是叫他同文珠一同去读书，才不会在家和一些无懒（赖）的在一起，将来也要变成那样的不好，未知大人意下如何。,谨禀者，兹值轮透【往】汕，乘附出国币伍拾元，到时祈为家用。,,,【廿】六，元月十二号 男文高禀,【廿】六，元月十二号 男文高禀,,1,1,1,1,1,0,1,1,0,0,0,instruction,family_affection;remittance;safety;instruction;study;work;debt,禀者；尊前,谨禀,大人；尊前；福安,儿；谨；俺,兹；祈,尊前；谨禀；福安,,平安；安好,祈为,禀者；尊前；谨禀；大人；福安；儿；谨；俺；兹；祈,3,"母亲大人尊前：
谨禀者，兹值轮透【往】汕，乘附出国币伍拾元，到时祈为家用。
冬天到达，天气也寒，望母亲诸宜珍摄，快乐康健，则儿在暹有已（以）安慰也，家中大小定平安也。；父亲与儿俱安好，不念。
【廿】六，元月十二号 男文高禀",母亲大人尊前：,冬天到达，天气也寒，望母亲诸宜珍摄，快乐康健，则儿在暹有已（以）安慰也，家中大小定平安也。；父亲与儿俱安好，不念。,谨禀者，兹值轮透【往】汕，乘附出国币伍拾元，到时祈为家用。,母亲大人尊前：；年是差不多要完，文山明年是七岁，在儿想还是叫他同文珠一同去读书，才不会在家和一些无懒（赖）的在一起，将来也要变成那样的不好，未知大人意下如何。,谨禀者，兹值轮透【往】汕，乘附出国币伍拾元，到时祈为家用。,【廿】六，元月十二号 男文高禀,sender=外洋文高；recipient=潮汕母亲大人；relationship=child_to_parent；date=廿六年（1937）元月十二号；money=伍拾元；currency=国币；places=潮汕->广东侨乡；暹->泰国；kinship=母亲；父亲；儿；男,"廿六年（1937）元月十二号，外洋文高寄潮汕母亲大人
外洋文高
潮汕母亲大人
廿六年（1937）元月十二号
国币伍拾元
潮汕->广东侨乡；暹->泰国
family_affection;remittance;safety;instruction;study;work;debt
谨禀者，兹值轮透【往】汕，乘附出国币伍拾元，到时祈为家用。另者，现暹市情艰苦，人口众多，强有势的才能谋得一职可做，像俺的势力并无，那有容易的找到？故此所以还求着学问读书。现刻已是放假后开学了，此次期考我的分数占在第六位，全级是三十一人，附此以告知。年是差不多要完，文山明年是七岁，在儿想还是叫他同文珠一同去读书，才不会在家和一些无懒（赖）的在一起，将来也要变成那样的不好，未知大人意下如何。冬天到达，天气也寒，望母亲诸宜珍摄，快乐康健，则儿在暹有已（以）安慰也，家中大小定平安也。父亲与儿俱安好，不念。
现在一元有儿全（简）米，各物贵否？敬请
福安",题名：廿六年（1937）元月十二号，外洋文高寄潮汕母亲大人；寄批人：外洋文高；收批人：潮汕母亲大人；日期：廿六年（1937）元月十二号；汇款：国币伍拾元；主题：family_affection;remittance;safety;instruction;study;work;debt；正文摘录：谨禀者，兹值轮透【往】汕，乘附出国币伍拾元，到时祈为家用。另者，现暹市情艰苦，人口众多，强有势的才能谋得一职可做，像俺的势力并无，那有容易的找到？故此所以还求着学问读书。现刻已是放假后开学了，此次期考我的分数占在第六位，全级是三十一人，附此,廿六年（1937）元月十二号,外洋文高,潮汕母亲大人,272,0,文高,母亲,父亲,high,广东侨乡；泰国；海外,"[{""record_id"": ""CSQP-SFHC-TEXT-050"", ""raw_text"": ""国币伍拾元"", ""amount_text"": ""伍拾元"", ""amount_number"": 50, ""currency"": ""国币"", ""sentence"": ""谨禀者，兹值轮透【往】汕，乘附出国币伍拾元，到时祈为家用。"", ""is_primary_candidate"": true, ""source_field"": ""body_clean""}, {""record_id"": ""CSQP-SFHC-TEXT-050"", ""raw_text"": ""一元"", ""amount_text"": ""一元"", ""amount_number"": 1, ""currency"": ""元"", ""sentence"": ""现在一元有儿全（简）米，各物贵否？"", ""is_primary_candidate"": false, ""source_field"": ""body_clean""}]",廿六年（1937）元月十二号，外洋文高寄潮汕母亲大人；外洋文高；潮汕母亲大人；文高；母亲；父亲；儿；男；广东侨乡；泰国；海外；国币伍拾元；国币；family_affection；remittance；safety；instruction；study；work；debt；潮汕；广东；元；尊前；谨禀；福安；廿六；元月；十二号；洋文；侨乡；伍拾；family；affection；禀者；兹值；乘附；出国；祈为；家用；另者；现暹；市情；艰苦；人口众多；强有势；才能；谋得；一职；势力；那有；容易；找到；故此；所以；还求；学问；读书；现刻；放假；开学；此次；期考；分数；第六位；全级；三十一；附此；告知；差不多；文山；明年；七岁；还是；同文珠；一同；不会；在家；一些；无懒
CSQP-SFHC-TEXT-051,51,廿六年（1937）二月三日，外洋清裕寄潮汕余氏贤妻,pdf_pages=85；book_pages=56,1,high,0,"余氏贤妻收知：

兹者，近因东家之弟长养素性太暴，时常仗势相凌，幸有同人将之和解，不然惨遭长养之毒打。故在此时决意辞事，着候正月间，定有别职可任，望勿远念。另头家娘亦恃财之辈，屡出亚（恶）语横言高（交）加，靡（靡）所不至。此次大孙兄回塘（唐），如有谈及关此之事，皆出自头家娘之主使，千万不可相信他为要。兹寄去银陆元，至时查收，计抹壹元，交瑶珍妹收用，余伍元收为家用。但望家中诸务，从俭安排为是。此问
安好

愚清裕渤
廿六，二，三","余氏贤妻收知：

兹者，近因东家之弟长养素性太暴，时常仗势相凌，幸有同人将之和解，不然惨遭长养之毒打。故在此时决意辞事，着候正月间，定有别职可任，望勿远念。另头家娘亦恃财之辈，屡出亚（恶）语横言高（交）加，靡（靡）所不至。此次大孙兄回塘（唐），如有谈及关此之事，皆出自头家娘之主使，千万不可相信他为要。兹寄去银陆元，至时查收，计抹壹元，交瑶珍妹收用，余伍元收为家用。但望家中诸务，从俭安排为是。此问
安好

愚清裕渤
廿六，二，三","余氏贤妻收知：

兹者，近因东家之弟长养素性太暴，时常仗势相凌，幸有同人将之和解，不然惨遭长养之毒打。故在此时决意辞事，着候正月间，定有别职可任，望勿远念。另头家娘亦恃财之辈，屡出亚（恶）语横言高（交）加，靡（靡）所不至。此次大孙兄回塘（唐），如有谈及关此之事，皆出自头家娘之主使，千万不可相信他为要。兹寄去银陆元，至时查收，计抹壹元，交瑶珍妹收用，余伍元收为家用。但望家中诸务，从俭安排为是。此问
安好

愚清裕渤
廿六，二，三","兹者，近因东家之弟长养素性太暴，时常仗势相凌，幸有同人将之和解，不然惨遭长养之毒打。故在此时决意辞事，着候正月间，定有别职可任，望勿远念。另头家娘亦恃财之辈，屡出亚（恶）语横言高（交）加，靡（靡）所不至。此次大孙兄回塘（唐），如有谈及关此之事，皆出自头家娘之主使，千万不可相信他为要。兹寄去银陆元，至时查收，计抹壹元，交瑶珍妹收用，余伍元收为家用。但望家中诸务，从俭安排为是。此问
安好
愚清裕渤",215,5,11,外洋清裕,潮汕余氏贤妻,,spouse,spouse_to_spouse,兄；弟；妻；贤妻；孙；妹,汕余氏贤妻；余氏贤妻；因东家之弟；此次大孙兄；交瑶珍妹,贤妻；收知,,海外,广东侨乡,海外,广东侨乡,潮汕->广东侨乡,海外 -> 广东侨乡,1,海外；广东侨乡,廿六年（1937）二月三日,廿六，二，三,1937,1937,二月,三日,solar,西历,high,银陆元,陆元,6,银元,兹寄去银陆元，至时查收，计抹壹元，交瑶珍妹收用，余伍元收为家用。,家用；分抹,另头家娘亦恃财之辈，屡出亚（恶）语横言高（交）加，靡（靡）所不至。；兹寄去银陆元，至时查收，计抹壹元，交瑶珍妹收用，余伍元收为家用。,1,余氏贤妻收知：,,,"兹者，近因东家之弟长养素性太暴，时常仗势相凌，幸有同人将之和解，不然惨遭长养之毒打。故在此时决意辞事，着候正月间，定有别职可任，望勿远念。另头家娘亦恃财之辈，屡出亚（恶）语横言高（交）加，靡（靡）所不至。此次大孙兄回塘（唐），如有谈及关此之事，皆出自头家娘之主使，千万不可相信他为要。兹寄去银陆元，至时查收，计抹壹元，交瑶珍妹收用，余伍元收为家用。但望家中诸务，从俭安排为是。此问
安好
愚清裕渤",安好,余氏贤妻收知：；但望家中诸务，从俭安排为是。,此次大孙兄回塘（唐），如有谈及关此之事，皆出自头家娘之主使，千万不可相信他为要。,此问,,廿六，二，三,,,1,1,1,1,0,0,1,0,1,0,0,instruction,family_affection;remittance;safety;instruction;work;marriage,收知,此问,贤妻；收知,愚；弟,兹；诸务,查收,寄去；查收,安好,不可,收知；此问；贤妻；愚；弟；兹；诸务；查收,2,"余氏贤妻收知：
安好
兹寄去银陆元，至时查收，计抹壹元，交瑶珍妹收用，余伍元收为家用。
此次大孙兄回塘（唐），如有谈及关此之事，皆出自头家娘之主使，千万不可相信他为要。
此问",余氏贤妻收知：,安好,兹寄去银陆元，至时查收，计抹壹元，交瑶珍妹收用，余伍元收为家用。,余氏贤妻收知：；但望家中诸务，从俭安排为是。,此次大孙兄回塘（唐），如有谈及关此之事，皆出自头家娘之主使，千万不可相信他为要。,此问,sender=外洋清裕；recipient=潮汕余氏贤妻；relationship=spouse_to_spouse；date=廿六年（1937）二月三日；money=陆元；currency=银元；places=潮汕->广东侨乡；kinship=兄；弟；妻；贤妻；孙；妹,"廿六年（1937）二月三日，外洋清裕寄潮汕余氏贤妻
外洋清裕
潮汕余氏贤妻
廿六年（1937）二月三日
银陆元
潮汕->广东侨乡
family_affection;remittance;safety;instruction;work;marriage
兹者，近因东家之弟长养素性太暴，时常仗势相凌，幸有同人将之和解，不然惨遭长养之毒打。故在此时决意辞事，着候正月间，定有别职可任，望勿远念。另头家娘亦恃财之辈，屡出亚（恶）语横言高（交）加，靡（靡）所不至。此次大孙兄回塘（唐），如有谈及关此之事，皆出自头家娘之主使，千万不可相信他为要。兹寄去银陆元，至时查收，计抹壹元，交瑶珍妹收用，余伍元收为家用。但望家中诸务，从俭安排为是。此问
安好
愚清裕渤",题名：廿六年（1937）二月三日，外洋清裕寄潮汕余氏贤妻；寄批人：外洋清裕；收批人：潮汕余氏贤妻；日期：廿六年（1937）二月三日；汇款：银陆元；主题：family_affection;remittance;safety;instruction;work;marriage；正文摘录：兹者，近因东家之弟长养素性太暴，时常仗势相凌，幸有同人将之和解，不然惨遭长养之毒打。故在此时决意辞事，着候正月间，定有别职可任，望勿远念。另头家娘亦恃财之辈，屡出亚（恶）语横言高（交）加，靡（靡）所不至。此次大孙兄回塘（唐），如有谈及关此之,廿六年（1937）二月三日,外洋清裕,潮汕余氏贤妻,196,0,清裕,余氏,妻,high,广东侨乡；海外,"[{""record_id"": ""CSQP-SFHC-TEXT-051"", ""raw_text"": ""银陆元"", ""amount_text"": ""陆元"", ""amount_number"": 6, ""currency"": ""银元"", ""sentence"": ""兹寄去银陆元，至时查收，计抹壹元，交瑶珍妹收用，余伍元收为家用。"", ""is_primary_candidate"": true, ""source_field"": ""body_clean""}, {""record_id"": ""CSQP-SFHC-TEXT-051"", ""raw_text"": ""壹元"", ""amount_text"": ""壹元"", ""amount_number"": 1, ""currency"": ""元"", ""sentence"": ""兹寄去银陆元，至时查收，计抹壹元，交瑶珍妹收用，余伍元收为家用。"", ""is_primary_candidate"": false, ""source_field"": ""body_clean""}, {""record_id"": ""CSQP-SFHC-TEXT-051"", ""raw_text"": ""伍元"", ""amount_text"": ""伍元"", ""amount_number"": 5, ""currency"": ""元"", ""sentence"": ""兹寄去银陆元，至时查收，计抹壹元，交瑶珍妹收用，余伍元收为家用。"", ""is_primary_candidate"": false, ""source_field"": ""body_clean""}]",廿六年（1937）二月三日，外洋清裕寄潮汕余氏贤妻；外洋清裕；潮汕余氏贤妻；清裕；余氏；兄；弟；妻；贤妻；孙；妹；广东侨乡；海外；银陆元；银元；family_affection；remittance；safety；instruction；work；marriage；潮汕；广东；银；元；查收；廿六；二月；三日；外洋；侨乡；family；affection；收知；此问；诸务；兹者；近因；东家；之弟；长养；素性；太暴；时常；仗势；相凌；幸有；同人；和解；不然；惨遭；毒打；此时；决意；辞事；着候；正月；有别；职可任；远念；另头家娘；财之辈；出亚；语横言高；所不至；此次；大孙兄；回塘；谈及；关此；之事；出自；头家娘；主使；千万；相信；至时；计抹；壹元；交瑶
CSQP-SFHC-TEXT-052,52,廿六年（1937）八月初六日，叻林思贞寄澄海程洋冈林思敬先生,pdf_pages=86；book_pages=57,1,medium,0,"寄批人：叻林思贞
收批人：澄海程洋岗林思敬先生
批款：银式元
日期：廿六年八月初六日

祖母大人膝下金安：

跪禀者，孙自抵叻，身子平安，日惟遥祝大人玉体康强，阖家安庆而已。兹乘鸿雁之便，奉上英洋式元，到祈查收，余不赘。敬致
金安

孙思贞叩上
廿六年八月初六日","寄批人：叻林思贞
收批人：澄海程洋岗林思敬先生
批款：银式元
日期：廿六年八月初六日

祖母大人膝下金安：

跪禀者，孙自抵叻，身子平安，日惟遥祝大人玉体康强，阖家安庆而已。兹乘鸿雁之便，奉上英洋式元，到祈查收，余不赘。敬致
金安

孙思贞叩上
廿六年八月初六日","祖母大人膝下金安：

跪禀者，孙自抵叻，身子平安，日惟遥祝大人玉体康强，阖家安庆而已。兹乘鸿雁之便，奉上英洋式元，到祈查收，余不赘。敬致
金安

孙思贞叩上
廿六年八月初六日","跪禀者，孙自抵叻，身子平安，日惟遥祝大人玉体康强，阖家安庆而已。兹乘鸿雁之便，奉上英洋式元，到祈查收，余不赘。敬致
金安",131,9,7,叻林思贞,澄海程洋岗林思敬先生,grandchild,grandparent,grandchild_to_grandparent,祖母；孙,祖母,大人；膝下；先生；金安,孙,新加坡,广东澄海,新加坡,广东澄海,澄海->广东澄海；叻->新加坡,新加坡 -> 广东澄海,1,新加坡；广东侨乡,廿六年八月初六日,"孙思贞叩上
廿六年八月初六日",1937,1937,八月,初六日,lunar,西历,high,银式元,式元,2,银元,兹乘鸿雁之便，奉上英洋式元，到祈查收，余不赘。,,兹乘鸿雁之便，奉上英洋式元，到祈查收，余不赘。,1,祖母大人膝下金安：,跪禀者，孙自抵叻，身子平安，日惟遥祝大人玉体康强，阖家安庆而已。,跪禀者，孙自抵叻，身子平安，日惟遥祝大人玉体康强，阖家安庆而已。,"跪禀者，孙自抵叻，身子平安，日惟遥祝大人玉体康强，阖家安庆而已。兹乘鸿雁之便，奉上英洋式元，到祈查收，余不赘。敬致
金安",跪禀者，孙自抵叻，身子平安，日惟遥祝大人玉体康强，阖家安庆而已。,祖母大人膝下金安：,,,叩上,"孙思贞叩上
廿六年八月初六日",孙思贞叩上,,1,1,1,0,0,0,0,0,0,0,0,health_care,family_affection;remittance;safety,禀者；膝下,叩上,大人；膝下；金安,叩,兹；祈；奉；惟,膝下；祈查收；叩上；查收；金安,奉上；查收,平安,,禀者；膝下；叩上；大人；金安；叩；兹；祈；奉；惟；祈查收；查收,3,"祖母大人膝下金安：
跪禀者，孙自抵叻，身子平安，日惟遥祝大人玉体康强，阖家安庆而已。
兹乘鸿雁之便，奉上英洋式元，到祈查收，余不赘。
孙思贞叩上",祖母大人膝下金安：,跪禀者，孙自抵叻，身子平安，日惟遥祝大人玉体康强，阖家安庆而已。,兹乘鸿雁之便，奉上英洋式元，到祈查收，余不赘。,祖母大人膝下金安：,,孙思贞叩上,sender=叻林思贞；recipient=澄海程洋岗林思敬先生；relationship=grandchild_to_grandparent；date=廿六年八月初六日；money=式元；currency=银元；places=澄海->广东澄海；叻->新加坡；kinship=祖母；孙,"廿六年（1937）八月初六日，叻林思贞寄澄海程洋冈林思敬先生
叻林思贞
澄海程洋岗林思敬先生
廿六年八月初六日
银式元
澄海->广东澄海；叻->新加坡
family_affection;remittance;safety
跪禀者，孙自抵叻，身子平安，日惟遥祝大人玉体康强，阖家安庆而已。兹乘鸿雁之便，奉上英洋式元，到祈查收，余不赘。敬致
金安",题名：廿六年（1937）八月初六日，叻林思贞寄澄海程洋冈林思敬先生；寄批人：叻林思贞；收批人：澄海程洋岗林思敬先生；日期：廿六年八月初六日；汇款：银式元；主题：family_affection;remittance;safety；正文摘录：跪禀者，孙自抵叻，身子平安，日惟遥祝大人玉体康强，阖家安庆而已。兹乘鸿雁之便，奉上英洋式元，到祈查收，余不赘。敬致金安,廿六年（1937）八月初六日,叻林思贞,澄海程洋冈林思敬先生,59,0,林思贞,林思敬,祖母,high,广东澄海；新加坡,"[{""record_id"": ""CSQP-SFHC-TEXT-052"", ""raw_text"": ""银式元"", ""amount_text"": ""式元"", ""amount_number"": 2, ""currency"": ""银元"", ""sentence"": ""批款：银式元"", ""is_primary_candidate"": true, ""source_field"": ""body_clean""}, {""record_id"": ""CSQP-SFHC-TEXT-052"", ""raw_text"": ""英洋式元"", ""amount_text"": ""式元"", ""amount_number"": 2, ""currency"": ""英洋"", ""sentence"": ""兹乘鸿雁之便，奉上英洋式元，到祈查收，余不赘。"", ""is_primary_candidate"": false, ""source_field"": ""body_clean""}]",廿六年（1937）八月初六日，叻林思贞寄澄海程洋冈林思敬先生；叻林思贞；澄海程洋岗林思敬先生；林思贞；林思敬；祖母；孙；广东澄海；新加坡；银式元；银元；family_affection；remittance；safety；澄海；广东；英洋；银；元；膝下；祈查收；叩上；查收；金安；廿六；八月；初六；程洋冈林；思敬；先生；程洋岗；银式；family；affection；禀者；孙自；抵叻；身子；平安；日惟；遥祝；玉体；康强；阖家；安庆；而已；鸿雁；奉上；洋式；余不赘；敬致
CSQP-SFHC-TEXT-053,53,丁（1937）八月二十日，潮安鹤塘乡光裕寄暹陈运昇父亲大人,pdf_pages=87；book_pages=58,1,high,0,"回批人：潮安鹤塘乡儿光裕
收批人：逞陈运异父亲大人
日期：丁八月二十日

良人尊前福安：

是日承接来信一封，并寄来中央纸币壹佰元，经已收妥，照信分发，藉知旅暹平安，喜之胜也。但自暴日疯狂之敌机，扰袭潮城县立中学校，稍被所伤。经本月初六日，由该校校长伤令各学生，暂离校归籍（籍），候择安全地址（址），然后才到校上课。昨天经接到县立中学校校长来书，谓现已择定安全地址，为意溪乡区立学校。令各学生于阳历十月一号（夏历本月廿七日）到校上课。但泰裕预于九月卅号前往矣，是以顺便达知。但塘（唐）中合家老少平安，顺此达感，余言后叙。即候
大安

丁八月二十日  批荆上言","回批人：潮安鹤塘乡儿光裕
收批人：逞陈运异父亲大人
日期：丁八月二十日

良人尊前福安：

是日承接来信一封，并寄来中央纸币壹佰元，经已收妥，照信分发，藉知旅暹平安，喜之胜也。但自暴日疯狂之敌机，扰袭潮城县立中学校，稍被所伤。经本月初六日，由该校校长伤令各学生，暂离校归籍（籍），候择安全地址（址），然后才到校上课。昨天经接到县立中学校校长来书，谓现已择定安全地址，为意溪乡区立学校。令各学生于阳历十月一号（夏历本月廿七日）到校上课。但泰裕预于九月卅号前往矣，是以顺便达知。但塘（唐）中合家老少平安，顺此达感，余言后叙。即候
大安

丁八月二十日 批荆上言","良人尊前福安：

是日承接来信一封，并寄来中央纸币壹佰元，经已收妥，照信分发，藉知旅暹平安，喜之胜也。但自暴日疯狂之敌机，扰袭潮城县立中学校，稍被所伤。经本月初六日，由该校校长伤令各学生，暂离校归籍（籍），候择安全地址（址），然后才到校上课。昨天经接到县立中学校校长来书，谓现已择定安全地址，为意溪乡区立学校。令各学生于阳历十月一号（夏历本月廿七日）到校上课。但泰裕预于九月卅号前往矣，是以顺便达知。但塘（唐）中合家老少平安，顺此达感，余言后叙。即候
大安

丁八月二十日 批荆上言","是日承接来信一封，并寄来中央纸币壹佰元，经已收妥，照信分发，藉知旅暹平安，喜之胜也。但自暴日疯狂之敌机，扰袭潮城县立中学校，稍被所伤。经本月初六日，由该校校长伤令各学生，暂离校归籍（籍），候择安全地址（址），然后才到校上课。昨天经接到县立中学校校长来书，谓现已择定安全地址，为意溪乡区立学校。令各学生于阳历十月一号（夏历本月廿七日）到校上课。但泰裕预于九月卅号前往矣，是以顺便达知。但塘（唐）中合家老少平安，顺此达感，余言后叙。即候
大安",278,7,11,潮安鹤塘乡光裕,逞陈运异父亲大人,,parent,child_to_parent,父亲,逞陈运异父,大人；尊前；福安,,广东潮安,广东潮安,,广东潮安,潮安->广东潮安,广东潮安 -> 广东潮安,0,广东侨乡,丁八月二十日,丁八月二十日 批荆上言,1937,1937,八月,二十日,solar,干支或传统纪年,high,币壹佰元,壹佰元,100,元,,,,1,良人尊前福安：,,良人尊前福安：,"是日承接来信一封，并寄来中央纸币壹佰元，经已收妥，照信分发，藉知旅暹平安，喜之胜也。但自暴日疯狂之敌机，扰袭潮城县立中学校，稍被所伤。经本月初六日，由该校校长伤令各学生，暂离校归籍（籍），候择安全地址（址），然后才到校上课。昨天经接到县立中学校校长来书，谓现已择定安全地址，为意溪乡区立学校。令各学生于阳历十月一号（夏历本月廿七日）到校上课。但泰裕预于九月卅号前往矣，是以顺便达知。但塘（唐）中合家老少平安，顺此达感，余言后叙。即候
大安",是日承接来信一封，并寄来中央纸币壹佰元，经已收妥，照信分发，藉知旅暹平安，喜之胜也。；但塘（唐）中合家老少平安，顺此达感，余言后叙。,但塘（唐）中合家老少平安，顺此达感，余言后叙。,,但塘（唐）中合家老少平安，顺此达感，余言后叙。,上言,丁八月二十日 批荆上言,丁八月二十日 批荆上言,,1,1,1,0,0,0,0,0,0,0,0,family_affection,family_affection;remittance;safety,尊前,,尊前；福安,,承,尊前；福安,,平安,,尊前；福安；承,1,"良人尊前福安：
是日承接来信一封，并寄来中央纸币壹佰元，经已收妥，照信分发，藉知旅暹平安，喜之胜也。；但塘（唐）中合家老少平安，顺此达感，余言后叙。
但塘（唐）中合家老少平安，顺此达感，余言后叙。
丁八月二十日 批荆上言",良人尊前福安：,是日承接来信一封，并寄来中央纸币壹佰元，经已收妥，照信分发，藉知旅暹平安，喜之胜也。；但塘（唐）中合家老少平安，顺此达感，余言后叙。,币壹佰元,但塘（唐）中合家老少平安，顺此达感，余言后叙。,,但塘（唐）中合家老少平安，顺此达感，余言后叙。；丁八月二十日 批荆上言,sender=潮安鹤塘乡光裕；recipient=逞陈运异父亲大人；relationship=child_to_parent；date=丁八月二十日；money=壹佰元；currency=元；places=潮安->广东潮安；kinship=父亲,"丁（1937）八月二十日，潮安鹤塘乡光裕寄暹陈运昇父亲大人
潮安鹤塘乡光裕
逞陈运异父亲大人
丁八月二十日
币壹佰元
潮安->广东潮安
family_affection;remittance;safety
是日承接来信一封，并寄来中央纸币壹佰元，经已收妥，照信分发，藉知旅暹平安，喜之胜也。但自暴日疯狂之敌机，扰袭潮城县立中学校，稍被所伤。经本月初六日，由该校校长伤令各学生，暂离校归籍（籍），候择安全地址（址），然后才到校上课。昨天经接到县立中学校校长来书，谓现已择定安全地址，为意溪乡区立学校。令各学生于阳历十月一号（夏历本月廿七日）到校上课。但泰裕预于九月卅号前往矣，是以顺便达知。但塘（唐）中合家老少平安，顺此达感，余言后叙。即候
大安",题名：丁（1937）八月二十日，潮安鹤塘乡光裕寄暹陈运昇父亲大人；寄批人：潮安鹤塘乡光裕；收批人：逞陈运异父亲大人；日期：丁八月二十日；汇款：币壹佰元；主题：family_affection;remittance;safety；正文摘录：是日承接来信一封，并寄来中央纸币壹佰元，经已收妥，照信分发，藉知旅暹平安，喜之胜也。但自暴日疯狂之敌机，扰袭潮城县立中学校，稍被所伤。经本月初六日，由该校校长伤令各学生，暂离校归籍（籍），候择安全地址（址），然后才到校上课。昨天经接到县立中,丁（1937）八月二十日,潮安鹤塘乡光裕,暹陈运昇父亲大人,218,0,鹤塘乡光裕,逞陈运异父亲,父亲,high,广东潮安,"[{""record_id"": ""CSQP-SFHC-TEXT-053"", ""raw_text"": ""币壹佰元"", ""amount_text"": ""壹佰元"", ""amount_number"": 100, ""currency"": ""元"", ""sentence"": ""是日承接来信一封，并寄来中央纸币壹佰元，经已收妥，照信分发，藉知旅暹平安，喜之胜也。"", ""is_primary_candidate"": true, ""source_field"": ""body_clean""}]",丁（1937）八月二十日，潮安鹤塘乡光裕寄暹陈运昇父亲大人；潮安鹤塘乡光裕；逞陈运异父亲大人；鹤塘乡光裕；逞陈运异父亲；父亲；广东潮安；币壹佰元；元；family_affection；remittance；safety；潮安；广东；尊前；福安；八月；二十日；鹤塘乡；光裕；寄暹；陈运；陈运异；壹佰元；family；affection；承接；来信；一封；寄来；中央；纸币；经已；收妥；照信；分发；旅暹；平安；喜之胜；自暴；疯狂；敌机；扰袭；潮城；县立；学校；所伤；本月；初六；该校；校长；伤令；学生；离校；归籍；候择；安全；地址；然后；到校；上课；昨天；接到；来书；现已；择定；意溪；乡区立；阳历；十月；一号；夏历；廿七日；但泰裕；预于；九月；前往；顺便；达知；但塘
CSQP-SFHC-TEXT-054,54,中华民国廿六年（1937）十一月廿六日，外洋义林寄潮汕壮城表兄台,pdf_pages=88；book_pages=59,1,medium,0,"壮城表兄台雅鉴：

启者握别数月，未通音问，殊深为念，近维起居胜常，百凡皆佳为慰耳。前日潮林伯堂寄口讯，但不知彼现况如何，千祈示悉是要。刻外汇银壹佰万元，至祈查收妥，后照字代为分送是荷。专此，并祝
近安

愚弟义林顿
中华民国廿六年十一月廿六日，阴历十月十四日","壮城表兄台雅鉴：

启者握别数月，未通音问，殊深为念，近维起居胜常，百凡皆佳为慰耳。前日潮林伯堂寄口讯，但不知彼现况如何，千祈示悉是要。刻外汇银壹佰万元，至祈查收妥，后照字代为分送是荷。专此，并祝
近安

愚弟义林顿
中华民国廿六年十一月廿六日，阴历十月十四日","壮城表兄台雅鉴：

启者握别数月，未通音问，殊深为念，近维起居胜常，百凡皆佳为慰耳。前日潮林伯堂寄口讯，但不知彼现况如何，千祈示悉是要。刻外汇银壹佰万元，至祈查收妥，后照字代为分送是荷。专此，并祝
近安

愚弟义林顿
中华民国廿六年十一月廿六日，阴历十月十四日","壮城表兄台雅鉴：
启者握别数月，未通音问，殊深为念，近维起居胜常，百凡皆佳为慰耳。前日潮林伯堂寄口讯，但不知彼现况如何，千祈示悉是要。刻外汇银壹佰万元，至祈查收妥，后照字代为分送是荷。专此，并祝
近安
中华民国廿六年十一月廿六日，阴历十月十四日",130,5,8,外洋义林,潮汕壮城表兄台,sibling,sibling,sibling_or_same_generation_kin,兄；弟；伯,汕壮城表兄；壮城表兄；前日潮林伯；愚弟,,愚弟,海外,广东侨乡,海外,广东侨乡,潮汕->广东侨乡,海外 -> 广东侨乡,1,海外；广东侨乡,中华民国廿六年（1937）十一月廿六日,愚弟义林顿,民国廿六年,1937,十一月,廿六日,solar,民国,high,银壹佰万元,壹佰万元,1000000,银元,刻外汇银壹佰万元，至祈查收妥，后照字代为分送是荷。,,刻外汇银壹佰万元，至祈查收妥，后照字代为分送是荷。,1,,启者握别数月，未通音问，殊深为念，近维起居胜常，百凡皆佳为慰耳。,启者握别数月，未通音问，殊深为念，近维起居胜常，百凡皆佳为慰耳。,"壮城表兄台雅鉴：
启者握别数月，未通音问，殊深为念，近维起居胜常，百凡皆佳为慰耳。前日潮林伯堂寄口讯，但不知彼现况如何，千祈示悉是要。刻外汇银壹佰万元，至祈查收妥，后照字代为分送是荷。专此，并祝
近安
中华民国廿六年十一月廿六日，阴历十月十四日",启者握别数月，未通音问，殊深为念，近维起居胜常，百凡皆佳为慰耳。,,,,顿,愚弟义林顿,愚弟义林顿,,1,1,0,0,0,0,0,0,0,0,0,family_affection,family_affection;remittance,启者,启,,愚；弟,祈；荷,祈查收；至祈查收；查收,查收,起居,,启者；启；愚；弟；祈；荷；祈查收；至祈查收；查收,2,"启者握别数月，未通音问，殊深为念，近维起居胜常，百凡皆佳为慰耳。
刻外汇银壹佰万元，至祈查收妥，后照字代为分送是荷。
愚弟义林顿",启者握别数月，未通音问，殊深为念，近维起居胜常，百凡皆佳为慰耳。,启者握别数月，未通音问，殊深为念，近维起居胜常，百凡皆佳为慰耳。,刻外汇银壹佰万元，至祈查收妥，后照字代为分送是荷。,,,愚弟义林顿,sender=外洋义林；recipient=潮汕壮城表兄台；relationship=sibling_or_same_generation_kin；date=中华民国廿六年（1937）十一月廿六日；money=壹佰万元；currency=银元；places=潮汕->广东侨乡；kinship=兄；弟；伯,"中华民国廿六年（1937）十一月廿六日，外洋义林寄潮汕壮城表兄台
外洋义林
潮汕壮城表兄台
中华民国廿六年（1937）十一月廿六日
银壹佰万元
潮汕->广东侨乡
family_affection;remittance
壮城表兄台雅鉴：
启者握别数月，未通音问，殊深为念，近维起居胜常，百凡皆佳为慰耳。前日潮林伯堂寄口讯，但不知彼现况如何，千祈示悉是要。刻外汇银壹佰万元，至祈查收妥，后照字代为分送是荷。专此，并祝
近安
中华民国廿六年十一月廿六日，阴历十月十四日",题名：中华民国廿六年（1937）十一月廿六日，外洋义林寄潮汕壮城表兄台；寄批人：外洋义林；收批人：潮汕壮城表兄台；日期：中华民国廿六年（1937）十一月廿六日；汇款：银壹佰万元；主题：family_affection;remittance；正文摘录：壮城表兄台雅鉴：启者握别数月，未通音问，殊深为念，近维起居胜常，百凡皆佳为慰耳。前日潮林伯堂寄口讯，但不知彼现况如何，千祈示悉是要。刻外汇银壹佰万元，至祈查收妥，后照字代为分送是荷。专此，并祝近安中华民国廿六年十一月廿六日，阴历十月十四日,中华民国廿六年（1937）十一月廿六日,外洋义林,潮汕壮城表兄台,119,0,义林,壮城表兄台,兄,high,广东侨乡；海外,"[{""record_id"": ""CSQP-SFHC-TEXT-054"", ""raw_text"": ""银壹佰万元"", ""amount_text"": ""壹佰万元"", ""amount_number"": 1000000, ""currency"": ""银元"", ""sentence"": ""刻外汇银壹佰万元，至祈查收妥，后照字代为分送是荷。"", ""is_primary_candidate"": true, ""source_field"": ""body_clean""}]",中华民国廿六年（1937）十一月廿六日，外洋义林寄潮汕壮城表兄台；外洋义林；潮汕壮城表兄台；义林；壮城表兄台；兄；弟；伯；广东侨乡；海外；银壹佰万元；银元；family_affection；remittance；潮汕；广东；银；元；祈查收；至祈查收；查收；中华民国；廿六；十一月；廿六日；外洋；壮城；表兄；侨乡；银壹佰；万元；family；affection；启者；至祈；台雅鉴；握别；数月；未通；音问；殊深；为念；近维；起居；胜常；百凡；皆佳；为慰；前日；潮林伯堂；寄口；不知；现况；如何；千祈；示悉；外汇；祈查；收妥；后照；代为；分送；并祝；近安；阴历；十月；十四日
CSQP-SFHC-TEXT-055,55,丁丑年（1937）十一月廿七日，外洋陈继源寄潮汕姆母大人,pdf_pages=89；book_pages=60,1,medium,0,"婶母大人尊前：

敬禀者，久未修书道候，歉仄良深，遥维起居迪吉，诸凡享嘉为祷。兹者继豪弟列岂有读书否？祈为示知。兹逢书批之便，奉上国币四元，至祈查收，复音示慰。肃此敬禀，拜请
大安

侄陈继源上言
丁丑年十一月廿七日","婶母大人尊前：

敬禀者，久未修书道候，歉仄良深，遥维起居迪吉，诸凡享嘉为祷。兹者继豪弟列岂有读书否？祈为示知。兹逢书批之便，奉上国币四元，至祈查收，复音示慰。肃此敬禀，拜请
大安

侄陈继源上言
丁丑年十一月廿七日","婶母大人尊前：

敬禀者，久未修书道候，歉仄良深，遥维起居迪吉，诸凡享嘉为祷。兹者继豪弟列岂有读书否？祈为示知。兹逢书批之便，奉上国币四元，至祈查收，复音示慰。肃此敬禀，拜请
大安

侄陈继源上言
丁丑年十一月廿七日","敬禀者，久未修书道候，歉仄良深，遥维起居迪吉，诸凡享嘉为祷。兹者继豪弟列岂有读书否？祈为示知。兹逢书批之便，奉上国币四元，至祈查收，复音示慰。肃此敬禀，拜请
大安",108,5,9,外洋陈继源,潮汕姆母大人,nephew_or_niece,parent,child_to_parent,婶母；弟；侄；婶,潮汕姆母；婶母；兹者继豪弟,大人；尊前,侄,海外,广东侨乡,海外,广东侨乡,潮汕->广东侨乡,海外 -> 广东侨乡,1,海外；广东侨乡,丁丑年（1937）十一月廿七日,"侄陈继源上言
丁丑年十一月廿七日",1937,1937,十一月,廿七日,solar,干支或传统纪年,high,国币四元,四元,4,国币,兹逢书批之便，奉上国币四元，至祈查收，复音示慰。,,兹逢书批之便，奉上国币四元，至祈查收，复音示慰。,1,婶母大人尊前：,敬禀者，久未修书道候，歉仄良深，遥维起居迪吉，诸凡享嘉为祷。,敬禀者，久未修书道候，歉仄良深，遥维起居迪吉，诸凡享嘉为祷。,"敬禀者，久未修书道候，歉仄良深，遥维起居迪吉，诸凡享嘉为祷。兹者继豪弟列岂有读书否？祈为示知。兹逢书批之便，奉上国币四元，至祈查收，复音示慰。肃此敬禀，拜请
大安",敬禀者，久未修书道候，歉仄良深，遥维起居迪吉，诸凡享嘉为祷。,婶母大人尊前：,祈为示知。,,上言,"侄陈继源上言
丁丑年十一月廿七日",侄陈继源上言,,1,1,0,1,1,0,0,0,0,0,1,instruction,family_affection;remittance;instruction;study;home_building,敬禀者；禀者；尊前,,大人；尊前,弟,兹；祈；奉,敬禀者；尊前；祈查收；至祈查收；查收,奉上；查收,起居,祈为,敬禀者；禀者；尊前；大人；弟；兹；祈；奉；祈查收；至祈查收；查收,3,"婶母大人尊前：
敬禀者，久未修书道候，歉仄良深，遥维起居迪吉，诸凡享嘉为祷。
兹逢书批之便，奉上国币四元，至祈查收，复音示慰。
祈为示知。
侄陈继源上言",婶母大人尊前：,敬禀者，久未修书道候，歉仄良深，遥维起居迪吉，诸凡享嘉为祷。,兹逢书批之便，奉上国币四元，至祈查收，复音示慰。,婶母大人尊前：,祈为示知。,侄陈继源上言,sender=外洋陈继源；recipient=潮汕姆母大人；relationship=child_to_parent；date=丁丑年（1937）十一月廿七日；money=四元；currency=国币；places=潮汕->广东侨乡；kinship=婶母；弟；侄；婶,"丁丑年（1937）十一月廿七日，外洋陈继源寄潮汕姆母大人
外洋陈继源
潮汕姆母大人
丁丑年（1937）十一月廿七日
国币四元
潮汕->广东侨乡
family_affection;remittance;instruction;study;home_building
敬禀者，久未修书道候，歉仄良深，遥维起居迪吉，诸凡享嘉为祷。兹者继豪弟列岂有读书否？祈为示知。兹逢书批之便，奉上国币四元，至祈查收，复音示慰。肃此敬禀，拜请
大安",题名：丁丑年（1937）十一月廿七日，外洋陈继源寄潮汕姆母大人；寄批人：外洋陈继源；收批人：潮汕姆母大人；日期：丁丑年（1937）十一月廿七日；汇款：国币四元；主题：family_affection;remittance;instruction;study;home_building；正文摘录：敬禀者，久未修书道候，歉仄良深，遥维起居迪吉，诸凡享嘉为祷。兹者继豪弟列岂有读书否？祈为示知。兹逢书批之便，奉上国币四元，至祈查收，复音示慰。肃此敬禀，拜请大安,丁丑年（1937）十一月廿七日,外洋陈继源,潮汕姆母大人,80,0,陈继源,姆母,弟,high,广东侨乡；海外,"[{""record_id"": ""CSQP-SFHC-TEXT-055"", ""raw_text"": ""国币四元"", ""amount_text"": ""四元"", ""amount_number"": 4, ""currency"": ""国币"", ""sentence"": ""兹逢书批之便，奉上国币四元，至祈查收，复音示慰。"", ""is_primary_candidate"": true, ""source_field"": ""body_clean""}]",丁丑年（1937）十一月廿七日，外洋陈继源寄潮汕姆母大人；外洋陈继源；潮汕姆母大人；陈继源；姆母；婶母；弟；侄；婶；广东侨乡；海外；国币四元；国币；family_affection；remittance；instruction；study；home_building；潮汕；广东；元；敬禀者；尊前；祈查收；至祈查收；查收；丁丑年；十一月；廿七日；外洋；侨乡；四元；family；affection；home；building；禀者；至祈；修书；歉仄；良深；遥维；起居；迪吉；诸凡；享嘉为；兹者；继豪；弟列；读书；祈为；示知；兹逢书批；奉上；复音；示慰；肃此敬；拜请；大安
CSQP-SFHC-TEXT-056,56,丁丑（1938）完月（十二月）初四日，叻陈赞名寄澄邑程洋冈林思敬先生,pdf_pages=90；book_pages=61,1,medium,0,"寄批人：叻陈赞名
收批人：澄邑程洋岗林思敬先生
批款：中央币贰元
日期：丁丑完月初四日

外祖慈亲大人：

敬禀者，兹值年关在即，适逢轮便，谨肃上候函并呈上国洋二元，以资大人腰金之用，到望查收，示复可也。孙居外平安勿念，谨此上禀。并叩
福安

外孙赞名上
丁丑完月初四日","寄批人：叻陈赞名
收批人：澄邑程洋岗林思敬先生
批款：中央币贰元
日期：丁丑完月初四日

外祖慈亲大人：

敬禀者，兹值年关在即，适逢轮便，谨肃上候函并呈上国洋二元，以资大人腰金之用，到望查收，示复可也。孙居外平安勿念，谨此上禀。并叩
福安

外孙赞名上
丁丑完月初四日","外祖慈亲大人：

敬禀者，兹值年关在即，适逢轮便，谨肃上候函并呈上国洋二元，以资大人腰金之用，到望查收，示复可也。孙居外平安勿念，谨此上禀。并叩
福安

外孙赞名上
丁丑完月初四日","敬禀者，兹值年关在即，适逢轮便，谨肃上候函并呈上国洋二元，以资大人腰金之用，到望查收，示复可也。孙居外平安勿念，谨此上禀。并叩
福安",135,9,7,叻陈赞名,澄邑程洋岗林思敬先生,grandchild,grandparent,grandchild_to_grandparent,慈亲；祖慈；孙；外孙,外孙,大人；先生,外孙,新加坡,广东澄海,新加坡,广东澄海,澄邑->广东澄海；叻->新加坡,新加坡 -> 广东澄海,1,新加坡；广东侨乡,丁丑完月初四日,"外孙赞名上
丁丑完月初四日",1938,1938,十二月,初四日,lunar,干支或传统纪年,high,中央币贰元,贰元,2,国币,敬禀者，兹值年关在即，适逢轮便，谨肃上候函并呈上国洋二元，以资大人腰金之用，到望查收，示复可也。,,敬禀者，兹值年关在即，适逢轮便，谨肃上候函并呈上国洋二元，以资大人腰金之用，到望查收，示复可也。,1,外祖慈亲大人：,敬禀者，兹值年关在即，适逢轮便，谨肃上候函并呈上国洋二元，以资大人腰金之用，到望查收，示复可也。,孙居外平安勿念，谨此上禀。,"敬禀者，兹值年关在即，适逢轮便，谨肃上候函并呈上国洋二元，以资大人腰金之用，到望查收，示复可也。孙居外平安勿念，谨此上禀。并叩
福安",孙居外平安勿念，谨此上禀。,,,,,"外孙赞名上
丁丑完月初四日",外孙赞名上,,1,1,1,0,0,0,0,0,0,0,0,family_affection,family_affection;remittance;safety,敬禀者；禀者,,大人；福安,叩；谨,兹,敬禀者；勿念；查收；福安,查收,平安；勿念,,敬禀者；禀者；大人；福安；叩；谨；兹；勿念；查收,2,"外祖慈亲大人：
敬禀者，兹值年关在即，适逢轮便，谨肃上候函并呈上国洋二元，以资大人腰金之用，到望查收，示复可也。
孙居外平安勿念，谨此上禀。
外孙赞名上",外祖慈亲大人：,孙居外平安勿念，谨此上禀。,敬禀者，兹值年关在即，适逢轮便，谨肃上候函并呈上国洋二元，以资大人腰金之用，到望查收，示复可也。,,,外孙赞名上,sender=叻陈赞名；recipient=澄邑程洋岗林思敬先生；relationship=grandchild_to_grandparent；date=丁丑完月初四日；money=贰元；currency=国币；places=澄邑->广东澄海；叻->新加坡；kinship=慈亲；祖慈；孙；外孙,"丁丑（1938）完月（十二月）初四日，叻陈赞名寄澄邑程洋冈林思敬先生
叻陈赞名
澄邑程洋岗林思敬先生
丁丑完月初四日
中央币贰元
澄邑->广东澄海；叻->新加坡
family_affection;remittance;safety
敬禀者，兹值年关在即，适逢轮便，谨肃上候函并呈上国洋二元，以资大人腰金之用，到望查收，示复可也。孙居外平安勿念，谨此上禀。并叩
福安",题名：丁丑（1938）完月（十二月）初四日，叻陈赞名寄澄邑程洋冈林思敬先生；寄批人：叻陈赞名；收批人：澄邑程洋岗林思敬先生；日期：丁丑完月初四日；汇款：中央币贰元；主题：family_affection;remittance;safety；正文摘录：敬禀者，兹值年关在即，适逢轮便，谨肃上候函并呈上国洋二元，以资大人腰金之用，到望查收，示复可也。孙居外平安勿念，谨此上禀。并叩福安,丁丑（1938）完月（十二月）初四日,叻陈赞名,澄邑程洋冈林思敬先生,65,0,陈赞名,林思敬,慈亲,high,广东澄海；新加坡,"[{""record_id"": ""CSQP-SFHC-TEXT-056"", ""raw_text"": ""中央币贰元"", ""amount_text"": ""贰元"", ""amount_number"": 2, ""currency"": ""国币"", ""sentence"": ""批款：中央币贰元"", ""is_primary_candidate"": true, ""source_field"": ""body_clean""}, {""record_id"": ""CSQP-SFHC-TEXT-056"", ""raw_text"": ""国洋二元"", ""amount_text"": ""二元"", ""amount_number"": 2, ""currency"": ""国币"", ""sentence"": ""敬禀者，兹值年关在即，适逢轮便，谨肃上候函并呈上国洋二元，以资大人腰金之用，到望查收，示复可也。"", ""is_primary_candidate"": false, ""source_field"": ""body_clean""}]",丁丑（1938）完月（十二月）初四日，叻陈赞名寄澄邑程洋冈林思敬先生；叻陈赞名；澄邑程洋岗林思敬先生；陈赞名；林思敬；慈亲；祖慈；孙；外孙；广东澄海；新加坡；中央币贰元；国币；family_affection；remittance；safety；澄海；澄邑；广东；中央币；国洋；元；敬禀者；勿念；查收；福安；丁丑；完月；十二月；初四；寄澄邑；程洋冈林；思敬；先生；程洋岗；中央；family；affection；禀者；兹值；年关；适逢；谨肃；上候；二元；以资；腰金；之用；示复；孙居外；平安；谨此
CSQP-SFHC-TEXT-057,57,戊（1938）三月初五日，外洋继豪寄潮汕母亲,pdf_pages=91；book_pages=62,1,medium,0,"母亲：

前天接到你的来信，知道你与儿定婚。儿虽蒙你慈爱，但是婚姻究是不能苟且的，为何事前并不通知一声，即黑暗主婚呢？这真把我急得没有办法，又拟秋季迎娶，这事更不可行。儿现在不但没有余积，而且船只又要修整，那（哪）里还有能力来应付这头困事？至于归期，距此尚远呢！以后不必再提吧。特此禀知。外奉银叁拾元，祈收妥，以资家用。敬祝
健康

戊三月初五日  儿继豪禀","母亲：

前天接到你的来信，知道你与儿定婚。儿虽蒙你慈爱，但是婚姻究是不能苟且的，为何事前并不通知一声，即黑暗主婚呢？这真把我急得没有办法，又拟秋季迎娶，这事更不可行。儿现在不但没有余积，而且船只又要修整，那（哪）里还有能力来应付这头困事？至于归期，距此尚远呢！以后不必再提吧。特此禀知。外奉银叁拾元，祈收妥，以资家用。敬祝
健康

戊三月初五日 儿继豪禀","母亲：

前天接到你的来信，知道你与儿定婚。儿虽蒙你慈爱，但是婚姻究是不能苟且的，为何事前并不通知一声，即黑暗主婚呢？这真把我急得没有办法，又拟秋季迎娶，这事更不可行。儿现在不但没有余积，而且船只又要修整，那（哪）里还有能力来应付这头困事？至于归期，距此尚远呢！以后不必再提吧。特此禀知。外奉银叁拾元，祈收妥，以资家用。敬祝
健康

戊三月初五日 儿继豪禀","母亲：
前天接到你的来信，知道你与儿定婚。儿虽蒙你慈爱，但是婚姻究是不能苟且的，为何事前并不通知一声，即黑暗主婚呢？这真把我急得没有办法，又拟秋季迎娶，这事更不可行。儿现在不但没有余积，而且船只又要修整，那（哪）里还有能力来应付这头困事？至于归期，距此尚远呢！以后不必再提吧。特此禀知。外奉银叁拾元，祈收妥，以资家用。敬祝
健康",178,4,12,外洋继豪,潮汕母亲,child,parent,child_to_parent,母亲；儿,潮汕母；知道你与儿,,儿,海外,广东侨乡,海外,广东侨乡,潮汕->广东侨乡,海外 -> 广东侨乡,1,海外；广东侨乡,戊（1938）三月初五日,戊三月初五日 儿继豪禀,1938,1938,三月,初五日,lunar,干支或传统纪年,high,银叁拾元,叁拾元,30,银元,外奉银叁拾元，祈收妥，以资家用。,家用,,1,,,,"母亲：
前天接到你的来信，知道你与儿定婚。儿虽蒙你慈爱，但是婚姻究是不能苟且的，为何事前并不通知一声，即黑暗主婚呢？这真把我急得没有办法，又拟秋季迎娶，这事更不可行。儿现在不但没有余积，而且船只又要修整，那（哪）里还有能力来应付这头困事？至于归期，距此尚远呢！以后不必再提吧。特此禀知。外奉银叁拾元，祈收妥，以资家用。敬祝
健康",,母亲：；前天接到你的来信，知道你与儿定婚。,这真把我急得没有办法，又拟秋季迎娶，这事更不可行。,,,戊三月初五日 儿继豪禀,戊三月初五日 儿继豪禀,,1,1,0,1,0,0,0,1,1,0,1,instruction,family_affection;remittance;instruction;debt;marriage;home_building,,,,儿,祈；奉,,,,不可,儿；祈；奉,1,"外奉银叁拾元，祈收妥，以资家用。
这真把我急得没有办法，又拟秋季迎娶，这事更不可行。
戊三月初五日 儿继豪禀",,,外奉银叁拾元，祈收妥，以资家用。,母亲：；前天接到你的来信，知道你与儿定婚。,这真把我急得没有办法，又拟秋季迎娶，这事更不可行。,戊三月初五日 儿继豪禀,sender=外洋继豪；recipient=潮汕母亲；relationship=child_to_parent；date=戊（1938）三月初五日；money=叁拾元；currency=银元；places=潮汕->广东侨乡；kinship=母亲；儿,"戊（1938）三月初五日，外洋继豪寄潮汕母亲
外洋继豪
潮汕母亲
戊（1938）三月初五日
银叁拾元
潮汕->广东侨乡
family_affection;remittance;instruction;debt;marriage;home_building
母亲：
前天接到你的来信，知道你与儿定婚。儿虽蒙你慈爱，但是婚姻究是不能苟且的，为何事前并不通知一声，即黑暗主婚呢？这真把我急得没有办法，又拟秋季迎娶，这事更不可行。儿现在不但没有余积，而且船只又要修整，那（哪）里还有能力来应付这头困事？至于归期，距此尚远呢！以后不必再提吧。特此禀知。外奉银叁拾元，祈收妥，以资家用。敬祝
健康",题名：戊（1938）三月初五日，外洋继豪寄潮汕母亲；寄批人：外洋继豪；收批人：潮汕母亲；日期：戊（1938）三月初五日；汇款：银叁拾元；主题：family_affection;remittance;instruction;debt;marriage;home_building；正文摘录：母亲：前天接到你的来信，知道你与儿定婚。儿虽蒙你慈爱，但是婚姻究是不能苟且的，为何事前并不通知一声，即黑暗主婚呢？这真把我急得没有办法，又拟秋季迎娶，这事更不可行。儿现在不但没有余积，而且船只又要修整，那（哪）里还有能力来应付这头困事？至于,戊（1938）三月初五日,外洋继豪,潮汕母亲,162,0,继豪,母亲,母亲,high,广东侨乡；海外,"[{""record_id"": ""CSQP-SFHC-TEXT-057"", ""raw_text"": ""银叁拾元"", ""amount_text"": ""叁拾元"", ""amount_number"": 30, ""currency"": ""银元"", ""sentence"": ""外奉银叁拾元，祈收妥，以资家用。"", ""is_primary_candidate"": true, ""source_field"": ""body_clean""}]",戊（1938）三月初五日，外洋继豪寄潮汕母亲；外洋继豪；潮汕母亲；继豪；母亲；儿；广东侨乡；海外；银叁拾元；银元；family_affection；remittance；instruction；debt；marriage；home_building；潮汕；广东；银；元；三月初；五日；外洋；侨乡；银叁；拾元；family；affection；home；building；前天；接到；来信；知道；定婚；虽蒙；慈爱；婚姻；究是；不能；苟且；为何；事前；通知；一声；黑暗；主婚；这真；没有；办法；秋季；迎娶；这事；可行；现在；不但；余积；而且；船只；修整；还有；能力；应付；这头；困事；至于；归期；距此；尚远；以后；不必；特此；禀知；外奉；收妥；以资；家用；敬祝；健康
CSQP-SFHC-TEXT-058,58,戊（1938）五月初四日，外洋丁炳南寄潮汕岳母大人,pdf_pages=92；book_pages=63,1,medium,0,"岳母大人尊前：

敬启者，久未禀候，歉仄良多，近维起居安吉，合第平安，定符所颂耳。兹因轮便，即寄上中央币伍元，至祈查收，以为茶果之敬，望乞笑纳是荷。内外幸庇平安，祈免锦念。专此禀达，余事后申。即请
金安

婿丁炳南禀
戊五月初四日","岳母大人尊前：

敬启者，久未禀候，歉仄良多，近维起居安吉，合第平安，定符所颂耳。兹因轮便，即寄上中央币伍元，至祈查收，以为茶果之敬，望乞笑纳是荷。内外幸庇平安，祈免锦念。专此禀达，余事后申。即请
金安

婿丁炳南禀
戊五月初四日","岳母大人尊前：

敬启者，久未禀候，歉仄良多，近维起居安吉，合第平安，定符所颂耳。兹因轮便，即寄上中央币伍元，至祈查收，以为茶果之敬，望乞笑纳是荷。内外幸庇平安，祈免锦念。专此禀达，余事后申。即请
金安

婿丁炳南禀
戊五月初四日","敬启者，久未禀候，歉仄良多，近维起居安吉，合第平安，定符所颂耳。兹因轮便，即寄上中央币伍元，至祈查收，以为茶果之敬，望乞笑纳是荷。内外幸庇平安，祈免锦念。专此禀达，余事后申。即请
金安",115,5,9,外洋丁炳南,潮汕岳母大人,son_in_law,parent_in_law,son_in_law_to_parent_in_law,岳母,潮汕岳母；岳母,大人；尊前,婿,海外,广东侨乡,海外,广东侨乡,潮汕->广东侨乡,海外 -> 广东侨乡,1,海外；广东侨乡,戊（1938）五月初四日,"婿丁炳南禀
戊五月初四日",1938,1938,五月,初四日,lunar,干支或传统纪年,high,中央币伍元,伍元,5,国币,兹因轮便，即寄上中央币伍元，至祈查收，以为茶果之敬，望乞笑纳是荷。,茶果,兹因轮便，即寄上中央币伍元，至祈查收，以为茶果之敬，望乞笑纳是荷。,1,岳母大人尊前：,敬启者，久未禀候，歉仄良多，近维起居安吉，合第平安，定符所颂耳。,敬启者，久未禀候，歉仄良多，近维起居安吉，合第平安，定符所颂耳。,"敬启者，久未禀候，歉仄良多，近维起居安吉，合第平安，定符所颂耳。兹因轮便，即寄上中央币伍元，至祈查收，以为茶果之敬，望乞笑纳是荷。内外幸庇平安，祈免锦念。专此禀达，余事后申。即请
金安",敬启者，久未禀候，歉仄良多，近维起居安吉，合第平安，定符所颂耳。；内外幸庇平安，祈免锦念。,岳母大人尊前：,,,,"婿丁炳南禀
戊五月初四日",婿丁炳南禀,,1,1,1,0,0,0,0,0,0,0,0,safety_report,family_affection;remittance;safety,启者；尊前,启,大人；尊前；金安,,兹；祈；荷,尊前；祈查收；至祈查收；查收；金安,寄上；查收,平安；起居,,启者；尊前；启；大人；金安；兹；祈；荷；祈查收；至祈查收；查收,3,"岳母大人尊前：
敬启者，久未禀候，歉仄良多，近维起居安吉，合第平安，定符所颂耳。
敬启者，久未禀候，歉仄良多，近维起居安吉，合第平安，定符所颂耳。；内外幸庇平安，祈免锦念。
兹因轮便，即寄上中央币伍元，至祈查收，以为茶果之敬，望乞笑纳是荷。
婿丁炳南禀",岳母大人尊前：,敬启者，久未禀候，歉仄良多，近维起居安吉，合第平安，定符所颂耳。；内外幸庇平安，祈免锦念。,兹因轮便，即寄上中央币伍元，至祈查收，以为茶果之敬，望乞笑纳是荷。,岳母大人尊前：,,婿丁炳南禀,sender=外洋丁炳南；recipient=潮汕岳母大人；relationship=son_in_law_to_parent_in_law；date=戊（1938）五月初四日；money=伍元；currency=国币；places=潮汕->广东侨乡；kinship=岳母,"戊（1938）五月初四日，外洋丁炳南寄潮汕岳母大人
外洋丁炳南
潮汕岳母大人
戊（1938）五月初四日
中央币伍元
潮汕->广东侨乡
family_affection;remittance;safety
敬启者，久未禀候，歉仄良多，近维起居安吉，合第平安，定符所颂耳。兹因轮便，即寄上中央币伍元，至祈查收，以为茶果之敬，望乞笑纳是荷。内外幸庇平安，祈免锦念。专此禀达，余事后申。即请
金安",题名：戊（1938）五月初四日，外洋丁炳南寄潮汕岳母大人；寄批人：外洋丁炳南；收批人：潮汕岳母大人；日期：戊（1938）五月初四日；汇款：中央币伍元；主题：family_affection;remittance;safety；正文摘录：敬启者，久未禀候，歉仄良多，近维起居安吉，合第平安，定符所颂耳。兹因轮便，即寄上中央币伍元，至祈查收，以为茶果之敬，望乞笑纳是荷。内外幸庇平安，祈免锦念。专此禀达，余事后申。即请金安,戊（1938）五月初四日,外洋丁炳南,潮汕岳母大人,91,0,丁炳南,岳母,岳母,high,广东侨乡；海外,"[{""record_id"": ""CSQP-SFHC-TEXT-058"", ""raw_text"": ""中央币伍元"", ""amount_text"": ""伍元"", ""amount_number"": 5, ""currency"": ""国币"", ""sentence"": ""兹因轮便，即寄上中央币伍元，至祈查收，以为茶果之敬，望乞笑纳是荷。"", ""is_primary_candidate"": true, ""source_field"": ""body_clean""}]",戊（1938）五月初四日，外洋丁炳南寄潮汕岳母大人；外洋丁炳南；潮汕岳母大人；丁炳南；岳母；广东侨乡；海外；中央币伍元；国币；family_affection；remittance；safety；潮汕；广东；中央币；元；尊前；祈查收；至祈查收；查收；金安；五月；初四；外洋；侨乡；中央；伍元；family；affection；启者；至祈；敬启者；禀候；歉仄；良多；近维；起居；安吉；合第；平安；定符；所颂；因轮；即寄上；以为；茶果；之敬；笑纳；内外；幸庇；祈免；锦念；专此；禀达；事后
CSQP-SFHC-TEXT-059,59,戊（1938）五月十五日，暹财福寄澄邑南砂乡林宅慈亲大人,pdf_pages=93；book_pages=64,1,medium,0,"寄批人：遥儿财福
收批人：澄邑南砂乡林宅慈亲大人
批款：中央币壹佰元
日期：戊五月十五日

字奉母亲大人膝下：
兹付信局去中央币壹佰元，至时查收，家中应用。幸喜两地平安，不用挂念。迩中闻说塘（唐）山早冬无可收成，未卜二兄田园耕种如何，回音来知。
金安

戊五月十五日  儿财福禀","寄批人：遥儿财福
收批人：澄邑南砂乡林宅慈亲大人
批款：中央币壹佰元
日期：戊五月十五日

字奉母亲大人膝下：
兹付信局去中央币壹佰元，至时查收，家中应用。幸喜两地平安，不用挂念。迩中闻说塘（唐）山早冬无可收成，未卜二兄田园耕种如何，回音来知。
金安

戊五月十五日 儿财福禀","字奉母亲大人膝下：
兹付信局去中央币壹佰元，至时查收，家中应用。幸喜两地平安，不用挂念。迩中闻说塘（唐）山早冬无可收成，未卜二兄田园耕种如何，回音来知。
金安

戊五月十五日 儿财福禀","兹付信局去中央币壹佰元，至时查收，家中应用。幸喜两地平安，不用挂念。迩中闻说塘（唐）山早冬无可收成，未卜二兄田园耕种如何，回音来知。
金安",138,8,6,遥儿财福,澄邑南砂乡林宅慈亲大人,child,parent,child_to_parent,慈亲；母亲；兄；儿,遥儿；字奉母；未卜二兄,大人；膝下,儿,泰国,广东澄海,泰国,广东澄海,澄邑->广东澄海,泰国 -> 广东澄海,1,泰国；广东侨乡,戊五月十五日,戊五月十五日 儿财福禀,1938,1938,五月,十五日,solar,干支或传统纪年,high,中央币壹佰元,壹佰元,100,国币,兹付信局去中央币壹佰元，至时查收，家中应用。,,兹付信局去中央币壹佰元，至时查收，家中应用。,1,字奉母亲大人膝下：,,幸喜两地平安，不用挂念。,"兹付信局去中央币壹佰元，至时查收，家中应用。幸喜两地平安，不用挂念。迩中闻说塘（唐）山早冬无可收成，未卜二兄田园耕种如何，回音来知。
金安",幸喜两地平安，不用挂念。,字奉母亲大人膝下：；兹付信局去中央币壹佰元，至时查收，家中应用。,,,,戊五月十五日 儿财福禀,戊五月十五日 儿财福禀,,1,1,1,0,0,0,0,0,0,0,0,family_affection,family_affection;remittance;safety,膝下,,大人；膝下；金安,儿,兹；奉,膝下；查收；金安,查收,平安,,膝下；大人；金安；儿；兹；奉；查收,2,"字奉母亲大人膝下：
幸喜两地平安，不用挂念。
兹付信局去中央币壹佰元，至时查收，家中应用。
戊五月十五日 儿财福禀",字奉母亲大人膝下：,幸喜两地平安，不用挂念。,兹付信局去中央币壹佰元，至时查收，家中应用。,字奉母亲大人膝下：；兹付信局去中央币壹佰元，至时查收，家中应用。,,戊五月十五日 儿财福禀,sender=遥儿财福；recipient=澄邑南砂乡林宅慈亲大人；relationship=child_to_parent；date=戊五月十五日；money=壹佰元；currency=国币；places=澄邑->广东澄海；kinship=慈亲；母亲；兄；儿,"戊（1938）五月十五日，暹财福寄澄邑南砂乡林宅慈亲大人
遥儿财福
澄邑南砂乡林宅慈亲大人
戊五月十五日
中央币壹佰元
澄邑->广东澄海
family_affection;remittance;safety
兹付信局去中央币壹佰元，至时查收，家中应用。幸喜两地平安，不用挂念。迩中闻说塘（唐）山早冬无可收成，未卜二兄田园耕种如何，回音来知。
金安",题名：戊（1938）五月十五日，暹财福寄澄邑南砂乡林宅慈亲大人；寄批人：遥儿财福；收批人：澄邑南砂乡林宅慈亲大人；日期：戊五月十五日；汇款：中央币壹佰元；主题：family_affection;remittance;safety；正文摘录：兹付信局去中央币壹佰元，至时查收，家中应用。幸喜两地平安，不用挂念。迩中闻说塘（唐）山早冬无可收成，未卜二兄田园耕种如何，回音来知。金安,戊（1938）五月十五日,暹财福,澄邑南砂乡林宅慈亲大人,68,0,遥儿财福,南砂乡林宅慈亲,母亲,high,广东澄海；泰国,"[{""record_id"": ""CSQP-SFHC-TEXT-059"", ""raw_text"": ""中央币壹佰元"", ""amount_text"": ""壹佰元"", ""amount_number"": 100, ""currency"": ""国币"", ""sentence"": ""批款：中央币壹佰元"", ""is_primary_candidate"": true, ""source_field"": ""body_clean""}, {""record_id"": ""CSQP-SFHC-TEXT-059"", ""raw_text"": ""中央币壹佰元"", ""amount_text"": ""壹佰元"", ""amount_number"": 100, ""currency"": ""国币"", ""sentence"": ""兹付信局去中央币壹佰元，至时查收，家中应用。"", ""is_primary_candidate"": false, ""source_field"": ""body_clean""}]",戊（1938）五月十五日，暹财福寄澄邑南砂乡林宅慈亲大人；遥儿财福；澄邑南砂乡林宅慈亲大人；南砂乡林宅慈亲；慈亲；母亲；兄；儿；广东澄海；泰国；中央币壹佰元；国币；family_affection；remittance；safety；澄海；澄邑；广东；中央币；元；膝下；查收；金安；五月；十五日；暹财福；寄澄邑；南砂；乡林宅；遥儿；财福；中央；壹佰元；family；affection；兹付；信局；至时；家中；应用；幸喜；两地；平安；不用；挂念；中闻；山早；无可；收成；未卜；二兄；田园；耕种；如何；回音；来知
CSQP-SFHC-TEXT-060,60,戊（1938）五月廿七日，叻宋树钊寄澄邑下蓬家双亲大人,pdf_pages=94-95；book_pages=65-66,1,needs_review,1,"寄批人：叻宋树钊
收批人：澄邑下蓬家双亲大人
批款：中央币式元
日期：戊五月廿七日

双亲大人膝下：
敬禀者，廿六日接读手谕，敬悉一切。近日敌占南澳岛，汕头局势骤形紧张，倘不幸汕头被其登陆，俺乡邻比一带，定遭其害。大人不善走路，必难以逃避他方。上日厦门沦陷，被捕去小童在五岁至十岁者，六百余人，运往台湾教养，将来长大，以为还打中国之用。届时若真有不幸时，可小心保护细弟，随机应变，看事而行，亦可看诸他人如何，为要为要。此次洪水为灾，租无多收，不敢俺家日粮，候将来早粟上市，时价一定较平时为平，可从先买多少以足用。来谕云九章叔诸人，有世界人面，可待通信托其寻事，此全免大人挂念。若照现在情形看，欲得一职，似乎无望，彼诸人若有世界人面，也免无业至今，男想将来欲回唐也无定。今奉上中央币式元，并父亲手谕一封查收。带此，敬请
金安

另者，迩闻广东有编女子壮丁一说，未知是否？

戊五月廿七日  男树钊具禀","寄批人：叻宋树钊
收批人：澄邑下蓬家双亲大人
批款：中央币式元
日期：戊五月廿七日

双亲大人膝下：
敬禀者，廿六日接读手谕，敬悉一切。近日敌占南澳岛，汕头局势骤形紧张，倘不幸汕头被其登陆，俺乡邻比一带，定遭其害。大人不善走路，必难以逃避他方。上日厦门沦陷，被捕去小童在五岁至十岁者，六百余人，运往台湾教养，将来长大，以为还打中国之用。届时若真有不幸时，可小心保护细弟，随机应变，看事而行，亦可看诸他人如何，为要为要。此次洪水为灾，租无多收，不敢俺家日粮，候将来早粟上市，时价一定较平时为平，可从先买多少以足用。来谕云九章叔诸人，有世界人面，可待通信托其寻事，此全免大人挂念。若照现在情形看，欲得一职，似乎无望，彼诸人若有世界人面，也免无业至今，男想将来欲回唐也无定。今奉上中央币式元，并父亲手谕一封查收。带此，敬请
金安

另者，迩闻广东有编女子壮丁一说，未知是否？

戊五月廿七日 男树钊具禀","双亲大人膝下：
敬禀者，廿六日接读手谕，敬悉一切。近日敌占南澳岛，汕头局势骤形紧张，倘不幸汕头被其登陆，俺乡邻比一带，定遭其害。大人不善走路，必难以逃避他方。上日厦门沦陷，被捕去小童在五岁至十岁者，六百余人，运往台湾教养，将来长大，以为还打中国之用。届时若真有不幸时，可小心保护细弟，随机应变，看事而行，亦可看诸他人如何，为要为要。此次洪水为灾，租无多收，不敢俺家日粮，候将来早粟上市，时价一定较平时为平，可从先买多少以足用。来谕云九章叔诸人，有世界人面，可待通信托其寻事，此全免大人挂念。若照现在情形看，欲得一职，似乎无望，彼诸人若有世界人面，也免无业至今，男想将来欲回唐也无定。今奉上中央币式元，并父亲手谕一封查收。带此，敬请
金安

另者，迩闻广东有编女子壮丁一说，未知是否？

戊五月廿七日 男树钊具禀","敬禀者，廿六日接读手谕，敬悉一切。近日敌占南澳岛，汕头局势骤形紧张，倘不幸汕头被其登陆，俺乡邻比一带，定遭其害。大人不善走路，必难以逃避他方。上日厦门沦陷，被捕去小童在五岁至十岁者，六百余人，运往台湾教养，将来长大，以为还打中国之用。届时若真有不幸时，可小心保护细弟，随机应变，看事而行，亦可看诸他人如何，为要为要。此次洪水为灾，租无多收，不敢俺家日粮，候将来早粟上市，时价一定较平时为平，可从先买多少以足用。来谕云九章叔诸人，有世界人面，可待通信托其寻事，此全免大人挂念。若照现在情形看，欲得一职，似乎无望，彼诸人若有世界人面，也免无业至今，男想将来欲回唐也无定。今奉上中央币式元，并父亲手谕一封查收。带此，敬请
金安
另者，迩闻广东有编女子壮丁一说，未知是否？",398,9,14,叻宋树钊,澄邑下蓬家双亲大人,child,parent,child_to_parent,双亲；父亲；弟；男；叔,心保护细弟；谕云九章叔；并父,大人；膝下,男,新加坡,广东澄海,新加坡,广东澄海,澄邑->广东澄海；汕头->广东汕头；广东；叻->新加坡,新加坡 -> 广东澄海,1,新加坡；广东侨乡,戊五月廿七日,戊五月廿七日 男树钊具禀,1938,1938,五月,廿七日,solar,干支或传统纪年,high,中央币式元,式元,2,国币,今奉上中央币式元，并父亲手谕一封查收。,,今奉上中央币式元，并父亲手谕一封查收。,1,双亲大人膝下：,敬禀者，廿六日接读手谕，敬悉一切。,,"敬禀者，廿六日接读手谕，敬悉一切。近日敌占南澳岛，汕头局势骤形紧张，倘不幸汕头被其登陆，俺乡邻比一带，定遭其害。大人不善走路，必难以逃避他方。上日厦门沦陷，被捕去小童在五岁至十岁者，六百余人，运往台湾教养，将来长大，以为还打中国之用。届时若真有不幸时，可小心保护细弟，随机应变，看事而行，亦可看诸他人如何，为要为要。此次洪水为灾，租无多收，不敢俺家日粮，候将来早粟上市，时价一定较平时为平，可从先买多少以足用。来谕云九章叔诸人，有世界人面，可待通信托其寻事，此全免大人挂念。若照现在情形看，欲得一职，似乎无望，彼诸人若有世界人面，也免无业至今，男想将来欲回唐也无定。今奉上中央币式元，并父亲手谕一封查收。带此，敬请
金安
另者，迩闻广东有编女子壮丁一说，未知是否？",,今奉上中央币式元，并父亲手谕一封查收。,,,具禀,戊五月廿七日 男树钊具禀,戊五月廿七日 男树钊具禀,,1,1,0,0,1,0,1,1,0,0,0,family_affection,family_affection;remittance;study;work;debt,敬禀者；禀者；膝下,托,大人；膝下；金安,弟；俺,奉,敬禀者；膝下；查收；金安,奉上；查收,,,敬禀者；禀者；膝下；托；大人；金安；弟；俺；奉；查收,3,"双亲大人膝下：
敬禀者，廿六日接读手谕，敬悉一切。
今奉上中央币式元，并父亲手谕一封查收。
戊五月廿七日 男树钊具禀",双亲大人膝下：,,今奉上中央币式元，并父亲手谕一封查收。,今奉上中央币式元，并父亲手谕一封查收。,,戊五月廿七日 男树钊具禀,sender=叻宋树钊；recipient=澄邑下蓬家双亲大人；relationship=child_to_parent；date=戊五月廿七日；money=式元；currency=国币；places=澄邑->广东澄海；汕头->广东汕头；广东；叻->新加坡；kinship=双亲；父亲；弟；男；叔,"戊（1938）五月廿七日，叻宋树钊寄澄邑下蓬家双亲大人
叻宋树钊
澄邑下蓬家双亲大人
戊五月廿七日
中央币式元
澄邑->广东澄海；汕头->广东汕头；广东；叻->新加坡
family_affection;remittance;study;work;debt
敬禀者，廿六日接读手谕，敬悉一切。近日敌占南澳岛，汕头局势骤形紧张，倘不幸汕头被其登陆，俺乡邻比一带，定遭其害。大人不善走路，必难以逃避他方。上日厦门沦陷，被捕去小童在五岁至十岁者，六百余人，运往台湾教养，将来长大，以为还打中国之用。届时若真有不幸时，可小心保护细弟，随机应变，看事而行，亦可看诸他人如何，为要为要。此次洪水为灾，租无多收，不敢俺家日粮，候将来早粟上市，时价一定较平时为平，可从先买多少以足用。来谕云九章叔诸人，有世界人面，可待通信托其寻事，此全免大人挂念。若照现在情形看，欲得一职，似乎无望，彼诸人若有世界人面，也免无业至今，男想将来欲回唐也无定。今奉上中央币式元，并父亲手谕一封查收。带此，敬请
金安
另者，迩闻广东有编女子壮丁一说，未知是否？",题名：戊（1938）五月廿七日，叻宋树钊寄澄邑下蓬家双亲大人；寄批人：叻宋树钊；收批人：澄邑下蓬家双亲大人；日期：戊五月廿七日；汇款：中央币式元；主题：family_affection;remittance;study;work;debt；正文摘录：敬禀者，廿六日接读手谕，敬悉一切。近日敌占南澳岛，汕头局势骤形紧张，倘不幸汕头被其登陆，俺乡邻比一带，定遭其害。大人不善走路，必难以逃避他方。上日厦门沦陷，被捕去小童在五岁至十岁者，六百余人，运往台湾教养，将来长大，以为还打中国之用。届时若,戊（1938）五月廿七日,叻宋树钊,澄邑下蓬家双亲大人,330,0,宋树钊,双亲,双亲,high,广东澄海；新加坡；广东汕头；广东,"[{""record_id"": ""CSQP-SFHC-TEXT-060"", ""raw_text"": ""中央币式元"", ""amount_text"": ""式元"", ""amount_number"": 2, ""currency"": ""国币"", ""sentence"": ""批款：中央币式元"", ""is_primary_candidate"": true, ""source_field"": ""body_clean""}, {""record_id"": ""CSQP-SFHC-TEXT-060"", ""raw_text"": ""中央币式元"", ""amount_text"": ""式元"", ""amount_number"": 2, ""currency"": ""国币"", ""sentence"": ""今奉上中央币式元，并父亲手谕一封查收。"", ""is_primary_candidate"": false, ""source_field"": ""body_clean""}]",戊（1938）五月廿七日，叻宋树钊寄澄邑下蓬家双亲大人；叻宋树钊；澄邑下蓬家双亲大人；宋树钊；双亲；父亲；弟；男；叔；广东澄海；新加坡；广东汕头；广东；中央币式元；国币；family_affection；remittance；study；work；debt；澄海；澄邑；汕头；中央币；元；敬禀者；膝下；查收；金安；五月；廿七日；寄澄邑；蓬家；澄邑下；中央；币式；family；affection；禀者；廿六日；接读；手谕；敬悉；近日；南澳岛；局势；骤形；紧张；不幸；登陆；乡邻；一带；定遭；其害；不善；走路；难以；逃避；他方；厦门；沦陷；被捕；小童；五岁；十岁；六百余；运往；台湾；教养；将来；长大；以为；中国；之用；届时；若真；小心；保护；细弟；随机应变
CSQP-SFHC-TEXT-061,61,戊（1938）六月十五日，香［香港］潘兆祥寄饶邑碧砂乡家祖慈大人,pdf_pages=96-97；book_pages=67-68,1,needs_review,1,"寄批人：香港兆祥
收批人：饶邑碧砂乡家祖慈大人
批款：国币拾式元
日期：戊六月十五日

祖母大人尊前：
敬禀者，自十二日违别下汕，宿一宵，十三日晋利，南方才抵汕，下轮之后，经两三次阻碍，无法在香回归，先出有船主字，若无，一名不得来香。十四日十二时抵港轮中，二火相至盛隆与大火对影相，由此无事时，已二句钟矣。至及战争一事，在前数日，幸喜长江政府，大出空军，炸沉敌武装鱼（油）船五十余只（艘），战舰十余艘，飞机母舰一艘，所以华南兵舰转至长江，可存不过两三只（艘）而已。此次有才若欲出洋，至切十二元与他送风为要。兹附上中央币拾弍元，至时查收。弍元母亲收用，余拾元以充家资。一路平安，无烦远念。此次火轮人均均，在西历廿一号才出坞，特此告知。并问
合家平安

戊六月十五日  孙兆祥叩","寄批人：香港兆祥
收批人：饶邑碧砂乡家祖慈大人
批款：国币拾式元
日期：戊六月十五日

祖母大人尊前：
敬禀者，自十二日违别下汕，宿一宵，十三日晋利，南方才抵汕，下轮之后，经两三次阻碍，无法在香回归，先出有船主字，若无，一名不得来香。十四日十二时抵港轮中，二火相至盛隆与大火对影相，由此无事时，已二句钟矣。至及战争一事，在前数日，幸喜长江政府，大出空军，炸沉敌武装鱼（油）船五十余只（艘），战舰十余艘，飞机母舰一艘，所以华南兵舰转至长江，可存不过两三只（艘）而已。此次有才若欲出洋，至切十二元与他送风为要。兹附上中央币拾弍元，至时查收。弍元母亲收用，余拾元以充家资。一路平安，无烦远念。此次火轮人均均，在西历廿一号才出坞，特此告知。并问
合家平安

戊六月十五日 孙兆祥叩","祖母大人尊前：
敬禀者，自十二日违别下汕，宿一宵，十三日晋利，南方才抵汕，下轮之后，经两三次阻碍，无法在香回归，先出有船主字，若无，一名不得来香。十四日十二时抵港轮中，二火相至盛隆与大火对影相，由此无事时，已二句钟矣。至及战争一事，在前数日，幸喜长江政府，大出空军，炸沉敌武装鱼（油）船五十余只（艘），战舰十余艘，飞机母舰一艘，所以华南兵舰转至长江，可存不过两三只（艘）而已。此次有才若欲出洋，至切十二元与他送风为要。兹附上中央币拾弍元，至时查收。弍元母亲收用，余拾元以充家资。一路平安，无烦远念。此次火轮人均均，在西历廿一号才出坞，特此告知。并问
合家平安

戊六月十五日 孙兆祥叩","敬禀者，自十二日违别下汕，宿一宵，十三日晋利，南方才抵汕，下轮之后，经两三次阻碍，无法在香回归，先出有船主字，若无，一名不得来香。十四日十二时抵港轮中，二火相至盛隆与大火对影相，由此无事时，已二句钟矣。至及战争一事，在前数日，幸喜长江政府，大出空军，炸沉敌武装鱼（油）船五十余只（艘），战舰十余艘，飞机母舰一艘，所以华南兵舰转至长江，可存不过两三只（艘）而已。此次有才若欲出洋，至切十二元与他送风为要。兹附上中央币拾弍元，至时查收。弍元母亲收用，余拾元以充家资。一路平安，无烦远念。此次火轮人均均，在西历廿一号才出坞，特此告知。并问
合家平安
戊六月十五日 孙兆祥叩",336,8,12,香港兆祥,饶邑碧砂乡家祖慈大人,,grandparent,grandchild_to_grandparent,母亲；祖母；祖慈；家祖；孙,祖母；飞机母；弍元母,大人；尊前,,香港,广东饶平,香港,广东饶平,香港；饶邑->广东饶平,香港 -> 广东饶平,1,香港；广东侨乡,戊六月十五日,,1938,1938,六月,十五日,solar,干支或传统纪年,high,国币拾式元,拾式元,12,国币,兹附上中央币拾弍元，至时查收。,,兹附上中央币拾弍元，至时查收。；弍元母亲收用，余拾元以充家资。,1,祖母大人尊前：,敬禀者，自十二日违别下汕，宿一宵，十三日晋利，南方才抵汕，下轮之后，经两三次阻碍，无法在香回归，先出有船主字，若无，一名不得来香。,一路平安，无烦远念。,"敬禀者，自十二日违别下汕，宿一宵，十三日晋利，南方才抵汕，下轮之后，经两三次阻碍，无法在香回归，先出有船主字，若无，一名不得来香。十四日十二时抵港轮中，二火相至盛隆与大火对影相，由此无事时，已二句钟矣。至及战争一事，在前数日，幸喜长江政府，大出空军，炸沉敌武装鱼（油）船五十余只（艘），战舰十余艘，飞机母舰一艘，所以华南兵舰转至长江，可存不过两三只（艘）而已。此次有才若欲出洋，至切十二元与他送风为要。兹附上中央币拾弍元，至时查收。弍元母亲收用，余拾元以充家资。一路平安，无烦远念。此次火轮人均均，在西历廿一号才出坞，特此告知。并问
合家平安
戊六月十五日 孙兆祥叩",一路平安，无烦远念。；合家平安,祖母大人尊前：；至及战争一事，在前数日，幸喜长江政府，大出空军，炸沉敌武装鱼（油）船五十余只（艘），战舰十余艘，飞机母舰一艘，所以华南兵舰转至长江，可存不过两三只（艘）而已。,,,,,,,1,1,1,0,0,0,0,0,0,0,0,family_affection,family_affection;remittance;safety,敬禀者；禀者；尊前,,大人；尊前,叩,兹,敬禀者；尊前；查收,查收,平安,,敬禀者；禀者；尊前；大人；叩；兹；查收,2,"祖母大人尊前：
敬禀者，自十二日违别下汕，宿一宵，十三日晋利，南方才抵汕，下轮之后，经两三次阻碍，无法在香回归，先出有船主字，若无，一名不得来香。
一路平安，无烦远念。；合家平安
兹附上中央币拾弍元，至时查收。",祖母大人尊前：,一路平安，无烦远念。；合家平安,兹附上中央币拾弍元，至时查收。,祖母大人尊前：；至及战争一事，在前数日，幸喜长江政府，大出空军，炸沉敌武装鱼（油）船五十余只（艘），战舰十余艘，飞机母舰一艘，所以华南兵舰转至长江，可存不过两三只（艘）而已。,,,sender=香港兆祥；recipient=饶邑碧砂乡家祖慈大人；relationship=grandchild_to_grandparent；date=戊六月十五日；money=拾式元；currency=国币；places=香港；饶邑->广东饶平；kinship=母亲；祖母；祖慈；家祖；孙,"戊（1938）六月十五日，香［香港］潘兆祥寄饶邑碧砂乡家祖慈大人
香港兆祥
饶邑碧砂乡家祖慈大人
戊六月十五日
国币拾式元
香港；饶邑->广东饶平
family_affection;remittance;safety
敬禀者，自十二日违别下汕，宿一宵，十三日晋利，南方才抵汕，下轮之后，经两三次阻碍，无法在香回归，先出有船主字，若无，一名不得来香。十四日十二时抵港轮中，二火相至盛隆与大火对影相，由此无事时，已二句钟矣。至及战争一事，在前数日，幸喜长江政府，大出空军，炸沉敌武装鱼（油）船五十余只（艘），战舰十余艘，飞机母舰一艘，所以华南兵舰转至长江，可存不过两三只（艘）而已。此次有才若欲出洋，至切十二元与他送风为要。兹附上中央币拾弍元，至时查收。弍元母亲收用，余拾元以充家资。一路平安，无烦远念。此次火轮人均均，在西历廿一号才出坞，特此告知。并问
合家平安
戊六月十五日 孙兆祥叩",题名：戊（1938）六月十五日，香［香港］潘兆祥寄饶邑碧砂乡家祖慈大人；寄批人：香港兆祥；收批人：饶邑碧砂乡家祖慈大人；日期：戊六月十五日；汇款：国币拾式元；主题：family_affection;remittance;safety；正文摘录：敬禀者，自十二日违别下汕，宿一宵，十三日晋利，南方才抵汕，下轮之后，经两三次阻碍，无法在香回归，先出有船主字，若无，一名不得来香。十四日十二时抵港轮中，二火相至盛隆与大火对影相，由此无事时，已二句钟矣。至及战争一事，在前数日，幸喜长江政府，,戊（1938）六月十五日,香［香港］潘兆祥,饶邑碧砂乡家祖慈大人,280,0,兆祥,祖慈,母亲,high,香港；广东饶平,"[{""record_id"": ""CSQP-SFHC-TEXT-061"", ""raw_text"": ""国币拾式元"", ""amount_text"": ""拾式元"", ""amount_number"": 12, ""currency"": ""国币"", ""sentence"": ""批款：国币拾式元"", ""is_primary_candidate"": true, ""source_field"": ""body_clean""}, {""record_id"": ""CSQP-SFHC-TEXT-061"", ""raw_text"": ""十二元"", ""amount_text"": ""十二元"", ""amount_number"": 12, ""currency"": ""元"", ""sentence"": ""此次有才若欲出洋，至切十二元与他送风为要。"", ""is_primary_candidate"": false, ""source_field"": ""body_clean""}, {""record_id"": ""CSQP-SFHC-TEXT-061"", ""raw_text"": ""中央币拾弍元"", ""amount_text"": ""拾弍元"", ""amount_number"": 12, ""currency"": ""国币"", ""sentence"": ""兹附上中央币拾弍元，至时查收。"", ""is_primary_candidate"": false, ""source_field"": ""body_clean""}, {""record_id"": ""CSQP-SFHC-TEXT-061"", ""raw_text"": ""弍元"", ""amount_text"": ""弍元"", ""amount_number"": 2, ""currency"": ""元"", ""sentence"": ""弍元母亲收用，余拾元以充家资。"", ""is_primary_candidate"": false, ""source_field"": ""body_clean""}, {""record_id"": ""CSQP-SFHC-TEXT-061"", ""raw_text"": ""拾元"", ""amount_text"": ""拾元"", ""amount_number"": 10, ""currency"": ""元"", ""sentence"": ""弍元母亲收用，余拾元以充家资。"", ""is_primary_candidate"": false, ""source_field"": ""body_clean""}]",戊（1938）六月十五日，香［香港］潘兆祥寄饶邑碧砂乡家祖慈大人；香港兆祥；饶邑碧砂乡家祖慈大人；兆祥；祖慈；母亲；祖母；家祖；孙；香港；广东饶平；国币拾式元；国币；family_affection；remittance；safety；饶邑；广东；中央币；元；敬禀者；尊前；查收；六月；十五日；潘兆祥；砂乡；饶邑碧砂；饶平；拾式；family；affection；禀者；十二日；违别；下汕；宿一宵；十三日；晋利；南方；抵汕；下轮；之后；两三次；阻碍；无法；回归；先出；船主；一名；不得；来香；十四日；十二时；抵港；二火；相至；盛隆；大火；影相；由此；无事时；二句；至及；战争；一事；数日；幸喜；长江；政府；大出；空军；沉敌；武装；五十余只；战舰；十余艘；飞机；母舰；一艘
CSQP-SFHC-TEXT-062,62,戊（1938）六月廿九日，外洋万乘寄潮汕塘氏贤妻,pdf_pages=98；book_pages=69,1,high,0,"塘氏贤妻收次：
敬启者，兹因邮船之便，付（附）去大银壹拾元，至祈查收，以作家用。迩来闻中日战事，以（已）及华南一带，澄邑沿海兵船云集，恐不久将入汕樟。未知俺乡中近来岂有所计划，以为何时避法否？叔婶及两岳亲等，近况定卜佳吉否？祈代为道候。本应裁章恭候安好，只因数年来南中取利甚难，兼又先慈亡后，舅父大非早比，毫无半点亲谊，对为夫如全（同）外人，每月薪金不过十一二元之度，除家批、身字之后，毫无盈余，故对诸亲戚久久问候，实因此之故耳。至于家务各节，全仗（仗）贤妻从俭安排为是，若得盈余也可赎回该田。叔父刻下，岂有在家抑或外出，祈为示知。愚夫目下住居舅父店中，只是暂住，以待良机，并非愿作他之马牛，原为时机所迫，故作暂时之依，若久居该地，则永无发展之期。兹因顺便，略告一切。并询
收安

夫万乘顿
戊六月廿九日","塘氏贤妻收次：
敬启者，兹因邮船之便，付（附）去大银壹拾元，至祈查收，以作家用。迩来闻中日战事，以（已）及华南一带，澄邑沿海兵船云集，恐不久将入汕樟。未知俺乡中近来岂有所计划，以为何时避法否？叔婶及两岳亲等，近况定卜佳吉否？祈代为道候。本应裁章恭候安好，只因数年来南中取利甚难，兼又先慈亡后，舅父大非早比，毫无半点亲谊，对为夫如全（同）外人，每月薪金不过十一二元之度，除家批、身字之后，毫无盈余，故对诸亲戚久久问候，实因此之故耳。至于家务各节，全仗（仗）贤妻从俭安排为是，若得盈余也可赎回该田。叔父刻下，岂有在家抑或外出，祈为示知。愚夫目下住居舅父店中，只是暂住，以待良机，并非愿作他之马牛，原为时机所迫，故作暂时之依，若久居该地，则永无发展之期。兹因顺便，略告一切。并询
收安

夫万乘顿
戊六月廿九日","塘氏贤妻收次：
敬启者，兹因邮船之便，付（附）去大银壹拾元，至祈查收，以作家用。迩来闻中日战事，以（已）及华南一带，澄邑沿海兵船云集，恐不久将入汕樟。未知俺乡中近来岂有所计划，以为何时避法否？叔婶及两岳亲等，近况定卜佳吉否？祈代为道候。本应裁章恭候安好，只因数年来南中取利甚难，兼又先慈亡后，舅父大非早比，毫无半点亲谊，对为夫如全（同）外人，每月薪金不过十一二元之度，除家批、身字之后，毫无盈余，故对诸亲戚久久问候，实因此之故耳。至于家务各节，全仗（仗）贤妻从俭安排为是，若得盈余也可赎回该田。叔父刻下，岂有在家抑或外出，祈为示知。愚夫目下住居舅父店中，只是暂住，以待良机，并非愿作他之马牛，原为时机所迫，故作暂时之依，若久居该地，则永无发展之期。兹因顺便，略告一切。并询
收安

夫万乘顿
戊六月廿九日","塘氏贤妻收次：
敬启者，兹因邮船之便，付（附）去大银壹拾元，至祈查收，以作家用。迩来闻中日战事，以（已）及华南一带，澄邑沿海兵船云集，恐不久将入汕樟。未知俺乡中近来岂有所计划，以为何时避法否？叔婶及两岳亲等，近况定卜佳吉否？祈代为道候。本应裁章恭候安好，只因数年来南中取利甚难，兼又先慈亡后，舅父大非早比，毫无半点亲谊，对为夫如全（同）外人，每月薪金不过十一二元之度，除家批、身字之后，毫无盈余，故对诸亲戚久久问候，实因此之故耳。至于家务各节，全仗（仗）贤妻从俭安排为是，若得盈余也可赎回该田。叔父刻下，岂有在家抑或外出，祈为示知。愚夫目下住居舅父店中，只是暂住，以待良机，并非愿作他之马牛，原为时机所迫，故作暂时之依，若久居该地，则永无发展之期。兹因顺便，略告一切。并询
收安",352,5,15,外洋万乘,潮汕塘氏贤妻,husband,spouse,spouse_to_spouse,叔父；妻；贤妻；叔；婶,汕塘氏贤妻；塘氏贤妻；叔婶；舅父；贤妻；叔父；下住居舅父,贤妻,夫,海外,广东侨乡,海外,广东侨乡,澄邑->广东澄海；潮汕->广东侨乡,海外 -> 广东侨乡,1,海外；广东侨乡,戊（1938）六月廿九日,"夫万乘顿
戊六月廿九日",1938,1938,六月,廿九日,solar,干支或传统纪年,high,大银壹拾元,壹拾元,10,银元,敬启者，兹因邮船之便，付（附）去大银壹拾元，至祈查收，以作家用。,家用,敬启者，兹因邮船之便，付（附）去大银壹拾元，至祈查收，以作家用。,1,,敬启者，兹因邮船之便，付（附）去大银壹拾元，至祈查收，以作家用。,本应裁章恭候安好，只因数年来南中取利甚难，兼又先慈亡后，舅父大非早比，毫无半点亲谊，对为夫如全（同）外人，每月薪金不过十一二元之度，除家批、身字之后，毫无盈余，故对诸亲戚久久问候，实因此之故耳。,"塘氏贤妻收次：
敬启者，兹因邮船之便，付（附）去大银壹拾元，至祈查收，以作家用。迩来闻中日战事，以（已）及华南一带，澄邑沿海兵船云集，恐不久将入汕樟。未知俺乡中近来岂有所计划，以为何时避法否？叔婶及两岳亲等，近况定卜佳吉否？祈代为道候。本应裁章恭候安好，只因数年来南中取利甚难，兼又先慈亡后，舅父大非早比，毫无半点亲谊，对为夫如全（同）外人，每月薪金不过十一二元之度，除家批、身字之后，毫无盈余，故对诸亲戚久久问候，实因此之故耳。至于家务各节，全仗（仗）贤妻从俭安排为是，若得盈余也可赎回该田。叔父刻下，岂有在家抑或外出，祈为示知。愚夫目下住居舅父店中，只是暂住，以待良机，并非愿作他之马牛，原为时机所迫，故作暂时之依，若久居该地，则永无发展之期。兹因顺便，略告一切。并询
收安",本应裁章恭候安好，只因数年来南中取利甚难，兼又先慈亡后，舅父大非早比，毫无半点亲谊，对为夫如全（同）外人，每月薪金不过十一二元之度，除家批、身字之后，毫无盈余，故对诸亲戚久久问候，实因此之故耳。,塘氏贤妻收次：；本应裁章恭候安好，只因数年来南中取利甚难，兼又先慈亡后，舅父大非早比，毫无半点亲谊，对为夫如全（同）外人，每月薪金不过十一二元之度，除家批、身字之后，毫无盈余，故对诸亲戚久久问候，实因此之故耳。,叔父刻下，岂有在家抑或外出，祈为示知。,,顿,"夫万乘顿
戊六月廿九日",夫万乘顿,,1,1,1,1,0,0,0,1,1,1,0,instruction,family_affection;remittance;safety;instruction;debt;marriage;funeral,启者,启,贤妻,愚；俺,兹；祈,祈查收；至祈查收；查收,查收,安好,祈为,启者；启；贤妻；愚；俺；兹；祈；祈查收；至祈查收；查收,3,"敬启者，兹因邮船之便，付（附）去大银壹拾元，至祈查收，以作家用。
本应裁章恭候安好，只因数年来南中取利甚难，兼又先慈亡后，舅父大非早比，毫无半点亲谊，对为夫如全（同）外人，每月薪金不过十一二元之度，除家批、身字之后，毫无盈余，故对诸亲戚久久问候，实因此之故耳。
叔父刻下，岂有在家抑或外出，祈为示知。
夫万乘顿",敬启者，兹因邮船之便，付（附）去大银壹拾元，至祈查收，以作家用。,本应裁章恭候安好，只因数年来南中取利甚难，兼又先慈亡后，舅父大非早比，毫无半点亲谊，对为夫如全（同）外人，每月薪金不过十一二元之度，除家批、身字之后，毫无盈余，故对诸亲戚久久问候，实因此之故耳。,敬启者，兹因邮船之便，付（附）去大银壹拾元，至祈查收，以作家用。,塘氏贤妻收次：；本应裁章恭候安好，只因数年来南中取利甚难，兼又先慈亡后，舅父大非早比，毫无半点亲谊，对为夫如全（同）外人，每月薪金不过十一二元之度，除家批、身字之后，毫无盈余，故对诸亲戚久久问候，实因此之故耳。,叔父刻下，岂有在家抑或外出，祈为示知。,夫万乘顿,sender=外洋万乘；recipient=潮汕塘氏贤妻；relationship=spouse_to_spouse；date=戊（1938）六月廿九日；money=壹拾元；currency=银元；places=澄邑->广东澄海；潮汕->广东侨乡；kinship=叔父；妻；贤妻；叔；婶,"戊（1938）六月廿九日，外洋万乘寄潮汕塘氏贤妻
外洋万乘
潮汕塘氏贤妻
戊（1938）六月廿九日
大银壹拾元
澄邑->广东澄海；潮汕->广东侨乡
family_affection;remittance;safety;instruction;debt;marriage;funeral
塘氏贤妻收次：
敬启者，兹因邮船之便，付（附）去大银壹拾元，至祈查收，以作家用。迩来闻中日战事，以（已）及华南一带，澄邑沿海兵船云集，恐不久将入汕樟。未知俺乡中近来岂有所计划，以为何时避法否？叔婶及两岳亲等，近况定卜佳吉否？祈代为道候。本应裁章恭候安好，只因数年来南中取利甚难，兼又先慈亡后，舅父大非早比，毫无半点亲谊，对为夫如全（同）外人，每月薪金不过十一二元之度，除家批、身字之后，毫无盈余，故对诸亲戚久久问候，实因此之故耳。至于家务各节，全仗（仗）贤妻从俭安排为是，若得盈余也可赎回该田。叔父刻下，岂有在家抑或外出，祈为示知。愚夫目下住居舅父店中，只是暂住，以待良机，并非愿作他之马牛，原为时机所迫，故作暂时之依，若久居该地，则永无发展之期。兹因顺便，略告一切。并询
收安",题名：戊（1938）六月廿九日，外洋万乘寄潮汕塘氏贤妻；寄批人：外洋万乘；收批人：潮汕塘氏贤妻；日期：戊（1938）六月廿九日；汇款：大银壹拾元；主题：family_affection;remittance;safety;instruction;debt;marriage;funeral；正文摘录：塘氏贤妻收次：敬启者，兹因邮船之便，付（附）去大银壹拾元，至祈查收，以作家用。迩来闻中日战事，以（已）及华南一带，澄邑沿海兵船云集，恐不久将入汕樟。未知俺乡中近来岂有所计划，以为何时避法否？叔婶及两岳亲等，近况定卜佳吉否？祈代为道候。本应裁,戊（1938）六月廿九日,外洋万乘,潮汕塘氏贤妻,337,0,万乘,塘氏,妻,high,广东侨乡；广东澄海；海外,"[{""record_id"": ""CSQP-SFHC-TEXT-062"", ""raw_text"": ""大银壹拾元"", ""amount_text"": ""壹拾元"", ""amount_number"": 10, ""currency"": ""银元"", ""sentence"": ""敬启者，兹因邮船之便，付（附）去大银壹拾元，至祈查收，以作家用。"", ""is_primary_candidate"": true, ""source_field"": ""body_clean""}, {""record_id"": ""CSQP-SFHC-TEXT-062"", ""raw_text"": ""十一二元"", ""amount_text"": ""十一二元"", ""amount_number"": 12, ""currency"": ""元"", ""sentence"": ""本应裁章恭候安好，只因数年来南中取利甚难，兼又先慈亡后，舅父大非早比，毫无半点亲谊，对为夫如全（同）外人，每月薪金不过十一二元之度，除家批、身字之后，毫无盈余，故对诸亲戚久久问候，实因此之故耳。"", ""is_primary_candidate"": false, ""source_field"": ""body_clean""}]",戊（1938）六月廿九日，外洋万乘寄潮汕塘氏贤妻；外洋万乘；潮汕塘氏贤妻；万乘；塘氏；叔父；妻；贤妻；叔；婶；广东侨乡；广东澄海；海外；大银壹拾元；银元；family_affection；remittance；safety；instruction；debt；marriage；funeral；澄海；澄邑；潮汕；广东；大银；银；元；祈查收；至祈查收；查收；六月；廿九日；外洋；侨乡；大银壹；拾元；family；affection；启者；至祈；收次；敬启者；邮船；作家；迩来；中日；战事；华南；一带；沿海；兵船；云集；不久；将入；未知；近来；有所；计划；以为；何时；避法否；叔婶；两岳亲；近况；定卜佳吉否；代为；本应；裁章；恭候；安好；数年；来南中；取利；甚难；先慈；亡后；舅父；大非
CSQP-SFHC-TEXT-063,63,戊（1938）七月初十日，暹海泉寄饶隆南溪乡赵宅慈亲大人,pdf_pages=99；book_pages=70,1,medium,0,"寄批人：遥儿海泉
收批人：饶隆南溪乡赵宅慈亲大人
批款：中央法币陆元
日期：戊七月初十日

母亲大人尊前：
敬禀者，兹逢船透【往】汕，顺付（附）去中央法币陆元，到照检收，以助家庭生活费。现失业漂流中度人生，痛苦挣扎，应为内子诸事务宜督示，不可被她所欲胡行，纲常越守，诚感事也。带此，并请
福安

儿海泉
戊七月初十日缄","寄批人：遥儿海泉
收批人：饶隆南溪乡赵宅慈亲大人
批款：中央法币陆元
日期：戊七月初十日

母亲大人尊前：
敬禀者，兹逢船透【往】汕，顺付（附）去中央法币陆元，到照检收，以助家庭生活费。现失业漂流中度人生，痛苦挣扎，应为内子诸事务宜督示，不可被她所欲胡行，纲常越守，诚感事也。带此，并请
福安

儿海泉
戊七月初十日缄","母亲大人尊前：
敬禀者，兹逢船透【往】汕，顺付（附）去中央法币陆元，到照检收，以助家庭生活费。现失业漂流中度人生，痛苦挣扎，应为内子诸事务宜督示，不可被她所欲胡行，纲常越守，诚感事也。带此，并请
福安

儿海泉
戊七月初十日缄","敬禀者，兹逢船透【往】汕，顺付（附）去中央法币陆元，到照检收，以助家庭生活费。现失业漂流中度人生，痛苦挣扎，应为内子诸事务宜督示，不可被她所欲胡行，纲常越守，诚感事也。带此，并请
福安
儿海泉",159,9,7,遥儿海泉,饶隆南溪乡赵宅慈亲大人,,parent,child_to_parent,慈亲；母亲；儿,遥儿,大人；尊前,,泰国,广东饶平,泰国,广东饶平,饶隆->广东饶平,泰国 -> 广东饶平,1,泰国；广东侨乡,戊七月初十日,戊七月初十日缄,1938,1938,七月,初十日,lunar,干支或传统纪年,high,中央法币陆元,陆元,6,国币,敬禀者，兹逢船透【往】汕，顺付（附）去中央法币陆元，到照检收，以助家庭生活费。,,,1,母亲大人尊前：,敬禀者，兹逢船透【往】汕，顺付（附）去中央法币陆元，到照检收，以助家庭生活费。,福安,"敬禀者，兹逢船透【往】汕，顺付（附）去中央法币陆元，到照检收，以助家庭生活费。现失业漂流中度人生，痛苦挣扎，应为内子诸事务宜督示，不可被她所欲胡行，纲常越守，诚感事也。带此，并请
福安
儿海泉",,母亲大人尊前：；儿海泉,现失业漂流中度人生，痛苦挣扎，应为内子诸事务宜督示，不可被她所欲胡行，纲常越守，诚感事也。,带此，并请,缄,戊七月初十日缄,戊七月初十日缄,,1,1,0,1,0,0,0,0,0,0,0,instruction,family_affection;remittance;instruction,敬禀者；禀者；尊前,并请,大人；尊前；福安,儿,兹,敬禀者；尊前；福安,,,不可,敬禀者；禀者；尊前；并请；大人；福安；儿；兹,2,"母亲大人尊前：
敬禀者，兹逢船透【往】汕，顺付（附）去中央法币陆元，到照检收，以助家庭生活费。
现失业漂流中度人生，痛苦挣扎，应为内子诸事务宜督示，不可被她所欲胡行，纲常越守，诚感事也。
带此，并请
戊七月初十日缄",母亲大人尊前：,,敬禀者，兹逢船透【往】汕，顺付（附）去中央法币陆元，到照检收，以助家庭生活费。,母亲大人尊前：；儿海泉,现失业漂流中度人生，痛苦挣扎，应为内子诸事务宜督示，不可被她所欲胡行，纲常越守，诚感事也。,带此，并请；戊七月初十日缄,sender=遥儿海泉；recipient=饶隆南溪乡赵宅慈亲大人；relationship=child_to_parent；date=戊七月初十日；money=陆元；currency=国币；places=饶隆->广东饶平；kinship=慈亲；母亲；儿,"戊（1938）七月初十日，暹海泉寄饶隆南溪乡赵宅慈亲大人
遥儿海泉
饶隆南溪乡赵宅慈亲大人
戊七月初十日
中央法币陆元
饶隆->广东饶平
family_affection;remittance;instruction
敬禀者，兹逢船透【往】汕，顺付（附）去中央法币陆元，到照检收，以助家庭生活费。现失业漂流中度人生，痛苦挣扎，应为内子诸事务宜督示，不可被她所欲胡行，纲常越守，诚感事也。带此，并请
福安
儿海泉",题名：戊（1938）七月初十日，暹海泉寄饶隆南溪乡赵宅慈亲大人；寄批人：遥儿海泉；收批人：饶隆南溪乡赵宅慈亲大人；日期：戊七月初十日；汇款：中央法币陆元；主题：family_affection;remittance;instruction；正文摘录：敬禀者，兹逢船透【往】汕，顺付（附）去中央法币陆元，到照检收，以助家庭生活费。现失业漂流中度人生，痛苦挣扎，应为内子诸事务宜督示，不可被她所欲胡行，纲常越守，诚感事也。带此，并请福安儿海泉,戊（1938）七月初十日,暹海泉,饶隆南溪乡赵宅慈亲大人,94,0,遥儿海泉,南溪乡赵宅慈亲,母亲,high,广东饶平；泰国,"[{""record_id"": ""CSQP-SFHC-TEXT-063"", ""raw_text"": ""中央法币陆元"", ""amount_text"": ""陆元"", ""amount_number"": 6, ""currency"": ""国币"", ""sentence"": ""批款：中央法币陆元"", ""is_primary_candidate"": true, ""source_field"": ""body_clean""}, {""record_id"": ""CSQP-SFHC-TEXT-063"", ""raw_text"": ""中央法币陆元"", ""amount_text"": ""陆元"", ""amount_number"": 6, ""currency"": ""国币"", ""sentence"": ""敬禀者，兹逢船透【往】汕，顺付（附）去中央法币陆元，到照检收，以助家庭生活费。"", ""is_primary_candidate"": false, ""source_field"": ""body_clean""}]",戊（1938）七月初十日，暹海泉寄饶隆南溪乡赵宅慈亲大人；遥儿海泉；饶隆南溪乡赵宅慈亲大人；南溪乡赵宅慈亲；慈亲；母亲；儿；广东饶平；泰国；中央法币陆元；国币；family_affection；remittance；instruction；饶隆；广东；中央法币；法币；元；敬禀者；尊前；福安；七月；初十；暹海泉；南溪；赵宅；遥儿；海泉；饶平；中央；陆元；family；affection；禀者；兹逢；船透；顺付；到照；检收；以助；家庭；生活费；失业；漂流；中度；人生；痛苦；挣扎；应为；内子；事务；宜督示；所欲；胡行；纲常；越守；诚感事；带此；儿海泉
CSQP-SFHC-TEXT-064,64,戊（1938）桂月（八月）廿日，越丁南寄潮安南桂都姚庆松吾儿,pdf_pages=100；book_pages=71,1,high,0,"寄批人：赵丁南
收批人：潮安南桂都姚庆松吾儿
批款：中央币壹拾元
日期：戊桂月廿日

庆松吾儿知悉：
启者，是天轮便，寄上中央币壹拾元，到祈查收，以助家情之用也。另者，来信所言，内中各事吾以（已）知道，尚不知你二人婆（委）曲，吾亦难已（以）思想何人正道。见信之日，以后合家须欲和气，后日再有结（角）口，来信通知，家信即欲绝寄，看你家中口食出之何限？兼战事活动，无可所出，定然饿死在眼前，收悔太迟！二地平安，余无别言。手此，顺询
旅安

严丁南缄
戊桂月廿日","寄批人：赵丁南
收批人：潮安南桂都姚庆松吾儿
批款：中央币壹拾元
日期：戊桂月廿日

庆松吾儿知悉：
启者，是天轮便，寄上中央币壹拾元，到祈查收，以助家情之用也。另者，来信所言，内中各事吾以（已）知道，尚不知你二人婆（委）曲，吾亦难已（以）思想何人正道。见信之日，以后合家须欲和气，后日再有结（角）口，来信通知，家信即欲绝寄，看你家中口食出之何限？兼战事活动，无可所出，定然饿死在眼前，收悔太迟！二地平安，余无别言。手此，顺询
旅安

严丁南缄
戊桂月廿日","庆松吾儿知悉：
启者，是天轮便，寄上中央币壹拾元，到祈查收，以助家情之用也。另者，来信所言，内中各事吾以（已）知道，尚不知你二人婆（委）曲，吾亦难已（以）思想何人正道。见信之日，以后合家须欲和气，后日再有结（角）口，来信通知，家信即欲绝寄，看你家中口食出之何限？兼战事活动，无可所出，定然饿死在眼前，收悔太迟！二地平安，余无别言。手此，顺询
旅安

严丁南缄
戊桂月廿日","庆松吾儿知悉：
启者，是天轮便，寄上中央币壹拾元，到祈查收，以助家情之用也。另者，来信所言，内中各事吾以（已）知道，尚不知你二人婆（委）曲，吾亦难已（以）思想何人正道。见信之日，以后合家须欲和气，后日再有结（角）口，来信通知，家信即欲绝寄，看你家中口食出之何限？兼战事活动，无可所出，定然饿死在眼前，收悔太迟！二地平安，余无别言。手此，顺询
旅安",228,9,10,赵丁南,潮安南桂都姚庆松吾儿,,child,parent_to_child,儿,姚庆松吾儿；庆松吾儿,,,越南,广东潮安,越南,广东潮安,安南->越南；潮安->广东潮安,越南 -> 广东潮安,1,越南；广东侨乡,戊桂月廿日,"严丁南缄
戊桂月廿日",1938,1938,八月,,solar,干支或传统纪年,high,中央币壹拾元,壹拾元,10,国币,启者，是天轮便，寄上中央币壹拾元，到祈查收，以助家情之用也。,,启者，是天轮便，寄上中央币壹拾元，到祈查收，以助家情之用也。,1,,启者，是天轮便，寄上中央币壹拾元，到祈查收，以助家情之用也。,二地平安，余无别言。,"庆松吾儿知悉：
启者，是天轮便，寄上中央币壹拾元，到祈查收，以助家情之用也。另者，来信所言，内中各事吾以（已）知道，尚不知你二人婆（委）曲，吾亦难已（以）思想何人正道。见信之日，以后合家须欲和气，后日再有结（角）口，来信通知，家信即欲绝寄，看你家中口食出之何限？兼战事活动，无可所出，定然饿死在眼前，收悔太迟！二地平安，余无别言。手此，顺询
旅安",二地平安，余无别言。,庆松吾儿知悉：；见信之日，以后合家须欲和气，后日再有结（角）口，来信通知，家信即欲绝寄，看你家中口食出之何限？,见信之日，以后合家须欲和气，后日再有结（角）口，来信通知，家信即欲绝寄，看你家中口食出之何限？,,缄,"严丁南缄
戊桂月廿日",严丁南缄,,1,1,1,1,0,0,0,0,0,0,0,instruction,family_affection;remittance;safety;instruction,启者,启,,儿,祈,祈查收；查收,寄上；查收,平安,须,启者；启；儿；祈；祈查收；查收,2,"启者，是天轮便，寄上中央币壹拾元，到祈查收，以助家情之用也。
二地平安，余无别言。
见信之日，以后合家须欲和气，后日再有结（角）口，来信通知，家信即欲绝寄，看你家中口食出之何限？
严丁南缄",启者，是天轮便，寄上中央币壹拾元，到祈查收，以助家情之用也。,二地平安，余无别言。,启者，是天轮便，寄上中央币壹拾元，到祈查收，以助家情之用也。,庆松吾儿知悉：；见信之日，以后合家须欲和气，后日再有结（角）口，来信通知，家信即欲绝寄，看你家中口食出之何限？,见信之日，以后合家须欲和气，后日再有结（角）口，来信通知，家信即欲绝寄，看你家中口食出之何限？,严丁南缄,sender=赵丁南；recipient=潮安南桂都姚庆松吾儿；relationship=parent_to_child；date=戊桂月廿日；money=壹拾元；currency=国币；places=安南->越南；潮安->广东潮安；kinship=儿,"戊（1938）桂月（八月）廿日，越丁南寄潮安南桂都姚庆松吾儿
赵丁南
潮安南桂都姚庆松吾儿
戊桂月廿日
中央币壹拾元
安南->越南；潮安->广东潮安
family_affection;remittance;safety;instruction
庆松吾儿知悉：
启者，是天轮便，寄上中央币壹拾元，到祈查收，以助家情之用也。另者，来信所言，内中各事吾以（已）知道，尚不知你二人婆（委）曲，吾亦难已（以）思想何人正道。见信之日，以后合家须欲和气，后日再有结（角）口，来信通知，家信即欲绝寄，看你家中口食出之何限？兼战事活动，无可所出，定然饿死在眼前，收悔太迟！二地平安，余无别言。手此，顺询
旅安",题名：戊（1938）桂月（八月）廿日，越丁南寄潮安南桂都姚庆松吾儿；寄批人：赵丁南；收批人：潮安南桂都姚庆松吾儿；日期：戊桂月廿日；汇款：中央币壹拾元；主题：family_affection;remittance;safety;instruction；正文摘录：庆松吾儿知悉：启者，是天轮便，寄上中央币壹拾元，到祈查收，以助家情之用也。另者，来信所言，内中各事吾以（已）知道，尚不知你二人婆（委）曲，吾亦难已（以）思想何人正道。见信之日，以后合家须欲和气，后日再有结（角）口，来信通知，家信即欲绝寄，看,戊（1938）桂月（八月）廿日,越丁南,潮安南桂都姚庆松吾儿,171,0,赵丁南,都姚庆松,吾儿,medium,越南；广东潮安,"[{""record_id"": ""CSQP-SFHC-TEXT-064"", ""raw_text"": ""中央币壹拾元"", ""amount_text"": ""壹拾元"", ""amount_number"": 10, ""currency"": ""国币"", ""sentence"": ""批款：中央币壹拾元"", ""is_primary_candidate"": true, ""source_field"": ""body_clean""}, {""record_id"": ""CSQP-SFHC-TEXT-064"", ""raw_text"": ""中央币壹拾元"", ""amount_text"": ""壹拾元"", ""amount_number"": 10, ""currency"": ""国币"", ""sentence"": ""启者，是天轮便，寄上中央币壹拾元，到祈查收，以助家情之用也。"", ""is_primary_candidate"": false, ""source_field"": ""body_clean""}]",戊（1938）桂月（八月）廿日，越丁南寄潮安南桂都姚庆松吾儿；赵丁南；潮安南桂都姚庆松吾儿；都姚庆松；儿；吾儿；越南；广东潮安；中央币壹拾元；国币；family_affection；remittance；safety；instruction；安南；潮安；广东；中央币；元；祈查收；查收；桂月；八月；廿日；越丁南；寄潮；桂都；姚庆；松吾儿；姚庆松；中央；拾元；family；affection；启者；庆松吾儿；知悉；天轮；寄上；以助家情；之用；另者；来信；内中；各事吾以；知道；尚不知；二人；思想；何人；正道；见信；以后；合家；再有；通知；家信；欲绝；家中；口食；何限；战事；活动；无可；定然；饿死；眼前；收悔；太迟；二地；平安；余无别；手此；顺询；旅安
CSQP-SFHC-TEXT-065,65,戊（1938）八月廿九日，外洋汉章寄潮汕母亲大人,pdf_pages=101；book_pages=72,1,medium,0,"母亲大人膝下：
敬禀者，目前接承示谕，敬审一切，藉知大人福体康强，至人为慰。迩来时局纷乱，风云变色，华南战祸蔓延，梓里安危，不胜下虑。不卜潮中情况，又如何也？念甚。兹承轮便寄上国币捌元，至祈检收。计奉弍元，为大人茶果之用，弍元转交三兄，余充家中之需。儿身体甚好，望希记念，肃此奉达。敬请
福安

儿汉章上言
戊八月廿九日","母亲大人膝下：
敬禀者，目前接承示谕，敬审一切，藉知大人福体康强，至人为慰。迩来时局纷乱，风云变色，华南战祸蔓延，梓里安危，不胜下虑。不卜潮中情况，又如何也？念甚。兹承轮便寄上国币捌元，至祈检收。计奉弍元，为大人茶果之用，弍元转交三兄，余充家中之需。儿身体甚好，望希记念，肃此奉达。敬请
福安

儿汉章上言
戊八月廿九日","母亲大人膝下：
敬禀者，目前接承示谕，敬审一切，藉知大人福体康强，至人为慰。迩来时局纷乱，风云变色，华南战祸蔓延，梓里安危，不胜下虑。不卜潮中情况，又如何也？念甚。兹承轮便寄上国币捌元，至祈检收。计奉弍元，为大人茶果之用，弍元转交三兄，余充家中之需。儿身体甚好，望希记念，肃此奉达。敬请
福安

儿汉章上言
戊八月廿九日","敬禀者，目前接承示谕，敬审一切，藉知大人福体康强，至人为慰。迩来时局纷乱，风云变色，华南战祸蔓延，梓里安危，不胜下虑。不卜潮中情况，又如何也？念甚。兹承轮便寄上国币捌元，至祈检收。计奉弍元，为大人茶果之用，弍元转交三兄，余充家中之需。儿身体甚好，望希记念，肃此奉达。敬请
福安",160,5,12,外洋汉章,潮汕母亲大人,child,parent,child_to_parent,母亲；兄；儿,潮汕母；元转交三兄,大人；膝下,儿,海外,广东侨乡,海外,广东侨乡,潮汕->广东侨乡,海外 -> 广东侨乡,1,海外；广东侨乡,戊（1938）八月廿九日,"儿汉章上言
戊八月廿九日",1938,1938,八月,廿九日,solar,干支或传统纪年,high,国币捌元,捌元,8,国币,兹承轮便寄上国币捌元，至祈检收。；计奉弍元，为大人茶果之用，弍元转交三兄，余充家中之需。,茶果；分抹,计奉弍元，为大人茶果之用，弍元转交三兄，余充家中之需。,1,母亲大人膝下：,敬禀者，目前接承示谕，敬审一切，藉知大人福体康强，至人为慰。,,"敬禀者，目前接承示谕，敬审一切，藉知大人福体康强，至人为慰。迩来时局纷乱，风云变色，华南战祸蔓延，梓里安危，不胜下虑。不卜潮中情况，又如何也？念甚。兹承轮便寄上国币捌元，至祈检收。计奉弍元，为大人茶果之用，弍元转交三兄，余充家中之需。儿身体甚好，望希记念，肃此奉达。敬请
福安",,母亲大人膝下：；计奉弍元，为大人茶果之用，弍元转交三兄，余充家中之需。,,,上言,"儿汉章上言
戊八月廿九日",儿汉章上言,,1,1,0,0,0,1,0,0,0,0,0,health_care,family_affection;remittance;health,敬禀者；禀者；膝下,,大人；膝下；福安,儿,兹；祈；奉；承；不胜,敬禀者；膝下；福安,寄上,,,敬禀者；禀者；膝下；大人；福安；儿；兹；祈；奉；承；不胜,3,"母亲大人膝下：
敬禀者，目前接承示谕，敬审一切，藉知大人福体康强，至人为慰。
兹承轮便寄上国币捌元，至祈检收。；计奉弍元，为大人茶果之用，弍元转交三兄，余充家中之需。
儿汉章上言",母亲大人膝下：,,兹承轮便寄上国币捌元，至祈检收。；计奉弍元，为大人茶果之用，弍元转交三兄，余充家中之需。,母亲大人膝下：；计奉弍元，为大人茶果之用，弍元转交三兄，余充家中之需。,,儿汉章上言,sender=外洋汉章；recipient=潮汕母亲大人；relationship=child_to_parent；date=戊（1938）八月廿九日；money=捌元；currency=国币；places=潮汕->广东侨乡；kinship=母亲；兄；儿,"戊（1938）八月廿九日，外洋汉章寄潮汕母亲大人
外洋汉章
潮汕母亲大人
戊（1938）八月廿九日
国币捌元
潮汕->广东侨乡
family_affection;remittance;health
敬禀者，目前接承示谕，敬审一切，藉知大人福体康强，至人为慰。迩来时局纷乱，风云变色，华南战祸蔓延，梓里安危，不胜下虑。不卜潮中情况，又如何也？念甚。兹承轮便寄上国币捌元，至祈检收。计奉弍元，为大人茶果之用，弍元转交三兄，余充家中之需。儿身体甚好，望希记念，肃此奉达。敬请
福安",题名：戊（1938）八月廿九日，外洋汉章寄潮汕母亲大人；寄批人：外洋汉章；收批人：潮汕母亲大人；日期：戊（1938）八月廿九日；汇款：国币捌元；主题：family_affection;remittance;health；正文摘录：敬禀者，目前接承示谕，敬审一切，藉知大人福体康强，至人为慰。迩来时局纷乱，风云变色，华南战祸蔓延，梓里安危，不胜下虑。不卜潮中情况，又如何也？念甚。兹承轮便寄上国币捌元，至祈检收。计奉弍元，为大人茶果之用，弍元转交三兄，余充家中之需。儿身体,戊（1938）八月廿九日,外洋汉章,潮汕母亲大人,137,0,汉章,母亲,母亲,high,广东侨乡；海外,"[{""record_id"": ""CSQP-SFHC-TEXT-065"", ""raw_text"": ""国币捌元"", ""amount_text"": ""捌元"", ""amount_number"": 8, ""currency"": ""国币"", ""sentence"": ""兹承轮便寄上国币捌元，至祈检收。"", ""is_primary_candidate"": true, ""source_field"": ""body_clean""}, {""record_id"": ""CSQP-SFHC-TEXT-065"", ""raw_text"": ""弍元"", ""amount_text"": ""弍元"", ""amount_number"": 2, ""currency"": ""元"", ""sentence"": ""计奉弍元，为大人茶果之用，弍元转交三兄，余充家中之需。"", ""is_primary_candidate"": false, ""source_field"": ""body_clean""}]",戊（1938）八月廿九日，外洋汉章寄潮汕母亲大人；外洋汉章；潮汕母亲大人；汉章；母亲；兄；儿；广东侨乡；海外；国币捌元；国币；family_affection；remittance；health；潮汕；广东；元；敬禀者；膝下；福安；八月；廿九日；外洋；侨乡；family；affection；禀者；不胜；目前；接承示；敬审；福体；康强；人为；迩来；时局；纷乱；风云变色；华南；战祸；蔓延；梓里；安危；下虑；不卜潮；情况；如何；兹承轮；至祈；检收；计奉；茶果；之用；转交；三兄；余充；家中；身体；望希；记念；肃此；奉达
CSQP-SFHC-TEXT-066,66,廿七年（1938）十月，暹李期周寄饶邑下堡李宅张氏荆妻,pdf_pages=102；book_pages=73,1,high,0,"寄批人：遥李期周
收批人：饶邑下保李宅张氏荆妻
批款：银贰拾元
日期：廿七年十月

李氏爱卿收次：
兹启者，数月未通音问，想近况定卜安善，可知也。余自旅暹以来，倏经数载，此数年来，家中几百工作，皆赖吾卿独力所主持，余虽寄客他邦，宁不知感。值兹中日战争之秋，各等物品定然胜贵，此后尤望爱卿，一本过去之精神，继续努力，庶几家道有成。年来商情不景，谋生困难，倘若上苍见怜，朝夕如有厚利可获，余当迅速回梓，一叙天伦之乐也。兹逢火轮之便，特奉上国币贰拾元，至祈检收，乃盼。书不尽意，余言后叙。并祝
收安

廿七、十月
夫其周草","寄批人：遥李期周
收批人：饶邑下保李宅张氏荆妻
批款：银贰拾元
日期：廿七年十月

李氏爱卿收次：
兹启者，数月未通音问，想近况定卜安善，可知也。余自旅暹以来，倏经数载，此数年来，家中几百工作，皆赖吾卿独力所主持，余虽寄客他邦，宁不知感。值兹中日战争之秋，各等物品定然胜贵，此后尤望爱卿，一本过去之精神，继续努力，庶几家道有成。年来商情不景，谋生困难，倘若上苍见怜，朝夕如有厚利可获，余当迅速回梓，一叙天伦之乐也。兹逢火轮之便，特奉上国币贰拾元，至祈检收，乃盼。书不尽意，余言后叙。并祝
收安

廿七、十月
夫其周草","李氏爱卿收次：
兹启者，数月未通音问，想近况定卜安善，可知也。余自旅暹以来，倏经数载，此数年来，家中几百工作，皆赖吾卿独力所主持，余虽寄客他邦，宁不知感。值兹中日战争之秋，各等物品定然胜贵，此后尤望爱卿，一本过去之精神，继续努力，庶几家道有成。年来商情不景，谋生困难，倘若上苍见怜，朝夕如有厚利可获，余当迅速回梓，一叙天伦之乐也。兹逢火轮之便，特奉上国币贰拾元，至祈检收，乃盼。书不尽意，余言后叙。并祝
收安

廿七、十月
夫其周草","李氏爱卿收次：
兹启者，数月未通音问，想近况定卜安善，可知也。余自旅暹以来，倏经数载，此数年来，家中几百工作，皆赖吾卿独力所主持，余虽寄客他邦，宁不知感。值兹中日战争之秋，各等物品定然胜贵，此后尤望爱卿，一本过去之精神，继续努力，庶几家道有成。年来商情不景，谋生困难，倘若上苍见怜，朝夕如有厚利可获，余当迅速回梓，一叙天伦之乐也。兹逢火轮之便，特奉上国币贰拾元，至祈检收，乃盼。书不尽意，余言后叙。并祝
收安",258,9,11,遥李期周,饶邑下保李宅张氏荆妻,husband,spouse,spouse_to_spouse,妻；荆妻,宅张氏荆妻,,夫,泰国,广东饶平,泰国,广东饶平,饶邑->广东饶平,泰国 -> 广东饶平,1,泰国；广东侨乡,廿七年十月,"夫其周草
廿七、十月",1938,1938,十月,,solar,西历,high,银贰拾元,贰拾元,20,银元,兹逢火轮之便，特奉上国币贰拾元，至祈检收，乃盼。,,,1,,兹启者，数月未通音问，想近况定卜安善，可知也。,,"李氏爱卿收次：
兹启者，数月未通音问，想近况定卜安善，可知也。余自旅暹以来，倏经数载，此数年来，家中几百工作，皆赖吾卿独力所主持，余虽寄客他邦，宁不知感。值兹中日战争之秋，各等物品定然胜贵，此后尤望爱卿，一本过去之精神，继续努力，庶几家道有成。年来商情不景，谋生困难，倘若上苍见怜，朝夕如有厚利可获，余当迅速回梓，一叙天伦之乐也。兹逢火轮之便，特奉上国币贰拾元，至祈检收，乃盼。书不尽意，余言后叙。并祝
收安",,余自旅暹以来，倏经数载，此数年来，家中几百工作，皆赖吾卿独力所主持，余虽寄客他邦，宁不知感。,,,草,"夫其周草
廿七、十月",夫其周草,,1,1,0,0,0,0,0,0,1,0,0,remittance,family_affection;remittance;marriage,启者,启,,,兹；祈；奉,,奉上,,,启者；启；兹；祈；奉,2,"兹启者，数月未通音问，想近况定卜安善，可知也。
兹逢火轮之便，特奉上国币贰拾元，至祈检收，乃盼。
夫其周草",兹启者，数月未通音问，想近况定卜安善，可知也。,,兹逢火轮之便，特奉上国币贰拾元，至祈检收，乃盼。,余自旅暹以来，倏经数载，此数年来，家中几百工作，皆赖吾卿独力所主持，余虽寄客他邦，宁不知感。,,夫其周草,sender=遥李期周；recipient=饶邑下保李宅张氏荆妻；relationship=spouse_to_spouse；date=廿七年十月；money=贰拾元；currency=银元；places=饶邑->广东饶平；kinship=妻；荆妻,"廿七年（1938）十月，暹李期周寄饶邑下堡李宅张氏荆妻
遥李期周
饶邑下保李宅张氏荆妻
廿七年十月
银贰拾元
饶邑->广东饶平
family_affection;remittance;marriage
李氏爱卿收次：
兹启者，数月未通音问，想近况定卜安善，可知也。余自旅暹以来，倏经数载，此数年来，家中几百工作，皆赖吾卿独力所主持，余虽寄客他邦，宁不知感。值兹中日战争之秋，各等物品定然胜贵，此后尤望爱卿，一本过去之精神，继续努力，庶几家道有成。年来商情不景，谋生困难，倘若上苍见怜，朝夕如有厚利可获，余当迅速回梓，一叙天伦之乐也。兹逢火轮之便，特奉上国币贰拾元，至祈检收，乃盼。书不尽意，余言后叙。并祝
收安",题名：廿七年（1938）十月，暹李期周寄饶邑下堡李宅张氏荆妻；寄批人：遥李期周；收批人：饶邑下保李宅张氏荆妻；日期：廿七年十月；汇款：银贰拾元；主题：family_affection;remittance;marriage；正文摘录：李氏爱卿收次：兹启者，数月未通音问，想近况定卜安善，可知也。余自旅暹以来，倏经数载，此数年来，家中几百工作，皆赖吾卿独力所主持，余虽寄客他邦，宁不知感。值兹中日战争之秋，各等物品定然胜贵，此后尤望爱卿，一本过去之精神，继续努力，庶几家道有成,廿七年（1938）十月,暹李期周,饶邑下堡李宅张氏荆妻,202,0,遥李期周,下保李宅张氏荆妻,妻,high,广东饶平；泰国,"[{""record_id"": ""CSQP-SFHC-TEXT-066"", ""raw_text"": ""银贰拾元"", ""amount_text"": ""贰拾元"", ""amount_number"": 20, ""currency"": ""银元"", ""sentence"": ""批款：银贰拾元"", ""is_primary_candidate"": true, ""source_field"": ""body_clean""}, {""record_id"": ""CSQP-SFHC-TEXT-066"", ""raw_text"": ""国币贰拾元"", ""amount_text"": ""贰拾元"", ""amount_number"": 20, ""currency"": ""国币"", ""sentence"": ""兹逢火轮之便，特奉上国币贰拾元，至祈检收，乃盼。"", ""is_primary_candidate"": false, ""source_field"": ""body_clean""}]",廿七年（1938）十月，暹李期周寄饶邑下堡李宅张氏荆妻；遥李期周；饶邑下保李宅张氏荆妻；下保李宅张氏荆妻；妻；荆妻；广东饶平；泰国；银贰拾元；银元；family_affection；remittance；marriage；饶邑；广东；国币；银；元；廿七；十月；李期；周寄饶；下堡；李宅；张氏；下保；饶平；拾元；family；affection；启者；李氏；爱卿；收次；兹启者；数月；未通；音问；近况；定卜；安善；可知；余自；旅暹；以来；倏经；数载；数年；家中；几百；工作；赖吾卿；独力；主持；虽寄客；不知；值兹；中日战争；之秋；物品；定然；胜贵；此后；尤望；一本；过去；精神；继续；努力；庶几；家道；有成；商情；不景；谋生；困难；倘若；上苍；见怜；朝夕
CSQP-SFHC-TEXT-067,67,民国二十七年（1938）十二月三号，暹陈文高寄饶隆前溪陈乡陈宅双亲大人,pdf_pages=103；book_pages=74,1,high,0,"寄批人：遥陈文高
收批人：饶隆前溪陈乡陈宅双亲大人
批款：法币伍拾元
日期：民国二十七年十二月三号

母亲大人尊前：
晚禀者，顷接来函，聆悉一切。敬知大人玉体安康，门庭纳福，至于欣慰也。际当国难时期，米食各物高贵，此实为理家之一大困难之事也。况当现暹中行情艰苦，利路毫无所望，大人在塘（唐）以俭为要也。父亲与男均具安好，祈勿以为念也。上帮船寄去前溪许老姑家一十五元，附以为告。兹值暹轮来汕，乘附去法币伍十元，到时祈查收，以充家用也。带此，晚请
金安

男陈文高谨上
民国二十七年十二月三号","寄批人：遥陈文高
收批人：饶隆前溪陈乡陈宅双亲大人
批款：法币伍拾元
日期：民国二十七年十二月三号

母亲大人尊前：
晚禀者，顷接来函，聆悉一切。敬知大人玉体安康，门庭纳福，至于欣慰也。际当国难时期，米食各物高贵，此实为理家之一大困难之事也。况当现暹中行情艰苦，利路毫无所望，大人在塘（唐）以俭为要也。父亲与男均具安好，祈勿以为念也。上帮船寄去前溪许老姑家一十五元，附以为告。兹值暹轮来汕，乘附去法币伍十元，到时祈查收，以充家用也。带此，晚请
金安

男陈文高谨上
民国二十七年十二月三号","母亲大人尊前：
晚禀者，顷接来函，聆悉一切。敬知大人玉体安康，门庭纳福，至于欣慰也。际当国难时期，米食各物高贵，此实为理家之一大困难之事也。况当现暹中行情艰苦，利路毫无所望，大人在塘（唐）以俭为要也。父亲与男均具安好，祈勿以为念也。上帮船寄去前溪许老姑家一十五元，附以为告。兹值暹轮来汕，乘附去法币伍十元，到时祈查收，以充家用也。带此，晚请
金安

男陈文高谨上
民国二十七年十二月三号","晚禀者，顷接来函，聆悉一切。敬知大人玉体安康，门庭纳福，至于欣慰也。际当国难时期，米食各物高贵，此实为理家之一大困难之事也。况当现暹中行情艰苦，利路毫无所望，大人在塘（唐）以俭为要也。父亲与男均具安好，祈勿以为念也。上帮船寄去前溪许老姑家一十五元，附以为告。兹值暹轮来汕，乘附去法币伍十元，到时祈查收，以充家用也。带此，晚请
金安",244,9,12,遥陈文高,饶隆前溪陈乡陈宅双亲大人,child,parent,child_to_parent,双亲；母亲；父亲；男；姑,前溪许老姑,大人；尊前,男,泰国,广东饶平,泰国,广东饶平,饶隆->广东饶平,泰国 -> 广东饶平,1,泰国；广东侨乡,民国二十七年十二月三号,"男陈文高谨上
民国二十七年十二月三号",民国二十七年,1938,十二月,三号,solar,民国,high,法币伍拾元,伍拾元,50,国币,兹值暹轮来汕，乘附去法币伍十元，到时祈查收，以充家用也。；上帮船寄去前溪许老姑家一十五元，附以为告。,家用,兹值暹轮来汕，乘附去法币伍十元，到时祈查收，以充家用也。,1,母亲大人尊前：,晚禀者，顷接来函，聆悉一切。,父亲与男均具安好，祈勿以为念也。,"晚禀者，顷接来函，聆悉一切。敬知大人玉体安康，门庭纳福，至于欣慰也。际当国难时期，米食各物高贵，此实为理家之一大困难之事也。况当现暹中行情艰苦，利路毫无所望，大人在塘（唐）以俭为要也。父亲与男均具安好，祈勿以为念也。上帮船寄去前溪许老姑家一十五元，附以为告。兹值暹轮来汕，乘附去法币伍十元，到时祈查收，以充家用也。带此，晚请
金安",父亲与男均具安好，祈勿以为念也。,母亲大人尊前：；敬知大人玉体安康，门庭纳福，至于欣慰也。,,,谨上,"男陈文高谨上
民国二十七年十二月三号",男陈文高谨上,,1,1,1,0,0,1,0,0,0,0,0,health_care,family_affection;remittance;safety;health,禀者；尊前,谨上,大人；尊前；金安,谨,兹；祈,尊前；祈查收；查收；金安,寄去；查收,安好,,禀者；尊前；谨上；大人；金安；谨；兹；祈；祈查收；查收,3,"母亲大人尊前：
晚禀者，顷接来函，聆悉一切。
父亲与男均具安好，祈勿以为念也。
兹值暹轮来汕，乘附去法币伍十元，到时祈查收，以充家用也。；上帮船寄去前溪许老姑家一十五元，附以为告。
男陈文高谨上",母亲大人尊前：,父亲与男均具安好，祈勿以为念也。,兹值暹轮来汕，乘附去法币伍十元，到时祈查收，以充家用也。；上帮船寄去前溪许老姑家一十五元，附以为告。,母亲大人尊前：；敬知大人玉体安康，门庭纳福，至于欣慰也。,,男陈文高谨上,sender=遥陈文高；recipient=饶隆前溪陈乡陈宅双亲大人；relationship=child_to_parent；date=民国二十七年十二月三号；money=伍拾元；currency=国币；places=饶隆->广东饶平；kinship=双亲；母亲；父亲；男；姑,"民国二十七年（1938）十二月三号，暹陈文高寄饶隆前溪陈乡陈宅双亲大人
遥陈文高
饶隆前溪陈乡陈宅双亲大人
民国二十七年十二月三号
法币伍拾元
饶隆->广东饶平
family_affection;remittance;safety;health
晚禀者，顷接来函，聆悉一切。敬知大人玉体安康，门庭纳福，至于欣慰也。际当国难时期，米食各物高贵，此实为理家之一大困难之事也。况当现暹中行情艰苦，利路毫无所望，大人在塘（唐）以俭为要也。父亲与男均具安好，祈勿以为念也。上帮船寄去前溪许老姑家一十五元，附以为告。兹值暹轮来汕，乘附去法币伍十元，到时祈查收，以充家用也。带此，晚请
金安",题名：民国二十七年（1938）十二月三号，暹陈文高寄饶隆前溪陈乡陈宅双亲大人；寄批人：遥陈文高；收批人：饶隆前溪陈乡陈宅双亲大人；日期：民国二十七年十二月三号；汇款：法币伍拾元；主题：family_affection;remittance;safety;health；正文摘录：晚禀者，顷接来函，聆悉一切。敬知大人玉体安康，门庭纳福，至于欣慰也。际当国难时期，米食各物高贵，此实为理家之一大困难之事也。况当现暹中行情艰苦，利路毫无所望，大人在塘（唐）以俭为要也。父亲与男均具安好，祈勿以为念也。上帮船寄去前溪许老姑家一,民国二十七年（1938）十二月三号,暹陈文高,饶隆前溪陈乡陈宅双亲大人,164,0,遥陈文高,前溪陈乡陈宅双亲,双亲,high,广东饶平；泰国,"[{""record_id"": ""CSQP-SFHC-TEXT-067"", ""raw_text"": ""法币伍拾元"", ""amount_text"": ""伍拾元"", ""amount_number"": 50, ""currency"": ""国币"", ""sentence"": ""批款：法币伍拾元"", ""is_primary_candidate"": true, ""source_field"": ""body_clean""}, {""record_id"": ""CSQP-SFHC-TEXT-067"", ""raw_text"": ""一十五元"", ""amount_text"": ""一十五元"", ""amount_number"": 15, ""currency"": ""元"", ""sentence"": ""上帮船寄去前溪许老姑家一十五元，附以为告。"", ""is_primary_candidate"": false, ""source_field"": ""body_clean""}, {""record_id"": ""CSQP-SFHC-TEXT-067"", ""raw_text"": ""法币伍十元"", ""amount_text"": ""伍十元"", ""amount_number"": 50, ""currency"": ""国币"", ""sentence"": ""兹值暹轮来汕，乘附去法币伍十元，到时祈查收，以充家用也。"", ""is_primary_candidate"": false, ""source_field"": ""body_clean""}]",民国二十七年（1938）十二月三号，暹陈文高寄饶隆前溪陈乡陈宅双亲大人；遥陈文高；饶隆前溪陈乡陈宅双亲大人；前溪陈乡陈宅双亲；双亲；母亲；父亲；男；姑；广东饶平；泰国；法币伍拾元；国币；family_affection；remittance；safety；health；饶隆；广东；法币；元；尊前；祈查收；查收；金安；民国；二十七年；十二月；三号；陈文高；前溪；陈乡；陈宅；饶平；伍拾；family；affection；禀者；谨上；顷接；来函；聆悉；敬知；玉体；安康；门庭；纳福；至于；欣慰；国难；时期；米食；各物；高贵；实为；之一；困难；之事；况当现；暹中；行情；艰苦；利路；毫无；所望；以俭为；男均；安好；祈勿；以为；帮船；前溪许；老姑；家一；十五元；兹值；暹轮；附去；十元；以充
CSQP-SFHC-TEXT-068,68,戊（1938）十月廿四，越丁南寄潮安南桂都姚庆松吾儿,pdf_pages=104；book_pages=75,1,low,0,"寄批人：赵丁南
收批人：潮安南桂都姚庆松吾儿
批款：国币贰拾元
日期：戊十月廿四

庆松吾儿收知：
启者，近来行情冷淡，取利甚难，家情费用从俭为要。即付去国币贰拾元查收，以为家情之用也。内外平安，余无别言。顺问
近好

父丁南缄
戊、十、廿四","寄批人：赵丁南
收批人：潮安南桂都姚庆松吾儿
批款：国币贰拾元
日期：戊十月廿四

庆松吾儿收知：
启者，近来行情冷淡，取利甚难，家情费用从俭为要。即付去国币贰拾元查收，以为家情之用也。内外平安，余无别言。顺问
近好

父丁南缄
戊、十、廿四","庆松吾儿收知：
启者，近来行情冷淡，取利甚难，家情费用从俭为要。即付去国币贰拾元查收，以为家情之用也。内外平安，余无别言。顺问
近好

父丁南缄
戊、十、廿四","启者，近来行情冷淡，取利甚难，家情费用从俭为要。即付去国币贰拾元查收，以为家情之用也。内外平安，余无别言。顺问
近好",121,9,8,赵丁南,潮安南桂都姚庆松吾儿,,child,parent_to_child,儿,姚庆松吾儿；庆松吾儿,收知,,越南,广东潮安,越南,广东潮安,安南->越南；潮安->广东潮安,越南 -> 广东潮安,1,越南；广东侨乡,戊十月廿四,"父丁南缄
戊、十、廿四",1938,1938,十月,,solar,干支或传统纪年,high,国币贰拾元,贰拾元,20,国币,即付去国币贰拾元查收，以为家情之用也。,,即付去国币贰拾元查收，以为家情之用也。,1,庆松吾儿收知：,启者，近来行情冷淡，取利甚难，家情费用从俭为要。,内外平安，余无别言。,"启者，近来行情冷淡，取利甚难，家情费用从俭为要。即付去国币贰拾元查收，以为家情之用也。内外平安，余无别言。顺问
近好",内外平安，余无别言。,庆松吾儿收知：；父丁南缄,,,缄,"父丁南缄
戊、十、廿四",父丁南缄,,1,1,1,0,0,0,0,0,0,0,0,safety_report,family_affection;remittance;safety,启者；收知,启,收知,儿,,查收,付去；查收,平安,,启者；收知；启；儿；查收,2,"庆松吾儿收知：
启者，近来行情冷淡，取利甚难，家情费用从俭为要。
内外平安，余无别言。
即付去国币贰拾元查收，以为家情之用也。
父丁南缄",庆松吾儿收知：,内外平安，余无别言。,即付去国币贰拾元查收，以为家情之用也。,庆松吾儿收知：；父丁南缄,,父丁南缄,sender=赵丁南；recipient=潮安南桂都姚庆松吾儿；relationship=parent_to_child；date=戊十月廿四；money=贰拾元；currency=国币；places=安南->越南；潮安->广东潮安；kinship=儿,"戊（1938）十月廿四，越丁南寄潮安南桂都姚庆松吾儿
赵丁南
潮安南桂都姚庆松吾儿
戊十月廿四
国币贰拾元
安南->越南；潮安->广东潮安
family_affection;remittance;safety
启者，近来行情冷淡，取利甚难，家情费用从俭为要。即付去国币贰拾元查收，以为家情之用也。内外平安，余无别言。顺问
近好",题名：戊（1938）十月廿四，越丁南寄潮安南桂都姚庆松吾儿；寄批人：赵丁南；收批人：潮安南桂都姚庆松吾儿；日期：戊十月廿四；汇款：国币贰拾元；主题：family_affection;remittance;safety；正文摘录：启者，近来行情冷淡，取利甚难，家情费用从俭为要。即付去国币贰拾元查收，以为家情之用也。内外平安，余无别言。顺问近好,戊（1938）十月廿四,越丁南,潮安南桂都姚庆松吾儿,57,0,赵丁南,都姚庆松,吾儿,high,越南；广东潮安,"[{""record_id"": ""CSQP-SFHC-TEXT-068"", ""raw_text"": ""国币贰拾元"", ""amount_text"": ""贰拾元"", ""amount_number"": 20, ""currency"": ""国币"", ""sentence"": ""批款：国币贰拾元"", ""is_primary_candidate"": true, ""source_field"": ""body_clean""}, {""record_id"": ""CSQP-SFHC-TEXT-068"", ""raw_text"": ""国币贰拾元"", ""amount_text"": ""贰拾元"", ""amount_number"": 20, ""currency"": ""国币"", ""sentence"": ""即付去国币贰拾元查收，以为家情之用也。"", ""is_primary_candidate"": false, ""source_field"": ""body_clean""}]",戊（1938）十月廿四，越丁南寄潮安南桂都姚庆松吾儿；赵丁南；潮安南桂都姚庆松吾儿；都姚庆松；儿；吾儿；越南；广东潮安；国币贰拾元；国币；family_affection；remittance；safety；安南；潮安；广东；元；查收；十月；廿四；越丁南；寄潮；桂都；姚庆；松吾儿；姚庆松；拾元；family；affection；启者；收知；近来；行情；冷淡；取利；甚难；费用；从俭为；即付；以为；之用；内外；平安；余无别；顺问；近好
CSQP-SFHC-TEXT-069,69,戊（1939）十一月十七日，外洋佳锐寄潮汕慈母大人,pdf_pages=105；book_pages=76,1,medium,0,"书禀

慈母大人福安：
敬禀者，昨接玉谕，各事已详。今逢宝轮回汕，奉上一函，并国币叁拾元，到时查收，已（以）家中之用。幸蒙神天保佑，各地平安，不用远念。专此上达。敬请
金安不一

戊十一月十七日  儿佳锐禀上","书禀

慈母大人福安：
敬禀者，昨接玉谕，各事已详。今逢宝轮回汕，奉上一函，并国币叁拾元，到时查收，已（以）家中之用。幸蒙神天保佑，各地平安，不用远念。专此上达。敬请
金安不一

戊十一月十七日 儿佳锐禀上","书禀

慈母大人福安：
敬禀者，昨接玉谕，各事已详。今逢宝轮回汕，奉上一函，并国币叁拾元，到时查收，已（以）家中之用。幸蒙神天保佑，各地平安，不用远念。专此上达。敬请
金安不一

戊十一月十七日 儿佳锐禀上","敬禀者，昨接玉谕，各事已详。今逢宝轮回汕，奉上一函，并国币叁拾元，到时查收，已（以）家中之用。幸蒙神天保佑，各地平安，不用远念。专此上达。敬请
金安不一",103,5,9,外洋佳锐,潮汕慈母大人,child,,child_to_parent,儿,潮汕慈母；慈母,大人；福安,儿,海外,广东侨乡,海外,广东侨乡,潮汕->广东侨乡,海外 -> 广东侨乡,1,海外；广东侨乡,戊（1939）十一月十七日,戊十一月十七日 儿佳锐禀上,1939,1939,十一月,十七日,solar,干支或传统纪年,high,国币叁拾元,叁拾元,30,国币,今逢宝轮回汕，奉上一函，并国币叁拾元，到时查收，已（以）家中之用。,家用,今逢宝轮回汕，奉上一函，并国币叁拾元，到时查收，已（以）家中之用。,1,慈母大人福安：,敬禀者，昨接玉谕，各事已详。,慈母大人福安：,"敬禀者，昨接玉谕，各事已详。今逢宝轮回汕，奉上一函，并国币叁拾元，到时查收，已（以）家中之用。幸蒙神天保佑，各地平安，不用远念。专此上达。敬请
金安不一",幸蒙神天保佑，各地平安，不用远念。,慈母大人福安：；今逢宝轮回汕，奉上一函，并国币叁拾元，到时查收，已（以）家中之用。,,,禀上,戊十一月十七日 儿佳锐禀上,戊十一月十七日 儿佳锐禀上,,1,1,1,0,0,0,0,0,0,0,0,family_affection,family_affection;remittance;safety,敬禀者；禀者,,大人；金安；福安,儿,奉,敬禀者；查收；金安；福安；不一,奉上；查收,平安,,敬禀者；禀者；大人；金安；福安；儿；奉；查收；不一,2,"慈母大人福安：
敬禀者，昨接玉谕，各事已详。
幸蒙神天保佑，各地平安，不用远念。
今逢宝轮回汕，奉上一函，并国币叁拾元，到时查收，已（以）家中之用。
戊十一月十七日 儿佳锐禀上",慈母大人福安：,幸蒙神天保佑，各地平安，不用远念。,今逢宝轮回汕，奉上一函，并国币叁拾元，到时查收，已（以）家中之用。,慈母大人福安：；今逢宝轮回汕，奉上一函，并国币叁拾元，到时查收，已（以）家中之用。,,戊十一月十七日 儿佳锐禀上,sender=外洋佳锐；recipient=潮汕慈母大人；relationship=child_to_parent；date=戊（1939）十一月十七日；money=叁拾元；currency=国币；places=潮汕->广东侨乡；kinship=儿,"戊（1939）十一月十七日，外洋佳锐寄潮汕慈母大人
外洋佳锐
潮汕慈母大人
戊（1939）十一月十七日
国币叁拾元
潮汕->广东侨乡
family_affection;remittance;safety
敬禀者，昨接玉谕，各事已详。今逢宝轮回汕，奉上一函，并国币叁拾元，到时查收，已（以）家中之用。幸蒙神天保佑，各地平安，不用远念。专此上达。敬请
金安不一",题名：戊（1939）十一月十七日，外洋佳锐寄潮汕慈母大人；寄批人：外洋佳锐；收批人：潮汕慈母大人；日期：戊（1939）十一月十七日；汇款：国币叁拾元；主题：family_affection;remittance;safety；正文摘录：敬禀者，昨接玉谕，各事已详。今逢宝轮回汕，奉上一函，并国币叁拾元，到时查收，已（以）家中之用。幸蒙神天保佑，各地平安，不用远念。专此上达。敬请金安不一,戊（1939）十一月十七日,外洋佳锐,潮汕慈母大人,75,0,佳锐,慈母,儿,high,广东侨乡；海外,"[{""record_id"": ""CSQP-SFHC-TEXT-069"", ""raw_text"": ""国币叁拾元"", ""amount_text"": ""叁拾元"", ""amount_number"": 30, ""currency"": ""国币"", ""sentence"": ""今逢宝轮回汕，奉上一函，并国币叁拾元，到时查收，已（以）家中之用。"", ""is_primary_candidate"": true, ""source_field"": ""body_clean""}]",戊（1939）十一月十七日，外洋佳锐寄潮汕慈母大人；外洋佳锐；潮汕慈母大人；佳锐；慈母；儿；广东侨乡；海外；国币叁拾元；国币；family_affection；remittance；safety；潮汕；广东；元；敬禀者；查收；金安；福安；不一；十一月；十七日；外洋；侨乡；拾元；family；affection；禀者；昨接；玉谕；各事；今逢宝；轮回；奉上；一函；家中；之用；幸蒙神天；保佑；各地；平安；不用；远念；专此
CSQP-SFHC-TEXT-070,70,廿八年（1939）正月十三日，叻许美馥寄潮安西洋乡张运俊先生,pdf_pages=106；book_pages=77,0,metadata_only,1,"寄批人：叻许美馥
收批人：潮安西洋乡张运俊先生
批款：国币式拾伍元
日期：廿八正月十三日

无正文录文截图，仅见寄批人、收批人、批款、日期。","寄批人：叻许美馥
收批人：潮安西洋乡张运俊先生
批款：国币式拾伍元
日期：廿八正月十三日",,,44,4,0,叻许美馥,潮安西洋乡张运俊先生,,social_or_business_contact,social_or_business,,,先生,,新加坡,广东潮安,新加坡,广东潮安,潮安->广东潮安；西洋乡->广东侨乡西洋乡；叻->新加坡,新加坡 -> 广东潮安,1,新加坡；广东侨乡,廿八正月十三日,,1939,1939,八正月,十三日,solar,西历,high,国币式拾伍元,式拾伍元,25,国币,,,,1,,,,,,,,,,,,,0,1,0,0,0,0,0,0,0,0,0,remittance,remittance,,,,,,,,,,,0,,,,国币式拾伍元,,,,sender=叻许美馥；recipient=潮安西洋乡张运俊先生；relationship=social_or_business；date=廿八正月十三日；money=式拾伍元；currency=国币；places=潮安->广东潮安；西洋乡->广东侨乡西洋乡；叻->新加坡,"廿八年（1939）正月十三日，叻许美馥寄潮安西洋乡张运俊先生
叻许美馥
潮安西洋乡张运俊先生
廿八正月十三日
国币式拾伍元
潮安->广东潮安；西洋乡->广东侨乡西洋乡；叻->新加坡
remittance",题名：廿八年（1939）正月十三日，叻许美馥寄潮安西洋乡张运俊先生；寄批人：叻许美馥；收批人：潮安西洋乡张运俊先生；日期：廿八正月十三日；汇款：国币式拾伍元；主题：remittance,廿八年（1939）正月十三日,叻许美馥,潮安西洋乡张运俊先生,0,0,许美馥,张运俊,,low,广东潮安；广东侨乡西洋乡；新加坡,"[{""record_id"": ""CSQP-SFHC-TEXT-070"", ""raw_text"": ""国币式拾伍元"", ""amount_text"": ""式拾伍元"", ""amount_number"": 25, ""currency"": ""国币"", ""sentence"": ""批款：国币式拾伍元"", ""is_primary_candidate"": true, ""source_field"": ""body_clean""}]",廿八年（1939）正月十三日，叻许美馥寄潮安西洋乡张运俊先生；叻许美馥；潮安西洋乡张运俊先生；许美馥；张运俊；广东潮安；广东侨乡西洋乡；新加坡；国币式拾伍元；国币；remittance；潮安；西洋乡；广东；广东侨乡；元；廿八年；正月；十三日；西洋；先生；侨乡；伍元
CSQP-SFHC-TEXT-071,71,己（1939）二月十九日，叻宋树钊寄澄邑下蓬家双亲大人,pdf_pages=107-108；book_pages=78-79,1,needs_review,1,"寄批人：叻宋树钊
收批人：澄邑下蓬家双亲大人
批款：中央币肆拾元
日期：己二月廿九日

双亲大人膝下：
敬禀者，本月廿三日，接读家书，敬悉各情。目下战事时期，物价必定腾贵，且为沦陷区，港口受其封锁，百物受其限制，其贵当然尤其。生活程度高涨，盗贼必然滋多，晚间门户小心，安分守己，勿管闲事。子姓虽小，何怕之有？所虑者恐受日军之骚扰耳。所云伍元头贴水六寸，此间批局，贴汕方代理，每批不论多少良（银）项，总以一成计算，假若一帮十万元，即以一万元为一元头者，每千元贴水六十元，伍元贴水六寸，也不算多。至于百物昂贵，用费浩繁，理所必然也，无须计算。大人年纪高迈，对于自己，也无须过俭，得过且过，切勿思三虑四为要。此间盛传暹属批良（银），须在汕头领取，未知实否？父亲大人十一、十二两月各寄若干？以后望祈按月示知。细弟身体，自男来叻，定必长大得多，新年岂仍令彼入学否？大人晚间，岂仍在崇赐大房安寝否？祈一一示知，是盼。兹付上国币肆拾元，到时检收，内抹肆元，与细婶家用。敬请
福安

树钊
己二月廿九日寄","寄批人：叻宋树钊
收批人：澄邑下蓬家双亲大人
批款：中央币肆拾元
日期：己二月廿九日

双亲大人膝下：
敬禀者，本月廿三日，接读家书，敬悉各情。目下战事时期，物价必定腾贵，且为沦陷区，港口受其封锁，百物受其限制，其贵当然尤其。生活程度高涨，盗贼必然滋多，晚间门户小心，安分守己，勿管闲事。子姓虽小，何怕之有？所虑者恐受日军之骚扰耳。所云伍元头贴水六寸，此间批局，贴汕方代理，每批不论多少良（银）项，总以一成计算，假若一帮十万元，即以一万元为一元头者，每千元贴水六十元，伍元贴水六寸，也不算多。至于百物昂贵，用费浩繁，理所必然也，无须计算。大人年纪高迈，对于自己，也无须过俭，得过且过，切勿思三虑四为要。此间盛传暹属批良（银），须在汕头领取，未知实否？父亲大人十一、十二两月各寄若干？以后望祈按月示知。细弟身体，自男来叻，定必长大得多，新年岂仍令彼入学否？大人晚间，岂仍在崇赐大房安寝否？祈一一示知，是盼。兹付上国币肆拾元，到时检收，内抹肆元，与细婶家用。敬请
福安

树钊
己二月廿九日寄","双亲大人膝下：
敬禀者，本月廿三日，接读家书，敬悉各情。目下战事时期，物价必定腾贵，且为沦陷区，港口受其封锁，百物受其限制，其贵当然尤其。生活程度高涨，盗贼必然滋多，晚间门户小心，安分守己，勿管闲事。子姓虽小，何怕之有？所虑者恐受日军之骚扰耳。所云伍元头贴水六寸，此间批局，贴汕方代理，每批不论多少良（银）项，总以一成计算，假若一帮十万元，即以一万元为一元头者，每千元贴水六十元，伍元贴水六寸，也不算多。至于百物昂贵，用费浩繁，理所必然也，无须计算。大人年纪高迈，对于自己，也无须过俭，得过且过，切勿思三虑四为要。此间盛传暹属批良（银），须在汕头领取，未知实否？父亲大人十一、十二两月各寄若干？以后望祈按月示知。细弟身体，自男来叻，定必长大得多，新年岂仍令彼入学否？大人晚间，岂仍在崇赐大房安寝否？祈一一示知，是盼。兹付上国币肆拾元，到时检收，内抹肆元，与细婶家用。敬请
福安

树钊
己二月廿九日寄","敬禀者，本月廿三日，接读家书，敬悉各情。目下战事时期，物价必定腾贵，且为沦陷区，港口受其封锁，百物受其限制，其贵当然尤其。生活程度高涨，盗贼必然滋多，晚间门户小心，安分守己，勿管闲事。子姓虽小，何怕之有？所虑者恐受日军之骚扰耳。所云伍元头贴水六寸，此间批局，贴汕方代理，每批不论多少良（银）项，总以一成计算，假若一帮十万元，即以一万元为一元头者，每千元贴水六十元，伍元贴水六寸，也不算多。至于百物昂贵，用费浩繁，理所必然也，无须计算。大人年纪高迈，对于自己，也无须过俭，得过且过，切勿思三虑四为要。此间盛传暹属批良（银），须在汕头领取，未知实否？父亲大人十一、十二两月各寄若干？以后望祈按月示知。细弟身体，自男来叻，定必长大得多，新年岂仍令彼入学否？大人晚间，岂仍在崇赐大房安寝否？祈一一示知，是盼。兹付上国币肆拾元，到时检收，内抹肆元，与细婶家用。敬请
福安
树钊",444,9,20,叻宋树钊,澄邑下蓬家双亲大人,,parent,child_to_parent,双亲；父亲；弟；男；婶,细弟；与细婶,大人；膝下,,新加坡,广东澄海,新加坡,广东澄海,澄邑->广东澄海；汕头->广东汕头；叻->新加坡,新加坡 -> 广东澄海,1,新加坡；广东侨乡,己二月廿九日,己二月廿九日寄,1939,1939,二月,廿九日,solar,干支或传统纪年,high,中央币肆拾元,肆拾元,40,国币,兹付上国币肆拾元，到时检收，内抹肆元，与细婶家用。,家用,,1,双亲大人膝下：,敬禀者，本月廿三日，接读家书，敬悉各情。,,"敬禀者，本月廿三日，接读家书，敬悉各情。目下战事时期，物价必定腾贵，且为沦陷区，港口受其封锁，百物受其限制，其贵当然尤其。生活程度高涨，盗贼必然滋多，晚间门户小心，安分守己，勿管闲事。子姓虽小，何怕之有？所虑者恐受日军之骚扰耳。所云伍元头贴水六寸，此间批局，贴汕方代理，每批不论多少良（银）项，总以一成计算，假若一帮十万元，即以一万元为一元头者，每千元贴水六十元，伍元贴水六寸，也不算多。至于百物昂贵，用费浩繁，理所必然也，无须计算。大人年纪高迈，对于自己，也无须过俭，得过且过，切勿思三虑四为要。此间盛传暹属批良（银），须在汕头领取，未知实否？父亲大人十一、十二两月各寄若干？以后望祈按月示知。细弟身体，自男来叻，定必长大得多，新年岂仍令彼入学否？大人晚间，岂仍在崇赐大房安寝否？祈一一示知，是盼。兹付上国币肆拾元，到时检收，内抹肆元，与细婶家用。敬请
福安
树钊",,父亲大人十一、十二两月各寄若干？；细弟身体，自男来叻，定必长大得多，新年岂仍令彼入学否？,至于百物昂贵，用费浩繁，理所必然也，无须计算。；大人年纪高迈，对于自己，也无须过俭，得过且过，切勿思三虑四为要。,,,己二月廿九日寄,,,1,1,0,1,1,1,0,0,0,0,0,instruction,family_affection;remittance;instruction;study;health,敬禀者；禀者；膝下,,大人；膝下；福安,弟,兹；祈；切勿,敬禀者；膝下；福安,,,切勿；须,敬禀者；禀者；膝下；大人；福安；弟；兹；祈；切勿,2,"双亲大人膝下：
敬禀者，本月廿三日，接读家书，敬悉各情。
兹付上国币肆拾元，到时检收，内抹肆元，与细婶家用。
至于百物昂贵，用费浩繁，理所必然也，无须计算。；大人年纪高迈，对于自己，也无须过俭，得过且过，切勿思三虑四为要。",双亲大人膝下：,,兹付上国币肆拾元，到时检收，内抹肆元，与细婶家用。,父亲大人十一、十二两月各寄若干？；细弟身体，自男来叻，定必长大得多，新年岂仍令彼入学否？,至于百物昂贵，用费浩繁，理所必然也，无须计算。；大人年纪高迈，对于自己，也无须过俭，得过且过，切勿思三虑四为要。,,sender=叻宋树钊；recipient=澄邑下蓬家双亲大人；relationship=child_to_parent；date=己二月廿九日；money=肆拾元；currency=国币；places=澄邑->广东澄海；汕头->广东汕头；叻->新加坡；kinship=双亲；父亲；弟；男；婶,"己（1939）二月十九日，叻宋树钊寄澄邑下蓬家双亲大人
叻宋树钊
澄邑下蓬家双亲大人
己二月廿九日
中央币肆拾元
澄邑->广东澄海；汕头->广东汕头；叻->新加坡
family_affection;remittance;instruction;study;health
敬禀者，本月廿三日，接读家书，敬悉各情。目下战事时期，物价必定腾贵，且为沦陷区，港口受其封锁，百物受其限制，其贵当然尤其。生活程度高涨，盗贼必然滋多，晚间门户小心，安分守己，勿管闲事。子姓虽小，何怕之有？所虑者恐受日军之骚扰耳。所云伍元头贴水六寸，此间批局，贴汕方代理，每批不论多少良（银）项，总以一成计算，假若一帮十万元，即以一万元为一元头者，每千元贴水六十元，伍元贴水六寸，也不算多。至于百物昂贵，用费浩繁，理所必然也，无须计算。大人年纪高迈，对于自己，也无须过俭，得过且过，切勿思三虑四为要。此间盛传暹属批良（银），须在汕头领取，未知实否？父亲大人十一、十二两月各寄若干？以后望祈按月示知。细弟身体，自男来叻，定必长大得多，新年岂仍令彼入学否？大人晚间，岂仍在崇赐大房安寝否？祈一一示知，是盼。兹付上国币肆拾元，到时检收，内抹肆元，与细婶家用。敬请
福安
树钊",题名：己（1939）二月十九日，叻宋树钊寄澄邑下蓬家双亲大人；寄批人：叻宋树钊；收批人：澄邑下蓬家双亲大人；日期：己二月廿九日；汇款：中央币肆拾元；主题：family_affection;remittance;instruction;study;health；正文摘录：敬禀者，本月廿三日，接读家书，敬悉各情。目下战事时期，物价必定腾贵，且为沦陷区，港口受其封锁，百物受其限制，其贵当然尤其。生活程度高涨，盗贼必然滋多，晚间门户小心，安分守己，勿管闲事。子姓虽小，何怕之有？所虑者恐受日军之骚扰耳。所云伍元头贴,己（1939）二月十九日,叻宋树钊,澄邑下蓬家双亲大人,381,0,宋树钊,双亲,双亲,high,广东澄海；新加坡；广东汕头,"[{""record_id"": ""CSQP-SFHC-TEXT-071"", ""raw_text"": ""中央币肆拾元"", ""amount_text"": ""肆拾元"", ""amount_number"": 40, ""currency"": ""国币"", ""sentence"": ""批款：中央币肆拾元"", ""is_primary_candidate"": true, ""source_field"": ""body_clean""}, {""record_id"": ""CSQP-SFHC-TEXT-071"", ""raw_text"": ""伍元"", ""amount_text"": ""伍元"", ""amount_number"": 5, ""currency"": ""元"", ""sentence"": ""所云伍元头贴水六寸，此间批局，贴汕方代理，每批不论多少良（银）项，总以一成计算，假若一帮十万元，即以一万元为一元头者，每千元贴水六十元，伍元贴水六寸，也不算多。"", ""is_primary_candidate"": false, ""source_field"": ""body_clean""}, {""record_id"": ""CSQP-SFHC-TEXT-071"", ""raw_text"": ""十万元"", ""amount_text"": ""十万元"", ""amount_number"": 100000, ""currency"": ""元"", ""sentence"": ""所云伍元头贴水六寸，此间批局，贴汕方代理，每批不论多少良（银）项，总以一成计算，假若一帮十万元，即以一万元为一元头者，每千元贴水六十元，伍元贴水六寸，也不算多。"", ""is_primary_candidate"": false, ""source_field"": ""body_clean""}, {""record_id"": ""CSQP-SFHC-TEXT-071"", ""raw_text"": ""一万元"", ""amount_text"": ""一万元"", ""amount_number"": 10000, ""currency"": ""元"", ""sentence"": ""所云伍元头贴水六寸，此间批局，贴汕方代理，每批不论多少良（银）项，总以一成计算，假若一帮十万元，即以一万元为一元头者，每千元贴水六十元，伍元贴水六寸，也不算多。"", ""is_primary_candidate"": false, ""source_field"": ""body_clean""}, {""record_id"": ""CSQP-SFHC-TEXT-071"", ""raw_text"": ""一元"", ""amount_text"": ""一元"", ""amount_number"": 1, ""currency"": ""元"", ""sentence"": ""所云伍元头贴水六寸，此间批局，贴汕方代理，每批不论多少良（银）项，总以一成计算，假若一帮十万元，即以一万元为一元头者，每千元贴水六十元，伍元贴水六寸，也不算多。"", ""is_primary_candidate"": false, ""source_field"": ""body_clean""}, {""record_id"": ""CSQP-SFHC-TEXT-071"", ""raw_text"": ""千元"", ""amount_text"": ""千元"", ""amount_number"": 1000, ""currency"": ""元"", ""sentence"": ""所云伍元头贴水六寸，此间批局，贴汕方代理，每批不论多少良（银）项，总以一成计算，假若一帮十万元，即以一万元为一元头者，每千元贴水六十元，伍元贴水六寸，也不算多。"", ""is_primary_candidate"": false, ""source_field"": ""body_clean""}, {""record_id"": ""CSQP-SFHC-TEXT-071"", ""raw_text"": ""六十元"", ""amount_text"": ""六十元"", ""amount_number"": 60, ""currency"": ""元"", ""sentence"": ""所云伍元头贴水六寸，此间批局，贴汕方代理，每批不论多少良（银）项，总以一成计算，假若一帮十万元，即以一万元为一元头者，每千元贴水六十元，伍元贴水六寸，也不算多。"", ""is_primary_candidate"": false, ""source_field"": ""body_clean""}, {""record_id"": ""CSQP-SFHC-TEXT-071"", ""raw_text"": ""国币肆拾元"", ""amount_text"": ""肆拾元"", ""amount_number"": 40, ""currency"": ""国币"", ""sentence"": ""兹付上国币肆拾元，到时检收，内抹肆元，与细婶家用。"", ""is_primary_candidate"": false, ""source_field"": ""body_clean""}, {""record_id"": ""CSQP-SFHC-TEXT-071"", ""raw_text"": ""肆元"", ""amount_text"": ""肆元"", ""amount_number"": 4, ""currency"": ""元"", ""sentence"": ""兹付上国币肆拾元，到时检收，内抹肆元，与细婶家用。"", ""is_primary_candidate"": false, ""source_field"": ""body_clean""}]",己（1939）二月十九日，叻宋树钊寄澄邑下蓬家双亲大人；叻宋树钊；澄邑下蓬家双亲大人；宋树钊；双亲；父亲；弟；男；婶；广东澄海；新加坡；广东汕头；中央币肆拾元；国币；family_affection；remittance；instruction；study；health；澄海；澄邑；汕头；广东；中央币；良（银）；银；元；敬禀者；膝下；福安；二月；十九日；寄澄邑；蓬家；澄邑下；中央；币肆；拾元；family；affection；禀者；切勿；本月；廿三日；接读；家书；敬悉；各情；目下；战事；时期；物价；必定；腾贵；沦陷区；港口；受其；封锁；百物；限制；其贵；当然；尤其；生活；程度；高涨；盗贼；必然；滋多；晚间；门户；小心；安分守己；管闲事；子姓；何怕；所虑；恐受；日军；骚扰
CSQP-SFHC-TEXT-072,72,己（1939）三月初一日，外洋潘贤伟寄潮安东莆区潘庆奎吾侄,pdf_pages=109；book_pages=80,1,medium,0,"寄批人：潘贤伟
收批人：潮安东南区潘庆全吾侄
批款：法币叁拾元
日期：己三月初一日

庆全吾侄如见：
刻接来覆函，其中所述寄项，合件汕经营生意事，窃思吾等乃旅外之人，对之汕市营业，不甚深悉，况吾侄不久亦行将来叻，所以不赞同也。若有实业购置，则可确信耳。兹便付去法币三十元，至照检收，以充家计之资，便中覆函，慰晓乃要。手此以布。即询
时佳

己三月初一日
愚叔贤伟泐","寄批人：潘贤伟
收批人：潮安东南区潘庆全吾侄
批款：法币叁拾元
日期：己三月初一日

庆全吾侄如见：
刻接来覆函，其中所述寄项，合件汕经营生意事，窃思吾等乃旅外之人，对之汕市营业，不甚深悉，况吾侄不久亦行将来叻，所以不赞同也。若有实业购置，则可确信耳。兹便付去法币三十元，至照检收，以充家计之资，便中覆函，慰晓乃要。手此以布。即询
时佳

己三月初一日
愚叔贤伟泐","庆全吾侄如见：
刻接来覆函，其中所述寄项，合件汕经营生意事，窃思吾等乃旅外之人，对之汕市营业，不甚深悉，况吾侄不久亦行将来叻，所以不赞同也。若有实业购置，则可确信耳。兹便付去法币三十元，至照检收，以充家计之资，便中覆函，慰晓乃要。手此以布。即询
时佳

己三月初一日
愚叔贤伟泐","庆全吾侄如见：
刻接来覆函，其中所述寄项，合件汕经营生意事，窃思吾等乃旅外之人，对之汕市营业，不甚深悉，况吾侄不久亦行将来叻，所以不赞同也。若有实业购置，则可确信耳。兹便付去法币三十元，至照检收，以充家计之资，便中覆函，慰晓乃要。手此以布。即询
时佳",182,9,9,潘贤伟,潮安东南区潘庆全吾侄,,nephew_or_niece,uncle_nephew_or_nephew_kin,侄；叔,潘庆全吾侄；庆全吾侄；况吾侄；愚叔,,愚,海外,广东潮安,海外,广东潮安,潮安->广东潮安；叻->新加坡,海外 -> 广东潮安,1,海外；广东侨乡；新加坡,己三月初一日,"愚叔贤伟泐
己三月初一日",1939,1939,三月,初一日,lunar,干支或传统纪年,high,法币叁拾元,叁拾元,30,国币,兹便付去法币三十元，至照检收，以充家计之资，便中覆函，慰晓乃要。,,,1,,,,"庆全吾侄如见：
刻接来覆函，其中所述寄项，合件汕经营生意事，窃思吾等乃旅外之人，对之汕市营业，不甚深悉，况吾侄不久亦行将来叻，所以不赞同也。若有实业购置，则可确信耳。兹便付去法币三十元，至照检收，以充家计之资，便中覆函，慰晓乃要。手此以布。即询
时佳",,,,,泐,"愚叔贤伟泐
己三月初一日",愚叔贤伟泐,,0,1,0,0,0,0,1,0,0,0,0,work,remittance;work,,,,愚,兹,,付去,,,愚；兹,1,"兹便付去法币三十元，至照检收，以充家计之资，便中覆函，慰晓乃要。
愚叔贤伟泐",,,兹便付去法币三十元，至照检收，以充家计之资，便中覆函，慰晓乃要。,,,愚叔贤伟泐,sender=潘贤伟；recipient=潮安东南区潘庆全吾侄；relationship=uncle_nephew_or_nephew_kin；date=己三月初一日；money=叁拾元；currency=国币；places=潮安->广东潮安；叻->新加坡；kinship=侄；叔,"己（1939）三月初一日，外洋潘贤伟寄潮安东莆区潘庆奎吾侄
潘贤伟
潮安东南区潘庆全吾侄
己三月初一日
法币叁拾元
潮安->广东潮安；叻->新加坡
remittance;work
庆全吾侄如见：
刻接来覆函，其中所述寄项，合件汕经营生意事，窃思吾等乃旅外之人，对之汕市营业，不甚深悉，况吾侄不久亦行将来叻，所以不赞同也。若有实业购置，则可确信耳。兹便付去法币三十元，至照检收，以充家计之资，便中覆函，慰晓乃要。手此以布。即询
时佳",题名：己（1939）三月初一日，外洋潘贤伟寄潮安东莆区潘庆奎吾侄；寄批人：潘贤伟；收批人：潮安东南区潘庆全吾侄；日期：己三月初一日；汇款：法币叁拾元；主题：remittance;work；正文摘录：庆全吾侄如见：刻接来覆函，其中所述寄项，合件汕经营生意事，窃思吾等乃旅外之人，对之汕市营业，不甚深悉，况吾侄不久亦行将来叻，所以不赞同也。若有实业购置，则可确信耳。兹便付去法币三十元，至照检收，以充家计之资，便中覆函，慰晓乃要。手此以布。即,己（1939）三月初一日,外洋潘贤伟,潮安东莆区潘庆奎吾侄,123,0,潘贤伟,东南区潘庆全吾侄,侄,high,广东潮安；新加坡；海外,"[{""record_id"": ""CSQP-SFHC-TEXT-072"", ""raw_text"": ""法币叁拾元"", ""amount_text"": ""叁拾元"", ""amount_number"": 30, ""currency"": ""国币"", ""sentence"": ""批款：法币叁拾元"", ""is_primary_candidate"": true, ""source_field"": ""body_clean""}, {""record_id"": ""CSQP-SFHC-TEXT-072"", ""raw_text"": ""法币三十元"", ""amount_text"": ""三十元"", ""amount_number"": 30, ""currency"": ""国币"", ""sentence"": ""兹便付去法币三十元，至照检收，以充家计之资，便中覆函，慰晓乃要。"", ""is_primary_candidate"": false, ""source_field"": ""body_clean""}]",己（1939）三月初一日，外洋潘贤伟寄潮安东莆区潘庆奎吾侄；潘贤伟；潮安东南区潘庆全吾侄；东南区潘庆全吾侄；侄；叔；广东潮安；新加坡；海外；法币叁拾元；国币；remittance；work；潮安；广东；法币；元；三月初；一日；外洋；莆区；潘庆奎；东南区；潘庆；全吾侄；拾元；庆全；如见；刻接；覆函；其中；所述；寄项；合件；经营；生意；窃思；旅外；汕市；营业；深悉；况吾侄；不久；亦行；将来；所以；赞同；若有；实业；购置；确信；付去；三十元；至照；检收；以充；家计；之资；中覆函；慰晓乃要；手此；以布；即询；时佳
CSQP-SFHC-TEXT-073,73,己（1939）三月廿一日，［叻］郑万道寄潮安五区家双亲大人,pdf_pages=110；book_pages=81,1,high,0,"寄批人：儿弟万道
收批人：潮安五区家双亲大人
批款：国币拾伍元
日期：己三月廿一日

双亲大人尊前：
敬禀者，三月十四日接到批仔【信】，阅读之后，知悉一切。今知延俊在通德学校读书，但须当嘱咐（吩）他努力用工（功）。又云及儿之事，至现今还无一正业可任，不外是做小生理而以已，现在还在叔婶家中寄食。并问及此次田面如何？伏祈回音是盼。今乘轮之便，寄去大良（银）拾伍元，到时检阅，内抹出半元交三老祖婶，半元交亚柴老婶，又抹出一元交横陇婶收用，余存之良（银），该家中应用可也。带此，晚禀。叩请
福安

己三月廿一日  儿郑万道寄","寄批人：儿弟万道
收批人：潮安五区家双亲大人
批款：国币拾伍元
日期：己三月廿一日

双亲大人尊前：
敬禀者，三月十四日接到批仔【信】，阅读之后，知悉一切。今知延俊在通德学校读书，但须当嘱咐（吩）他努力用工（功）。又云及儿之事，至现今还无一正业可任，不外是做小生理而以已，现在还在叔婶家中寄食。并问及此次田面如何？伏祈回音是盼。今乘轮之便，寄去大良（银）拾伍元，到时检阅，内抹出半元交三老祖婶，半元交亚柴老婶，又抹出一元交横陇婶收用，余存之良（银），该家中应用可也。带此，晚禀。叩请
福安

己三月廿一日 儿郑万道寄","双亲大人尊前：
敬禀者，三月十四日接到批仔【信】，阅读之后，知悉一切。今知延俊在通德学校读书，但须当嘱咐（吩）他努力用工（功）。又云及儿之事，至现今还无一正业可任，不外是做小生理而以已，现在还在叔婶家中寄食。并问及此次田面如何？伏祈回音是盼。今乘轮之便，寄去大良（银）拾伍元，到时检阅，内抹出半元交三老祖婶，半元交亚柴老婶，又抹出一元交横陇婶收用，余存之良（银），该家中应用可也。带此，晚禀。叩请
福安

己三月廿一日 儿郑万道寄","敬禀者，三月十四日接到批仔【信】，阅读之后，知悉一切。今知延俊在通德学校读书，但须当嘱咐（吩）他努力用工（功）。又云及儿之事，至现今还无一正业可任，不外是做小生理而以已，现在还在叔婶家中寄食。并问及此次田面如何？伏祈回音是盼。今乘轮之便，寄去大良（银）拾伍元，到时检阅，内抹出半元交三老祖婶，半元交亚柴老婶，又抹出一元交横陇婶收用，余存之良（银），该家中应用可也。带此，晚禀。叩请
福安",258,8,11,儿弟万道,潮安五区家双亲大人,sibling,parent,child_to_parent,双亲；弟；儿；叔；婶,儿弟；又云及儿；现在还在叔；交三老祖婶；交亚柴老婶；元交横陇婶,大人；尊前,,新加坡,广东潮安,新加坡,广东潮安,潮安->广东潮安,新加坡 -> 广东潮安,1,新加坡；广东侨乡,己三月廿一日,,1939,1939,三月,廿一日,solar,干支或传统纪年,high,国币拾伍元,拾伍元,15,国币,今乘轮之便，寄去大良（银）拾伍元，到时检阅，内抹出半元交三老祖婶，半元交亚柴老婶，又抹出一元交横陇婶收用，余存之良（银），该家中应用可也。,分抹,今乘轮之便，寄去大良（银）拾伍元，到时检阅，内抹出半元交三老祖婶，半元交亚柴老婶，又抹出一元交横陇婶收用，余存之良（银），该家中应用可也。,1,双亲大人尊前：,敬禀者，三月十四日接到批仔【信】，阅读之后，知悉一切。,,"敬禀者，三月十四日接到批仔【信】，阅读之后，知悉一切。今知延俊在通德学校读书，但须当嘱咐（吩）他努力用工（功）。又云及儿之事，至现今还无一正业可任，不外是做小生理而以已，现在还在叔婶家中寄食。并问及此次田面如何？伏祈回音是盼。今乘轮之便，寄去大良（银）拾伍元，到时检阅，内抹出半元交三老祖婶，半元交亚柴老婶，又抹出一元交横陇婶收用，余存之良（银），该家中应用可也。带此，晚禀。叩请
福安",,又云及儿之事，至现今还无一正业可任，不外是做小生理而以已，现在还在叔婶家中寄食。；今乘轮之便，寄去大良（银）拾伍元，到时检阅，内抹出半元交三老祖婶，半元交亚柴老婶，又抹出一元交横陇婶收用，余存之良（银），该家中应用可也。,今知延俊在通德学校读书，但须当嘱咐（吩）他努力用工（功）。,,,,,,1,1,0,1,1,0,0,1,0,0,0,instruction,family_affection;remittance;instruction;study;debt,敬禀者；禀者；尊前,,大人；尊前；福安,儿；叩,祈,敬禀者；尊前；福安,寄去,,须；嘱,敬禀者；禀者；尊前；大人；福安；儿；叩；祈,2,"双亲大人尊前：
敬禀者，三月十四日接到批仔【信】，阅读之后，知悉一切。
今乘轮之便，寄去大良（银）拾伍元，到时检阅，内抹出半元交三老祖婶，半元交亚柴老婶，又抹出一元交横陇婶收用，余存之良（银），该家中应用可也。
今知延俊在通德学校读书，但须当嘱咐（吩）他努力用工（功）。",双亲大人尊前：,,今乘轮之便，寄去大良（银）拾伍元，到时检阅，内抹出半元交三老祖婶，半元交亚柴老婶，又抹出一元交横陇婶收用，余存之良（银），该家中应用可也。,又云及儿之事，至现今还无一正业可任，不外是做小生理而以已，现在还在叔婶家中寄食。；今乘轮之便，寄去大良（银）拾伍元，到时检阅，内抹出半元交三老祖婶，半元交亚柴老婶，又抹出一元交横陇婶收用，余存之良（银），该家中应用可也。,今知延俊在通德学校读书，但须当嘱咐（吩）他努力用工（功）。,,sender=儿弟万道；recipient=潮安五区家双亲大人；relationship=child_to_parent；date=己三月廿一日；money=拾伍元；currency=国币；places=潮安->广东潮安；kinship=双亲；弟；儿；叔；婶,"己（1939）三月廿一日，［叻］郑万道寄潮安五区家双亲大人
儿弟万道
潮安五区家双亲大人
己三月廿一日
国币拾伍元
潮安->广东潮安
family_affection;remittance;instruction;study;debt
敬禀者，三月十四日接到批仔【信】，阅读之后，知悉一切。今知延俊在通德学校读书，但须当嘱咐（吩）他努力用工（功）。又云及儿之事，至现今还无一正业可任，不外是做小生理而以已，现在还在叔婶家中寄食。并问及此次田面如何？伏祈回音是盼。今乘轮之便，寄去大良（银）拾伍元，到时检阅，内抹出半元交三老祖婶，半元交亚柴老婶，又抹出一元交横陇婶收用，余存之良（银），该家中应用可也。带此，晚禀。叩请
福安",题名：己（1939）三月廿一日，［叻］郑万道寄潮安五区家双亲大人；寄批人：儿弟万道；收批人：潮安五区家双亲大人；日期：己三月廿一日；汇款：国币拾伍元；主题：family_affection;remittance;instruction;study;debt；正文摘录：敬禀者，三月十四日接到批仔【信】，阅读之后，知悉一切。今知延俊在通德学校读书，但须当嘱咐（吩）他努力用工（功）。又云及儿之事，至现今还无一正业可任，不外是做小生理而以已，现在还在叔婶家中寄食。并问及此次田面如何？伏祈回音是盼。今乘轮之便，寄,己（1939）三月廿一日,［叻］郑万道,潮安五区家双亲大人,192,0,儿弟万道,双亲,双亲,high,广东潮安；新加坡,"[{""record_id"": ""CSQP-SFHC-TEXT-073"", ""raw_text"": ""国币拾伍元"", ""amount_text"": ""拾伍元"", ""amount_number"": 15, ""currency"": ""国币"", ""sentence"": ""批款：国币拾伍元"", ""is_primary_candidate"": true, ""source_field"": ""body_clean""}, {""record_id"": ""CSQP-SFHC-TEXT-073"", ""raw_text"": ""大良（银）拾伍元"", ""amount_text"": ""拾伍元"", ""amount_number"": 15, ""currency"": ""银元"", ""sentence"": ""今乘轮之便，寄去大良（银）拾伍元，到时检阅，内抹出半元交三老祖婶，半元交亚柴老婶，又抹出一元交横陇婶收用，余存之良（银），该家中应用可也。"", ""is_primary_candidate"": false, ""source_field"": ""body_clean""}, {""record_id"": ""CSQP-SFHC-TEXT-073"", ""raw_text"": ""一元"", ""amount_text"": ""一元"", ""amount_number"": 1, ""currency"": ""元"", ""sentence"": ""今乘轮之便，寄去大良（银）拾伍元，到时检阅，内抹出半元交三老祖婶，半元交亚柴老婶，又抹出一元交横陇婶收用，余存之良（银），该家中应用可也。"", ""is_primary_candidate"": false, ""source_field"": ""body_clean""}]",己（1939）三月廿一日，［叻］郑万道寄潮安五区家双亲大人；儿弟万道；潮安五区家双亲大人；双亲；弟；儿；叔；婶；广东潮安；新加坡；国币拾伍元；国币；family_affection；remittance；instruction；study；debt；潮安；广东；大良（银）；良（银）；银；元；敬禀者；尊前；福安；三月；廿一日；郑万道；五区家；儿弟；万道；伍元；family；affection；禀者；十四日；接到；批仔；阅读；之后；知悉；今知；延俊；通德；学校；读书；但须；嘱咐；努力；用工；云及；儿之事；现今；正业；可任；不外是；生理；现在；叔婶；家中；寄食；问及；此次；田面；如何；伏祈；回音；今乘轮；寄去；大良；检阅；出半元；交三；老祖；半元；交亚；一元；交横；收用
CSQP-SFHC-TEXT-074,74,己（1939）四月初一日，暹应杰寄汀（澄）邑外埔乡黄应瑜吾弟,pdf_pages=111-112；book_pages=82-83,1,needs_review,1,"寄批人：遥应杰
收批人：汀邑外埔乡黄应瑜吾弟
批款：中央币拾元
日期：己四月初一日

姆母、双亲大人尊前：
回批经已拜悉。但此次报界登载，澄、汕在贵（积）极疏散人口，汪入内地，未审为然否？前次儿为事忙，忽口而修书之日为批期，故而忘却姆母之生日，故而淑吟与儿等，特为乞望厚谅。兹寄去中央币拾元，至时查对。内抹出弍元，奉给姆母收为随身茶需，弍元正母，余后祈作家需，此为奉达，厚望各以笑纳，余无他禀。顺祝
诸位安好

儿应杰顿
己四月初一日","寄批人：遥应杰
收批人：汀邑外埔乡黄应瑜吾弟
批款：中央币拾元
日期：己四月初一日

姆母、双亲大人尊前：
回批经已拜悉。但此次报界登载，澄、汕在贵（积）极疏散人口，汪入内地，未审为然否？前次儿为事忙，忽口而修书之日为批期，故而忘却姆母之生日，故而淑吟与儿等，特为乞望厚谅。兹寄去中央币拾元，至时查对。内抹出弍元，奉给姆母收为随身茶需，弍元正母，余后祈作家需，此为奉达，厚望各以笑纳，余无他禀。顺祝
诸位安好

儿应杰顿
己四月初一日","姆母、双亲大人尊前：
回批经已拜悉。但此次报界登载，澄、汕在贵（积）极疏散人口，汪入内地，未审为然否？前次儿为事忙，忽口而修书之日为批期，故而忘却姆母之生日，故而淑吟与儿等，特为乞望厚谅。兹寄去中央币拾元，至时查对。内抹出弍元，奉给姆母收为随身茶需，弍元正母，余后祈作家需，此为奉达，厚望各以笑纳，余无他禀。顺祝
诸位安好

儿应杰顿
己四月初一日","回批经已拜悉。但此次报界登载，澄、汕在贵（积）极疏散人口，汪入内地，未审为然否？前次儿为事忙，忽口而修书之日为批期，故而忘却姆母之生日，故而淑吟与儿等，特为乞望厚谅。兹寄去中央币拾元，至时查对。内抹出弍元，奉给姆母收为随身茶需，弍元正母，余后祈作家需，此为奉达，厚望各以笑纳，余无他禀。顺祝
诸位安好",217,9,10,遥应杰,汀邑外埔乡黄应瑜吾弟,child,parent,child_to_parent,双亲；弟；儿,黄应瑜吾弟；姆母；前次儿；而忘却姆母；而淑吟与儿；奉给姆母；弍元正母,大人；尊前,儿,泰国,广东澄海,泰国,广东澄海,汀邑->广东澄海,泰国 -> 广东澄海,1,泰国；广东侨乡,己四月初一日,"儿应杰顿
己四月初一日",1939,1939,四月,初一日,lunar,干支或传统纪年,high,中央币拾元,拾元,10,国币,兹寄去中央币拾元，至时查对。；内抹出弍元，奉给姆母收为随身茶需，弍元正母，余后祈作家需，此为奉达，厚望各以笑纳，余无他禀。,家用,内抹出弍元，奉给姆母收为随身茶需，弍元正母，余后祈作家需，此为奉达，厚望各以笑纳，余无他禀。,1,姆母、双亲大人尊前：,,诸位安好,"回批经已拜悉。但此次报界登载，澄、汕在贵（积）极疏散人口，汪入内地，未审为然否？前次儿为事忙，忽口而修书之日为批期，故而忘却姆母之生日，故而淑吟与儿等，特为乞望厚谅。兹寄去中央币拾元，至时查对。内抹出弍元，奉给姆母收为随身茶需，弍元正母，余后祈作家需，此为奉达，厚望各以笑纳，余无他禀。顺祝
诸位安好",诸位安好,姆母、双亲大人尊前：；前次儿为事忙，忽口而修书之日为批期，故而忘却姆母之生日，故而淑吟与儿等，特为乞望厚谅。,,,顿,"儿应杰顿
己四月初一日",儿应杰顿,,1,1,1,0,0,0,0,0,0,0,1,safety_report,family_affection;remittance;safety;home_building,尊前,,大人；尊前,儿,兹；祈；谅；奉,尊前,寄去,安好,,尊前；大人；儿；兹；祈；谅；奉,2,"姆母、双亲大人尊前：
诸位安好
兹寄去中央币拾元，至时查对。；内抹出弍元，奉给姆母收为随身茶需，弍元正母，余后祈作家需，此为奉达，厚望各以笑纳，余无他禀。
儿应杰顿",姆母、双亲大人尊前：,诸位安好,兹寄去中央币拾元，至时查对。；内抹出弍元，奉给姆母收为随身茶需，弍元正母，余后祈作家需，此为奉达，厚望各以笑纳，余无他禀。,姆母、双亲大人尊前：；前次儿为事忙，忽口而修书之日为批期，故而忘却姆母之生日，故而淑吟与儿等，特为乞望厚谅。,,儿应杰顿,sender=遥应杰；recipient=汀邑外埔乡黄应瑜吾弟；relationship=child_to_parent；date=己四月初一日；money=拾元；currency=国币；places=汀邑->广东澄海；kinship=双亲；弟；儿,"己（1939）四月初一日，暹应杰寄汀（澄）邑外埔乡黄应瑜吾弟
遥应杰
汀邑外埔乡黄应瑜吾弟
己四月初一日
中央币拾元
汀邑->广东澄海
family_affection;remittance;safety;home_building
回批经已拜悉。但此次报界登载，澄、汕在贵（积）极疏散人口，汪入内地，未审为然否？前次儿为事忙，忽口而修书之日为批期，故而忘却姆母之生日，故而淑吟与儿等，特为乞望厚谅。兹寄去中央币拾元，至时查对。内抹出弍元，奉给姆母收为随身茶需，弍元正母，余后祈作家需，此为奉达，厚望各以笑纳，余无他禀。顺祝
诸位安好",题名：己（1939）四月初一日，暹应杰寄汀（澄）邑外埔乡黄应瑜吾弟；寄批人：遥应杰；收批人：汀邑外埔乡黄应瑜吾弟；日期：己四月初一日；汇款：中央币拾元；主题：family_affection;remittance;safety;home_building；正文摘录：回批经已拜悉。但此次报界登载，澄、汕在贵（积）极疏散人口，汪入内地，未审为然否？前次儿为事忙，忽口而修书之日为批期，故而忘却姆母之生日，故而淑吟与儿等，特为乞望厚谅。兹寄去中央币拾元，至时查对。内抹出弍元，奉给姆母收为随身茶需，弍元正母，余,己（1939）四月初一日,暹应杰,汀（澄）邑外埔乡黄应瑜吾弟,149,0,遥应杰,外埔乡黄应瑜吾弟,双亲,high,广东澄海；泰国,"[{""record_id"": ""CSQP-SFHC-TEXT-074"", ""raw_text"": ""中央币拾元"", ""amount_text"": ""拾元"", ""amount_number"": 10, ""currency"": ""国币"", ""sentence"": ""批款：中央币拾元"", ""is_primary_candidate"": true, ""source_field"": ""body_clean""}, {""record_id"": ""CSQP-SFHC-TEXT-074"", ""raw_text"": ""中央币拾元"", ""amount_text"": ""拾元"", ""amount_number"": 10, ""currency"": ""国币"", ""sentence"": ""兹寄去中央币拾元，至时查对。"", ""is_primary_candidate"": false, ""source_field"": ""body_clean""}, {""record_id"": ""CSQP-SFHC-TEXT-074"", ""raw_text"": ""弍元"", ""amount_text"": ""弍元"", ""amount_number"": 2, ""currency"": ""元"", ""sentence"": ""内抹出弍元，奉给姆母收为随身茶需，弍元正母，余后祈作家需，此为奉达，厚望各以笑纳，余无他禀。"", ""is_primary_candidate"": false, ""source_field"": ""body_clean""}]",己（1939）四月初一日，暹应杰寄汀（澄）邑外埔乡黄应瑜吾弟；遥应杰；汀邑外埔乡黄应瑜吾弟；外埔乡黄应瑜吾弟；双亲；弟；儿；广东澄海；泰国；中央币拾元；国币；family_affection；remittance；safety；home_building；澄海；汀邑；广东；中央币；元；尊前；四月；初一；暹应杰；外埔；黄应；瑜吾弟；中央；拾元；family；affection；home；building；回批；经已；拜悉；此次；报界；登载；汕在；疏散；人口；汪入；内地；审为；然否；前次；儿为；事忙；忽口；修书；之日；批期；故而；忘却；姆母；生日；淑吟；特为；乞望；厚谅；至时；查对；内抹出；给姆母；收为；随身；正母；余后；作家；此为；奉达；厚望；各以；笑纳；顺祝；诸位；安好
CSQP-SFHC-TEXT-075,75,己（1939）十一月初九日，［叻］树钊寄［澄邑下蓬］笑娇内子,pdf_pages=113-114；book_pages=84-85,1,needs_review,1,"笑娇内子收次：
接读手书，藉悉一切。所询愚现职位，自七月接手理账至二月前，兼外山学收批，职虽不小，而月薪不过四十元而已，且系此月始升者。目下因欧战影响，此间各物皆贵，月间又须寄批，手头甚据拮也。尔云三月间，吾父信曾云彼纳妾事，尔为何不与我言知，前日二姨曾来俺家居住，尔亦无半言提及，一月间信中所云，多系无关切要之话，叫吾保重身体，我岂系小童，不知自爱，烦尔远念。今后月间须写与我一信，报道家中各事为要。思前所寄与你之信，吾母岂曾过目否？目下各乡情形若何，出受躁蹋，祈一并示知。上月初四日，愚曾寄一信并肆元往尔家，至此月初四日接来回信，内中并无云何话。愚打算至十六日再寄一信，并拾元以为尔祖母腰金之用，事未作而先言，这不过尔我相话而已，不可为他人道也，方免贻笑。月间与你信札，勿与人观为要。余候后言。顺询
收安

己十一月初九日十一点  愚树钊手书","笑娇内子收次：
接读手书，藉悉一切。所询愚现职位，自七月接手理账至二月前，兼外山学收批，职虽不小，而月薪不过四十元而已，且系此月始升者。目下因欧战影响，此间各物皆贵，月间又须寄批，手头甚据拮也。尔云三月间，吾父信曾云彼纳妾事，尔为何不与我言知，前日二姨曾来俺家居住，尔亦无半言提及，一月间信中所云，多系无关切要之话，叫吾保重身体，我岂系小童，不知自爱，烦尔远念。今后月间须写与我一信，报道家中各事为要。思前所寄与你之信，吾母岂曾过目否？目下各乡情形若何，出受躁蹋，祈一并示知。上月初四日，愚曾寄一信并肆元往尔家，至此月初四日接来回信，内中并无云何话。愚打算至十六日再寄一信，并拾元以为尔祖母腰金之用，事未作而先言，这不过尔我相话而已，不可为他人道也，方免贻笑。月间与你信札，勿与人观为要。余候后言。顺询
收安

己十一月初九日十一点 愚树钊手书","笑娇内子收次：
接读手书，藉悉一切。所询愚现职位，自七月接手理账至二月前，兼外山学收批，职虽不小，而月薪不过四十元而已，且系此月始升者。目下因欧战影响，此间各物皆贵，月间又须寄批，手头甚据拮也。尔云三月间，吾父信曾云彼纳妾事，尔为何不与我言知，前日二姨曾来俺家居住，尔亦无半言提及，一月间信中所云，多系无关切要之话，叫吾保重身体，我岂系小童，不知自爱，烦尔远念。今后月间须写与我一信，报道家中各事为要。思前所寄与你之信，吾母岂曾过目否？目下各乡情形若何，出受躁蹋，祈一并示知。上月初四日，愚曾寄一信并肆元往尔家，至此月初四日接来回信，内中并无云何话。愚打算至十六日再寄一信，并拾元以为尔祖母腰金之用，事未作而先言，这不过尔我相话而已，不可为他人道也，方免贻笑。月间与你信札，勿与人观为要。余候后言。顺询
收安

己十一月初九日十一点 愚树钊手书","笑娇内子收次：
接读手书，藉悉一切。所询愚现职位，自七月接手理账至二月前，兼外山学收批，职虽不小，而月薪不过四十元而已，且系此月始升者。目下因欧战影响，此间各物皆贵，月间又须寄批，手头甚据拮也。尔云三月间，吾父信曾云彼纳妾事，尔为何不与我言知，前日二姨曾来俺家居住，尔亦无半言提及，一月间信中所云，多系无关切要之话，叫吾保重身体，我岂系小童，不知自爱，烦尔远念。今后月间须写与我一信，报道家中各事为要。思前所寄与你之信，吾母岂曾过目否？目下各乡情形若何，出受躁蹋，祈一并示知。上月初四日，愚曾寄一信并肆元往尔家，至此月初四日接来回信，内中并无云何话。愚打算至十六日再寄一信，并拾元以为尔祖母腰金之用，事未作而先言，这不过尔我相话而已，不可为他人道也，方免贻笑。月间与你信札，勿与人观为要。余候后言。顺询
收安",372,4,15,［叻］树钊,［澄邑下蓬］笑娇内子,,,unknown,祖母,吾父；吾母；元以为尔祖母,,愚,新加坡,广东澄海,新加坡,广东澄海,澄邑->广东澄海,新加坡 -> 广东澄海,1,新加坡；广东侨乡,己（1939）十一月初九日,己十一月初九日十一点 愚树钊手书,1939,1939,十一月,初九日,lunar,干支或传统纪年,high,四十元,四十元,40,元,,,,1,,,,"笑娇内子收次：
接读手书，藉悉一切。所询愚现职位，自七月接手理账至二月前，兼外山学收批，职虽不小，而月薪不过四十元而已，且系此月始升者。目下因欧战影响，此间各物皆贵，月间又须寄批，手头甚据拮也。尔云三月间，吾父信曾云彼纳妾事，尔为何不与我言知，前日二姨曾来俺家居住，尔亦无半言提及，一月间信中所云，多系无关切要之话，叫吾保重身体，我岂系小童，不知自爱，烦尔远念。今后月间须写与我一信，报道家中各事为要。思前所寄与你之信，吾母岂曾过目否？目下各乡情形若何，出受躁蹋，祈一并示知。上月初四日，愚曾寄一信并肆元往尔家，至此月初四日接来回信，内中并无云何话。愚打算至十六日再寄一信，并拾元以为尔祖母腰金之用，事未作而先言，这不过尔我相话而已，不可为他人道也，方免贻笑。月间与你信札，勿与人观为要。余候后言。顺询
收安",,尔云三月间，吾父信曾云彼纳妾事，尔为何不与我言知，前日二姨曾来俺家居住，尔亦无半言提及，一月间信中所云，多系无关切要之话，叫吾保重身体，我岂系小童，不知自爱，烦尔远念。；今后月间须写与我一信，报道家中各事为要。,目下因欧战影响，此间各物皆贵，月间又须寄批，手头甚据拮也。；今后月间须写与我一信，报道家中各事为要。,,手书,己十一月初九日十一点 愚树钊手书,己十一月初九日十一点 愚树钊手书,,1,1,0,1,1,1,1,0,0,0,0,instruction,family_affection;remittance;instruction;study;health;work,,手书,,愚；俺,祈,,,,须；不可,手书；愚；俺；祈,1,"目下因欧战影响，此间各物皆贵，月间又须寄批，手头甚据拮也。；今后月间须写与我一信，报道家中各事为要。
己十一月初九日十一点 愚树钊手书",,,四十元,尔云三月间，吾父信曾云彼纳妾事，尔为何不与我言知，前日二姨曾来俺家居住，尔亦无半言提及，一月间信中所云，多系无关切要之话，叫吾保重身体，我岂系小童，不知自爱，烦尔远念。；今后月间须写与我一信，报道家中各事为要。,目下因欧战影响，此间各物皆贵，月间又须寄批，手头甚据拮也。；今后月间须写与我一信，报道家中各事为要。,己十一月初九日十一点 愚树钊手书,sender=［叻］树钊；recipient=［澄邑下蓬］笑娇内子；relationship=unknown；date=己（1939）十一月初九日；money=四十元；currency=元；places=澄邑->广东澄海；kinship=祖母,"己（1939）十一月初九日，［叻］树钊寄［澄邑下蓬］笑娇内子
［叻］树钊
［澄邑下蓬］笑娇内子
己（1939）十一月初九日
四十元
澄邑->广东澄海
family_affection;remittance;instruction;study;health;work
笑娇内子收次：
接读手书，藉悉一切。所询愚现职位，自七月接手理账至二月前，兼外山学收批，职虽不小，而月薪不过四十元而已，且系此月始升者。目下因欧战影响，此间各物皆贵，月间又须寄批，手头甚据拮也。尔云三月间，吾父信曾云彼纳妾事，尔为何不与我言知，前日二姨曾来俺家居住，尔亦无半言提及，一月间信中所云，多系无关切要之话，叫吾保重身体，我岂系小童，不知自爱，烦尔远念。今后月间须写与我一信，报道家中各事为要。思前所寄与你之信，吾母岂曾过目否？目下各乡情形若何，出受躁蹋，祈一并示知。上月初四日，愚曾寄一信并肆元往尔家，至此月初四日接来回信，内中并无云何话。愚打算至十六日再寄一信，并拾元以为尔祖母腰金之用，事未作而先言，这不过尔我相话而已，不可为他人道也，方免贻笑。月间与你信札，勿与人观为要。余候后言。顺询
收安",题名：己（1939）十一月初九日，［叻］树钊寄［澄邑下蓬］笑娇内子；寄批人：［叻］树钊；收批人：［澄邑下蓬］笑娇内子；日期：己（1939）十一月初九日；汇款：四十元；主题：family_affection;remittance;instruction;study;health;work；正文摘录：笑娇内子收次：接读手书，藉悉一切。所询愚现职位，自七月接手理账至二月前，兼外山学收批，职虽不小，而月薪不过四十元而已，且系此月始升者。目下因欧战影响，此间各物皆贵，月间又须寄批，手头甚据拮也。尔云三月间，吾父信曾云彼纳妾事，尔为何不与我言知,己（1939）十一月初九日,［叻］树钊,［澄邑下蓬］笑娇内子,352,0,树钊,笑娇内子,祖母,,广东澄海；新加坡,"[{""record_id"": ""CSQP-SFHC-TEXT-075"", ""raw_text"": ""四十元"", ""amount_text"": ""四十元"", ""amount_number"": 40, ""currency"": ""元"", ""sentence"": ""所询愚现职位，自七月接手理账至二月前，兼外山学收批，职虽不小，而月薪不过四十元而已，且系此月始升者。"", ""is_primary_candidate"": true, ""source_field"": ""body_clean""}, {""record_id"": ""CSQP-SFHC-TEXT-075"", ""raw_text"": ""肆元"", ""amount_text"": ""肆元"", ""amount_number"": 4, ""currency"": ""元"", ""sentence"": ""上月初四日，愚曾寄一信并肆元往尔家，至此月初四日接来回信，内中并无云何话。"", ""is_primary_candidate"": false, ""source_field"": ""body_clean""}, {""record_id"": ""CSQP-SFHC-TEXT-075"", ""raw_text"": ""拾元"", ""amount_text"": ""拾元"", ""amount_number"": 10, ""currency"": ""元"", ""sentence"": ""愚打算至十六日再寄一信，并拾元以为尔祖母腰金之用，事未作而先言，这不过尔我相话而已，不可为他人道也，方免贻笑。"", ""is_primary_candidate"": false, ""source_field"": ""body_clean""}]",己（1939）十一月初九日，［叻］树钊寄［澄邑下蓬］笑娇内子；［叻］树钊；［澄邑下蓬］笑娇内子；树钊；笑娇内子；祖母；广东澄海；新加坡；四十元；元；family_affection；remittance；instruction；study；health；work；澄海；澄邑；广东；十一月；初九；下蓬；笑娇；内子；family；affection；手书；收次；接读；所询；愚现；职位；七月；接手；理账；二月；兼外；山学；收批；不小；月薪；不过；而已；系此；始升者；目下；欧战；影响；此间；各物；月间；寄批；手头；甚据；尔云；三月；父信；纳妾；为何；我言知；前日；二姨；曾来；俺家；居住；无半言；提及；一月；信中；所云；多系；关切；之话；保重；身体；岂系；小童；不知自爱；烦尔远念；今后
CSQP-SFHC-TEXT-076,76,民廿九年（1940）二月一日，泰［泰国］财福寄澄邑南砂乡林宅慈亲大人,pdf_pages=115；book_pages=86,1,high,0,"慈亲大人膝下万福敬维：
玉体康健，履祉绥祥，家中老少咸安，为祝为颂。兹逢航便，奉上中国币式佰元，到时查收。内银肆元，为大人作茶仪之用，又抹银肆元，与大嫂助茗品之用，又抹银弍元，与式兄作茶仪之需，其余则留为家用也。刻儿客外，托庇平安，祈勿挂念也。余容后禀。另者，大二两个儿子，云要来暹，此事至切不可，务宜在家，渐（暂）且读多几年书，以增见识，至要至要。又上。敬颂
新禧

民廿九年二月一日  儿林财福拜禀","慈亲大人膝下万福敬维：
玉体康健，履祉绥祥，家中老少咸安，为祝为颂。兹逢航便，奉上中国币式佰元，到时查收。内银肆元，为大人作茶仪之用，又抹银肆元，与大嫂助茗品之用，又抹银弍元，与式兄作茶仪之需，其余则留为家用也。刻儿客外，托庇平安，祈勿挂念也。余容后禀。另者，大二两个儿子，云要来暹，此事至切不可，务宜在家，渐（暂）且读多几年书，以增见识，至要至要。又上。敬颂
新禧

民廿九年二月一日 儿林财福拜禀","慈亲大人膝下万福敬维：
玉体康健，履祉绥祥，家中老少咸安，为祝为颂。兹逢航便，奉上中国币式佰元，到时查收。内银肆元，为大人作茶仪之用，又抹银肆元，与大嫂助茗品之用，又抹银弍元，与式兄作茶仪之需，其余则留为家用也。刻儿客外，托庇平安，祈勿挂念也。余容后禀。另者，大二两个儿子，云要来暹，此事至切不可，务宜在家，渐（暂）且读多几年书，以增见识，至要至要。又上。敬颂
新禧

民廿九年二月一日 儿林财福拜禀","玉体康健，履祉绥祥，家中老少咸安，为祝为颂。兹逢航便，奉上中国币式佰元，到时查收。内银肆元，为大人作茶仪之用，又抹银肆元，与大嫂助茗品之用，又抹银弍元，与式兄作茶仪之需，其余则留为家用也。刻儿客外，托庇平安，祈勿挂念也。余容后禀。另者，大二两个儿子，云要来暹，此事至切不可，务宜在家，渐（暂）且读多几年书，以增见识，至要至要。又上。敬颂
新禧",200,4,11,泰［泰国］财福,澄邑南砂乡林宅慈亲大人,child,parent,child_to_parent,慈亲；嫂；大嫂；兄；儿,与大嫂；与式兄；刻儿；大二两个儿,大人；膝下,儿,泰国,广东澄海,泰国,广东澄海,泰国；澄邑->广东澄海；暹->泰国,泰国 -> 广东澄海,1,泰国；广东侨乡,民廿九年（1940）二月一日,民廿九年二月一日 儿林财福拜禀,1940,1940,二月,一日,solar,西历,high,国币式佰元,式佰元,200,国币,兹逢航便，奉上中国币式佰元，到时查收。,,兹逢航便，奉上中国币式佰元，到时查收。,1,慈亲大人膝下万福敬维：,,刻儿客外，托庇平安，祈勿挂念也。,"玉体康健，履祉绥祥，家中老少咸安，为祝为颂。兹逢航便，奉上中国币式佰元，到时查收。内银肆元，为大人作茶仪之用，又抹银肆元，与大嫂助茗品之用，又抹银弍元，与式兄作茶仪之需，其余则留为家用也。刻儿客外，托庇平安，祈勿挂念也。余容后禀。另者，大二两个儿子，云要来暹，此事至切不可，务宜在家，渐（暂）且读多几年书，以增见识，至要至要。又上。敬颂
新禧",刻儿客外，托庇平安，祈勿挂念也。,玉体康健，履祉绥祥，家中老少咸安，为祝为颂。；刻儿客外，托庇平安，祈勿挂念也。,另者，大二两个儿子，云要来暹，此事至切不可，务宜在家，渐（暂）且读多几年书，以增见识，至要至要。,,,民廿九年二月一日 儿林财福拜禀,民廿九年二月一日 儿林财福拜禀,,1,1,1,1,1,0,0,0,0,0,0,instruction,family_affection;remittance;safety;instruction;study,膝下,托,大人；膝下,儿,兹；祈；奉；容后,膝下；查收；容后,奉上；查收,平安,不可,膝下；托；大人；儿；兹；祈；奉；容后；查收,2,"慈亲大人膝下万福敬维：
刻儿客外，托庇平安，祈勿挂念也。
兹逢航便，奉上中国币式佰元，到时查收。
另者，大二两个儿子，云要来暹，此事至切不可，务宜在家，渐（暂）且读多几年书，以增见识，至要至要。
民廿九年二月一日 儿林财福拜禀",慈亲大人膝下万福敬维：,刻儿客外，托庇平安，祈勿挂念也。,兹逢航便，奉上中国币式佰元，到时查收。,玉体康健，履祉绥祥，家中老少咸安，为祝为颂。；刻儿客外，托庇平安，祈勿挂念也。,另者，大二两个儿子，云要来暹，此事至切不可，务宜在家，渐（暂）且读多几年书，以增见识，至要至要。,民廿九年二月一日 儿林财福拜禀,sender=泰［泰国］财福；recipient=澄邑南砂乡林宅慈亲大人；relationship=child_to_parent；date=民廿九年（1940）二月一日；money=式佰元；currency=国币；places=泰国；澄邑->广东澄海；暹->泰国；kinship=慈亲；嫂；大嫂；兄；儿,"民廿九年（1940）二月一日，泰［泰国］财福寄澄邑南砂乡林宅慈亲大人
泰［泰国］财福
澄邑南砂乡林宅慈亲大人
民廿九年（1940）二月一日
国币式佰元
泰国；澄邑->广东澄海；暹->泰国
family_affection;remittance;safety;instruction;study
玉体康健，履祉绥祥，家中老少咸安，为祝为颂。兹逢航便，奉上中国币式佰元，到时查收。内银肆元，为大人作茶仪之用，又抹银肆元，与大嫂助茗品之用，又抹银弍元，与式兄作茶仪之需，其余则留为家用也。刻儿客外，托庇平安，祈勿挂念也。余容后禀。另者，大二两个儿子，云要来暹，此事至切不可，务宜在家，渐（暂）且读多几年书，以增见识，至要至要。又上。敬颂
新禧",题名：民廿九年（1940）二月一日，泰［泰国］财福寄澄邑南砂乡林宅慈亲大人；寄批人：泰［泰国］财福；收批人：澄邑南砂乡林宅慈亲大人；日期：民廿九年（1940）二月一日；汇款：国币式佰元；主题：family_affection;remittance;safety;instruction;study；正文摘录：玉体康健，履祉绥祥，家中老少咸安，为祝为颂。兹逢航便，奉上中国币式佰元，到时查收。内银肆元，为大人作茶仪之用，又抹银肆元，与大嫂助茗品之用，又抹银弍元，与式兄作茶仪之需，其余则留为家用也。刻儿客外，托庇平安，祈勿挂念也。余容后禀。另者，大二,民廿九年（1940）二月一日,泰［泰国］财福,澄邑南砂乡林宅慈亲大人,170,0,泰财福,南砂乡林宅慈亲,慈亲,high,泰国；广东澄海,"[{""record_id"": ""CSQP-SFHC-TEXT-076"", ""raw_text"": ""国币式佰元"", ""amount_text"": ""式佰元"", ""amount_number"": 200, ""currency"": ""国币"", ""sentence"": ""兹逢航便，奉上中国币式佰元，到时查收。"", ""is_primary_candidate"": true, ""source_field"": ""body_clean""}, {""record_id"": ""CSQP-SFHC-TEXT-076"", ""raw_text"": ""银肆元"", ""amount_text"": ""肆元"", ""amount_number"": 4, ""currency"": ""银元"", ""sentence"": ""内银肆元，为大人作茶仪之用，又抹银肆元，与大嫂助茗品之用，又抹银弍元，与式兄作茶仪之需，其余则留为家用也。"", ""is_primary_candidate"": false, ""source_field"": ""body_clean""}, {""record_id"": ""CSQP-SFHC-TEXT-076"", ""raw_text"": ""银弍元"", ""amount_text"": ""弍元"", ""amount_number"": 2, ""currency"": ""银元"", ""sentence"": ""内银肆元，为大人作茶仪之用，又抹银肆元，与大嫂助茗品之用，又抹银弍元，与式兄作茶仪之需，其余则留为家用也。"", ""is_primary_candidate"": false, ""source_field"": ""body_clean""}]",民廿九年（1940）二月一日，泰［泰国］财福寄澄邑南砂乡林宅慈亲大人；泰［泰国］财福；澄邑南砂乡林宅慈亲大人；泰财福；南砂乡林宅慈亲；慈亲；嫂；大嫂；兄；儿；泰国；广东澄海；国币式佰元；国币；family_affection；remittance；safety；instruction；study；澄海；澄邑；广东；银；元；膝下；查收；容后；廿九；二月；一日；财福；寄澄邑；南砂；乡林宅；式佰元；family；affection；玉体；康健；履祉；绥祥；家中；老少；咸安；兹逢；航便；奉上；中国；币式佰元；内银肆；作茶仪；之用；银肆；助茗品；兄作；茶仪；其余；留为；家用；刻儿；客外；托庇；平安；祈勿；挂念；余容；另者；大二；两个；儿子；云要；此事；切不可；务宜；在家；几年；以增；见识；至要；敬颂
CSQP-SFHC-TEXT-077,77,廿九年（1940）二月三十日，潮安鹤塘乡儿光裕寄暹陈运昇父亲大人,pdf_pages=116；book_pages=87,1,medium,0,"回批人：潮安鹤塘乡儿光裕
收批人：遥陈运昇父亲大人
日期：廿九年二月三十日

良人尊前福安：
是日承接来信一封，并寄来中央国币伍拾元，又汇票一张国币叁佰元，经已收到，照信分发。藉知旅暹平安，喜之胜也。夹去若虚兄一信，到时收阅耳。但光裕所做之生理，今年已标在俺三房祠开张，顺此达知。但塘（唐）中合家老少平安，顺此达慰，余言后叙。即候
大安

批荆上言
廿九年二月三十日","回批人：潮安鹤塘乡儿光裕
收批人：遥陈运昇父亲大人
日期：廿九年二月三十日

良人尊前福安：
是日承接来信一封，并寄来中央国币伍拾元，又汇票一张国币叁佰元，经已收到，照信分发。藉知旅暹平安，喜之胜也。夹去若虚兄一信，到时收阅耳。但光裕所做之生理，今年已标在俺三房祠开张，顺此达知。但塘（唐）中合家老少平安，顺此达慰，余言后叙。即候
大安

批荆上言
廿九年二月三十日","良人尊前福安：
是日承接来信一封，并寄来中央国币伍拾元，又汇票一张国币叁佰元，经已收到，照信分发。藉知旅暹平安，喜之胜也。夹去若虚兄一信，到时收阅耳。但光裕所做之生理，今年已标在俺三房祠开张，顺此达知。但塘（唐）中合家老少平安，顺此达慰，余言后叙。即候
大安

批荆上言
廿九年二月三十日","是日承接来信一封，并寄来中央国币伍拾元，又汇票一张国币叁佰元，经已收到，照信分发。藉知旅暹平安，喜之胜也。夹去若虚兄一信，到时收阅耳。但光裕所做之生理，今年已标在俺三房祠开张，顺此达知。但塘（唐）中合家老少平安，顺此达慰，余言后叙。即候
大安",183,8,10,潮安鹤塘乡儿光裕,遥陈运昇父亲大人,,parent,child_to_parent,父亲；兄；儿,安鹤塘乡儿；遥陈运昇父；夹去若虚兄,大人；尊前；福安,,广东潮安,广东潮安,,广东潮安,潮安->广东潮安,广东潮安 -> 广东潮安,0,广东侨乡,廿九年二月三十日,"批荆上言
廿九年二月三十日",1940,1940,二月,三十日,solar,西历,high,中央国币伍拾元,伍拾元,50,国币,,,,1,良人尊前福安：,,良人尊前福安：,"是日承接来信一封，并寄来中央国币伍拾元，又汇票一张国币叁佰元，经已收到，照信分发。藉知旅暹平安，喜之胜也。夹去若虚兄一信，到时收阅耳。但光裕所做之生理，今年已标在俺三房祠开张，顺此达知。但塘（唐）中合家老少平安，顺此达慰，余言后叙。即候
大安",藉知旅暹平安，喜之胜也。；但塘（唐）中合家老少平安，顺此达慰，余言后叙。,但塘（唐）中合家老少平安，顺此达慰，余言后叙。,,但光裕所做之生理，今年已标在俺三房祠开张，顺此达知。,上言,"批荆上言
廿九年二月三十日",批荆上言,,1,1,1,0,0,0,0,0,0,0,0,family_affection,family_affection;remittance;safety,尊前,,尊前；福安,俺,承,尊前；福安,,平安,,尊前；福安；俺；承,1,"良人尊前福安：
藉知旅暹平安，喜之胜也。；但塘（唐）中合家老少平安，顺此达慰，余言后叙。
但光裕所做之生理，今年已标在俺三房祠开张，顺此达知。
批荆上言",良人尊前福安：,藉知旅暹平安，喜之胜也。；但塘（唐）中合家老少平安，顺此达慰，余言后叙。,中央国币伍拾元,但塘（唐）中合家老少平安，顺此达慰，余言后叙。,,但光裕所做之生理，今年已标在俺三房祠开张，顺此达知。；批荆上言,sender=潮安鹤塘乡儿光裕；recipient=遥陈运昇父亲大人；relationship=child_to_parent；date=廿九年二月三十日；money=伍拾元；currency=国币；places=潮安->广东潮安；kinship=父亲；兄；儿,"廿九年（1940）二月三十日，潮安鹤塘乡儿光裕寄暹陈运昇父亲大人
潮安鹤塘乡儿光裕
遥陈运昇父亲大人
廿九年二月三十日
中央国币伍拾元
潮安->广东潮安
family_affection;remittance;safety
是日承接来信一封，并寄来中央国币伍拾元，又汇票一张国币叁佰元，经已收到，照信分发。藉知旅暹平安，喜之胜也。夹去若虚兄一信，到时收阅耳。但光裕所做之生理，今年已标在俺三房祠开张，顺此达知。但塘（唐）中合家老少平安，顺此达慰，余言后叙。即候
大安",题名：廿九年（1940）二月三十日，潮安鹤塘乡儿光裕寄暹陈运昇父亲大人；寄批人：潮安鹤塘乡儿光裕；收批人：遥陈运昇父亲大人；日期：廿九年二月三十日；汇款：中央国币伍拾元；主题：family_affection;remittance;safety；正文摘录：是日承接来信一封，并寄来中央国币伍拾元，又汇票一张国币叁佰元，经已收到，照信分发。藉知旅暹平安，喜之胜也。夹去若虚兄一信，到时收阅耳。但光裕所做之生理，今年已标在俺三房祠开张，顺此达知。但塘（唐）中合家老少平安，顺此达慰，余言后叙。即候大安,廿九年（1940）二月三十日,潮安鹤塘乡儿光裕,暹陈运昇父亲大人,120,0,鹤塘乡儿光裕,遥陈运昇父亲,父亲,high,广东潮安,"[{""record_id"": ""CSQP-SFHC-TEXT-077"", ""raw_text"": ""中央国币伍拾元"", ""amount_text"": ""伍拾元"", ""amount_number"": 50, ""currency"": ""国币"", ""sentence"": ""是日承接来信一封，并寄来中央国币伍拾元，又汇票一张国币叁佰元，经已收到，照信分发。"", ""is_primary_candidate"": true, ""source_field"": ""body_clean""}, {""record_id"": ""CSQP-SFHC-TEXT-077"", ""raw_text"": ""国币叁佰元"", ""amount_text"": ""叁佰元"", ""amount_number"": 300, ""currency"": ""国币"", ""sentence"": ""是日承接来信一封，并寄来中央国币伍拾元，又汇票一张国币叁佰元，经已收到，照信分发。"", ""is_primary_candidate"": false, ""source_field"": ""body_clean""}]",廿九年（1940）二月三十日，潮安鹤塘乡儿光裕寄暹陈运昇父亲大人；潮安鹤塘乡儿光裕；遥陈运昇父亲大人；鹤塘乡儿光裕；遥陈运昇父亲；父亲；兄；儿；广东潮安；中央国币伍拾元；国币；family_affection；remittance；safety；潮安；广东；中央国币；元；尊前；福安；廿九；二月；三十日；鹤塘；乡儿；光裕；寄暹；陈运；中央；伍拾；family；affection；承接；来信；一封；寄来；汇票；一张；叁佰元；经已；收到；照信；分发；旅暹；平安；喜之胜；夹去；虚兄；一信；收阅；但光裕；生理；今年；已标；三房；开张；达知；但塘；合家；老少；达慰；余言；即候；大安
CSQP-SFHC-TEXT-078,78,二十九年（1940）三月廿九日，暹曾大专寄澄邑中外都家婶母大人,pdf_pages=117；book_pages=88,1,medium,0,"寄批人：遥曾大专
收批人：澄邑中外都家妯母大人
批款：中央币拾元
日期：二十九年三月廿九日

妯母大人尊前：
敬禀者，兹付信局，奉上中央币拾元，到时查收，以助家用。至所欠龙标之项，祈要力（恳）求减少为要，余言后禀。敬祝
福安

二十九年三月廿九日  侄曾大专禀","寄批人：遥曾大专
收批人：澄邑中外都家妯母大人
批款：中央币拾元
日期：二十九年三月廿九日

妯母大人尊前：
敬禀者，兹付信局，奉上中央币拾元，到时查收，以助家用。至所欠龙标之项，祈要力（恳）求减少为要，余言后禀。敬祝
福安

二十九年三月廿九日 侄曾大专禀","妯母大人尊前：
敬禀者，兹付信局，奉上中央币拾元，到时查收，以助家用。至所欠龙标之项，祈要力（恳）求减少为要，余言后禀。敬祝
福安

二十九年三月廿九日 侄曾大专禀","敬禀者，兹付信局，奉上中央币拾元，到时查收，以助家用。至所欠龙标之项，祈要力（恳）求减少为要，余言后禀。敬祝
福安",129,8,6,遥曾大专,澄邑中外都家妯母大人,nephew_or_niece,,uncle_nephew_or_nephew_kin,侄,外都家妯母；妯母,大人；尊前,侄,泰国,广东澄海,泰国,广东澄海,澄邑->广东澄海,泰国 -> 广东澄海,1,泰国；广东侨乡,二十九年三月廿九日,二十九年三月廿九日 侄曾大专禀,1940,1940,三月,廿九日,solar,西历,high,中央币拾元,拾元,10,国币,敬禀者，兹付信局，奉上中央币拾元，到时查收，以助家用。,家用,敬禀者，兹付信局，奉上中央币拾元，到时查收，以助家用。,1,妯母大人尊前：,敬禀者，兹付信局，奉上中央币拾元，到时查收，以助家用。,福安,"敬禀者，兹付信局，奉上中央币拾元，到时查收，以助家用。至所欠龙标之项，祈要力（恳）求减少为要，余言后禀。敬祝
福安",,妯母大人尊前：,,,,二十九年三月廿九日 侄曾大专禀,二十九年三月廿九日 侄曾大专禀,,1,1,0,0,0,0,0,1,0,0,0,debt,family_affection;remittance;debt,敬禀者；禀者；尊前,,大人；尊前；福安,,兹；祈；奉,敬禀者；尊前；查收；福安,奉上；查收,,,敬禀者；禀者；尊前；大人；福安；兹；祈；奉；查收,2,"妯母大人尊前：
敬禀者，兹付信局，奉上中央币拾元，到时查收，以助家用。
二十九年三月廿九日 侄曾大专禀",妯母大人尊前：,,敬禀者，兹付信局，奉上中央币拾元，到时查收，以助家用。,妯母大人尊前：,,二十九年三月廿九日 侄曾大专禀,sender=遥曾大专；recipient=澄邑中外都家妯母大人；relationship=uncle_nephew_or_nephew_kin；date=二十九年三月廿九日；money=拾元；currency=国币；places=澄邑->广东澄海；kinship=侄,"二十九年（1940）三月廿九日，暹曾大专寄澄邑中外都家婶母大人
遥曾大专
澄邑中外都家妯母大人
二十九年三月廿九日
中央币拾元
澄邑->广东澄海
family_affection;remittance;debt
敬禀者，兹付信局，奉上中央币拾元，到时查收，以助家用。至所欠龙标之项，祈要力（恳）求减少为要，余言后禀。敬祝
福安",题名：二十九年（1940）三月廿九日，暹曾大专寄澄邑中外都家婶母大人；寄批人：遥曾大专；收批人：澄邑中外都家妯母大人；日期：二十九年三月廿九日；汇款：中央币拾元；主题：family_affection;remittance;debt；正文摘录：敬禀者，兹付信局，奉上中央币拾元，到时查收，以助家用。至所欠龙标之项，祈要力（恳）求减少为要，余言后禀。敬祝福安,二十九年（1940）三月廿九日,暹曾大专,澄邑中外都家婶母大人,56,0,遥曾大专,中外都家妯母,侄,high,广东澄海；泰国,"[{""record_id"": ""CSQP-SFHC-TEXT-078"", ""raw_text"": ""中央币拾元"", ""amount_text"": ""拾元"", ""amount_number"": 10, ""currency"": ""国币"", ""sentence"": ""批款：中央币拾元"", ""is_primary_candidate"": true, ""source_field"": ""body_clean""}, {""record_id"": ""CSQP-SFHC-TEXT-078"", ""raw_text"": ""中央币拾元"", ""amount_text"": ""拾元"", ""amount_number"": 10, ""currency"": ""国币"", ""sentence"": ""敬禀者，兹付信局，奉上中央币拾元，到时查收，以助家用。"", ""is_primary_candidate"": false, ""source_field"": ""body_clean""}]",二十九年（1940）三月廿九日，暹曾大专寄澄邑中外都家婶母大人；遥曾大专；澄邑中外都家妯母大人；中外都家妯母；侄；广东澄海；泰国；中央币拾元；国币；family_affection；remittance；debt；婶母；婶；澄海；澄邑；广东；中央币；元；敬禀者；尊前；查收；福安；二十九年；三月；廿九日；大专；寄澄邑；中外；遥曾；妯母；中央；拾元；family；affection；禀者；兹付；信局；奉上；以助；家用；所欠；龙标；之项；祈要力；减少；余言；敬祝
CSQP-SFHC-TEXT-079,79,庚（1940）六月初三日，叻陈赞堂寄潮安东凤村刘氏荆妻,pdf_pages=118；book_pages=89,1,high,0,"寄批人：叻陈赞堂
收批人：潮安东风村刘氏荆妻
批款：国币壹佰元
日期：庚六月初三日

刘氏贤妻如见：
顷阅来函，述情均悉。但集忠媳等，经于数天前平安抵叻，你此帮【次】未来，后帮【次】交通如何未卜。缘近来香港形势紧张，今闻集敬媳亦要下叻，见草祈速收拾与他（她）全往，幸勿再延是幸。兹寄去国币壹佰元查收，中抹出银式元学诗叔收用，亚各父子，须欲拿多少分他。船租如若不敷，祈与学炎叔从中设法谈情，候当后报，他事难及。二地平安。祝你
安然

陈赞堂手书
庚六月初三日","寄批人：叻陈赞堂
收批人：潮安东风村刘氏荆妻
批款：国币壹佰元
日期：庚六月初三日

刘氏贤妻如见：
顷阅来函，述情均悉。但集忠媳等，经于数天前平安抵叻，你此帮【次】未来，后帮【次】交通如何未卜。缘近来香港形势紧张，今闻集敬媳亦要下叻，见草祈速收拾与他（她）全往，幸勿再延是幸。兹寄去国币壹佰元查收，中抹出银式元学诗叔收用，亚各父子，须欲拿多少分他。船租如若不敷，祈与学炎叔从中设法谈情，候当后报，他事难及。二地平安。祝你
安然

陈赞堂手书
庚六月初三日","刘氏贤妻如见：
顷阅来函，述情均悉。但集忠媳等，经于数天前平安抵叻，你此帮【次】未来，后帮【次】交通如何未卜。缘近来香港形势紧张，今闻集敬媳亦要下叻，见草祈速收拾与他（她）全往，幸勿再延是幸。兹寄去国币壹佰元查收，中抹出银式元学诗叔收用，亚各父子，须欲拿多少分他。船租如若不敷，祈与学炎叔从中设法谈情，候当后报，他事难及。二地平安。祝你
安然

陈赞堂手书
庚六月初三日","刘氏贤妻如见：
顷阅来函，述情均悉。但集忠媳等，经于数天前平安抵叻，你此帮【次】未来，后帮【次】交通如何未卜。缘近来香港形势紧张，今闻集敬媳亦要下叻，见草祈速收拾与他（她）全往，幸勿再延是幸。兹寄去国币壹佰元查收，中抹出银式元学诗叔收用，亚各父子，须欲拿多少分他。船租如若不敷，祈与学炎叔从中设法谈情，候当后报，他事难及。二地平安。祝你
安然",228,9,11,叻陈赞堂,潮安东风村刘氏荆妻,,spouse,spouse_to_spouse,妻；荆妻；贤妻；媳；叔,村刘氏荆妻；刘氏贤妻；但集忠媳；今闻集敬媳；式元学诗叔；亚各父；祈与学炎叔,,,新加坡,广东潮安,新加坡,广东潮安,香港；潮安->广东潮安；东凤->广东潮安东凤；叻->新加坡,新加坡 -> 广东潮安,1,新加坡；广东侨乡；香港,庚六月初三日,"陈赞堂手书
庚六月初三日",1940,1940,六月,初三日,lunar,干支或传统纪年,high,国币壹佰元,壹佰元,100,国币,兹寄去国币壹佰元查收，中抹出银式元学诗叔收用，亚各父子，须欲拿多少分他。,,但集忠媳等，经于数天前平安抵叻，你此帮【次】未来，后帮【次】交通如何未卜。；兹寄去国币壹佰元查收，中抹出银式元学诗叔收用，亚各父子，须欲拿多少分他。,1,,,但集忠媳等，经于数天前平安抵叻，你此帮【次】未来，后帮【次】交通如何未卜。,"刘氏贤妻如见：
顷阅来函，述情均悉。但集忠媳等，经于数天前平安抵叻，你此帮【次】未来，后帮【次】交通如何未卜。缘近来香港形势紧张，今闻集敬媳亦要下叻，见草祈速收拾与他（她）全往，幸勿再延是幸。兹寄去国币壹佰元查收，中抹出银式元学诗叔收用，亚各父子，须欲拿多少分他。船租如若不敷，祈与学炎叔从中设法谈情，候当后报，他事难及。二地平安。祝你
安然",但集忠媳等，经于数天前平安抵叻，你此帮【次】未来，后帮【次】交通如何未卜。；二地平安。,刘氏贤妻如见：；兹寄去国币壹佰元查收，中抹出银式元学诗叔收用，亚各父子，须欲拿多少分他。,兹寄去国币壹佰元查收，中抹出银式元学诗叔收用，亚各父子，须欲拿多少分他。,,手书,"陈赞堂手书
庚六月初三日",陈赞堂手书,,1,1,1,1,0,0,0,0,1,0,0,instruction,family_affection;remittance;safety;instruction;marriage,,手书,贤妻,,兹；祈,查收,寄去；查收,平安,须,手书；贤妻；兹；祈；查收,2,"但集忠媳等，经于数天前平安抵叻，你此帮【次】未来，后帮【次】交通如何未卜。；二地平安。
兹寄去国币壹佰元查收，中抹出银式元学诗叔收用，亚各父子，须欲拿多少分他。
陈赞堂手书",,但集忠媳等，经于数天前平安抵叻，你此帮【次】未来，后帮【次】交通如何未卜。；二地平安。,兹寄去国币壹佰元查收，中抹出银式元学诗叔收用，亚各父子，须欲拿多少分他。,刘氏贤妻如见：；兹寄去国币壹佰元查收，中抹出银式元学诗叔收用，亚各父子，须欲拿多少分他。,兹寄去国币壹佰元查收，中抹出银式元学诗叔收用，亚各父子，须欲拿多少分他。,陈赞堂手书,sender=叻陈赞堂；recipient=潮安东风村刘氏荆妻；relationship=spouse_to_spouse；date=庚六月初三日；money=壹佰元；currency=国币；places=香港；潮安->广东潮安；东凤->广东潮安东凤；叻->新加坡；kinship=妻；荆妻；贤妻；媳；叔,"庚（1940）六月初三日，叻陈赞堂寄潮安东凤村刘氏荆妻
叻陈赞堂
潮安东风村刘氏荆妻
庚六月初三日
国币壹佰元
香港；潮安->广东潮安；东凤->广东潮安东凤；叻->新加坡
family_affection;remittance;safety;instruction;marriage
刘氏贤妻如见：
顷阅来函，述情均悉。但集忠媳等，经于数天前平安抵叻，你此帮【次】未来，后帮【次】交通如何未卜。缘近来香港形势紧张，今闻集敬媳亦要下叻，见草祈速收拾与他（她）全往，幸勿再延是幸。兹寄去国币壹佰元查收，中抹出银式元学诗叔收用，亚各父子，须欲拿多少分他。船租如若不敷，祈与学炎叔从中设法谈情，候当后报，他事难及。二地平安。祝你
安然",题名：庚（1940）六月初三日，叻陈赞堂寄潮安东凤村刘氏荆妻；寄批人：叻陈赞堂；收批人：潮安东风村刘氏荆妻；日期：庚六月初三日；汇款：国币壹佰元；主题：family_affection;remittance;safety;instruction;marriage；正文摘录：刘氏贤妻如见：顷阅来函，述情均悉。但集忠媳等，经于数天前平安抵叻，你此帮【次】未来，后帮【次】交通如何未卜。缘近来香港形势紧张，今闻集敬媳亦要下叻，见草祈速收拾与他（她）全往，幸勿再延是幸。兹寄去国币壹佰元查收，中抹出银式元学诗叔收用，亚各,庚（1940）六月初三日,叻陈赞堂,潮安东凤村刘氏荆妻,169,0,陈赞堂,东风村刘氏荆妻,妻,medium,广东潮安；广东潮安东凤；新加坡；香港,"[{""record_id"": ""CSQP-SFHC-TEXT-079"", ""raw_text"": ""国币壹佰元"", ""amount_text"": ""壹佰元"", ""amount_number"": 100, ""currency"": ""国币"", ""sentence"": ""批款：国币壹佰元"", ""is_primary_candidate"": true, ""source_field"": ""body_clean""}, {""record_id"": ""CSQP-SFHC-TEXT-079"", ""raw_text"": ""国币壹佰元"", ""amount_text"": ""壹佰元"", ""amount_number"": 100, ""currency"": ""国币"", ""sentence"": ""兹寄去国币壹佰元查收，中抹出银式元学诗叔收用，亚各父子，须欲拿多少分他。"", ""is_primary_candidate"": false, ""source_field"": ""body_clean""}, {""record_id"": ""CSQP-SFHC-TEXT-079"", ""raw_text"": ""银式元"", ""amount_text"": ""式元"", ""amount_number"": 2, ""currency"": ""银元"", ""sentence"": ""兹寄去国币壹佰元查收，中抹出银式元学诗叔收用，亚各父子，须欲拿多少分他。"", ""is_primary_candidate"": false, ""source_field"": ""body_clean""}]",庚（1940）六月初三日，叻陈赞堂寄潮安东凤村刘氏荆妻；叻陈赞堂；潮安东风村刘氏荆妻；陈赞堂；东风村刘氏荆妻；妻；荆妻；贤妻；媳；叔；广东潮安；广东潮安东凤；新加坡；香港；国币壹佰元；国币；family_affection；remittance；safety；instruction；marriage；潮安；东凤；广东；银；元；查收；六月；初三；东凤村；刘氏；东风村；壹佰元；family；affection；手书；顷阅；来函；情均悉；集忠媳；经于；数天；平安；抵叻；未来；交通；如何；未卜；近来；形势；紧张；今闻；集敬；媳亦要；见草；祈速；收拾；全往；幸勿；再延；中抹出；银式；元学；诗叔；收用；父子；多少；船租；如若；祈与；学炎；从中；设法；谈情；候当后；他事；难及；二地；安然
CSQP-SFHC-TEXT-080,80,庚辰年（1940）六月初五日，叻郑万道寄潮安五区家双亲大人,pdf_pages=119；book_pages=90,1,medium,0,"寄批人：叻儿郑万道
收批人：潮安五区家双亲大人
批款：国币拾伍元
日期：庚辰年六月初五日

双亲大人膝下：
敬禀者，跪别已（以）来，瞬经数年，念甚之至矣，恭惟慈颜清泰，玉体平安为祝。儿身子粗安，祈勿远念。今因轮之便，奉上国币拾伍元，至祈查收。余望饮食珍重，努力加餐。端此晚禀，叩请
福安

庚辰年六月初五日  儿郑万道缄","寄批人：叻儿郑万道
收批人：潮安五区家双亲大人
批款：国币拾伍元
日期：庚辰年六月初五日

双亲大人膝下：
敬禀者，跪别已（以）来，瞬经数年，念甚之至矣，恭惟慈颜清泰，玉体平安为祝。儿身子粗安，祈勿远念。今因轮之便，奉上国币拾伍元，至祈查收。余望饮食珍重，努力加餐。端此晚禀，叩请
福安

庚辰年六月初五日 儿郑万道缄","双亲大人膝下：
敬禀者，跪别已（以）来，瞬经数年，念甚之至矣，恭惟慈颜清泰，玉体平安为祝。儿身子粗安，祈勿远念。今因轮之便，奉上国币拾伍元，至祈查收。余望饮食珍重，努力加餐。端此晚禀，叩请
福安

庚辰年六月初五日 儿郑万道缄","敬禀者，跪别已（以）来，瞬经数年，念甚之至矣，恭惟慈颜清泰，玉体平安为祝。儿身子粗安，祈勿远念。今因轮之便，奉上国币拾伍元，至祈查收。余望饮食珍重，努力加餐。端此晚禀，叩请
福安",159,8,8,叻儿郑万道,潮安五区家双亲大人,,parent,child_to_parent,双亲；儿,叻儿,大人；膝下,,新加坡,广东潮安,新加坡,广东潮安,潮安->广东潮安；叻->新加坡,新加坡 -> 广东潮安,1,新加坡；广东侨乡,庚辰年六月初五日,庚辰年六月初五日 儿郑万道缄,1940,1940,六月,初五日,lunar,干支或传统纪年,high,国币拾伍元,拾伍元,15,国币,今因轮之便，奉上国币拾伍元，至祈查收。,,今因轮之便，奉上国币拾伍元，至祈查收。,1,双亲大人膝下：,敬禀者，跪别已（以）来，瞬经数年，念甚之至矣，恭惟慈颜清泰，玉体平安为祝。,敬禀者，跪别已（以）来，瞬经数年，念甚之至矣，恭惟慈颜清泰，玉体平安为祝。,"敬禀者，跪别已（以）来，瞬经数年，念甚之至矣，恭惟慈颜清泰，玉体平安为祝。儿身子粗安，祈勿远念。今因轮之便，奉上国币拾伍元，至祈查收。余望饮食珍重，努力加餐。端此晚禀，叩请
福安",敬禀者，跪别已（以）来，瞬经数年，念甚之至矣，恭惟慈颜清泰，玉体平安为祝。,儿身子粗安，祈勿远念。；庚辰年六月初五日 儿郑万道缄,,,缄,庚辰年六月初五日 儿郑万道缄,庚辰年六月初五日 儿郑万道缄,,1,1,1,0,0,0,0,0,0,0,0,family_affection,family_affection;remittance;safety,敬禀者；禀者；膝下,,大人；膝下；福安,儿；叩,祈；奉；惟,敬禀者；膝下；祈查收；至祈查收；查收；福安,奉上；查收,平安；清泰,,敬禀者；禀者；膝下；大人；福安；儿；叩；祈；奉；惟；祈查收；至祈查收；查收,3,"双亲大人膝下：
敬禀者，跪别已（以）来，瞬经数年，念甚之至矣，恭惟慈颜清泰，玉体平安为祝。
今因轮之便，奉上国币拾伍元，至祈查收。
庚辰年六月初五日 儿郑万道缄",双亲大人膝下：,敬禀者，跪别已（以）来，瞬经数年，念甚之至矣，恭惟慈颜清泰，玉体平安为祝。,今因轮之便，奉上国币拾伍元，至祈查收。,儿身子粗安，祈勿远念。；庚辰年六月初五日 儿郑万道缄,,庚辰年六月初五日 儿郑万道缄,sender=叻儿郑万道；recipient=潮安五区家双亲大人；relationship=child_to_parent；date=庚辰年六月初五日；money=拾伍元；currency=国币；places=潮安->广东潮安；叻->新加坡；kinship=双亲；儿,"庚辰年（1940）六月初五日，叻郑万道寄潮安五区家双亲大人
叻儿郑万道
潮安五区家双亲大人
庚辰年六月初五日
国币拾伍元
潮安->广东潮安；叻->新加坡
family_affection;remittance;safety
敬禀者，跪别已（以）来，瞬经数年，念甚之至矣，恭惟慈颜清泰，玉体平安为祝。儿身子粗安，祈勿远念。今因轮之便，奉上国币拾伍元，至祈查收。余望饮食珍重，努力加餐。端此晚禀，叩请
福安",题名：庚辰年（1940）六月初五日，叻郑万道寄潮安五区家双亲大人；寄批人：叻儿郑万道；收批人：潮安五区家双亲大人；日期：庚辰年六月初五日；汇款：国币拾伍元；主题：family_affection;remittance;safety；正文摘录：敬禀者，跪别已（以）来，瞬经数年，念甚之至矣，恭惟慈颜清泰，玉体平安为祝。儿身子粗安，祈勿远念。今因轮之便，奉上国币拾伍元，至祈查收。余望饮食珍重，努力加餐。端此晚禀，叩请福安,庚辰年（1940）六月初五日,叻郑万道,潮安五区家双亲大人,88,0,儿郑万道,双亲,双亲,high,广东潮安；新加坡,"[{""record_id"": ""CSQP-SFHC-TEXT-080"", ""raw_text"": ""国币拾伍元"", ""amount_text"": ""拾伍元"", ""amount_number"": 15, ""currency"": ""国币"", ""sentence"": ""批款：国币拾伍元"", ""is_primary_candidate"": true, ""source_field"": ""body_clean""}, {""record_id"": ""CSQP-SFHC-TEXT-080"", ""raw_text"": ""国币拾伍元"", ""amount_text"": ""拾伍元"", ""amount_number"": 15, ""currency"": ""国币"", ""sentence"": ""今因轮之便，奉上国币拾伍元，至祈查收。"", ""is_primary_candidate"": false, ""source_field"": ""body_clean""}]",庚辰年（1940）六月初五日，叻郑万道寄潮安五区家双亲大人；叻儿郑万道；潮安五区家双亲大人；儿郑万道；双亲；儿；广东潮安；新加坡；国币拾伍元；国币；family_affection；remittance；safety；潮安；广东；元；敬禀者；膝下；祈查收；至祈查收；查收；福安；庚辰；六月；初五；郑万道；五区家；伍元；family；affection；禀者；至祈；跪别；瞬经；数年；恭惟；慈颜；清泰；玉体；平安；身子；粗安；祈勿；远念；因轮；奉上；余望；饮食；珍重；努力；加餐；端此；叩请
CSQP-SFHC-TEXT-081,81,二十九年（1940）阴历七月初十日，外洋曾大专寄潮汕姊母大人,pdf_pages=120；book_pages=91,1,low,0,"姊母大人万福：
敬禀者，兹付信局奉上中央币五十元，到时查收，以应家用可也。余言后禀。敬祝
福安

二十九年阴历七月初十日  侄曾大专禀","姊母大人万福：
敬禀者，兹付信局奉上中央币五十元，到时查收，以应家用可也。余言后禀。敬祝
福安

二十九年阴历七月初十日 侄曾大专禀","姊母大人万福：
敬禀者，兹付信局奉上中央币五十元，到时查收，以应家用可也。余言后禀。敬祝
福安

二十九年阴历七月初十日 侄曾大专禀","敬禀者，兹付信局奉上中央币五十元，到时查收，以应家用可也。余言后禀。敬祝
福安",66,4,6,外洋曾大专,潮汕姊母大人,nephew_or_niece,sibling,sibling_or_same_generation_kin,侄；姊,潮汕姊母；姊母,大人,侄,海外,广东侨乡,海外,广东侨乡,潮汕->广东侨乡,海外 -> 广东侨乡,1,海外；广东侨乡,二十九年（1940）阴历七月初十日,二十九年阴历七月初十日 侄曾大专禀,1940,1940,七月,初十日,lunar,西历,high,中央币五十元,五十元,50,国币,敬禀者，兹付信局奉上中央币五十元，到时查收，以应家用可也。,家用,敬禀者，兹付信局奉上中央币五十元，到时查收，以应家用可也。,1,姊母大人万福：,敬禀者，兹付信局奉上中央币五十元，到时查收，以应家用可也。,福安,"敬禀者，兹付信局奉上中央币五十元，到时查收，以应家用可也。余言后禀。敬祝
福安",,姊母大人万福：,,,,二十九年阴历七月初十日 侄曾大专禀,二十九年阴历七月初十日 侄曾大专禀,,1,1,0,0,0,0,0,0,0,0,0,remittance,family_affection;remittance,敬禀者；禀者,,大人；福安,,兹；奉,敬禀者；查收；福安,奉上；查收,,,敬禀者；禀者；大人；福安；兹；奉；查收,2,"姊母大人万福：
敬禀者，兹付信局奉上中央币五十元，到时查收，以应家用可也。
二十九年阴历七月初十日 侄曾大专禀",姊母大人万福：,,敬禀者，兹付信局奉上中央币五十元，到时查收，以应家用可也。,姊母大人万福：,,二十九年阴历七月初十日 侄曾大专禀,sender=外洋曾大专；recipient=潮汕姊母大人；relationship=sibling_or_same_generation_kin；date=二十九年（1940）阴历七月初十日；money=五十元；currency=国币；places=潮汕->广东侨乡；kinship=侄；姊,"二十九年（1940）阴历七月初十日，外洋曾大专寄潮汕姊母大人
外洋曾大专
潮汕姊母大人
二十九年（1940）阴历七月初十日
中央币五十元
潮汕->广东侨乡
family_affection;remittance
敬禀者，兹付信局奉上中央币五十元，到时查收，以应家用可也。余言后禀。敬祝
福安",题名：二十九年（1940）阴历七月初十日，外洋曾大专寄潮汕姊母大人；寄批人：外洋曾大专；收批人：潮汕姊母大人；日期：二十九年（1940）阴历七月初十日；汇款：中央币五十元；主题：family_affection;remittance；正文摘录：敬禀者，兹付信局奉上中央币五十元，到时查收，以应家用可也。余言后禀。敬祝福安,二十九年（1940）阴历七月初十日,外洋曾大专,潮汕姊母大人,38,0,曾大专,姊母,姊,high,广东侨乡；海外,"[{""record_id"": ""CSQP-SFHC-TEXT-081"", ""raw_text"": ""中央币五十元"", ""amount_text"": ""五十元"", ""amount_number"": 50, ""currency"": ""国币"", ""sentence"": ""敬禀者，兹付信局奉上中央币五十元，到时查收，以应家用可也。"", ""is_primary_candidate"": true, ""source_field"": ""body_clean""}]",二十九年（1940）阴历七月初十日，外洋曾大专寄潮汕姊母大人；外洋曾大专；潮汕姊母大人；曾大专；姊母；侄；姊；广东侨乡；海外；中央币五十元；国币；family_affection；remittance；潮汕；广东；中央币；元；敬禀者；查收；福安；二十九年；阴历；七月；初十；外洋；大专；侨乡；中央；五十元；family；affection；禀者；兹付；信局；以应；家用；余言；敬祝
CSQP-SFHC-TEXT-082,82,庚（1940）七月廿日，叻刘祥贞寄潮安东凤村陈学炎先生,pdf_pages=121；book_pages=92,1,medium,0,"寄批人：叻刘祥页
收批人：潮安东凤村陈学炎先生
批款：国币叁佰元
日期：庚七月廿日

家学炎叔台尊前：
敬启者，今再寄呈一信，外并国币叁佰元正，至时查收，祈代交还吾岳亲收。兹因外洋不久要限制寄塘（唐）批信，故先在家朋谋为寄去理还，祈为知之。他事后及，两地平安。并请
金安

愚侄陈赞堂手启
庚七月廿日","寄批人：叻刘祥页
收批人：潮安东凤村陈学炎先生
批款：国币叁佰元
日期：庚七月廿日

家学炎叔台尊前：
敬启者，今再寄呈一信，外并国币叁佰元正，至时查收，祈代交还吾岳亲收。兹因外洋不久要限制寄塘（唐）批信，故先在家朋谋为寄去理还，祈为知之。他事后及，两地平安。并请
金安

愚侄陈赞堂手启
庚七月廿日","家学炎叔台尊前：
敬启者，今再寄呈一信，外并国币叁佰元正，至时查收，祈代交还吾岳亲收。兹因外洋不久要限制寄塘（唐）批信，故先在家朋谋为寄去理还，祈为知之。他事后及，两地平安。并请
金安

愚侄陈赞堂手启
庚七月廿日","敬启者，今再寄呈一信，外并国币叁佰元正，至时查收，祈代交还吾岳亲收。兹因外洋不久要限制寄塘（唐）批信，故先在家朋谋为寄去理还，祈为知之。他事后及，两地平安。并请
金安",150,9,8,叻刘祥页,潮安东凤村陈学炎先生,,elder_relative,younger_to_elder_kin,侄；叔,家学炎叔；愚侄,尊前；先生,愚,新加坡,广东潮安,新加坡,广东潮安,潮安->广东潮安；东凤->广东潮安东凤；叻->新加坡,新加坡 -> 广东潮安,1,新加坡；广东侨乡,庚七月廿日,"愚侄陈赞堂手启
庚七月廿日",1940,1940,七月,,solar,干支或传统纪年,high,国币叁佰元,叁佰元,300,国币,敬启者，今再寄呈一信，外并国币叁佰元正，至时查收，祈代交还吾岳亲收。；兹因外洋不久要限制寄塘（唐）批信，故先在家朋谋为寄去理还，祈为知之。,债务；分抹,敬启者，今再寄呈一信，外并国币叁佰元正，至时查收，祈代交还吾岳亲收。,1,家学炎叔台尊前：,敬启者，今再寄呈一信，外并国币叁佰元正，至时查收，祈代交还吾岳亲收。,他事后及，两地平安。,"敬启者，今再寄呈一信，外并国币叁佰元正，至时查收，祈代交还吾岳亲收。兹因外洋不久要限制寄塘（唐）批信，故先在家朋谋为寄去理还，祈为知之。他事后及，两地平安。并请
金安",他事后及，两地平安。,,兹因外洋不久要限制寄塘（唐）批信，故先在家朋谋为寄去理还，祈为知之。,并请,启,"愚侄陈赞堂手启
庚七月廿日",愚侄陈赞堂手启,,0,1,1,1,0,0,0,1,0,0,0,instruction,remittance;safety;instruction;debt,启者；尊前,启；并请,尊前；金安,愚,兹；祈,尊前；查收；金安,寄去；查收,平安,祈为,启者；尊前；启；并请；金安；愚；兹；祈；查收,2,"家学炎叔台尊前：
敬启者，今再寄呈一信，外并国币叁佰元正，至时查收，祈代交还吾岳亲收。
他事后及，两地平安。
敬启者，今再寄呈一信，外并国币叁佰元正，至时查收，祈代交还吾岳亲收。；兹因外洋不久要限制寄塘（唐）批信，故先在家朋谋为寄去理还，祈为知之。
兹因外洋不久要限制寄塘（唐）批信，故先在家朋谋为寄去理还，祈为知之。
并请
愚侄陈赞堂手启",家学炎叔台尊前：,他事后及，两地平安。,敬启者，今再寄呈一信，外并国币叁佰元正，至时查收，祈代交还吾岳亲收。；兹因外洋不久要限制寄塘（唐）批信，故先在家朋谋为寄去理还，祈为知之。,,兹因外洋不久要限制寄塘（唐）批信，故先在家朋谋为寄去理还，祈为知之。,并请；愚侄陈赞堂手启,sender=叻刘祥页；recipient=潮安东凤村陈学炎先生；relationship=younger_to_elder_kin；date=庚七月廿日；money=叁佰元；currency=国币；places=潮安->广东潮安；东凤->广东潮安东凤；叻->新加坡；kinship=侄；叔,"庚（1940）七月廿日，叻刘祥贞寄潮安东凤村陈学炎先生
叻刘祥页
潮安东凤村陈学炎先生
庚七月廿日
国币叁佰元
潮安->广东潮安；东凤->广东潮安东凤；叻->新加坡
remittance;safety;instruction;debt
敬启者，今再寄呈一信，外并国币叁佰元正，至时查收，祈代交还吾岳亲收。兹因外洋不久要限制寄塘（唐）批信，故先在家朋谋为寄去理还，祈为知之。他事后及，两地平安。并请
金安",题名：庚（1940）七月廿日，叻刘祥贞寄潮安东凤村陈学炎先生；寄批人：叻刘祥页；收批人：潮安东凤村陈学炎先生；日期：庚七月廿日；汇款：国币叁佰元；主题：remittance;safety;instruction;debt；正文摘录：敬启者，今再寄呈一信，外并国币叁佰元正，至时查收，祈代交还吾岳亲收。兹因外洋不久要限制寄塘（唐）批信，故先在家朋谋为寄去理还，祈为知之。他事后及，两地平安。并请金安,庚（1940）七月廿日,叻刘祥贞,潮安东凤村陈学炎先生,82,0,刘祥页,村陈学炎,侄,high,广东潮安；广东潮安东凤；新加坡,"[{""record_id"": ""CSQP-SFHC-TEXT-082"", ""raw_text"": ""国币叁佰元"", ""amount_text"": ""叁佰元"", ""amount_number"": 300, ""currency"": ""国币"", ""sentence"": ""批款：国币叁佰元"", ""is_primary_candidate"": true, ""source_field"": ""body_clean""}, {""record_id"": ""CSQP-SFHC-TEXT-082"", ""raw_text"": ""国币叁佰元"", ""amount_text"": ""叁佰元"", ""amount_number"": 300, ""currency"": ""国币"", ""sentence"": ""敬启者，今再寄呈一信，外并国币叁佰元正，至时查收，祈代交还吾岳亲收。"", ""is_primary_candidate"": false, ""source_field"": ""body_clean""}]",庚（1940）七月廿日，叻刘祥贞寄潮安东凤村陈学炎先生；叻刘祥页；潮安东凤村陈学炎先生；刘祥页；村陈学炎；侄；叔；广东潮安；广东潮安东凤；新加坡；国币叁佰元；国币；remittance；safety；instruction；debt；潮安；东凤；广东；元；尊前；查收；金安；七月；廿日；刘祥贞；东凤村；陈学炎；先生；叁佰元；启者；敬启者；再寄；一信；至时；祈代；交还；亲收；外洋；不久；限制；寄塘；批信；故先；在家；朋谋为；去理；祈为；事后；两地；平安
CSQP-SFHC-TEXT-083,83,庚（1940）十一月十五日，叻潘兆祥寄饶邑隆都家祖慈大人,pdf_pages=122；book_pages=93,1,high,0,"寄批人：叻潘兆祥
收批人：饶邑隆都家祖慈大人
批款：国币陆拾元
日期：庚十一月十五日

祖母大人尊前：
敬禀者，兹缘是月中浣，承邮局透【往】汕之便，寄上中央币陆拾元，至祈查收。其中分肆元外祖母收，肆元细叔父，贰元两位大人，余存伍拾元以家中之用。但自上月初六，在暹开行途中，波浪浩大，及至十八日抵番人坞十数天。闻悉安南与暹罗开战，晨下本轮无往暹京，转往仰光，运米来槟城港口及叻。此次世界变动艰（难）料，客地旅人定有不好之日，家中老细【小】切宜知之。专此，敬请
金安

庚十一月十五日  孙兆祥缄","寄批人：叻潘兆祥
收批人：饶邑隆都家祖慈大人
批款：国币陆拾元
日期：庚十一月十五日

祖母大人尊前：
敬禀者，兹缘是月中浣，承邮局透【往】汕之便，寄上中央币陆拾元，至祈查收。其中分肆元外祖母收，肆元细叔父，贰元两位大人，余存伍拾元以家中之用。但自上月初六，在暹开行途中，波浪浩大，及至十八日抵番人坞十数天。闻悉安南与暹罗开战，晨下本轮无往暹京，转往仰光，运米来槟城港口及叻。此次世界变动艰（难）料，客地旅人定有不好之日，家中老细【小】切宜知之。专此，敬请
金安

庚十一月十五日 孙兆祥缄","祖母大人尊前：
敬禀者，兹缘是月中浣，承邮局透【往】汕之便，寄上中央币陆拾元，至祈查收。其中分肆元外祖母收，肆元细叔父，贰元两位大人，余存伍拾元以家中之用。但自上月初六，在暹开行途中，波浪浩大，及至十八日抵番人坞十数天。闻悉安南与暹罗开战，晨下本轮无往暹京，转往仰光，运米来槟城港口及叻。此次世界变动艰（难）料，客地旅人定有不好之日，家中老细【小】切宜知之。专此，敬请
金安

庚十一月十五日 孙兆祥缄","敬禀者，兹缘是月中浣，承邮局透【往】汕之便，寄上中央币陆拾元，至祈查收。其中分肆元外祖母收，肆元细叔父，贰元两位大人，余存伍拾元以家中之用。但自上月初六，在暹开行途中，波浪浩大，及至十八日抵番人坞十数天。闻悉安南与暹罗开战，晨下本轮无往暹京，转往仰光，运米来槟城港口及叻。此次世界变动艰（难）料，客地旅人定有不好之日，家中老细【小】切宜知之。专此，敬请
金安",245,8,9,叻潘兆祥,饶邑隆都家祖慈大人,,grandparent,grandchild_to_grandparent,祖母；外祖母；祖慈；家祖；叔父；孙；叔,祖母；中分肆元外祖母；肆元细叔父,大人；尊前,,新加坡,广东饶平,新加坡,广东饶平,暹罗->泰国；安南->越南；槟城->马来西亚槟城；仰光->缅甸仰光；饶邑->广东饶平；叻->新加坡；暹->泰国,新加坡 -> 广东饶平,1,新加坡；广东侨乡；泰国；越南；马来西亚；缅甸,庚十一月十五日,庚十一月十五日 孙兆祥缄,1940,1940,十一月,十五日,solar,干支或传统纪年,high,国币陆拾元,陆拾元,60,国币,敬禀者，兹缘是月中浣，承邮局透【往】汕之便，寄上中央币陆拾元，至祈查收。,,敬禀者，兹缘是月中浣，承邮局透【往】汕之便，寄上中央币陆拾元，至祈查收。,1,祖母大人尊前：,敬禀者，兹缘是月中浣，承邮局透【往】汕之便，寄上中央币陆拾元，至祈查收。,,"敬禀者，兹缘是月中浣，承邮局透【往】汕之便，寄上中央币陆拾元，至祈查收。其中分肆元外祖母收，肆元细叔父，贰元两位大人，余存伍拾元以家中之用。但自上月初六，在暹开行途中，波浪浩大，及至十八日抵番人坞十数天。闻悉安南与暹罗开战，晨下本轮无往暹京，转往仰光，运米来槟城港口及叻。此次世界变动艰（难）料，客地旅人定有不好之日，家中老细【小】切宜知之。专此，敬请
金安",,祖母大人尊前：；其中分肆元外祖母收，肆元细叔父，贰元两位大人，余存伍拾元以家中之用。,,,缄,庚十一月十五日 孙兆祥缄,庚十一月十五日 孙兆祥缄,,1,1,0,0,0,0,0,0,0,0,0,remittance,family_affection;remittance,敬禀者；禀者；尊前,,大人；尊前；金安,,兹；祈；承,敬禀者；尊前；祈查收；至祈查收；查收；金安,寄上；查收,,,敬禀者；禀者；尊前；大人；金安；兹；祈；承；祈查收；至祈查收；查收,3,"祖母大人尊前：
敬禀者，兹缘是月中浣，承邮局透【往】汕之便，寄上中央币陆拾元，至祈查收。
庚十一月十五日 孙兆祥缄",祖母大人尊前：,,敬禀者，兹缘是月中浣，承邮局透【往】汕之便，寄上中央币陆拾元，至祈查收。,祖母大人尊前：；其中分肆元外祖母收，肆元细叔父，贰元两位大人，余存伍拾元以家中之用。,,庚十一月十五日 孙兆祥缄,sender=叻潘兆祥；recipient=饶邑隆都家祖慈大人；relationship=grandchild_to_grandparent；date=庚十一月十五日；money=陆拾元；currency=国币；places=暹罗->泰国；安南->越南；槟城->马来西亚槟城；仰光->缅甸仰光；饶邑->广东饶平；叻->新加坡；暹->泰国；kinship=祖母；外祖母；祖慈；家祖；叔父；孙；叔,"庚（1940）十一月十五日，叻潘兆祥寄饶邑隆都家祖慈大人
叻潘兆祥
饶邑隆都家祖慈大人
庚十一月十五日
国币陆拾元
暹罗->泰国；安南->越南；槟城->马来西亚槟城；仰光->缅甸仰光；饶邑->广东饶平；叻->新加坡；暹->泰国
family_affection;remittance
敬禀者，兹缘是月中浣，承邮局透【往】汕之便，寄上中央币陆拾元，至祈查收。其中分肆元外祖母收，肆元细叔父，贰元两位大人，余存伍拾元以家中之用。但自上月初六，在暹开行途中，波浪浩大，及至十八日抵番人坞十数天。闻悉安南与暹罗开战，晨下本轮无往暹京，转往仰光，运米来槟城港口及叻。此次世界变动艰（难）料，客地旅人定有不好之日，家中老细【小】切宜知之。专此，敬请
金安",题名：庚（1940）十一月十五日，叻潘兆祥寄饶邑隆都家祖慈大人；寄批人：叻潘兆祥；收批人：饶邑隆都家祖慈大人；日期：庚十一月十五日；汇款：国币陆拾元；主题：family_affection;remittance；正文摘录：敬禀者，兹缘是月中浣，承邮局透【往】汕之便，寄上中央币陆拾元，至祈查收。其中分肆元外祖母收，肆元细叔父，贰元两位大人，余存伍拾元以家中之用。但自上月初六，在暹开行途中，波浪浩大，及至十八日抵番人坞十数天。闻悉安南与暹罗开战，晨下本轮无往暹京,庚（1940）十一月十五日,叻潘兆祥,饶邑隆都家祖慈大人,178,0,潘兆祥,祖慈,祖母,high,广东饶平；新加坡；泰国；越南；马来西亚槟城；缅甸仰光,"[{""record_id"": ""CSQP-SFHC-TEXT-083"", ""raw_text"": ""国币陆拾元"", ""amount_text"": ""陆拾元"", ""amount_number"": 60, ""currency"": ""国币"", ""sentence"": ""批款：国币陆拾元"", ""is_primary_candidate"": true, ""source_field"": ""body_clean""}, {""record_id"": ""CSQP-SFHC-TEXT-083"", ""raw_text"": ""中央币陆拾元"", ""amount_text"": ""陆拾元"", ""amount_number"": 60, ""currency"": ""国币"", ""sentence"": ""敬禀者，兹缘是月中浣，承邮局透【往】汕之便，寄上中央币陆拾元，至祈查收。"", ""is_primary_candidate"": false, ""source_field"": ""body_clean""}, {""record_id"": ""CSQP-SFHC-TEXT-083"", ""raw_text"": ""肆元"", ""amount_text"": ""肆元"", ""amount_number"": 4, ""currency"": ""元"", ""sentence"": ""其中分肆元外祖母收，肆元细叔父，贰元两位大人，余存伍拾元以家中之用。"", ""is_primary_candidate"": false, ""source_field"": ""body_clean""}, {""record_id"": ""CSQP-SFHC-TEXT-083"", ""raw_text"": ""贰元"", ""amount_text"": ""贰元"", ""amount_number"": 2, ""currency"": ""元"", ""sentence"": ""其中分肆元外祖母收，肆元细叔父，贰元两位大人，余存伍拾元以家中之用。"", ""is_primary_candidate"": false, ""source_field"": ""body_clean""}, {""record_id"": ""CSQP-SFHC-TEXT-083"", ""raw_text"": ""伍拾元"", ""amount_text"": ""伍拾元"", ""amount_number"": 50, ""currency"": ""元"", ""sentence"": ""其中分肆元外祖母收，肆元细叔父，贰元两位大人，余存伍拾元以家中之用。"", ""is_primary_candidate"": false, ""source_field"": ""body_clean""}]",庚（1940）十一月十五日，叻潘兆祥寄饶邑隆都家祖慈大人；叻潘兆祥；饶邑隆都家祖慈大人；潘兆祥；祖慈；祖母；外祖母；家祖；叔父；孙；叔；广东饶平；新加坡；泰国；越南；马来西亚槟城；缅甸仰光；国币陆拾元；国币；family_affection；remittance；暹罗；安南；槟城；仰光；饶邑；广东；中央币；元；敬禀者；尊前；祈查收；至祈查收；查收；金安；十一月；十五日；饶邑隆；饶平；马来西亚；缅甸；拾元；family；affection；禀者；至祈；兹缘；邮局；汕之便；寄上；中央；币陆；其中；分肆；肆元细；两位；余存；伍拾；元以；家中；之用；自上；初六；开行；途中；波浪；浩大；及至；十八日；抵番；人坞；十数；闻悉；开战；晨下；本轮；无往；暹京；运米；港口
CSQP-SFHC-TEXT-084,84,庚辰年（1940）十一月初三日，外洋万道寄潮汕双亲大人,pdf_pages=123；book_pages=94,1,high,0,"双亲大人膝下：
拜别以来，倏经数载，刻奉慈谕，谨敬诵读。得悉大人福躬清泰，阖室安和，不胜欣喜之至。儿身体粗安，祈勿远念。今因轮之便，奉上国币肆拾元，至祈检阅。内抹出三元，交三老祖妣收用，二元交亚柴老妣收用，二元交荣裕老叔收用，一元交炳坤兄收用，一元交绍泉妈收用，三元交诸弟妹，以作腰金之用，肆元交横陇村姨母收用，内并挟（夹）一纸，望祈呈送是幸。伏望起居珍重，努力加餐为祷，余容后禀。晚请
福安

庚辰年十二月初三日  儿万道缄","双亲大人膝下：
拜别以来，倏经数载，刻奉慈谕，谨敬诵读。得悉大人福躬清泰，阖室安和，不胜欣喜之至。儿身体粗安，祈勿远念。今因轮之便，奉上国币肆拾元，至祈检阅。内抹出三元，交三老祖妣收用，二元交亚柴老妣收用，二元交荣裕老叔收用，一元交炳坤兄收用，一元交绍泉妈收用，三元交诸弟妹，以作腰金之用，肆元交横陇村姨母收用，内并挟（夹）一纸，望祈呈送是幸。伏望起居珍重，努力加餐为祷，余容后禀。晚请
福安

庚辰年十二月初三日 儿万道缄","双亲大人膝下：
拜别以来，倏经数载，刻奉慈谕，谨敬诵读。得悉大人福躬清泰，阖室安和，不胜欣喜之至。儿身体粗安，祈勿远念。今因轮之便，奉上国币肆拾元，至祈检阅。内抹出三元，交三老祖妣收用，二元交亚柴老妣收用，二元交荣裕老叔收用，一元交炳坤兄收用，一元交绍泉妈收用，三元交诸弟妹，以作腰金之用，肆元交横陇村姨母收用，内并挟（夹）一纸，望祈呈送是幸。伏望起居珍重，努力加餐为祷，余容后禀。晚请
福安

庚辰年十二月初三日 儿万道缄","拜别以来，倏经数载，刻奉慈谕，谨敬诵读。得悉大人福躬清泰，阖室安和，不胜欣喜之至。儿身体粗安，祈勿远念。今因轮之便，奉上国币肆拾元，至祈检阅。内抹出三元，交三老祖妣收用，二元交亚柴老妣收用，二元交荣裕老叔收用，一元交炳坤兄收用，一元交绍泉妈收用，三元交诸弟妹，以作腰金之用，肆元交横陇村姨母收用，内并挟（夹）一纸，望祈呈送是幸。伏望起居珍重，努力加餐为祷，余容后禀。晚请
福安",212,4,10,外洋万道,潮汕双亲大人,,parent,child_to_parent,双亲；兄；弟；儿；妹；叔,交荣裕老叔；元交炳坤兄；三元交诸弟；横陇村姨母,大人；膝下,,海外,广东侨乡,海外,广东侨乡,潮汕->广东侨乡,海外 -> 广东侨乡,1,海外；广东侨乡,庚辰年（1940）十一月初三日,庚辰年十二月初三日 儿万道缄,1940,1940,十一月,初三日,lunar,干支或传统纪年,high,国币肆拾元,肆拾元,40,国币,今因轮之便，奉上国币肆拾元，至祈检阅。,,内抹出三元，交三老祖妣收用，二元交亚柴老妣收用，二元交荣裕老叔收用，一元交炳坤兄收用，一元交绍泉妈收用，三元交诸弟妹，以作腰金之用，肆元交横陇村姨母收用，内并挟（夹）一纸，望祈呈送是幸。,1,双亲大人膝下：,,得悉大人福躬清泰，阖室安和，不胜欣喜之至。,"拜别以来，倏经数载，刻奉慈谕，谨敬诵读。得悉大人福躬清泰，阖室安和，不胜欣喜之至。儿身体粗安，祈勿远念。今因轮之便，奉上国币肆拾元，至祈检阅。内抹出三元，交三老祖妣收用，二元交亚柴老妣收用，二元交荣裕老叔收用，一元交炳坤兄收用，一元交绍泉妈收用，三元交诸弟妹，以作腰金之用，肆元交横陇村姨母收用，内并挟（夹）一纸，望祈呈送是幸。伏望起居珍重，努力加餐为祷，余容后禀。晚请
福安",得悉大人福躬清泰，阖室安和，不胜欣喜之至。；伏望起居珍重，努力加餐为祷，余容后禀。,儿身体粗安，祈勿远念。；内抹出三元，交三老祖妣收用，二元交亚柴老妣收用，二元交荣裕老叔收用，一元交炳坤兄收用，一元交绍泉妈收用，三元交诸弟妹，以作腰金之用，肆元交横陇村姨母收用，内并挟（夹）一纸，望祈呈送是幸。,,,缄,庚辰年十二月初三日 儿万道缄,庚辰年十二月初三日 儿万道缄,,1,1,1,0,1,1,0,0,0,0,0,health_care,family_affection;remittance;safety;study;health,膝下,,大人；膝下；福安,儿；弟；谨,祈；奉；不胜；容后,膝下；福安；容后,奉上,清泰；起居,,膝下；大人；福安；儿；弟；谨；祈；奉；不胜；容后,3,"双亲大人膝下：
得悉大人福躬清泰，阖室安和，不胜欣喜之至。；伏望起居珍重，努力加餐为祷，余容后禀。
今因轮之便，奉上国币肆拾元，至祈检阅。
庚辰年十二月初三日 儿万道缄",双亲大人膝下：,得悉大人福躬清泰，阖室安和，不胜欣喜之至。；伏望起居珍重，努力加餐为祷，余容后禀。,今因轮之便，奉上国币肆拾元，至祈检阅。,儿身体粗安，祈勿远念。；内抹出三元，交三老祖妣收用，二元交亚柴老妣收用，二元交荣裕老叔收用，一元交炳坤兄收用，一元交绍泉妈收用，三元交诸弟妹，以作腰金之用，肆元交横陇村姨母收用，内并挟（夹）一纸，望祈呈送是幸。,,庚辰年十二月初三日 儿万道缄,sender=外洋万道；recipient=潮汕双亲大人；relationship=child_to_parent；date=庚辰年（1940）十一月初三日；money=肆拾元；currency=国币；places=潮汕->广东侨乡；kinship=双亲；兄；弟；儿；妹；叔,"庚辰年（1940）十一月初三日，外洋万道寄潮汕双亲大人
外洋万道
潮汕双亲大人
庚辰年（1940）十一月初三日
国币肆拾元
潮汕->广东侨乡
family_affection;remittance;safety;study;health
拜别以来，倏经数载，刻奉慈谕，谨敬诵读。得悉大人福躬清泰，阖室安和，不胜欣喜之至。儿身体粗安，祈勿远念。今因轮之便，奉上国币肆拾元，至祈检阅。内抹出三元，交三老祖妣收用，二元交亚柴老妣收用，二元交荣裕老叔收用，一元交炳坤兄收用，一元交绍泉妈收用，三元交诸弟妹，以作腰金之用，肆元交横陇村姨母收用，内并挟（夹）一纸，望祈呈送是幸。伏望起居珍重，努力加餐为祷，余容后禀。晚请
福安",题名：庚辰年（1940）十一月初三日，外洋万道寄潮汕双亲大人；寄批人：外洋万道；收批人：潮汕双亲大人；日期：庚辰年（1940）十一月初三日；汇款：国币肆拾元；主题：family_affection;remittance;safety;study;health；正文摘录：拜别以来，倏经数载，刻奉慈谕，谨敬诵读。得悉大人福躬清泰，阖室安和，不胜欣喜之至。儿身体粗安，祈勿远念。今因轮之便，奉上国币肆拾元，至祈检阅。内抹出三元，交三老祖妣收用，二元交亚柴老妣收用，二元交荣裕老叔收用，一元交炳坤兄收用，一元交绍泉妈,庚辰年（1940）十一月初三日,外洋万道,潮汕双亲大人,187,0,万道,双亲,双亲,high,广东侨乡；海外,"[{""record_id"": ""CSQP-SFHC-TEXT-084"", ""raw_text"": ""国币肆拾元"", ""amount_text"": ""肆拾元"", ""amount_number"": 40, ""currency"": ""国币"", ""sentence"": ""今因轮之便，奉上国币肆拾元，至祈检阅。"", ""is_primary_candidate"": true, ""source_field"": ""body_clean""}, {""record_id"": ""CSQP-SFHC-TEXT-084"", ""raw_text"": ""三元"", ""amount_text"": ""三元"", ""amount_number"": 3, ""currency"": ""元"", ""sentence"": ""内抹出三元，交三老祖妣收用，二元交亚柴老妣收用，二元交荣裕老叔收用，一元交炳坤兄收用，一元交绍泉妈收用，三元交诸弟妹，以作腰金之用，肆元交横陇村姨母收用，内并挟（夹）一纸，望祈呈送是幸。"", ""is_primary_candidate"": false, ""source_field"": ""body_clean""}, {""record_id"": ""CSQP-SFHC-TEXT-084"", ""raw_text"": ""二元"", ""amount_text"": ""二元"", ""amount_number"": 2, ""currency"": ""元"", ""sentence"": ""内抹出三元，交三老祖妣收用，二元交亚柴老妣收用，二元交荣裕老叔收用，一元交炳坤兄收用，一元交绍泉妈收用，三元交诸弟妹，以作腰金之用，肆元交横陇村姨母收用，内并挟（夹）一纸，望祈呈送是幸。"", ""is_primary_candidate"": false, ""source_field"": ""body_clean""}, {""record_id"": ""CSQP-SFHC-TEXT-084"", ""raw_text"": ""一元"", ""amount_text"": ""一元"", ""amount_number"": 1, ""currency"": ""元"", ""sentence"": ""内抹出三元，交三老祖妣收用，二元交亚柴老妣收用，二元交荣裕老叔收用，一元交炳坤兄收用，一元交绍泉妈收用，三元交诸弟妹，以作腰金之用，肆元交横陇村姨母收用，内并挟（夹）一纸，望祈呈送是幸。"", ""is_primary_candidate"": false, ""source_field"": ""body_clean""}, {""record_id"": ""CSQP-SFHC-TEXT-084"", ""raw_text"": ""肆元"", ""amount_text"": ""肆元"", ""amount_number"": 4, ""currency"": ""元"", ""sentence"": ""内抹出三元，交三老祖妣收用，二元交亚柴老妣收用，二元交荣裕老叔收用，一元交炳坤兄收用，一元交绍泉妈收用，三元交诸弟妹，以作腰金之用，肆元交横陇村姨母收用，内并挟（夹）一纸，望祈呈送是幸。"", ""is_primary_candidate"": false, ""source_field"": ""body_clean""}]",庚辰年（1940）十一月初三日，外洋万道寄潮汕双亲大人；外洋万道；潮汕双亲大人；万道；双亲；兄；弟；儿；妹；叔；广东侨乡；海外；国币肆拾元；国币；family_affection；remittance；safety；study；health；潮汕；广东；元；膝下；福安；容后；庚辰；十一月；初三；外洋；侨乡；拾元；family；affection；不胜；拜别；以来；倏经；数载；刻奉；慈谕；谨敬；诵读；得悉；福躬；清泰；室安；欣喜；身体；粗安；祈勿；远念；因轮；奉上；至祈；检阅；内抹出；三元；交三；老祖；收用；二元；交亚柴；老妣；交荣裕；老叔；一元；交炳坤兄；交绍泉；交诸；弟妹；以作；腰金；之用；肆元；交横；陇村；姨母；一纸；望祈；呈送
CSQP-SFHC-TEXT-085,85,卅年（1941）一月十七日，叻郑木绵寄潮安南桂家慈亲大人,pdf_pages=124；book_pages=95,0,metadata_only,1,"寄批人：叻郑木绵
收批人：潮安南桂家慈亲大人
批款：国币伍拾元
日期：卅年一月十七日

[仅见寄批人、收批人、批款、日期，未见正文录文]","寄批人：叻郑木绵
收批人：潮安南桂家慈亲大人
批款：国币伍拾元
日期：卅年一月十七日",,,42,4,0,叻郑木绵,潮安南桂家慈亲大人,,parent,child_to_parent,慈亲,,大人,,新加坡,广东潮安,新加坡,广东潮安,安南->越南；潮安->广东潮安；叻->新加坡,新加坡 -> 广东潮安,1,新加坡；广东侨乡；越南,卅年一月十七日,,1941,1941,一月,十七日,solar,西历,high,国币伍拾元,伍拾元,50,国币,,,,1,,,,,,,,,,,,,0,1,0,0,0,0,0,0,0,0,0,remittance,remittance,,,,,,,,,,,0,,,,国币伍拾元,,,,sender=叻郑木绵；recipient=潮安南桂家慈亲大人；relationship=child_to_parent；date=卅年一月十七日；money=伍拾元；currency=国币；places=安南->越南；潮安->广东潮安；叻->新加坡；kinship=慈亲,"卅年（1941）一月十七日，叻郑木绵寄潮安南桂家慈亲大人
叻郑木绵
潮安南桂家慈亲大人
卅年一月十七日
国币伍拾元
安南->越南；潮安->广东潮安；叻->新加坡
remittance",题名：卅年（1941）一月十七日，叻郑木绵寄潮安南桂家慈亲大人；寄批人：叻郑木绵；收批人：潮安南桂家慈亲大人；日期：卅年一月十七日；汇款：国币伍拾元；主题：remittance,卅年（1941）一月十七日,叻郑木绵,潮安南桂家慈亲大人,0,0,郑木绵,慈亲,慈亲,medium,越南；广东潮安；新加坡,"[{""record_id"": ""CSQP-SFHC-TEXT-085"", ""raw_text"": ""国币伍拾元"", ""amount_text"": ""伍拾元"", ""amount_number"": 50, ""currency"": ""国币"", ""sentence"": ""批款：国币伍拾元"", ""is_primary_candidate"": true, ""source_field"": ""body_clean""}]",卅年（1941）一月十七日，叻郑木绵寄潮安南桂家慈亲大人；叻郑木绵；潮安南桂家慈亲大人；郑木绵；慈亲；越南；广东潮安；新加坡；国币伍拾元；国币；remittance；安南；潮安；广东；元；卅年；一月；十七日；寄潮；家慈；伍拾
CSQP-SFHC-TEXT-086,86,辛（1941）元月初五日，叻潘兆祥寄饶邑隆都家祖慈大人,pdf_pages=125；book_pages=96,1,high,0,"寄批人：叻潘兆祥
收批人：饶邑隆都家祖慈大人
批款：国币壹佰元
日期：辛元月初五日

祖母大人尊前：
敬禀者，兹际阳春来临，特裁片函，恭贺新春，合家老幼迪吉为颂。孙自客岁十一月中旬，在香抵叻后，即往仰光，至元月初再至叻。但本轮初走仰光，未有船面货余利所（可）获，惟每月之薪金而已，未悉后来如何。孙晨下身上并无余积，空囊素手，未能按月寄到，兼本轮往返无定，今后寄家信或月余，或两月亦无一定，若轮抵叻时，当自寄上，先此上禀，勿以月至而想信不至矣。兹承邮局透汕之便，寄上中央币壹佰元，至祈查收。其中分拾元吾慈亲收，伍元外祖母，伍元细叔父，肆元两大人收，肆元两大二伯母，贰元丰得伯收，余柒拾元以应家需。专此，敬请
合家老幼新禧
孙客岁身上不遂，致生微恙，月左右调治多少银项，幸获平安，新春安好，免介。

辛元月初五日  孙兆祥缄","寄批人：叻潘兆祥
收批人：饶邑隆都家祖慈大人
批款：国币壹佰元
日期：辛元月初五日

祖母大人尊前：
敬禀者，兹际阳春来临，特裁片函，恭贺新春，合家老幼迪吉为颂。孙自客岁十一月中旬，在香抵叻后，即往仰光，至元月初再至叻。但本轮初走仰光，未有船面货余利所（可）获，惟每月之薪金而已，未悉后来如何。孙晨下身上并无余积，空囊素手，未能按月寄到，兼本轮往返无定，今后寄家信或月余，或两月亦无一定，若轮抵叻时，当自寄上，先此上禀，勿以月至而想信不至矣。兹承邮局透汕之便，寄上中央币壹佰元，至祈查收。其中分拾元吾慈亲收，伍元外祖母，伍元细叔父，肆元两大人收，肆元两大二伯母，贰元丰得伯收，余柒拾元以应家需。专此，敬请
合家老幼新禧
孙客岁身上不遂，致生微恙，月左右调治多少银项，幸获平安，新春安好，免介。

辛元月初五日 孙兆祥缄","祖母大人尊前：
敬禀者，兹际阳春来临，特裁片函，恭贺新春，合家老幼迪吉为颂。孙自客岁十一月中旬，在香抵叻后，即往仰光，至元月初再至叻。但本轮初走仰光，未有船面货余利所（可）获，惟每月之薪金而已，未悉后来如何。孙晨下身上并无余积，空囊素手，未能按月寄到，兼本轮往返无定，今后寄家信或月余，或两月亦无一定，若轮抵叻时，当自寄上，先此上禀，勿以月至而想信不至矣。兹承邮局透汕之便，寄上中央币壹佰元，至祈查收。其中分拾元吾慈亲收，伍元外祖母，伍元细叔父，肆元两大人收，肆元两大二伯母，贰元丰得伯收，余柒拾元以应家需。专此，敬请
合家老幼新禧
孙客岁身上不遂，致生微恙，月左右调治多少银项，幸获平安，新春安好，免介。

辛元月初五日 孙兆祥缄","敬禀者，兹际阳春来临，特裁片函，恭贺新春，合家老幼迪吉为颂。孙自客岁十一月中旬，在香抵叻后，即往仰光，至元月初再至叻。但本轮初走仰光，未有船面货余利所（可）获，惟每月之薪金而已，未悉后来如何。孙晨下身上并无余积，空囊素手，未能按月寄到，兼本轮往返无定，今后寄家信或月余，或两月亦无一定，若轮抵叻时，当自寄上，先此上禀，勿以月至而想信不至矣。兹承邮局透汕之便，寄上中央币壹佰元，至祈查收。其中分拾元吾慈亲收，伍元外祖母，伍元细叔父，肆元两大人收，肆元两大二伯母，贰元丰得伯收，余柒拾元以应家需。专此，敬请
合家老幼新禧
孙客岁身上不遂，致生微恙，月左右调治多少银项，幸获平安，新春安好，免介。",359,9,11,叻潘兆祥,饶邑隆都家祖慈大人,,grandparent,grandchild_to_grandparent,慈亲；祖母；外祖母；祖慈；家祖；伯母；叔父；孙；叔；伯,祖母；伍元外祖母；伍元细叔父；元两大二伯母；贰元丰得伯,大人；尊前,,新加坡,广东饶平,新加坡,广东饶平,仰光->缅甸仰光；饶邑->广东饶平；叻->新加坡,新加坡 -> 广东饶平,1,新加坡；广东侨乡；缅甸,辛元月初五日,辛元月初五日 孙兆祥缄,1941,1941,,初五日,lunar,干支或传统纪年,high,国币壹佰元,壹佰元,100,国币,兹承邮局透汕之便，寄上中央币壹佰元，至祈查收。；孙晨下身上并无余积，空囊素手，未能按月寄到，兼本轮往返无定，今后寄家信或月余，或两月亦无一定，若轮抵叻时，当自寄上，先此上禀，勿以月至而想信不至矣。,,兹承邮局透汕之便，寄上中央币壹佰元，至祈查收。,1,祖母大人尊前：,敬禀者，兹际阳春来临，特裁片函，恭贺新春，合家老幼迪吉为颂。,,"敬禀者，兹际阳春来临，特裁片函，恭贺新春，合家老幼迪吉为颂。孙自客岁十一月中旬，在香抵叻后，即往仰光，至元月初再至叻。但本轮初走仰光，未有船面货余利所（可）获，惟每月之薪金而已，未悉后来如何。孙晨下身上并无余积，空囊素手，未能按月寄到，兼本轮往返无定，今后寄家信或月余，或两月亦无一定，若轮抵叻时，当自寄上，先此上禀，勿以月至而想信不至矣。兹承邮局透汕之便，寄上中央币壹佰元，至祈查收。其中分拾元吾慈亲收，伍元外祖母，伍元细叔父，肆元两大人收，肆元两大二伯母，贰元丰得伯收，余柒拾元以应家需。专此，敬请
合家老幼新禧
孙客岁身上不遂，致生微恙，月左右调治多少银项，幸获平安，新春安好，免介。",孙客岁身上不遂，致生微恙，月左右调治多少银项，幸获平安，新春安好，免介。,祖母大人尊前：；敬禀者，兹际阳春来临，特裁片函，恭贺新春，合家老幼迪吉为颂。,,,缄,辛元月初五日 孙兆祥缄,辛元月初五日 孙兆祥缄,,1,1,1,0,0,0,0,1,0,0,0,family_affection,family_affection;remittance;safety;debt,敬禀者；禀者；尊前,,大人；尊前,,兹；祈；承；惟,敬禀者；尊前；祈查收；至祈查收；查收,寄上；查收,平安；安好,,敬禀者；禀者；尊前；大人；兹；祈；承；惟；祈查收；至祈查收；查收,3,"祖母大人尊前：
敬禀者，兹际阳春来临，特裁片函，恭贺新春，合家老幼迪吉为颂。
孙客岁身上不遂，致生微恙，月左右调治多少银项，幸获平安，新春安好，免介。
兹承邮局透汕之便，寄上中央币壹佰元，至祈查收。；孙晨下身上并无余积，空囊素手，未能按月寄到，兼本轮往返无定，今后寄家信或月余，或两月亦无一定，若轮抵叻时，当自寄上，先此上禀，勿以月至而想信不至矣。
辛元月初五日 孙兆祥缄",祖母大人尊前：,孙客岁身上不遂，致生微恙，月左右调治多少银项，幸获平安，新春安好，免介。,兹承邮局透汕之便，寄上中央币壹佰元，至祈查收。；孙晨下身上并无余积，空囊素手，未能按月寄到，兼本轮往返无定，今后寄家信或月余，或两月亦无一定，若轮抵叻时，当自寄上，先此上禀，勿以月至而想信不至矣。,祖母大人尊前：；敬禀者，兹际阳春来临，特裁片函，恭贺新春，合家老幼迪吉为颂。,,辛元月初五日 孙兆祥缄,sender=叻潘兆祥；recipient=饶邑隆都家祖慈大人；relationship=grandchild_to_grandparent；date=辛元月初五日；money=壹佰元；currency=国币；places=仰光->缅甸仰光；饶邑->广东饶平；叻->新加坡；kinship=慈亲；祖母；外祖母；祖慈；家祖；伯母；叔父；孙；叔；伯,"辛（1941）元月初五日，叻潘兆祥寄饶邑隆都家祖慈大人
叻潘兆祥
饶邑隆都家祖慈大人
辛元月初五日
国币壹佰元
仰光->缅甸仰光；饶邑->广东饶平；叻->新加坡
family_affection;remittance;safety;debt
敬禀者，兹际阳春来临，特裁片函，恭贺新春，合家老幼迪吉为颂。孙自客岁十一月中旬，在香抵叻后，即往仰光，至元月初再至叻。但本轮初走仰光，未有船面货余利所（可）获，惟每月之薪金而已，未悉后来如何。孙晨下身上并无余积，空囊素手，未能按月寄到，兼本轮往返无定，今后寄家信或月余，或两月亦无一定，若轮抵叻时，当自寄上，先此上禀，勿以月至而想信不至矣。兹承邮局透汕之便，寄上中央币壹佰元，至祈查收。其中分拾元吾慈亲收，伍元外祖母，伍元细叔父，肆元两大人收，肆元两大二伯母，贰元丰得伯收，余柒拾元以应家需。专此，敬请
合家老幼新禧
孙客岁身上不遂，致生微恙，月左右调治多少银项，幸获平安，新春安好，免介。",题名：辛（1941）元月初五日，叻潘兆祥寄饶邑隆都家祖慈大人；寄批人：叻潘兆祥；收批人：饶邑隆都家祖慈大人；日期：辛元月初五日；汇款：国币壹佰元；主题：family_affection;remittance;safety;debt；正文摘录：敬禀者，兹际阳春来临，特裁片函，恭贺新春，合家老幼迪吉为颂。孙自客岁十一月中旬，在香抵叻后，即往仰光，至元月初再至叻。但本轮初走仰光，未有船面货余利所（可）获，惟每月之薪金而已，未悉后来如何。孙晨下身上并无余积，空囊素手，未能按月寄到，兼本,辛（1941）元月初五日,叻潘兆祥,饶邑隆都家祖慈大人,293,0,潘兆祥,祖慈,慈亲,high,广东饶平；新加坡；缅甸仰光,"[{""record_id"": ""CSQP-SFHC-TEXT-086"", ""raw_text"": ""国币壹佰元"", ""amount_text"": ""壹佰元"", ""amount_number"": 100, ""currency"": ""国币"", ""sentence"": ""批款：国币壹佰元"", ""is_primary_candidate"": true, ""source_field"": ""body_clean""}, {""record_id"": ""CSQP-SFHC-TEXT-086"", ""raw_text"": ""中央币壹佰元"", ""amount_text"": ""壹佰元"", ""amount_number"": 100, ""currency"": ""国币"", ""sentence"": ""兹承邮局透汕之便，寄上中央币壹佰元，至祈查收。"", ""is_primary_candidate"": false, ""source_field"": ""body_clean""}, {""record_id"": ""CSQP-SFHC-TEXT-086"", ""raw_text"": ""拾元"", ""amount_text"": ""拾元"", ""amount_number"": 10, ""currency"": ""元"", ""sentence"": ""其中分拾元吾慈亲收，伍元外祖母，伍元细叔父，肆元两大人收，肆元两大二伯母，贰元丰得伯收，余柒拾元以应家需。"", ""is_primary_candidate"": false, ""source_field"": ""body_clean""}, {""record_id"": ""CSQP-SFHC-TEXT-086"", ""raw_text"": ""伍元"", ""amount_text"": ""伍元"", ""amount_number"": 5, ""currency"": ""元"", ""sentence"": ""其中分拾元吾慈亲收，伍元外祖母，伍元细叔父，肆元两大人收，肆元两大二伯母，贰元丰得伯收，余柒拾元以应家需。"", ""is_primary_candidate"": false, ""source_field"": ""body_clean""}, {""record_id"": ""CSQP-SFHC-TEXT-086"", ""raw_text"": ""肆元"", ""amount_text"": ""肆元"", ""amount_number"": 4, ""currency"": ""元"", ""sentence"": ""其中分拾元吾慈亲收，伍元外祖母，伍元细叔父，肆元两大人收，肆元两大二伯母，贰元丰得伯收，余柒拾元以应家需。"", ""is_primary_candidate"": false, ""source_field"": ""body_clean""}, {""record_id"": ""CSQP-SFHC-TEXT-086"", ""raw_text"": ""贰元"", ""amount_text"": ""贰元"", ""amount_number"": 2, ""currency"": ""元"", ""sentence"": ""其中分拾元吾慈亲收，伍元外祖母，伍元细叔父，肆元两大人收，肆元两大二伯母，贰元丰得伯收，余柒拾元以应家需。"", ""is_primary_candidate"": false, ""source_field"": ""body_clean""}, {""record_id"": ""CSQP-SFHC-TEXT-086"", ""raw_text"": ""柒拾元"", ""amount_text"": ""柒拾元"", ""amount_number"": 70, ""currency"": ""元"", ""sentence"": ""其中分拾元吾慈亲收，伍元外祖母，伍元细叔父，肆元两大人收，肆元两大二伯母，贰元丰得伯收，余柒拾元以应家需。"", ""is_primary_candidate"": false, ""source_field"": ""body_clean""}]",辛（1941）元月初五日，叻潘兆祥寄饶邑隆都家祖慈大人；叻潘兆祥；饶邑隆都家祖慈大人；潘兆祥；祖慈；慈亲；祖母；外祖母；家祖；伯母；叔父；孙；叔；伯；广东饶平；新加坡；缅甸仰光；国币壹佰元；国币；family_affection；remittance；safety；debt；仰光；饶邑；广东；中央币；银；元；敬禀者；尊前；祈查收；至祈查收；查收；月初；五日；饶邑隆；饶平；缅甸；壹佰元；family；affection；禀者；至祈；兹际；阳春；来临；特裁片；恭贺；新春；合家；老幼；迪吉为；孙自客；十一月；中旬；抵叻；即往；至元；本轮；未有；船面；余利；每月；薪金；而已；未悉；后来；如何；孙晨下；身上；无余；空囊；素手；未能；往返；无定；今后；家信；月余
CSQP-SFHC-TEXT-087,87,卅年（1941）二月四日，叻陈照廷寄潮安南桂区陈学炎先生,pdf_pages=126；book_pages=97,1,low,0,"寄批人：叻陈照廷
收批人：潮安南桂区陈学炎先生
批款：国票壹拾元
日期：卅年二月四日

学炎吾弟如握：
久未修书，转瞬间新岁降临，启维府上大小平安，定符私祝。兹逢顺轮之期，付去国票壹拾元正，祈为笑纳是荷。即问
新春迪吉

兄陈照廷手泐
卅，二，四","寄批人：叻陈照廷
收批人：潮安南桂区陈学炎先生
批款：国票壹拾元
日期：卅年二月四日

学炎吾弟如握：
久未修书，转瞬间新岁降临，启维府上大小平安，定符私祝。兹逢顺轮之期，付去国票壹拾元正，祈为笑纳是荷。即问
新春迪吉

兄陈照廷手泐
卅，二，四","学炎吾弟如握：
久未修书，转瞬间新岁降临，启维府上大小平安，定符私祝。兹逢顺轮之期，付去国票壹拾元正，祈为笑纳是荷。即问
新春迪吉

兄陈照廷手泐
卅，二，四","学炎吾弟如握：
久未修书，转瞬间新岁降临，启维府上大小平安，定符私祝。兹逢顺轮之期，付去国票壹拾元正，祈为笑纳是荷。即问
新春迪吉",123,9,7,叻陈照廷,潮安南桂区陈学炎先生,,social_or_business_contact,social_or_business,兄；弟,学炎吾弟,先生,,新加坡,广东潮安,新加坡,广东潮安,安南->越南；潮安->广东潮安；叻->新加坡,新加坡 -> 广东潮安,1,新加坡；广东侨乡；越南,卅年二月四日,"兄陈照廷手泐
卅，二，四",1941,1941,二月,四日,solar,西历,high,国票壹拾元,壹拾元,10,元,兹逢顺轮之期，付去国票壹拾元正，祈为笑纳是荷。,,兹逢顺轮之期，付去国票壹拾元正，祈为笑纳是荷。,1,,,久未修书，转瞬间新岁降临，启维府上大小平安，定符私祝。,"学炎吾弟如握：
久未修书，转瞬间新岁降临，启维府上大小平安，定符私祝。兹逢顺轮之期，付去国票壹拾元正，祈为笑纳是荷。即问
新春迪吉",久未修书，转瞬间新岁降临，启维府上大小平安，定符私祝。,,兹逢顺轮之期，付去国票壹拾元正，祈为笑纳是荷。,,手泐,"兄陈照廷手泐
卅，二，四",兄陈照廷手泐,,0,1,1,1,0,0,0,0,0,0,1,instruction,remittance;safety;instruction;home_building,,启,,弟,兹；祈；荷,,付去,平安,祈为,启；弟；兹；祈；荷,2,"久未修书，转瞬间新岁降临，启维府上大小平安，定符私祝。
兹逢顺轮之期，付去国票壹拾元正，祈为笑纳是荷。
兄陈照廷手泐",,久未修书，转瞬间新岁降临，启维府上大小平安，定符私祝。,兹逢顺轮之期，付去国票壹拾元正，祈为笑纳是荷。,,兹逢顺轮之期，付去国票壹拾元正，祈为笑纳是荷。,兄陈照廷手泐,sender=叻陈照廷；recipient=潮安南桂区陈学炎先生；relationship=social_or_business；date=卅年二月四日；money=壹拾元；currency=元；places=安南->越南；潮安->广东潮安；叻->新加坡；kinship=兄；弟,"卅年（1941）二月四日，叻陈照廷寄潮安南桂区陈学炎先生
叻陈照廷
潮安南桂区陈学炎先生
卅年二月四日
国票壹拾元
安南->越南；潮安->广东潮安；叻->新加坡
remittance;safety;instruction;home_building
学炎吾弟如握：
久未修书，转瞬间新岁降临，启维府上大小平安，定符私祝。兹逢顺轮之期，付去国票壹拾元正，祈为笑纳是荷。即问
新春迪吉",题名：卅年（1941）二月四日，叻陈照廷寄潮安南桂区陈学炎先生；寄批人：叻陈照廷；收批人：潮安南桂区陈学炎先生；日期：卅年二月四日；汇款：国票壹拾元；主题：remittance;safety;instruction;home_building；正文摘录：学炎吾弟如握：久未修书，转瞬间新岁降临，启维府上大小平安，定符私祝。兹逢顺轮之期，付去国票壹拾元正，祈为笑纳是荷。即问新春迪吉,卅年（1941）二月四日,叻陈照廷,潮安南桂区陈学炎先生,63,0,陈照廷,区陈学炎,兄,medium,越南；广东潮安；新加坡,"[{""record_id"": ""CSQP-SFHC-TEXT-087"", ""raw_text"": ""壹拾元"", ""amount_text"": ""壹拾元"", ""amount_number"": 10, ""currency"": ""元"", ""sentence"": ""批款：国票壹拾元"", ""is_primary_candidate"": true, ""source_field"": ""body_clean""}, {""record_id"": ""CSQP-SFHC-TEXT-087"", ""raw_text"": ""壹拾元"", ""amount_text"": ""壹拾元"", ""amount_number"": 10, ""currency"": ""元"", ""sentence"": ""兹逢顺轮之期，付去国票壹拾元正，祈为笑纳是荷。"", ""is_primary_candidate"": false, ""source_field"": ""body_clean""}]",卅年（1941）二月四日，叻陈照廷寄潮安南桂区陈学炎先生；叻陈照廷；潮安南桂区陈学炎先生；陈照廷；区陈学炎；兄；弟；越南；广东潮安；新加坡；国票壹拾元；元；remittance；safety；instruction；home_building；安南；潮安；广东；卅年；二月；四日；寄潮；桂区；陈学炎；先生；国票；拾元；home；building；学炎吾弟；如握；修书；转瞬间；新岁；降临；启维；府上；大小；平安；定符；私祝；兹逢；顺轮；之期；付去；祈为；笑纳；新春；迪吉
CSQP-SFHC-TEXT-088,88,辛（1941）二月廿六日，麻［马来亚麻坡］林荣泉寄潮安古楼乡林杰标侄,pdf_pages=127；book_pages=98,1,medium,0,"寄批人：麻林荣泉
收批人：潮安古楼乡林杰标侄
批款：国币拾元
日期：辛二月廿六日

杰标侄儿收知：
兹因逢轮回塘（唐）羽便，付去国币拾元，到时查收，家情应用。幸蒙神天保佑，二地平安，可喜可贺也。此时塘（唐）中，百物高贵，经以（已）详悉，余无别言。
财安不一

伯林荣泉
辛二月廿六日寄","寄批人：麻林荣泉
收批人：潮安古楼乡林杰标侄
批款：国币拾元
日期：辛二月廿六日

杰标侄儿收知：
兹因逢轮回塘（唐）羽便，付去国币拾元，到时查收，家情应用。幸蒙神天保佑，二地平安，可喜可贺也。此时塘（唐）中，百物高贵，经以（已）详悉，余无别言。
财安不一

伯林荣泉
辛二月廿六日寄","杰标侄儿收知：
兹因逢轮回塘（唐）羽便，付去国币拾元，到时查收，家情应用。幸蒙神天保佑，二地平安，可喜可贺也。此时塘（唐）中，百物高贵，经以（已）详悉，余无别言。
财安不一

伯林荣泉
辛二月廿六日寄","兹因逢轮回塘（唐）羽便，付去国币拾元，到时查收，家情应用。幸蒙神天保佑，二地平安，可喜可贺也。此时塘（唐）中，百物高贵，经以（已）详悉，余无别言。
财安不一
伯林荣泉",142,9,7,麻林荣泉,潮安古楼乡林杰标侄,,nephew_or_niece,uncle_nephew_or_nephew_kin,儿；侄；伯,乡林杰标侄；杰标侄儿,收知,,,广东潮安,,广东潮安,潮安->广东潮安,广东潮安,0,广东侨乡,辛二月廿六日,辛二月廿六日寄,1941,1941,二月,廿六日,solar,干支或传统纪年,high,国币拾元,拾元,10,国币,兹因逢轮回塘（唐）羽便，付去国币拾元，到时查收，家情应用。,,兹因逢轮回塘（唐）羽便，付去国币拾元，到时查收，家情应用。,1,杰标侄儿收知：,,幸蒙神天保佑，二地平安，可喜可贺也。,"兹因逢轮回塘（唐）羽便，付去国币拾元，到时查收，家情应用。幸蒙神天保佑，二地平安，可喜可贺也。此时塘（唐）中，百物高贵，经以（已）详悉，余无别言。
财安不一
伯林荣泉",幸蒙神天保佑，二地平安，可喜可贺也。,杰标侄儿收知：,,,,辛二月廿六日寄,,,1,1,1,0,0,0,0,0,0,0,0,safety_report,family_affection;remittance;safety,收知,,收知,儿,兹,查收；不一,付去；查收,平安,,收知；儿；兹；查收；不一,2,"杰标侄儿收知：
幸蒙神天保佑，二地平安，可喜可贺也。
兹因逢轮回塘（唐）羽便，付去国币拾元，到时查收，家情应用。",杰标侄儿收知：,幸蒙神天保佑，二地平安，可喜可贺也。,兹因逢轮回塘（唐）羽便，付去国币拾元，到时查收，家情应用。,杰标侄儿收知：,,,sender=麻林荣泉；recipient=潮安古楼乡林杰标侄；relationship=uncle_nephew_or_nephew_kin；date=辛二月廿六日；money=拾元；currency=国币；places=潮安->广东潮安；kinship=儿；侄；伯,"辛（1941）二月廿六日，麻［马来亚麻坡］林荣泉寄潮安古楼乡林杰标侄
麻林荣泉
潮安古楼乡林杰标侄
辛二月廿六日
国币拾元
潮安->广东潮安
family_affection;remittance;safety
兹因逢轮回塘（唐）羽便，付去国币拾元，到时查收，家情应用。幸蒙神天保佑，二地平安，可喜可贺也。此时塘（唐）中，百物高贵，经以（已）详悉，余无别言。
财安不一
伯林荣泉",题名：辛（1941）二月廿六日，麻［马来亚麻坡］林荣泉寄潮安古楼乡林杰标侄；寄批人：麻林荣泉；收批人：潮安古楼乡林杰标侄；日期：辛二月廿六日；汇款：国币拾元；主题：family_affection;remittance;safety；正文摘录：兹因逢轮回塘（唐）羽便，付去国币拾元，到时查收，家情应用。幸蒙神天保佑，二地平安，可喜可贺也。此时塘（唐）中，百物高贵，经以（已）详悉，余无别言。财安不一伯林荣泉,辛（1941）二月廿六日,麻［马来亚麻坡］林荣泉,潮安古楼乡林杰标侄,81,0,麻林荣泉,古楼乡林杰标侄,儿,high,广东潮安,"[{""record_id"": ""CSQP-SFHC-TEXT-088"", ""raw_text"": ""国币拾元"", ""amount_text"": ""拾元"", ""amount_number"": 10, ""currency"": ""国币"", ""sentence"": ""批款：国币拾元"", ""is_primary_candidate"": true, ""source_field"": ""body_clean""}, {""record_id"": ""CSQP-SFHC-TEXT-088"", ""raw_text"": ""国币拾元"", ""amount_text"": ""拾元"", ""amount_number"": 10, ""currency"": ""国币"", ""sentence"": ""兹因逢轮回塘（唐）羽便，付去国币拾元，到时查收，家情应用。"", ""is_primary_candidate"": false, ""source_field"": ""body_clean""}]",辛（1941）二月廿六日，麻［马来亚麻坡］林荣泉寄潮安古楼乡林杰标侄；麻林荣泉；潮安古楼乡林杰标侄；古楼乡林杰标侄；儿；侄；伯；广东潮安；国币拾元；国币；family_affection；remittance；safety；潮安；广东；元；查收；不一；二月；廿六日；马来亚；麻坡；林荣泉；古楼；乡林杰；标侄；拾元；family；affection；收知；因逢；轮回；羽便；应用；幸蒙神天；保佑；二地；平安；可喜可贺；此时；百物；高贵；经以；详悉；余无别；财安不一；伯林荣泉
CSQP-SFHC-TEXT-089,89,辛巳年（1941）四月初五日，［叻］郑万道寄［潮安五区］双亲大人,pdf_pages=128；book_pages=99,1,medium,0,"双亲大人膝下：
敬禀者，叩别慈颜，忽经数载，念念！近日接到回批，跪读之后，经以（已）详悉，今知福体平安为慰，并知照片收到，今再付一张，伏望查收。现逢批期之便，奉上国币贰拾元，至祈检阅。内抹出二元，交三老祖妣收用，余存之良（银），该家中应用可也。专此晚禀，即请
福安

辛巳年四月初五日  儿郑万道缄","双亲大人膝下：
敬禀者，叩别慈颜，忽经数载，念念！近日接到回批，跪读之后，经以（已）详悉，今知福体平安为慰，并知照片收到，今再付一张，伏望查收。现逢批期之便，奉上国币贰拾元，至祈检阅。内抹出二元，交三老祖妣收用，余存之良（银），该家中应用可也。专此晚禀，即请
福安

辛巳年四月初五日 儿郑万道缄","双亲大人膝下：
敬禀者，叩别慈颜，忽经数载，念念！近日接到回批，跪读之后，经以（已）详悉，今知福体平安为慰，并知照片收到，今再付一张，伏望查收。现逢批期之便，奉上国币贰拾元，至祈检阅。内抹出二元，交三老祖妣收用，余存之良（银），该家中应用可也。专此晚禀，即请
福安

辛巳年四月初五日 儿郑万道缄","敬禀者，叩别慈颜，忽经数载，念念！近日接到回批，跪读之后，经以（已）详悉，今知福体平安为慰，并知照片收到，今再付一张，伏望查收。现逢批期之便，奉上国币贰拾元，至祈检阅。内抹出二元，交三老祖妣收用，余存之良（银），该家中应用可也。专此晚禀，即请
福安",148,4,8,［叻］郑万道,［潮安五区］双亲大人,,parent,child_to_parent,双亲；儿,,大人；膝下,,新加坡,广东潮安,新加坡,广东潮安,潮安->广东潮安,新加坡 -> 广东潮安,1,新加坡；广东侨乡,辛巳年（1941）四月初五日,辛巳年四月初五日 儿郑万道缄,1941,1941,四月,初五日,lunar,干支或传统纪年,high,国币贰拾元,贰拾元,20,国币,现逢批期之便，奉上国币贰拾元，至祈检阅。；近日接到回批，跪读之后，经以（已）详悉，今知福体平安为慰，并知照片收到，今再付一张，伏望查收。,,近日接到回批，跪读之后，经以（已）详悉，今知福体平安为慰，并知照片收到，今再付一张，伏望查收。；内抹出二元，交三老祖妣收用，余存之良（银），该家中应用可也。,1,双亲大人膝下：,敬禀者，叩别慈颜，忽经数载，念念！,近日接到回批，跪读之后，经以（已）详悉，今知福体平安为慰，并知照片收到，今再付一张，伏望查收。,"敬禀者，叩别慈颜，忽经数载，念念！近日接到回批，跪读之后，经以（已）详悉，今知福体平安为慰，并知照片收到，今再付一张，伏望查收。现逢批期之便，奉上国币贰拾元，至祈检阅。内抹出二元，交三老祖妣收用，余存之良（银），该家中应用可也。专此晚禀，即请
福安",近日接到回批，跪读之后，经以（已）详悉，今知福体平安为慰，并知照片收到，今再付一张，伏望查收。,内抹出二元，交三老祖妣收用，余存之良（银），该家中应用可也。；辛巳年四月初五日 儿郑万道缄,,,缄,辛巳年四月初五日 儿郑万道缄,辛巳年四月初五日 儿郑万道缄,,1,1,1,0,1,0,0,0,0,0,0,family_affection,family_affection;remittance;safety;study,敬禀者；禀者；膝下,,大人；膝下；福安,儿；叩,祈；奉,敬禀者；膝下；查收；福安,奉上；查收,平安,,敬禀者；禀者；膝下；大人；福安；儿；叩；祈；奉；查收,3,"双亲大人膝下：
敬禀者，叩别慈颜，忽经数载，念念！
近日接到回批，跪读之后，经以（已）详悉，今知福体平安为慰，并知照片收到，今再付一张，伏望查收。
现逢批期之便，奉上国币贰拾元，至祈检阅。；近日接到回批，跪读之后，经以（已）详悉，今知福体平安为慰，并知照片收到，今再付一张，伏望查收。
辛巳年四月初五日 儿郑万道缄",双亲大人膝下：,近日接到回批，跪读之后，经以（已）详悉，今知福体平安为慰，并知照片收到，今再付一张，伏望查收。,现逢批期之便，奉上国币贰拾元，至祈检阅。；近日接到回批，跪读之后，经以（已）详悉，今知福体平安为慰，并知照片收到，今再付一张，伏望查收。,内抹出二元，交三老祖妣收用，余存之良（银），该家中应用可也。；辛巳年四月初五日 儿郑万道缄,,辛巳年四月初五日 儿郑万道缄,sender=［叻］郑万道；recipient=［潮安五区］双亲大人；relationship=child_to_parent；date=辛巳年（1941）四月初五日；money=贰拾元；currency=国币；places=潮安->广东潮安；kinship=双亲；儿,"辛巳年（1941）四月初五日，［叻］郑万道寄［潮安五区］双亲大人
［叻］郑万道
［潮安五区］双亲大人
辛巳年（1941）四月初五日
国币贰拾元
潮安->广东潮安
family_affection;remittance;safety;study
敬禀者，叩别慈颜，忽经数载，念念！近日接到回批，跪读之后，经以（已）详悉，今知福体平安为慰，并知照片收到，今再付一张，伏望查收。现逢批期之便，奉上国币贰拾元，至祈检阅。内抹出二元，交三老祖妣收用，余存之良（银），该家中应用可也。专此晚禀，即请
福安",题名：辛巳年（1941）四月初五日，［叻］郑万道寄［潮安五区］双亲大人；寄批人：［叻］郑万道；收批人：［潮安五区］双亲大人；日期：辛巳年（1941）四月初五日；汇款：国币贰拾元；主题：family_affection;remittance;safety;study；正文摘录：敬禀者，叩别慈颜，忽经数载，念念！近日接到回批，跪读之后，经以（已）详悉，今知福体平安为慰，并知照片收到，今再付一张，伏望查收。现逢批期之便，奉上国币贰拾元，至祈检阅。内抹出二元，交三老祖妣收用，余存之良（银），该家中应用可也。专此晚禀，即,辛巳年（1941）四月初五日,［叻］郑万道,［潮安五区］双亲大人,123,0,郑万道,双亲,双亲,high,广东潮安；新加坡,"[{""record_id"": ""CSQP-SFHC-TEXT-089"", ""raw_text"": ""国币贰拾元"", ""amount_text"": ""贰拾元"", ""amount_number"": 20, ""currency"": ""国币"", ""sentence"": ""现逢批期之便，奉上国币贰拾元，至祈检阅。"", ""is_primary_candidate"": true, ""source_field"": ""body_clean""}, {""record_id"": ""CSQP-SFHC-TEXT-089"", ""raw_text"": ""二元"", ""amount_text"": ""二元"", ""amount_number"": 2, ""currency"": ""元"", ""sentence"": ""内抹出二元，交三老祖妣收用，余存之良（银），该家中应用可也。"", ""is_primary_candidate"": false, ""source_field"": ""body_clean""}]",辛巳年（1941）四月初五日，［叻］郑万道寄［潮安五区］双亲大人；［叻］郑万道；［潮安五区］双亲大人；郑万道；双亲；儿；广东潮安；新加坡；国币贰拾元；国币；family_affection；remittance；safety；study；潮安；广东；良（银）；银；元；敬禀者；膝下；查收；福安；辛巳；四月；初五；五区；拾元；family；affection；禀者；叩别；慈颜；忽经；数载；念念；近日；接到；回批；跪读；之后；经以；详悉；今知；福体；平安；为慰；并知；照片；收到；今再付；一张；伏望；现逢；批期；奉上；至祈；检阅；内抹出；二元；交三；老祖；收用；余存；之良；家中；应用；专此
CSQP-SFHC-TEXT-090,90,辛巳年（1941）七月十八日，叻郑万道寄潮安五区家双亲大人,pdf_pages=129；book_pages=100,1,medium,0,"寄批人：叻儿郑万道
收批人：潮安五区家双亲大人
批款：国币肆拾元
日期：辛巳年七月十八日

双亲大人膝下：
敬禀者，自别慈颜，转瞬几次星回，念念。近接回批，跪读之后，经已详悉。但知大人玉体安平，闻之甚慰。今逢批期之便，奉上国币肆拾元，至祈查收。内抹出一元，交三老祖妣收用，一元交家弟老妣收用，余存之良（银），该家中应用可也。专此晚禀，叩请
福安

辛巳年七月十八日  儿万道拜上","寄批人：叻儿郑万道
收批人：潮安五区家双亲大人
批款：国币肆拾元
日期：辛巳年七月十八日

双亲大人膝下：
敬禀者，自别慈颜，转瞬几次星回，念念。近接回批，跪读之后，经已详悉。但知大人玉体安平，闻之甚慰。今逢批期之便，奉上国币肆拾元，至祈查收。内抹出一元，交三老祖妣收用，一元交家弟老妣收用，余存之良（银），该家中应用可也。专此晚禀，叩请
福安

辛巳年七月十八日 儿万道拜上","双亲大人膝下：
敬禀者，自别慈颜，转瞬几次星回，念念。近接回批，跪读之后，经已详悉。但知大人玉体安平，闻之甚慰。今逢批期之便，奉上国币肆拾元，至祈查收。内抹出一元，交三老祖妣收用，一元交家弟老妣收用，余存之良（银），该家中应用可也。专此晚禀，叩请
福安

辛巳年七月十八日 儿万道拜上","敬禀者，自别慈颜，转瞬几次星回，念念。近接回批，跪读之后，经已详悉。但知大人玉体安平，闻之甚慰。今逢批期之便，奉上国币肆拾元，至祈查收。内抹出一元，交三老祖妣收用，一元交家弟老妣收用，余存之良（银），该家中应用可也。专此晚禀，叩请
福安",188,8,9,叻儿郑万道,潮安五区家双亲大人,child,parent,child_to_parent,双亲；弟；儿,叻儿；一元交家弟,大人；膝下,儿,新加坡,广东潮安,新加坡,广东潮安,潮安->广东潮安；叻->新加坡,新加坡 -> 广东潮安,1,新加坡；广东侨乡,辛巳年七月十八日,辛巳年七月十八日 儿万道拜上,1941,1941,七月,十八日,solar,干支或传统纪年,high,国币肆拾元,肆拾元,40,国币,今逢批期之便，奉上国币肆拾元，至祈查收。,,今逢批期之便，奉上国币肆拾元，至祈查收。；内抹出一元，交三老祖妣收用，一元交家弟老妣收用，余存之良（银），该家中应用可也。,1,双亲大人膝下：,敬禀者，自别慈颜，转瞬几次星回，念念。,福安,"敬禀者，自别慈颜，转瞬几次星回，念念。近接回批，跪读之后，经已详悉。但知大人玉体安平，闻之甚慰。今逢批期之便，奉上国币肆拾元，至祈查收。内抹出一元，交三老祖妣收用，一元交家弟老妣收用，余存之良（银），该家中应用可也。专此晚禀，叩请
福安",,内抹出一元，交三老祖妣收用，一元交家弟老妣收用，余存之良（银），该家中应用可也。；辛巳年七月十八日 儿万道拜上,,,拜上,辛巳年七月十八日 儿万道拜上,辛巳年七月十八日 儿万道拜上,,1,1,0,0,1,0,0,0,0,0,0,remittance,family_affection;remittance;study,敬禀者；禀者；膝下,拜上,大人；膝下；福安,儿；弟；叩,祈；奉；甚慰,敬禀者；膝下；祈查收；至祈查收；查收；福安,奉上；查收,,,敬禀者；禀者；膝下；拜上；大人；福安；儿；弟；叩；祈；奉；甚慰；祈查收；至祈查收；查收,3,"双亲大人膝下：
敬禀者，自别慈颜，转瞬几次星回，念念。
今逢批期之便，奉上国币肆拾元，至祈查收。
辛巳年七月十八日 儿万道拜上",双亲大人膝下：,,今逢批期之便，奉上国币肆拾元，至祈查收。,内抹出一元，交三老祖妣收用，一元交家弟老妣收用，余存之良（银），该家中应用可也。；辛巳年七月十八日 儿万道拜上,,辛巳年七月十八日 儿万道拜上,sender=叻儿郑万道；recipient=潮安五区家双亲大人；relationship=child_to_parent；date=辛巳年七月十八日；money=肆拾元；currency=国币；places=潮安->广东潮安；叻->新加坡；kinship=双亲；弟；儿,"辛巳年（1941）七月十八日，叻郑万道寄潮安五区家双亲大人
叻儿郑万道
潮安五区家双亲大人
辛巳年七月十八日
国币肆拾元
潮安->广东潮安；叻->新加坡
family_affection;remittance;study
敬禀者，自别慈颜，转瞬几次星回，念念。近接回批，跪读之后，经已详悉。但知大人玉体安平，闻之甚慰。今逢批期之便，奉上国币肆拾元，至祈查收。内抹出一元，交三老祖妣收用，一元交家弟老妣收用，余存之良（银），该家中应用可也。专此晚禀，叩请
福安",题名：辛巳年（1941）七月十八日，叻郑万道寄潮安五区家双亲大人；寄批人：叻儿郑万道；收批人：潮安五区家双亲大人；日期：辛巳年七月十八日；汇款：国币肆拾元；主题：family_affection;remittance;study；正文摘录：敬禀者，自别慈颜，转瞬几次星回，念念。近接回批，跪读之后，经已详悉。但知大人玉体安平，闻之甚慰。今逢批期之便，奉上国币肆拾元，至祈查收。内抹出一元，交三老祖妣收用，一元交家弟老妣收用，余存之良（银），该家中应用可也。专此晚禀，叩请福安,辛巳年（1941）七月十八日,叻郑万道,潮安五区家双亲大人,117,0,儿郑万道,双亲,双亲,high,广东潮安；新加坡,"[{""record_id"": ""CSQP-SFHC-TEXT-090"", ""raw_text"": ""国币肆拾元"", ""amount_text"": ""肆拾元"", ""amount_number"": 40, ""currency"": ""国币"", ""sentence"": ""批款：国币肆拾元"", ""is_primary_candidate"": true, ""source_field"": ""body_clean""}, {""record_id"": ""CSQP-SFHC-TEXT-090"", ""raw_text"": ""国币肆拾元"", ""amount_text"": ""肆拾元"", ""amount_number"": 40, ""currency"": ""国币"", ""sentence"": ""今逢批期之便，奉上国币肆拾元，至祈查收。"", ""is_primary_candidate"": false, ""source_field"": ""body_clean""}, {""record_id"": ""CSQP-SFHC-TEXT-090"", ""raw_text"": ""一元"", ""amount_text"": ""一元"", ""amount_number"": 1, ""currency"": ""元"", ""sentence"": ""内抹出一元，交三老祖妣收用，一元交家弟老妣收用，余存之良（银），该家中应用可也。"", ""is_primary_candidate"": false, ""source_field"": ""body_clean""}]",辛巳年（1941）七月十八日，叻郑万道寄潮安五区家双亲大人；叻儿郑万道；潮安五区家双亲大人；儿郑万道；双亲；弟；儿；广东潮安；新加坡；国币肆拾元；国币；family_affection；remittance；study；潮安；广东；良（银）；银；元；敬禀者；膝下；祈查收；至祈查收；查收；福安；辛巳；七月；十八日；郑万道；五区家；拾元；family；affection；禀者；拜上；甚慰；至祈；自别；慈颜；转瞬；几次；星回；念念；近接；回批；跪读；之后；经已；详悉；但知；玉体；安平；今逢；批期；奉上；内抹出；一元；交三；老祖；收用；家弟；老妣；余存；之良；家中；应用；专此；叩请
CSQP-SFHC-TEXT-091,91,辛（1941）九月初九日，槟城［马来亚］潘兆祥寄饶邑隆都家祖慈大人,pdf_pages=130；book_pages=101,1,high,0,"寄批人：槟城潘兆祥
收批人：饶邑隆都家祖慈大人
批款：国币贰佰伍拾元
日期：辛九月初九日

祖母大人尊前：
敬禀者，兹由邮局之便，寄上中央国币贰佰伍拾元，至祈查收。其中分拾元细叔父，捌元外祖母，肆元两位大人之用，陆元大二伯母之用，二十二元吾母亲之用，余存二百元以应家需。但自前六月初及至六月尾，曾寄有信批局二信六佰万元，谅定有收到。此处所接之回批，不是细叔回的，故问之。今后之回批务必下问牌号于信内之末是要。当今之时，战事日紧，家用切宜慎重，若太平洋有战争，音信不能通。近闻暹船消息，暹中有些地方，时有抢物之闻。余无别言。专此，敬请
金安

辛九月初九日  孙兆祥禀","寄批人：槟城潘兆祥
收批人：饶邑隆都家祖慈大人
批款：国币贰佰伍拾元
日期：辛九月初九日

祖母大人尊前：
敬禀者，兹由邮局之便，寄上中央国币贰佰伍拾元，至祈查收。其中分拾元细叔父，捌元外祖母，肆元两位大人之用，陆元大二伯母之用，二十二元吾母亲之用，余存二百元以应家需。但自前六月初及至六月尾，曾寄有信批局二信六佰万元，谅定有收到。此处所接之回批，不是细叔回的，故问之。今后之回批务必下问牌号于信内之末是要。当今之时，战事日紧，家用切宜慎重，若太平洋有战争，音信不能通。近闻暹船消息，暹中有些地方，时有抢物之闻。余无别言。专此，敬请
金安

辛九月初九日 孙兆祥禀","祖母大人尊前：
敬禀者，兹由邮局之便，寄上中央国币贰佰伍拾元，至祈查收。其中分拾元细叔父，捌元外祖母，肆元两位大人之用，陆元大二伯母之用，二十二元吾母亲之用，余存二百元以应家需。但自前六月初及至六月尾，曾寄有信批局二信六佰万元，谅定有收到。此处所接之回批，不是细叔回的，故问之。今后之回批务必下问牌号于信内之末是要。当今之时，战事日紧，家用切宜慎重，若太平洋有战争，音信不能通。近闻暹船消息，暹中有些地方，时有抢物之闻。余无别言。专此，敬请
金安

辛九月初九日 孙兆祥禀","敬禀者，兹由邮局之便，寄上中央国币贰佰伍拾元，至祈查收。其中分拾元细叔父，捌元外祖母，肆元两位大人之用，陆元大二伯母之用，二十二元吾母亲之用，余存二百元以应家需。但自前六月初及至六月尾，曾寄有信批局二信六佰万元，谅定有收到。此处所接之回批，不是细叔回的，故问之。今后之回批务必下问牌号于信内之末是要。当今之时，战事日紧，家用切宜慎重，若太平洋有战争，音信不能通。近闻暹船消息，暹中有些地方，时有抢物之闻。余无别言。专此，敬请
金安",282,8,12,槟城潘兆祥,饶邑隆都家祖慈大人,grandchild,grandparent,grandchild_to_grandparent,母亲；祖母；外祖母；祖慈；家祖；伯母；叔父；孙；叔；伯,祖母；分拾元细叔父；捌元外祖母；陆元大二伯母；十二元吾母；不是细叔,大人；尊前,孙,马来西亚槟城,广东饶平,马来西亚槟城,广东饶平,槟城->马来西亚槟城；饶邑->广东饶平,马来西亚槟城 -> 广东饶平,1,马来西亚；广东侨乡,辛九月初九日,辛九月初九日 孙兆祥禀,1941,1941,九月,初九日,lunar,干支或传统纪年,high,国币贰佰伍拾元,贰佰伍拾元,250,国币,敬禀者，兹由邮局之便，寄上中央国币贰佰伍拾元，至祈查收。,,敬禀者，兹由邮局之便，寄上中央国币贰佰伍拾元，至祈查收。,1,祖母大人尊前：,敬禀者，兹由邮局之便，寄上中央国币贰佰伍拾元，至祈查收。,,"敬禀者，兹由邮局之便，寄上中央国币贰佰伍拾元，至祈查收。其中分拾元细叔父，捌元外祖母，肆元两位大人之用，陆元大二伯母之用，二十二元吾母亲之用，余存二百元以应家需。但自前六月初及至六月尾，曾寄有信批局二信六佰万元，谅定有收到。此处所接之回批，不是细叔回的，故问之。今后之回批务必下问牌号于信内之末是要。当今之时，战事日紧，家用切宜慎重，若太平洋有战争，音信不能通。近闻暹船消息，暹中有些地方，时有抢物之闻。余无别言。专此，敬请
金安",,祖母大人尊前：；其中分拾元细叔父，捌元外祖母，肆元两位大人之用，陆元大二伯母之用，二十二元吾母亲之用，余存二百元以应家需。,,,,辛九月初九日 孙兆祥禀,辛九月初九日 孙兆祥禀,,1,1,0,0,0,0,0,0,0,0,0,remittance,family_affection;remittance,敬禀者；禀者；尊前,,大人；尊前；金安,,兹；祈；谅,敬禀者；尊前；祈查收；至祈查收；查收；金安,寄上；查收,,,敬禀者；禀者；尊前；大人；金安；兹；祈；谅；祈查收；至祈查收；查收,3,"祖母大人尊前：
敬禀者，兹由邮局之便，寄上中央国币贰佰伍拾元，至祈查收。
辛九月初九日 孙兆祥禀",祖母大人尊前：,,敬禀者，兹由邮局之便，寄上中央国币贰佰伍拾元，至祈查收。,祖母大人尊前：；其中分拾元细叔父，捌元外祖母，肆元两位大人之用，陆元大二伯母之用，二十二元吾母亲之用，余存二百元以应家需。,,辛九月初九日 孙兆祥禀,sender=槟城潘兆祥；recipient=饶邑隆都家祖慈大人；relationship=grandchild_to_grandparent；date=辛九月初九日；money=贰佰伍拾元；currency=国币；places=槟城->马来西亚槟城；饶邑->广东饶平；kinship=母亲；祖母；外祖母；祖慈；家祖；伯母；叔父；孙；叔；伯,"辛（1941）九月初九日，槟城［马来亚］潘兆祥寄饶邑隆都家祖慈大人
槟城潘兆祥
饶邑隆都家祖慈大人
辛九月初九日
国币贰佰伍拾元
槟城->马来西亚槟城；饶邑->广东饶平
family_affection;remittance
敬禀者，兹由邮局之便，寄上中央国币贰佰伍拾元，至祈查收。其中分拾元细叔父，捌元外祖母，肆元两位大人之用，陆元大二伯母之用，二十二元吾母亲之用，余存二百元以应家需。但自前六月初及至六月尾，曾寄有信批局二信六佰万元，谅定有收到。此处所接之回批，不是细叔回的，故问之。今后之回批务必下问牌号于信内之末是要。当今之时，战事日紧，家用切宜慎重，若太平洋有战争，音信不能通。近闻暹船消息，暹中有些地方，时有抢物之闻。余无别言。专此，敬请
金安",题名：辛（1941）九月初九日，槟城［马来亚］潘兆祥寄饶邑隆都家祖慈大人；寄批人：槟城潘兆祥；收批人：饶邑隆都家祖慈大人；日期：辛九月初九日；汇款：国币贰佰伍拾元；主题：family_affection;remittance；正文摘录：敬禀者，兹由邮局之便，寄上中央国币贰佰伍拾元，至祈查收。其中分拾元细叔父，捌元外祖母，肆元两位大人之用，陆元大二伯母之用，二十二元吾母亲之用，余存二百元以应家需。但自前六月初及至六月尾，曾寄有信批局二信六佰万元，谅定有收到。此处所接之回批，,辛（1941）九月初九日,槟城［马来亚］潘兆祥,饶邑隆都家祖慈大人,214,0,潘兆祥,祖慈,母亲,high,马来西亚槟城；广东饶平,"[{""record_id"": ""CSQP-SFHC-TEXT-091"", ""raw_text"": ""国币贰佰伍拾元"", ""amount_text"": ""贰佰伍拾元"", ""amount_number"": 250, ""currency"": ""国币"", ""sentence"": ""批款：国币贰佰伍拾元"", ""is_primary_candidate"": true, ""source_field"": ""body_clean""}, {""record_id"": ""CSQP-SFHC-TEXT-091"", ""raw_text"": ""中央国币贰佰伍拾元"", ""amount_text"": ""贰佰伍拾元"", ""amount_number"": 250, ""currency"": ""国币"", ""sentence"": ""敬禀者，兹由邮局之便，寄上中央国币贰佰伍拾元，至祈查收。"", ""is_primary_candidate"": false, ""source_field"": ""body_clean""}, {""record_id"": ""CSQP-SFHC-TEXT-091"", ""raw_text"": ""拾元"", ""amount_text"": ""拾元"", ""amount_number"": 10, ""currency"": ""元"", ""sentence"": ""其中分拾元细叔父，捌元外祖母，肆元两位大人之用，陆元大二伯母之用，二十二元吾母亲之用，余存二百元以应家需。"", ""is_primary_candidate"": false, ""source_field"": ""body_clean""}, {""record_id"": ""CSQP-SFHC-TEXT-091"", ""raw_text"": ""捌元"", ""amount_text"": ""捌元"", ""amount_number"": 8, ""currency"": ""元"", ""sentence"": ""其中分拾元细叔父，捌元外祖母，肆元两位大人之用，陆元大二伯母之用，二十二元吾母亲之用，余存二百元以应家需。"", ""is_primary_candidate"": false, ""source_field"": ""body_clean""}, {""record_id"": ""CSQP-SFHC-TEXT-091"", ""raw_text"": ""肆元"", ""amount_text"": ""肆元"", ""amount_number"": 4, ""currency"": ""元"", ""sentence"": ""其中分拾元细叔父，捌元外祖母，肆元两位大人之用，陆元大二伯母之用，二十二元吾母亲之用，余存二百元以应家需。"", ""is_primary_candidate"": false, ""source_field"": ""body_clean""}, {""record_id"": ""CSQP-SFHC-TEXT-091"", ""raw_text"": ""陆元"", ""amount_text"": ""陆元"", ""amount_number"": 6, ""currency"": ""元"", ""sentence"": ""其中分拾元细叔父，捌元外祖母，肆元两位大人之用，陆元大二伯母之用，二十二元吾母亲之用，余存二百元以应家需。"", ""is_primary_candidate"": false, ""source_field"": ""body_clean""}, {""record_id"": ""CSQP-SFHC-TEXT-091"", ""raw_text"": ""二十二元"", ""amount_text"": ""二十二元"", ""amount_number"": 22, ""currency"": ""元"", ""sentence"": ""其中分拾元细叔父，捌元外祖母，肆元两位大人之用，陆元大二伯母之用，二十二元吾母亲之用，余存二百元以应家需。"", ""is_primary_candidate"": false, ""source_field"": ""body_clean""}, {""record_id"": ""CSQP-SFHC-TEXT-091"", ""raw_text"": ""二百元"", ""amount_text"": ""二百元"", ""amount_number"": 200, ""currency"": ""元"", ""sentence"": ""其中分拾元细叔父，捌元外祖母，肆元两位大人之用，陆元大二伯母之用，二十二元吾母亲之用，余存二百元以应家需。"", ""is_primary_candidate"": false, ""source_field"": ""body_clean""}, {""record_id"": ""CSQP-SFHC-TEXT-091"", ""raw_text"": ""六佰万元"", ""amount_text"": ""六佰万元"", ""amount_number"": 6000000, ""currency"": ""元"", ""sentence"": ""但自前六月初及至六月尾，曾寄有信批局二信六佰万元，谅定有收到。"", ""is_primary_candidate"": false, ""source_field"": ""body_clean""}]",辛（1941）九月初九日，槟城［马来亚］潘兆祥寄饶邑隆都家祖慈大人；槟城潘兆祥；饶邑隆都家祖慈大人；潘兆祥；祖慈；母亲；祖母；外祖母；家祖；伯母；叔父；孙；叔；伯；马来西亚槟城；广东饶平；国币贰佰伍拾元；国币；family_affection；remittance；槟城；饶邑；广东；中央国币；元；敬禀者；尊前；祈查收；至祈查收；查收；金安；九月初；九日；马来亚；饶邑隆；马来西亚；饶平；贰佰；伍拾；family；affection；禀者；至祈；邮局；寄上；中央；其中；拾元；肆元；两位；之用；陆元大；二伯母；二十二；余存；二百元；以应家；自前；六月；及至；信批；局二信；六佰；万元；谅定；收到；此处；所接；回批；不是；细叔；故问；今后；务必；牌号；信内；之末；当今；战事；日紧
CSQP-SFHC-TEXT-092,92,辛（1941）九月十八日，外洋潘兆珊寄潮汕家贤妻,pdf_pages=131；book_pages=102,1,medium,0,"家贤妻收悉：
兹者，是日承越轮便，付去国币壹佰元，到时查收，以为家情之费。兹者但你回塘（唐），一路之事，至祈回音来知，切切。今蒙天公保佑，两地各已平安，喜之胜也。余言后叙。端此，顺请
闺安

辛九月十八日  愚潘兆珊寄","家贤妻收悉：
兹者，是日承越轮便，付去国币壹佰元，到时查收，以为家情之费。兹者但你回塘（唐），一路之事，至祈回音来知，切切。今蒙天公保佑，两地各已平安，喜之胜也。余言后叙。端此，顺请
闺安

辛九月十八日 愚潘兆珊寄","家贤妻收悉：
兹者，是日承越轮便，付去国币壹佰元，到时查收，以为家情之费。兹者但你回塘（唐），一路之事，至祈回音来知，切切。今蒙天公保佑，两地各已平安，喜之胜也。余言后叙。端此，顺请
闺安

辛九月十八日 愚潘兆珊寄","兹者，是日承越轮便，付去国币壹佰元，到时查收，以为家情之费。兹者但你回塘（唐），一路之事，至祈回音来知，切切。今蒙天公保佑，两地各已平安，喜之胜也。余言后叙。端此，顺请
闺安",108,4,8,外洋潘兆珊,潮汕家贤妻,,spouse,spouse_to_spouse,妻；贤妻,潮汕家贤妻；家贤妻,贤妻,,海外,广东侨乡,海外,广东侨乡,潮汕->广东侨乡,海外 -> 广东侨乡,1,海外；广东侨乡,辛（1941）九月十八日,,1941,1941,九月,十八日,solar,干支或传统纪年,high,国币壹佰元,壹佰元,100,国币,兹者，是日承越轮便，付去国币壹佰元，到时查收，以为家情之费。,,兹者，是日承越轮便，付去国币壹佰元，到时查收，以为家情之费。,1,家贤妻收悉：,,今蒙天公保佑，两地各已平安，喜之胜也。,"兹者，是日承越轮便，付去国币壹佰元，到时查收，以为家情之费。兹者但你回塘（唐），一路之事，至祈回音来知，切切。今蒙天公保佑，两地各已平安，喜之胜也。余言后叙。端此，顺请
闺安",今蒙天公保佑，两地各已平安，喜之胜也。,家贤妻收悉：,,,,,,,1,1,1,0,0,0,0,0,1,0,0,safety_report,family_affection;remittance;safety;marriage,,,贤妻,愚,兹；祈；承,查收,付去；查收,平安,,贤妻；愚；兹；祈；承；查收,2,"家贤妻收悉：
今蒙天公保佑，两地各已平安，喜之胜也。
兹者，是日承越轮便，付去国币壹佰元，到时查收，以为家情之费。",家贤妻收悉：,今蒙天公保佑，两地各已平安，喜之胜也。,兹者，是日承越轮便，付去国币壹佰元，到时查收，以为家情之费。,家贤妻收悉：,,,sender=外洋潘兆珊；recipient=潮汕家贤妻；relationship=spouse_to_spouse；date=辛（1941）九月十八日；money=壹佰元；currency=国币；places=潮汕->广东侨乡；kinship=妻；贤妻,"辛（1941）九月十八日，外洋潘兆珊寄潮汕家贤妻
外洋潘兆珊
潮汕家贤妻
辛（1941）九月十八日
国币壹佰元
潮汕->广东侨乡
family_affection;remittance;safety;marriage
兹者，是日承越轮便，付去国币壹佰元，到时查收，以为家情之费。兹者但你回塘（唐），一路之事，至祈回音来知，切切。今蒙天公保佑，两地各已平安，喜之胜也。余言后叙。端此，顺请
闺安",题名：辛（1941）九月十八日，外洋潘兆珊寄潮汕家贤妻；寄批人：外洋潘兆珊；收批人：潮汕家贤妻；日期：辛（1941）九月十八日；汇款：国币壹佰元；主题：family_affection;remittance;safety;marriage；正文摘录：兹者，是日承越轮便，付去国币壹佰元，到时查收，以为家情之费。兹者但你回塘（唐），一路之事，至祈回音来知，切切。今蒙天公保佑，两地各已平安，喜之胜也。余言后叙。端此，顺请闺安,辛（1941）九月十八日,外洋潘兆珊,潮汕家贤妻,86,0,潘兆珊,家,妻,high,广东侨乡；海外,"[{""record_id"": ""CSQP-SFHC-TEXT-092"", ""raw_text"": ""国币壹佰元"", ""amount_text"": ""壹佰元"", ""amount_number"": 100, ""currency"": ""国币"", ""sentence"": ""兹者，是日承越轮便，付去国币壹佰元，到时查收，以为家情之费。"", ""is_primary_candidate"": true, ""source_field"": ""body_clean""}]",辛（1941）九月十八日，外洋潘兆珊寄潮汕家贤妻；外洋潘兆珊；潮汕家贤妻；潘兆珊；家；妻；贤妻；广东侨乡；海外；国币壹佰元；国币；family_affection；remittance；safety；marriage；潮汕；广东；元；查收；九月；十八日；外洋；侨乡；壹佰元；family；affection；兹者；日承越；以为；家情；之费；回塘；一路；至祈；回音；来知；切切；今蒙；天公；保佑；两地；各已；平安；喜之胜；余言；端此；顺请；闺安
CSQP-SFHC-TEXT-093,93,五月十三日（约1942前），外洋继豪寄潮汕慈亲大人,pdf_pages=132；book_pages=103,1,medium,0,"慈亲大人膝下：
敬禀者，兹逢批期之便，奉上国币六十元，至时检收。内中可抹出三元，呈与母亲，三元与嫂侄，二元与舜莲，二元与猴老妣，余为家庭之需可也。此次俺乡和邻近诸乡，可得平安？应乞示知，以免萦念。端此，敬祝
健康

五月十三日  儿继豪缄","慈亲大人膝下：
敬禀者，兹逢批期之便，奉上国币六十元，至时检收。内中可抹出三元，呈与母亲，三元与嫂侄，二元与舜莲，二元与猴老妣，余为家庭之需可也。此次俺乡和邻近诸乡，可得平安？应乞示知，以免萦念。端此，敬祝
健康

五月十三日 儿继豪缄","慈亲大人膝下：
敬禀者，兹逢批期之便，奉上国币六十元，至时检收。内中可抹出三元，呈与母亲，三元与嫂侄，二元与舜莲，二元与猴老妣，余为家庭之需可也。此次俺乡和邻近诸乡，可得平安？应乞示知，以免萦念。端此，敬祝
健康

五月十三日 儿继豪缄","敬禀者，兹逢批期之便，奉上国币六十元，至时检收。内中可抹出三元，呈与母亲，三元与嫂侄，二元与舜莲，二元与猴老妣，余为家庭之需可也。此次俺乡和邻近诸乡，可得平安？应乞示知，以免萦念。端此，敬祝
健康",118,4,8,外洋继豪,潮汕慈亲大人,,parent,child_to_parent,慈亲；母亲；嫂；儿；侄,呈与母；三元与嫂侄,大人；膝下,,海外,广东侨乡,海外,广东侨乡,潮汕->广东侨乡,海外 -> 广东侨乡,1,海外；广东侨乡,五月十三日（约1942前）,五月十三日 儿继豪缄,,,五月,十三日,solar,,medium,国币六十元,六十元,60,国币,敬禀者，兹逢批期之便，奉上国币六十元，至时检收。,,,1,慈亲大人膝下：,敬禀者，兹逢批期之便，奉上国币六十元，至时检收。,此次俺乡和邻近诸乡，可得平安？,"敬禀者，兹逢批期之便，奉上国币六十元，至时检收。内中可抹出三元，呈与母亲，三元与嫂侄，二元与舜莲，二元与猴老妣，余为家庭之需可也。此次俺乡和邻近诸乡，可得平安？应乞示知，以免萦念。端此，敬祝
健康",此次俺乡和邻近诸乡，可得平安？,内中可抹出三元，呈与母亲，三元与嫂侄，二元与舜莲，二元与猴老妣，余为家庭之需可也。；五月十三日 儿继豪缄,,,缄,五月十三日 儿继豪缄,五月十三日 儿继豪缄,,1,1,1,0,0,0,0,0,0,0,0,safety_report,family_affection;remittance;safety,敬禀者；禀者；膝下,,大人；膝下,儿；俺,兹；奉,敬禀者；膝下,奉上,平安,,敬禀者；禀者；膝下；大人；儿；俺；兹；奉,2,"慈亲大人膝下：
敬禀者，兹逢批期之便，奉上国币六十元，至时检收。
此次俺乡和邻近诸乡，可得平安？
五月十三日 儿继豪缄",慈亲大人膝下：,此次俺乡和邻近诸乡，可得平安？,敬禀者，兹逢批期之便，奉上国币六十元，至时检收。,内中可抹出三元，呈与母亲，三元与嫂侄，二元与舜莲，二元与猴老妣，余为家庭之需可也。；五月十三日 儿继豪缄,,五月十三日 儿继豪缄,sender=外洋继豪；recipient=潮汕慈亲大人；relationship=child_to_parent；date=五月十三日（约1942前）；money=六十元；currency=国币；places=潮汕->广东侨乡；kinship=慈亲；母亲；嫂；儿；侄,"五月十三日（约1942前），外洋继豪寄潮汕慈亲大人
外洋继豪
潮汕慈亲大人
五月十三日（约1942前）
国币六十元
潮汕->广东侨乡
family_affection;remittance;safety
敬禀者，兹逢批期之便，奉上国币六十元，至时检收。内中可抹出三元，呈与母亲，三元与嫂侄，二元与舜莲，二元与猴老妣，余为家庭之需可也。此次俺乡和邻近诸乡，可得平安？应乞示知，以免萦念。端此，敬祝
健康",题名：五月十三日（约1942前），外洋继豪寄潮汕慈亲大人；寄批人：外洋继豪；收批人：潮汕慈亲大人；日期：五月十三日（约1942前）；汇款：国币六十元；主题：family_affection;remittance;safety；正文摘录：敬禀者，兹逢批期之便，奉上国币六十元，至时检收。内中可抹出三元，呈与母亲，三元与嫂侄，二元与舜莲，二元与猴老妣，余为家庭之需可也。此次俺乡和邻近诸乡，可得平安？应乞示知，以免萦念。端此，敬祝健康,五月十三日（约1942前）,外洋继豪,潮汕慈亲大人,97,0,继豪,慈亲,母亲,high,广东侨乡；海外,"[{""record_id"": ""CSQP-SFHC-TEXT-093"", ""raw_text"": ""国币六十元"", ""amount_text"": ""六十元"", ""amount_number"": 60, ""currency"": ""国币"", ""sentence"": ""敬禀者，兹逢批期之便，奉上国币六十元，至时检收。"", ""is_primary_candidate"": true, ""source_field"": ""body_clean""}, {""record_id"": ""CSQP-SFHC-TEXT-093"", ""raw_text"": ""三元"", ""amount_text"": ""三元"", ""amount_number"": 3, ""currency"": ""元"", ""sentence"": ""内中可抹出三元，呈与母亲，三元与嫂侄，二元与舜莲，二元与猴老妣，余为家庭之需可也。"", ""is_primary_candidate"": false, ""source_field"": ""body_clean""}, {""record_id"": ""CSQP-SFHC-TEXT-093"", ""raw_text"": ""二元"", ""amount_text"": ""二元"", ""amount_number"": 2, ""currency"": ""元"", ""sentence"": ""内中可抹出三元，呈与母亲，三元与嫂侄，二元与舜莲，二元与猴老妣，余为家庭之需可也。"", ""is_primary_candidate"": false, ""source_field"": ""body_clean""}]",五月十三日（约1942前），外洋继豪寄潮汕慈亲大人；外洋继豪；潮汕慈亲大人；继豪；慈亲；母亲；嫂；儿；侄；广东侨乡；海外；国币六十元；国币；family_affection；remittance；safety；潮汕；广东；元；敬禀者；膝下；五月；十三日；外洋；侨乡；六十元；family；affection；禀者；兹逢；批期；奉上；至时；检收；内中；三元；二元；与舜莲；老妣；余为；家庭；此次；邻近；诸乡；平安；乞示；以免；萦念；端此；敬祝；健康
CSQP-SFHC-TEXT-094,94,闰六月廿八日（约1942前），外洋有存寄潮汕慈亲大人,pdf_pages=133；book_pages=104,1,medium,0,"慈亲大人尊前：
敬禀者，兹奉上国币贰佰元，至祈查收，以为家用。现在世界战事日紧，家批有断绝之虞，对于家情费用，务望至切切尽量节省，积蓄多少，以备不时之需，方免届时有冻馁之虑，是为至要。至于双抛池之园，年底经已到期，亦望即行续（赎）回。刻下家批已能照常汇寄，小儿学业无须停辍。特此禀达。并祝
福安

男有存禀
闰六月廿八日","慈亲大人尊前：
敬禀者，兹奉上国币贰佰元，至祈查收，以为家用。现在世界战事日紧，家批有断绝之虞，对于家情费用，务望至切切尽量节省，积蓄多少，以备不时之需，方免届时有冻馁之虑，是为至要。至于双抛池之园，年底经已到期，亦望即行续（赎）回。刻下家批已能照常汇寄，小儿学业无须停辍。特此禀达。并祝
福安

男有存禀
闰六月廿八日","慈亲大人尊前：
敬禀者，兹奉上国币贰佰元，至祈查收，以为家用。现在世界战事日紧，家批有断绝之虞，对于家情费用，务望至切切尽量节省，积蓄多少，以备不时之需，方免届时有冻馁之虑，是为至要。至于双抛池之园，年底经已到期，亦望即行续（赎）回。刻下家批已能照常汇寄，小儿学业无须停辍。特此禀达。并祝
福安

男有存禀
闰六月廿八日","敬禀者，兹奉上国币贰佰元，至祈查收，以为家用。现在世界战事日紧，家批有断绝之虞，对于家情费用，务望至切切尽量节省，积蓄多少，以备不时之需，方免届时有冻馁之虑，是为至要。至于双抛池之园，年底经已到期，亦望即行续（赎）回。刻下家批已能照常汇寄，小儿学业无须停辍。特此禀达。并祝
福安",160,5,10,外洋有存,潮汕慈亲大人,child,parent,child_to_parent,慈亲；儿；男,小儿,大人；尊前,男,海外,广东侨乡,海外,广东侨乡,潮汕->广东侨乡,海外 -> 广东侨乡,1,海外；广东侨乡,闰六月廿八日（约1942前）,"男有存禀
闰六月廿八日",,,六月,廿八日,solar,,medium,国币贰佰元,贰佰元,200,国币,敬禀者，兹奉上国币贰佰元，至祈查收，以为家用。,家用,敬禀者，兹奉上国币贰佰元，至祈查收，以为家用。,1,慈亲大人尊前：,敬禀者，兹奉上国币贰佰元，至祈查收，以为家用。,福安,"敬禀者，兹奉上国币贰佰元，至祈查收，以为家用。现在世界战事日紧，家批有断绝之虞，对于家情费用，务望至切切尽量节省，积蓄多少，以备不时之需，方免届时有冻馁之虑，是为至要。至于双抛池之园，年底经已到期，亦望即行续（赎）回。刻下家批已能照常汇寄，小儿学业无须停辍。特此禀达。并祝
福安",,刻下家批已能照常汇寄，小儿学业无须停辍。,现在世界战事日紧，家批有断绝之虞，对于家情费用，务望至切切尽量节省，积蓄多少，以备不时之需，方免届时有冻馁之虑，是为至要。；刻下家批已能照常汇寄，小儿学业无须停辍。,,,"男有存禀
闰六月廿八日",男有存禀,,1,1,0,1,0,0,0,1,0,0,0,instruction,family_affection;remittance;instruction;debt,敬禀者；禀者；尊前,,大人；尊前；福安,小儿；儿,兹；祈；奉,敬禀者；尊前；祈查收；至祈查收；务望；查收；福安,奉上；查收,,务望；须,敬禀者；禀者；尊前；大人；福安；小儿；儿；兹；祈；奉；祈查收；至祈查收；务望；查收,3,"慈亲大人尊前：
敬禀者，兹奉上国币贰佰元，至祈查收，以为家用。
现在世界战事日紧，家批有断绝之虞，对于家情费用，务望至切切尽量节省，积蓄多少，以备不时之需，方免届时有冻馁之虑，是为至要。；刻下家批已能照常汇寄，小儿学业无须停辍。
男有存禀",慈亲大人尊前：,,敬禀者，兹奉上国币贰佰元，至祈查收，以为家用。,刻下家批已能照常汇寄，小儿学业无须停辍。,现在世界战事日紧，家批有断绝之虞，对于家情费用，务望至切切尽量节省，积蓄多少，以备不时之需，方免届时有冻馁之虑，是为至要。；刻下家批已能照常汇寄，小儿学业无须停辍。,男有存禀,sender=外洋有存；recipient=潮汕慈亲大人；relationship=child_to_parent；date=闰六月廿八日（约1942前）；money=贰佰元；currency=国币；places=潮汕->广东侨乡；kinship=慈亲；儿；男,"闰六月廿八日（约1942前），外洋有存寄潮汕慈亲大人
外洋有存
潮汕慈亲大人
闰六月廿八日（约1942前）
国币贰佰元
潮汕->广东侨乡
family_affection;remittance;instruction;debt
敬禀者，兹奉上国币贰佰元，至祈查收，以为家用。现在世界战事日紧，家批有断绝之虞，对于家情费用，务望至切切尽量节省，积蓄多少，以备不时之需，方免届时有冻馁之虑，是为至要。至于双抛池之园，年底经已到期，亦望即行续（赎）回。刻下家批已能照常汇寄，小儿学业无须停辍。特此禀达。并祝
福安",题名：闰六月廿八日（约1942前），外洋有存寄潮汕慈亲大人；寄批人：外洋有存；收批人：潮汕慈亲大人；日期：闰六月廿八日（约1942前）；汇款：国币贰佰元；主题：family_affection;remittance;instruction;debt；正文摘录：敬禀者，兹奉上国币贰佰元，至祈查收，以为家用。现在世界战事日紧，家批有断绝之虞，对于家情费用，务望至切切尽量节省，积蓄多少，以备不时之需，方免届时有冻馁之虑，是为至要。至于双抛池之园，年底经已到期，亦望即行续（赎）回。刻下家批已能照常汇寄，,闰六月廿八日（约1942前）,外洋有存,潮汕慈亲大人,138,0,有存,慈亲,慈亲,high,广东侨乡；海外,"[{""record_id"": ""CSQP-SFHC-TEXT-094"", ""raw_text"": ""国币贰佰元"", ""amount_text"": ""贰佰元"", ""amount_number"": 200, ""currency"": ""国币"", ""sentence"": ""敬禀者，兹奉上国币贰佰元，至祈查收，以为家用。"", ""is_primary_candidate"": true, ""source_field"": ""body_clean""}]",闰六月廿八日（约1942前），外洋有存寄潮汕慈亲大人；外洋有存；潮汕慈亲大人；有存；慈亲；儿；男；广东侨乡；海外；国币贰佰元；国币；family_affection；remittance；instruction；debt；潮汕；广东；元；敬禀者；尊前；祈查收；至祈查收；务望；查收；福安；六月；廿八日；外洋；侨乡；贰佰元；family；affection；禀者；小儿；至祈；以为；家用；现在；世界；战事；日紧；家批；断绝；之虞；对于；费用；切切；尽量；节省；积蓄；多少；以备；不时之需；方免；届时；冻馁；之虑；至于；抛池；之园；年底；经已；到期；行续；刻下；已能；照常；汇寄；学业；无须；特此；禀达；并祝
CSQP-SFHC-TEXT-095,95,八月初三日（约1942前），外洋步潜寄潮汕楷模、楷钦两侄,pdf_pages=134；book_pages=105,1,high,0,"楷模、楷钦两侄均鉴：
兹缘令弟前天，来予店中坐谈，托将法币两元递交，今逢轮便，特由余家庭转交到，希检收，以免久盼为幸。刻拟（据）令弟云云，伊之岳父此次回国，尝至侄台家中坐谈，令堂竟不分皂白，对渠说及当楷旭未结婚时，家中批信未尝间断，今则批信少稀，漠不关心，殊为离奇，发言不但气色不逊，且略有恼怒及怨恨情况。在彼闻言之余，心中忿火中烧，来助后，立即向他人历陈一切，大加谴责，并谓尔弟之批信多寄与否，自有权衡，何关于我。乃竟不察底蕴，胡言乱语，横词谤人，荒唐之极等。语在令弟聆悉之下，亦惶惶悚悚，怨尤深切，而怪令堂立言之不妥也。今为明瞭真相，特嘱余是函询问，希将经过剖明详细无遗，以便答复令弟，而释疑窦，是为至要至盼。早造收成若何，便中示知。特此，并问
近好
令堂大人前代为问候

叔步潜手泐
八月初三日","楷模、楷钦两侄均鉴：
兹缘令弟前天，来予店中坐谈，托将法币两元递交，今逢轮便，特由余家庭转交到，希检收，以免久盼为幸。刻拟（据）令弟云云，伊之岳父此次回国，尝至侄台家中坐谈，令堂竟不分皂白，对渠说及当楷旭未结婚时，家中批信未尝间断，今则批信少稀，漠不关心，殊为离奇，发言不但气色不逊，且略有恼怒及怨恨情况。在彼闻言之余，心中忿火中烧，来助后，立即向他人历陈一切，大加谴责，并谓尔弟之批信多寄与否，自有权衡，何关于我。乃竟不察底蕴，胡言乱语，横词谤人，荒唐之极等。语在令弟聆悉之下，亦惶惶悚悚，怨尤深切，而怪令堂立言之不妥也。今为明瞭真相，特嘱余是函询问，希将经过剖明详细无遗，以便答复令弟，而释疑窦，是为至要至盼。早造收成若何，便中示知。特此，并问
近好
令堂大人前代为问候

叔步潜手泐
八月初三日","楷模、楷钦两侄均鉴：
兹缘令弟前天，来予店中坐谈，托将法币两元递交，今逢轮便，特由余家庭转交到，希检收，以免久盼为幸。刻拟（据）令弟云云，伊之岳父此次回国，尝至侄台家中坐谈，令堂竟不分皂白，对渠说及当楷旭未结婚时，家中批信未尝间断，今则批信少稀，漠不关心，殊为离奇，发言不但气色不逊，且略有恼怒及怨恨情况。在彼闻言之余，心中忿火中烧，来助后，立即向他人历陈一切，大加谴责，并谓尔弟之批信多寄与否，自有权衡，何关于我。乃竟不察底蕴，胡言乱语，横词谤人，荒唐之极等。语在令弟聆悉之下，亦惶惶悚悚，怨尤深切，而怪令堂立言之不妥也。今为明瞭真相，特嘱余是函询问，希将经过剖明详细无遗，以便答复令弟，而释疑窦，是为至要至盼。早造收成若何，便中示知。特此，并问
近好
令堂大人前代为问候

叔步潜手泐
八月初三日","楷模、楷钦两侄均鉴：
兹缘令弟前天，来予店中坐谈，托将法币两元递交，今逢轮便，特由余家庭转交到，希检收，以免久盼为幸。刻拟（据）令弟云云，伊之岳父此次回国，尝至侄台家中坐谈，令堂竟不分皂白，对渠说及当楷旭未结婚时，家中批信未尝间断，今则批信少稀，漠不关心，殊为离奇，发言不但气色不逊，且略有恼怒及怨恨情况。在彼闻言之余，心中忿火中烧，来助后，立即向他人历陈一切，大加谴责，并谓尔弟之批信多寄与否，自有权衡，何关于我。乃竟不察底蕴，胡言乱语，横词谤人，荒唐之极等。语在令弟聆悉之下，亦惶惶悚悚，怨尤深切，而怪令堂立言之不妥也。今为明瞭真相，特嘱余是函询问，希将经过剖明详细无遗，以便答复令弟，而释疑窦，是为至要至盼。早造收成若何，便中示知。特此，并问
近好",350,6,13,外洋步潜,潮汕楷模、楷钦两侄,,nephew_or_niece,uncle_nephew_or_nephew_kin,岳父；弟；侄；叔,楷钦两侄；兹缘令弟；令弟；伊之岳父；尝至侄；并谓尔弟；语在令弟；便答复令弟,大人,,海外,广东侨乡,海外,广东侨乡,潮汕->广东侨乡,海外 -> 广东侨乡,1,海外；广东侨乡,八月初三日（约1942前）,"叔步潜手泐
八月初三日",,,八月,初三日,lunar,,medium,法币两元,两元,2,国币,兹缘令弟前天，来予店中坐谈，托将法币两元递交，今逢轮便，特由余家庭转交到，希检收，以免久盼为幸。,分抹,兹缘令弟前天，来予店中坐谈，托将法币两元递交，今逢轮便，特由余家庭转交到，希检收，以免久盼为幸。,1,令堂大人前代为问候,,,"楷模、楷钦两侄均鉴：
兹缘令弟前天，来予店中坐谈，托将法币两元递交，今逢轮便，特由余家庭转交到，希检收，以免久盼为幸。刻拟（据）令弟云云，伊之岳父此次回国，尝至侄台家中坐谈，令堂竟不分皂白，对渠说及当楷旭未结婚时，家中批信未尝间断，今则批信少稀，漠不关心，殊为离奇，发言不但气色不逊，且略有恼怒及怨恨情况。在彼闻言之余，心中忿火中烧，来助后，立即向他人历陈一切，大加谴责，并谓尔弟之批信多寄与否，自有权衡，何关于我。乃竟不察底蕴，胡言乱语，横词谤人，荒唐之极等。语在令弟聆悉之下，亦惶惶悚悚，怨尤深切，而怪令堂立言之不妥也。今为明瞭真相，特嘱余是函询问，希将经过剖明详细无遗，以便答复令弟，而释疑窦，是为至要至盼。早造收成若何，便中示知。特此，并问
近好",,刻拟（据）令弟云云，伊之岳父此次回国，尝至侄台家中坐谈，令堂竟不分皂白，对渠说及当楷旭未结婚时，家中批信未尝间断，今则批信少稀，漠不关心，殊为离奇，发言不但气色不逊，且略有恼怒及怨恨情况。,今为明瞭真相，特嘱余是函询问，希将经过剖明详细无遗，以便答复令弟，而释疑窦，是为至要至盼。,,手泐,"叔步潜手泐
八月初三日",叔步潜手泐,,1,1,0,1,0,0,0,0,1,0,0,instruction,family_affection;remittance;instruction;marriage,,托,大人,弟；予,兹,,,,嘱,托；大人；弟；予；兹,2,"令堂大人前代为问候
兹缘令弟前天，来予店中坐谈，托将法币两元递交，今逢轮便，特由余家庭转交到，希检收，以免久盼为幸。
今为明瞭真相，特嘱余是函询问，希将经过剖明详细无遗，以便答复令弟，而释疑窦，是为至要至盼。
叔步潜手泐",令堂大人前代为问候,,兹缘令弟前天，来予店中坐谈，托将法币两元递交，今逢轮便，特由余家庭转交到，希检收，以免久盼为幸。,刻拟（据）令弟云云，伊之岳父此次回国，尝至侄台家中坐谈，令堂竟不分皂白，对渠说及当楷旭未结婚时，家中批信未尝间断，今则批信少稀，漠不关心，殊为离奇，发言不但气色不逊，且略有恼怒及怨恨情况。,今为明瞭真相，特嘱余是函询问，希将经过剖明详细无遗，以便答复令弟，而释疑窦，是为至要至盼。,叔步潜手泐,sender=外洋步潜；recipient=潮汕楷模、楷钦两侄；relationship=uncle_nephew_or_nephew_kin；date=八月初三日（约1942前）；money=两元；currency=国币；places=潮汕->广东侨乡；kinship=岳父；弟；侄；叔,"八月初三日（约1942前），外洋步潜寄潮汕楷模、楷钦两侄
外洋步潜
潮汕楷模、楷钦两侄
八月初三日（约1942前）
法币两元
潮汕->广东侨乡
family_affection;remittance;instruction;marriage
楷模、楷钦两侄均鉴：
兹缘令弟前天，来予店中坐谈，托将法币两元递交，今逢轮便，特由余家庭转交到，希检收，以免久盼为幸。刻拟（据）令弟云云，伊之岳父此次回国，尝至侄台家中坐谈，令堂竟不分皂白，对渠说及当楷旭未结婚时，家中批信未尝间断，今则批信少稀，漠不关心，殊为离奇，发言不但气色不逊，且略有恼怒及怨恨情况。在彼闻言之余，心中忿火中烧，来助后，立即向他人历陈一切，大加谴责，并谓尔弟之批信多寄与否，自有权衡，何关于我。乃竟不察底蕴，胡言乱语，横词谤人，荒唐之极等。语在令弟聆悉之下，亦惶惶悚悚，怨尤深切，而怪令堂立言之不妥也。今为明瞭真相，特嘱余是函询问，希将经过剖明详细无遗，以便答复令弟，而释疑窦，是为至要至盼。早造收成若何，便中示知。特此，并问
近好",题名：八月初三日（约1942前），外洋步潜寄潮汕楷模、楷钦两侄；寄批人：外洋步潜；收批人：潮汕楷模、楷钦两侄；日期：八月初三日（约1942前）；汇款：法币两元；主题：family_affection;remittance;instruction;marriage；正文摘录：楷模、楷钦两侄均鉴：兹缘令弟前天，来予店中坐谈，托将法币两元递交，今逢轮便，特由余家庭转交到，希检收，以免久盼为幸。刻拟（据）令弟云云，伊之岳父此次回国，尝至侄台家中坐谈，令堂竟不分皂白，对渠说及当楷旭未结婚时，家中批信未尝间断，今则批信少,八月初三日（约1942前）,外洋步潜,潮汕楷模、楷钦两侄,325,0,步潜,楷模、楷钦两侄,岳父,high,广东侨乡；海外,"[{""record_id"": ""CSQP-SFHC-TEXT-095"", ""raw_text"": ""法币两元"", ""amount_text"": ""两元"", ""amount_number"": 2, ""currency"": ""国币"", ""sentence"": ""兹缘令弟前天，来予店中坐谈，托将法币两元递交，今逢轮便，特由余家庭转交到，希检收，以免久盼为幸。"", ""is_primary_candidate"": true, ""source_field"": ""body_clean""}]",八月初三日（约1942前），外洋步潜寄潮汕楷模、楷钦两侄；外洋步潜；潮汕楷模、楷钦两侄；步潜；楷模、楷钦两侄；岳父；弟；侄；叔；广东侨乡；海外；法币两元；国币；family_affection；remittance；instruction；marriage；潮汕；广东；法币；元；八月；初三；外洋；楷模；楷钦；侨乡；两元；family；affection；兹缘；令弟；前天；来予；递交；今逢轮；特由余；家庭；转交；检收；以免；久盼；为幸；刻拟；云云；伊之；此次；回国；尝至；侄台；家中；坐谈；令堂；不分皂白；对渠；楷旭未；结婚；批信；未尝；间断；今则；少稀；漠不关心；殊为；离奇；发言；不但；气色；不逊；略有；恼怒；怨恨；情况；闻言；心中；忿火中烧；来助；立即；他人；历陈
CSQP-SFHC-TEXT-096,96,九月初二日（约1942前），外洋陈孝先寄潮汕姑母大人,pdf_pages=135；book_pages=106,1,medium,0,"姑母大人尊前福安：
敬禀者，兹奉上中央币肆元，到祈晒纳。表兄刻产下有多少儿女，表弟耀才身弱须（需）着【要】调补，耀锡近岂是作小贩生涯否？祈示知之，至侄之姻亲事，须借问该女品性诚实、端庄，方可联姻为要。大人年高，请自珍重，以养暮景之乐也。此禀，即请
万安

侄陈孝先禀
九月初二日","姑母大人尊前福安：
敬禀者，兹奉上中央币肆元，到祈晒纳。表兄刻产下有多少儿女，表弟耀才身弱须（需）着【要】调补，耀锡近岂是作小贩生涯否？祈示知之，至侄之姻亲事，须借问该女品性诚实、端庄，方可联姻为要。大人年高，请自珍重，以养暮景之乐也。此禀，即请
万安

侄陈孝先禀
九月初二日","姑母大人尊前福安：
敬禀者，兹奉上中央币肆元，到祈晒纳。表兄刻产下有多少儿女，表弟耀才身弱须（需）着【要】调补，耀锡近岂是作小贩生涯否？祈示知之，至侄之姻亲事，须借问该女品性诚实、端庄，方可联姻为要。大人年高，请自珍重，以养暮景之乐也。此禀，即请
万安

侄陈孝先禀
九月初二日","敬禀者，兹奉上中央币肆元，到祈晒纳。表兄刻产下有多少儿女，表弟耀才身弱须（需）着【要】调补，耀锡近岂是作小贩生涯否？祈示知之，至侄之姻亲事，须借问该女品性诚实、端庄，方可联姻为要。大人年高，请自珍重，以养暮景之乐也。此禀，即请
万安",139,5,9,外洋陈孝先,潮汕姑母大人,nephew_or_niece,elder_relative,younger_to_elder_kin,兄；弟；儿；侄；姑,潮汕姑母；姑母；表兄；下有多少儿；表弟；至侄,大人；尊前；福安,侄,海外,广东侨乡,海外,广东侨乡,潮汕->广东侨乡,海外 -> 广东侨乡,1,海外；广东侨乡,九月初二日（约1942前）,"侄陈孝先禀
九月初二日",,,九月,初二日,lunar,,medium,中央币肆元,肆元,4,国币,敬禀者，兹奉上中央币肆元，到祈晒纳。,,,1,姑母大人尊前福安：,敬禀者，兹奉上中央币肆元，到祈晒纳。,姑母大人尊前福安：,"敬禀者，兹奉上中央币肆元，到祈晒纳。表兄刻产下有多少儿女，表弟耀才身弱须（需）着【要】调补，耀锡近岂是作小贩生涯否？祈示知之，至侄之姻亲事，须借问该女品性诚实、端庄，方可联姻为要。大人年高，请自珍重，以养暮景之乐也。此禀，即请
万安",,姑母大人尊前福安：；表兄刻产下有多少儿女，表弟耀才身弱须（需）着【要】调补，耀锡近岂是作小贩生涯否？,表兄刻产下有多少儿女，表弟耀才身弱须（需）着【要】调补，耀锡近岂是作小贩生涯否？；祈示知之，至侄之姻亲事，须借问该女品性诚实、端庄，方可联姻为要。,,,"侄陈孝先禀
九月初二日",侄陈孝先禀,,1,1,0,1,0,0,0,1,0,0,0,instruction,family_affection;remittance;instruction;debt,敬禀者；禀者；尊前,,大人；尊前；福安,儿；弟,兹；祈；奉,敬禀者；尊前；福安,奉上,,须,敬禀者；禀者；尊前；大人；福安；儿；弟；兹；祈；奉,3,"姑母大人尊前福安：
敬禀者，兹奉上中央币肆元，到祈晒纳。
表兄刻产下有多少儿女，表弟耀才身弱须（需）着【要】调补，耀锡近岂是作小贩生涯否？；祈示知之，至侄之姻亲事，须借问该女品性诚实、端庄，方可联姻为要。
侄陈孝先禀",姑母大人尊前福安：,,敬禀者，兹奉上中央币肆元，到祈晒纳。,姑母大人尊前福安：；表兄刻产下有多少儿女，表弟耀才身弱须（需）着【要】调补，耀锡近岂是作小贩生涯否？,表兄刻产下有多少儿女，表弟耀才身弱须（需）着【要】调补，耀锡近岂是作小贩生涯否？；祈示知之，至侄之姻亲事，须借问该女品性诚实、端庄，方可联姻为要。,侄陈孝先禀,sender=外洋陈孝先；recipient=潮汕姑母大人；relationship=younger_to_elder_kin；date=九月初二日（约1942前）；money=肆元；currency=国币；places=潮汕->广东侨乡；kinship=兄；弟；儿；侄；姑,"九月初二日（约1942前），外洋陈孝先寄潮汕姑母大人
外洋陈孝先
潮汕姑母大人
九月初二日（约1942前）
中央币肆元
潮汕->广东侨乡
family_affection;remittance;instruction;debt
敬禀者，兹奉上中央币肆元，到祈晒纳。表兄刻产下有多少儿女，表弟耀才身弱须（需）着【要】调补，耀锡近岂是作小贩生涯否？祈示知之，至侄之姻亲事，须借问该女品性诚实、端庄，方可联姻为要。大人年高，请自珍重，以养暮景之乐也。此禀，即请
万安",题名：九月初二日（约1942前），外洋陈孝先寄潮汕姑母大人；寄批人：外洋陈孝先；收批人：潮汕姑母大人；日期：九月初二日（约1942前）；汇款：中央币肆元；主题：family_affection;remittance;instruction;debt；正文摘录：敬禀者，兹奉上中央币肆元，到祈晒纳。表兄刻产下有多少儿女，表弟耀才身弱须（需）着【要】调补，耀锡近岂是作小贩生涯否？祈示知之，至侄之姻亲事，须借问该女品性诚实、端庄，方可联姻为要。大人年高，请自珍重，以养暮景之乐也。此禀，即请万安,九月初二日（约1942前）,外洋陈孝先,潮汕姑母大人,115,0,陈孝先,姑母,兄,high,广东侨乡；海外,"[{""record_id"": ""CSQP-SFHC-TEXT-096"", ""raw_text"": ""中央币肆元"", ""amount_text"": ""肆元"", ""amount_number"": 4, ""currency"": ""国币"", ""sentence"": ""敬禀者，兹奉上中央币肆元，到祈晒纳。"", ""is_primary_candidate"": true, ""source_field"": ""body_clean""}]",九月初二日（约1942前），外洋陈孝先寄潮汕姑母大人；外洋陈孝先；潮汕姑母大人；陈孝先；姑母；兄；弟；儿；侄；姑；广东侨乡；海外；中央币肆元；国币；family_affection；remittance；instruction；debt；潮汕；广东；中央币；元；敬禀者；尊前；福安；九月初；二日；外洋；陈孝；先寄；侨乡；中央；肆元；family；affection；禀者；祈晒纳；表兄；产下；多少；儿女；表弟；耀才；身弱；调补；耀锡近；小贩；生涯；祈示；姻亲；借问；品性；诚实；端庄；方可；联姻；珍重；以养；暮景；之乐；万安
CSQP-SFHC-TEXT-097,97,初三日（约1942前），暹曾君干寄澄邑渡头曾耀举之母,pdf_pages=136；book_pages=107,1,low,0,"寄批人：暹曾君干
收批人：澄邑渡头曾耀举之母
批款：中央银贰拾元
日期：初三日

母亲大人慈鉴：
兹适返汕之便，付去大洋银贰拾元，抵时查收，家中应用。余事后叩。此请
金安

初三日
男耀举禀","寄批人：暹曾君干
收批人：澄邑渡头曾耀举之母
批款：中央银贰拾元
日期：初三日

母亲大人慈鉴：
兹适返汕之便，付去大洋银贰拾元，抵时查收，家中应用。余事后叩。此请
金安

初三日
男耀举禀","母亲大人慈鉴：
兹适返汕之便，付去大洋银贰拾元，抵时查收，家中应用。余事后叩。此请
金安

初三日
男耀举禀","兹适返汕之便，付去大洋银贰拾元，抵时查收，家中应用。余事后叩。此请
金安",95,9,7,暹曾君干,澄邑渡头曾耀举之母,child,parent,child_to_parent,母亲；男,曾耀举之母,大人,男,泰国,广东澄海,泰国,广东澄海,澄邑->广东澄海；暹->泰国,泰国 -> 广东澄海,1,泰国；广东侨乡,初三日,"男耀举禀
初三日",,,,初三日,lunar,,low,中央银贰拾元,贰拾元,20,银元,兹适返汕之便，付去大洋银贰拾元，抵时查收，家中应用。,,兹适返汕之便，付去大洋银贰拾元，抵时查收，家中应用。,1,母亲大人慈鉴：,,,"兹适返汕之便，付去大洋银贰拾元，抵时查收，家中应用。余事后叩。此请
金安",,母亲大人慈鉴：；兹适返汕之便，付去大洋银贰拾元，抵时查收，家中应用。,,,,"男耀举禀
初三日",男耀举禀,,1,1,0,0,0,0,0,0,0,0,0,remittance,family_affection;remittance,,,大人；金安,叩,兹,查收；金安,付去；查收,,,大人；金安；叩；兹；查收,2,"母亲大人慈鉴：
兹适返汕之便，付去大洋银贰拾元，抵时查收，家中应用。
男耀举禀",母亲大人慈鉴：,,兹适返汕之便，付去大洋银贰拾元，抵时查收，家中应用。,母亲大人慈鉴：；兹适返汕之便，付去大洋银贰拾元，抵时查收，家中应用。,,男耀举禀,sender=暹曾君干；recipient=澄邑渡头曾耀举之母；relationship=child_to_parent；date=初三日；money=贰拾元；currency=银元；places=澄邑->广东澄海；暹->泰国；kinship=母亲；男,"初三日（约1942前），暹曾君干寄澄邑渡头曾耀举之母
暹曾君干
澄邑渡头曾耀举之母
初三日
中央银贰拾元
澄邑->广东澄海；暹->泰国
family_affection;remittance
兹适返汕之便，付去大洋银贰拾元，抵时查收，家中应用。余事后叩。此请
金安",题名：初三日（约1942前），暹曾君干寄澄邑渡头曾耀举之母；寄批人：暹曾君干；收批人：澄邑渡头曾耀举之母；日期：初三日；汇款：中央银贰拾元；主题：family_affection;remittance；正文摘录：兹适返汕之便，付去大洋银贰拾元，抵时查收，家中应用。余事后叩。此请金安,初三日（约1942前）,暹曾君干,澄邑渡头曾耀举之母,35,0,曾君干,渡头曾耀举之母,母亲,high,广东澄海；泰国,"[{""record_id"": ""CSQP-SFHC-TEXT-097"", ""raw_text"": ""银贰拾元"", ""amount_text"": ""贰拾元"", ""amount_number"": 20, ""currency"": ""银元"", ""sentence"": ""批款：中央银贰拾元"", ""is_primary_candidate"": true, ""source_field"": ""body_clean""}, {""record_id"": ""CSQP-SFHC-TEXT-097"", ""raw_text"": ""大洋银贰拾元"", ""amount_text"": ""贰拾元"", ""amount_number"": 20, ""currency"": ""大洋"", ""sentence"": ""兹适返汕之便，付去大洋银贰拾元，抵时查收，家中应用。"", ""is_primary_candidate"": false, ""source_field"": ""body_clean""}]",初三日（约1942前），暹曾君干寄澄邑渡头曾耀举之母；暹曾君干；澄邑渡头曾耀举之母；曾君干；渡头曾耀举之母；母亲；男；广东澄海；泰国；中央银贰拾元；银元；family_affection；remittance；澄海；澄邑；广东；大洋银；大洋；洋银；银；元；查收；金安；初三；君干；寄澄邑；渡头；曾耀举；之母；曾君；中央；拾元；family；affection；适返；汕之便；抵时；家中；应用；事后；此请
CSQP-SFHC-TEXT-098,98,民国卅四年（1945）九月廿五号，外洋继豪寄潮汕母亲大人,pdf_pages=137；book_pages=108,1,high,0,"母亲大人膝下：
敬禀者，数载于兹，几经惊险。今幸联军胜利，和平降临，儿身康健平安，诚堪告慰耳。数年来，儿对于家中，一刻未能忘怀，家中自大人以下，谅必俱各平安，甚以为念。连年接济中断，家境定难维持，若得早日恢复通汇，儿当即刻汇款接济也。继源大哥现在马六甲，平安无恙，木松姻兄现在麻坡，亦告平安，请勿介意。唐中诸亲朋戚友，未知境况若何？祈大人代为致意，余容后告。敬请
金安

儿继豪谨禀
民国卅四年九月廿五号

如得通邮回信，可寄交新嘉坡大坡钮米芝律门牌三十号交便妥。","母亲大人膝下：
敬禀者，数载于兹，几经惊险。今幸联军胜利，和平降临，儿身康健平安，诚堪告慰耳。数年来，儿对于家中，一刻未能忘怀，家中自大人以下，谅必俱各平安，甚以为念。连年接济中断，家境定难维持，若得早日恢复通汇，儿当即刻汇款接济也。继源大哥现在马六甲，平安无恙，木松姻兄现在麻坡，亦告平安，请勿介意。唐中诸亲朋戚友，未知境况若何？祈大人代为致意，余容后告。敬请
金安

儿继豪谨禀
民国卅四年九月廿五号

如得通邮回信，可寄交新嘉坡大坡钮米芝律门牌三十号交便妥。","母亲大人膝下：
敬禀者，数载于兹，几经惊险。今幸联军胜利，和平降临，儿身康健平安，诚堪告慰耳。数年来，儿对于家中，一刻未能忘怀，家中自大人以下，谅必俱各平安，甚以为念。连年接济中断，家境定难维持，若得早日恢复通汇，儿当即刻汇款接济也。继源大哥现在马六甲，平安无恙，木松姻兄现在麻坡，亦告平安，请勿介意。唐中诸亲朋戚友，未知境况若何？祈大人代为致意，余容后告。敬请
金安

儿继豪谨禀
民国卅四年九月廿五号

如得通邮回信，可寄交新嘉坡大坡钮米芝律门牌三十号交便妥。","敬禀者，数载于兹，几经惊险。今幸联军胜利，和平降临，儿身康健平安，诚堪告慰耳。数年来，儿对于家中，一刻未能忘怀，家中自大人以下，谅必俱各平安，甚以为念。连年接济中断，家境定难维持，若得早日恢复通汇，儿当即刻汇款接济也。继源大哥现在马六甲，平安无恙，木松姻兄现在麻坡，亦告平安，请勿介意。唐中诸亲朋戚友，未知境况若何？祈大人代为致意，余容后告。敬请
金安
如得通邮回信，可寄交新嘉坡大坡钮米芝律门牌三十号交便妥。",232,6,13,外洋继豪,潮汕母亲大人,child,parent,child_to_parent,母亲；兄；儿,潮汕母；木松姻兄,大人；膝下,儿,海外,广东侨乡,海外,广东侨乡,新嘉坡->新加坡；潮汕->广东侨乡,海外 -> 广东侨乡,1,海外；广东侨乡；新加坡,民国卅四年（1945）九月廿五号,"儿继豪谨禀
民国卅四年九月廿五号",民国卅四年,1945,九月,廿五号,solar,民国,high,,,,,,,如得通邮回信，可寄交新嘉坡大坡钮米芝律门牌三十号交便妥。,0,母亲大人膝下：,敬禀者，数载于兹，几经惊险。,今幸联军胜利，和平降临，儿身康健平安，诚堪告慰耳。,"敬禀者，数载于兹，几经惊险。今幸联军胜利，和平降临，儿身康健平安，诚堪告慰耳。数年来，儿对于家中，一刻未能忘怀，家中自大人以下，谅必俱各平安，甚以为念。连年接济中断，家境定难维持，若得早日恢复通汇，儿当即刻汇款接济也。继源大哥现在马六甲，平安无恙，木松姻兄现在麻坡，亦告平安，请勿介意。唐中诸亲朋戚友，未知境况若何？祈大人代为致意，余容后告。敬请
金安
如得通邮回信，可寄交新嘉坡大坡钮米芝律门牌三十号交便妥。",今幸联军胜利，和平降临，儿身康健平安，诚堪告慰耳。；数年来，儿对于家中，一刻未能忘怀，家中自大人以下，谅必俱各平安，甚以为念。,母亲大人膝下：；今幸联军胜利，和平降临，儿身康健平安，诚堪告慰耳。,,,谨禀,"儿继豪谨禀
民国卅四年九月廿五号",儿继豪谨禀,,1,0,1,0,0,0,0,0,0,0,0,safety_report,family_affection;safety,敬禀者；禀者；膝下,谨禀,大人；膝下；金安,儿；谨,兹；祈；谅；容后,敬禀者；膝下；谨禀；金安；容后,,平安；无恙,,敬禀者；禀者；膝下；谨禀；大人；金安；儿；谨；兹；祈；谅；容后,3,"母亲大人膝下：
敬禀者，数载于兹，几经惊险。
今幸联军胜利，和平降临，儿身康健平安，诚堪告慰耳。；数年来，儿对于家中，一刻未能忘怀，家中自大人以下，谅必俱各平安，甚以为念。
儿继豪谨禀",母亲大人膝下：,今幸联军胜利，和平降临，儿身康健平安，诚堪告慰耳。；数年来，儿对于家中，一刻未能忘怀，家中自大人以下，谅必俱各平安，甚以为念。,,母亲大人膝下：；今幸联军胜利，和平降临，儿身康健平安，诚堪告慰耳。,,儿继豪谨禀,sender=外洋继豪；recipient=潮汕母亲大人；relationship=child_to_parent；date=民国卅四年（1945）九月廿五号；places=新嘉坡->新加坡；潮汕->广东侨乡；kinship=母亲；兄；儿,"民国卅四年（1945）九月廿五号，外洋继豪寄潮汕母亲大人
外洋继豪
潮汕母亲大人
民国卅四年（1945）九月廿五号
新嘉坡->新加坡；潮汕->广东侨乡
family_affection;safety
敬禀者，数载于兹，几经惊险。今幸联军胜利，和平降临，儿身康健平安，诚堪告慰耳。数年来，儿对于家中，一刻未能忘怀，家中自大人以下，谅必俱各平安，甚以为念。连年接济中断，家境定难维持，若得早日恢复通汇，儿当即刻汇款接济也。继源大哥现在马六甲，平安无恙，木松姻兄现在麻坡，亦告平安，请勿介意。唐中诸亲朋戚友，未知境况若何？祈大人代为致意，余容后告。敬请
金安
如得通邮回信，可寄交新嘉坡大坡钮米芝律门牌三十号交便妥。",题名：民国卅四年（1945）九月廿五号，外洋继豪寄潮汕母亲大人；寄批人：外洋继豪；收批人：潮汕母亲大人；日期：民国卅四年（1945）九月廿五号；主题：family_affection;safety；正文摘录：敬禀者，数载于兹，几经惊险。今幸联军胜利，和平降临，儿身康健平安，诚堪告慰耳。数年来，儿对于家中，一刻未能忘怀，家中自大人以下，谅必俱各平安，甚以为念。连年接济中断，家境定难维持，若得早日恢复通汇，儿当即刻汇款接济也。继源大哥现在马六甲，平,民国卅四年（1945）九月廿五号,外洋继豪,潮汕母亲大人,203,0,继豪,母亲,母亲,high,广东侨乡；新加坡；海外,[],民国卅四年（1945）九月廿五号，外洋继豪寄潮汕母亲大人；外洋继豪；潮汕母亲大人；继豪；母亲；兄；儿；广东侨乡；新加坡；海外；family_affection；safety；新嘉坡；潮汕；广东；敬禀者；膝下；谨禀；金安；容后；民国；四年；九月；廿五；外洋；侨乡；family；affection；禀者；数载；于兹；几经；惊险；今幸；联军；胜利；和平；降临；儿身；康健；平安；诚堪；告慰；数年；对于；家中；一刻；未能忘怀；以下；谅必；以为；连年；接济；中断；家境；定难；维持；若得；早日；恢复；通汇；儿当；即刻；汇款；继源；大哥；现在；马六甲；平安无恙；木松；姻兄；麻坡；亦告；请勿；介意；唐中；亲朋；戚友；未知；境况
CSQP-SFHC-TEXT-099,99,民国卅四年（1945）阴历十月十三日，外洋陈广臣寄潮汕慈亲大人,pdf_pages=138；book_pages=109,1,high,0,"慈亲大人慈鉴：
敬禀者，自东亚战争爆（爆）发，新加坡失守以来，忽已四年。日寇入境之后，音信断绝，儿时时每念塘（唐）中合家老幼，以及叔姊兄弟等，维视平安为盼。然自儿出洋之后，家中各事全奈（赖）贤妻照料侍奉堂上，生为儿子而不能随膝侍奉，不胜遗憾之至。然儿在外身体平安，现身边已生一男一女，女年六岁，男年二岁，均各平安，现今仍在旧时做工之牛奶厂办事，候批局汇兑通行时，自当寄银回塘（唐），以安家情。但家中现时生活如何，望祈示知。倘身边稍存多少，自当收拾回塘（唐），以慰老幼之企望也。如有寄信时，可寄到新加坡小坡亚拉街门牌九十五号，作光代转可也。兹承空邮之便，专此，并候
金安

民国卅四年阴历十月十三日  儿陈广臣叩上","慈亲大人慈鉴：
敬禀者，自东亚战争爆（爆）发，新加坡失守以来，忽已四年。日寇入境之后，音信断绝，儿时时每念塘（唐）中合家老幼，以及叔姊兄弟等，维视平安为盼。然自儿出洋之后，家中各事全奈（赖）贤妻照料侍奉堂上，生为儿子而不能随膝侍奉，不胜遗憾之至。然儿在外身体平安，现身边已生一男一女，女年六岁，男年二岁，均各平安，现今仍在旧时做工之牛奶厂办事，候批局汇兑通行时，自当寄银回塘（唐），以安家情。但家中现时生活如何，望祈示知。倘身边稍存多少，自当收拾回塘（唐），以慰老幼之企望也。如有寄信时，可寄到新加坡小坡亚拉街门牌九十五号，作光代转可也。兹承空邮之便，专此，并候
金安

民国卅四年阴历十月十三日 儿陈广臣叩上","慈亲大人慈鉴：
敬禀者，自东亚战争爆（爆）发，新加坡失守以来，忽已四年。日寇入境之后，音信断绝，儿时时每念塘（唐）中合家老幼，以及叔姊兄弟等，维视平安为盼。然自儿出洋之后，家中各事全奈（赖）贤妻照料侍奉堂上，生为儿子而不能随膝侍奉，不胜遗憾之至。然儿在外身体平安，现身边已生一男一女，女年六岁，男年二岁，均各平安，现今仍在旧时做工之牛奶厂办事，候批局汇兑通行时，自当寄银回塘（唐），以安家情。但家中现时生活如何，望祈示知。倘身边稍存多少，自当收拾回塘（唐），以慰老幼之企望也。如有寄信时，可寄到新加坡小坡亚拉街门牌九十五号，作光代转可也。兹承空邮之便，专此，并候
金安

民国卅四年阴历十月十三日 儿陈广臣叩上","敬禀者，自东亚战争爆（爆）发，新加坡失守以来，忽已四年。日寇入境之后，音信断绝，儿时时每念塘（唐）中合家老幼，以及叔姊兄弟等，维视平安为盼。然自儿出洋之后，家中各事全奈（赖）贤妻照料侍奉堂上，生为儿子而不能随膝侍奉，不胜遗憾之至。然儿在外身体平安，现身边已生一男一女，女年六岁，男年二岁，均各平安，现今仍在旧时做工之牛奶厂办事，候批局汇兑通行时，自当寄银回塘（唐），以安家情。但家中现时生活如何，望祈示知。倘身边稍存多少，自当收拾回塘（唐），以慰老幼之企望也。如有寄信时，可寄到新加坡小坡亚拉街门牌九十五号，作光代转可也。兹承空邮之便，专此，并候
金安",305,4,11,外洋陈广臣,潮汕慈亲大人,child,parent,child_to_parent,慈亲；兄；弟；妻；贤妻；儿；男；姊；叔,以及叔姊兄；然自儿；贤妻；生为儿；然儿,大人,儿,海外,广东侨乡,海外,广东侨乡,新加坡；潮汕->广东侨乡,海外 -> 广东侨乡,1,海外；广东侨乡；新加坡,民国卅四年（1945）阴历十月十三日,民国卅四年阴历十月十三日 儿陈广臣叩上,民国卅四年,1945,十月,十三日,solar,民国,high,,,,,,,,0,慈亲大人慈鉴：,敬禀者，自东亚战争爆（爆）发，新加坡失守以来，忽已四年。,日寇入境之后，音信断绝，儿时时每念塘（唐）中合家老幼，以及叔姊兄弟等，维视平安为盼。,"敬禀者，自东亚战争爆（爆）发，新加坡失守以来，忽已四年。日寇入境之后，音信断绝，儿时时每念塘（唐）中合家老幼，以及叔姊兄弟等，维视平安为盼。然自儿出洋之后，家中各事全奈（赖）贤妻照料侍奉堂上，生为儿子而不能随膝侍奉，不胜遗憾之至。然儿在外身体平安，现身边已生一男一女，女年六岁，男年二岁，均各平安，现今仍在旧时做工之牛奶厂办事，候批局汇兑通行时，自当寄银回塘（唐），以安家情。但家中现时生活如何，望祈示知。倘身边稍存多少，自当收拾回塘（唐），以慰老幼之企望也。如有寄信时，可寄到新加坡小坡亚拉街门牌九十五号，作光代转可也。兹承空邮之便，专此，并候
金安",日寇入境之后，音信断绝，儿时时每念塘（唐）中合家老幼，以及叔姊兄弟等，维视平安为盼。；然儿在外身体平安，现身边已生一男一女，女年六岁，男年二岁，均各平安，现今仍在旧时做工之牛奶厂办事，候批局汇兑通行时，自当寄银回塘（唐），以安家情。,日寇入境之后，音信断绝，儿时时每念塘（唐）中合家老幼，以及叔姊兄弟等，维视平安为盼。；然自儿出洋之后，家中各事全奈（赖）贤妻照料侍奉堂上，生为儿子而不能随膝侍奉，不胜遗憾之至。,,,叩上,民国卅四年阴历十月十三日 儿陈广臣叩上,民国卅四年阴历十月十三日 儿陈广臣叩上,,1,1,1,0,0,1,1,0,1,0,0,health_care,family_affection;remittance;safety;health;work;marriage,敬禀者；禀者,叩上,大人；贤妻；金安,儿；弟；叩,兹；祈；奉；承；不胜,敬禀者；叩上；金安,,平安,,敬禀者；禀者；叩上；大人；贤妻；金安；儿；弟；叩；兹；祈；奉；承；不胜,3,"慈亲大人慈鉴：
敬禀者，自东亚战争爆（爆）发，新加坡失守以来，忽已四年。
日寇入境之后，音信断绝，儿时时每念塘（唐）中合家老幼，以及叔姊兄弟等，维视平安为盼。；然儿在外身体平安，现身边已生一男一女，女年六岁，男年二岁，均各平安，现今仍在旧时做工之牛奶厂办事，候批局汇兑通行时，自当寄银回塘（唐），以安家情。
民国卅四年阴历十月十三日 儿陈广臣叩上",慈亲大人慈鉴：,日寇入境之后，音信断绝，儿时时每念塘（唐）中合家老幼，以及叔姊兄弟等，维视平安为盼。；然儿在外身体平安，现身边已生一男一女，女年六岁，男年二岁，均各平安，现今仍在旧时做工之牛奶厂办事，候批局汇兑通行时，自当寄银回塘（唐），以安家情。,,日寇入境之后，音信断绝，儿时时每念塘（唐）中合家老幼，以及叔姊兄弟等，维视平安为盼。；然自儿出洋之后，家中各事全奈（赖）贤妻照料侍奉堂上，生为儿子而不能随膝侍奉，不胜遗憾之至。,,民国卅四年阴历十月十三日 儿陈广臣叩上,sender=外洋陈广臣；recipient=潮汕慈亲大人；relationship=child_to_parent；date=民国卅四年（1945）阴历十月十三日；places=新加坡；潮汕->广东侨乡；kinship=慈亲；兄；弟；妻；贤妻；儿；男；姊；叔,"民国卅四年（1945）阴历十月十三日，外洋陈广臣寄潮汕慈亲大人
外洋陈广臣
潮汕慈亲大人
民国卅四年（1945）阴历十月十三日
新加坡；潮汕->广东侨乡
family_affection;remittance;safety;health;work;marriage
敬禀者，自东亚战争爆（爆）发，新加坡失守以来，忽已四年。日寇入境之后，音信断绝，儿时时每念塘（唐）中合家老幼，以及叔姊兄弟等，维视平安为盼。然自儿出洋之后，家中各事全奈（赖）贤妻照料侍奉堂上，生为儿子而不能随膝侍奉，不胜遗憾之至。然儿在外身体平安，现身边已生一男一女，女年六岁，男年二岁，均各平安，现今仍在旧时做工之牛奶厂办事，候批局汇兑通行时，自当寄银回塘（唐），以安家情。但家中现时生活如何，望祈示知。倘身边稍存多少，自当收拾回塘（唐），以慰老幼之企望也。如有寄信时，可寄到新加坡小坡亚拉街门牌九十五号，作光代转可也。兹承空邮之便，专此，并候
金安",题名：民国卅四年（1945）阴历十月十三日，外洋陈广臣寄潮汕慈亲大人；寄批人：外洋陈广臣；收批人：潮汕慈亲大人；日期：民国卅四年（1945）阴历十月十三日；主题：family_affection;remittance;safety;health;work;marriage；正文摘录：敬禀者，自东亚战争爆（爆）发，新加坡失守以来，忽已四年。日寇入境之后，音信断绝，儿时时每念塘（唐）中合家老幼，以及叔姊兄弟等，维视平安为盼。然自儿出洋之后，家中各事全奈（赖）贤妻照料侍奉堂上，生为儿子而不能随膝侍奉，不胜遗憾之至。然儿在外身,民国卅四年（1945）阴历十月十三日,外洋陈广臣,潮汕慈亲大人,275,0,陈广臣,慈亲,慈亲,high,广东侨乡；新加坡；海外,[],民国卅四年（1945）阴历十月十三日，外洋陈广臣寄潮汕慈亲大人；外洋陈广臣；潮汕慈亲大人；陈广臣；慈亲；兄；弟；妻；贤妻；儿；男；姊；叔；广东侨乡；新加坡；海外；family_affection；remittance；safety；health；work；marriage；潮汕；广东；银；敬禀者；叩上；金安；民国；四年；阴历；十月；十三日；外洋；侨乡；family；affection；禀者；不胜；东亚；战争；失守；以来；日寇；入境；之后；音信；断绝；儿时；每念塘；合家；老幼；兄弟；维视；平安；然自儿；出洋；家中；各事；全奈；照料；侍奉；堂上；儿子；不能；随膝；遗憾；然儿；在外；身体；身边；已生；一男一女；女年；六岁；男年；二岁；现今；旧时；做工
CSQP-SFHC-TEXT-100,100,民国卅四年（1945）十二月廿五日，叻陈昌凯寄潮安鳌头乡家母亲大人,pdf_pages=139；book_pages=110,1,low,0,"寄批人：叻陈昌凯
收批人：潮安鳌头乡家母亲大人
批款：国币壹仟元
日期：民国卅四年十一月廿五日

母亲大人玉启：
敬禀者，刻寄去国币壹仟元正，至时查收是幸。二地平安，余言不叙，喜之胜也。肃此，敬请
大安

儿昌凯顿
民国卅四年十一月廿五日","寄批人：叻陈昌凯
收批人：潮安鳌头乡家母亲大人
批款：国币壹仟元
日期：民国卅四年十一月廿五日

母亲大人玉启：
敬禀者，刻寄去国币壹仟元正，至时查收是幸。二地平安，余言不叙，喜之胜也。肃此，敬请
大安

儿昌凯顿
民国卅四年十一月廿五日","母亲大人玉启：
敬禀者，刻寄去国币壹仟元正，至时查收是幸。二地平安，余言不叙，喜之胜也。肃此，敬请
大安

儿昌凯顿
民国卅四年十一月廿五日","敬禀者，刻寄去国币壹仟元正，至时查收是幸。二地平安，余言不叙，喜之胜也。肃此，敬请
大安",119,9,7,叻陈昌凯,潮安鳌头乡家母亲大人,child,parent,child_to_parent,母亲；儿,鳌头乡家母,大人,儿,新加坡,广东潮安,新加坡,广东潮安,潮安->广东潮安；叻->新加坡,新加坡 -> 广东潮安,1,新加坡；广东侨乡,民国卅四年十一月廿五日,"儿昌凯顿
民国卅四年十一月廿五日",民国卅四年,1945,十一月,廿五日,solar,民国,high,国币壹仟元,壹仟元,1000,国币,敬禀者，刻寄去国币壹仟元正，至时查收是幸。,,敬禀者，刻寄去国币壹仟元正，至时查收是幸。,1,母亲大人玉启：,敬禀者，刻寄去国币壹仟元正，至时查收是幸。,二地平安，余言不叙，喜之胜也。,"敬禀者，刻寄去国币壹仟元正，至时查收是幸。二地平安，余言不叙，喜之胜也。肃此，敬请
大安",二地平安，余言不叙，喜之胜也。,母亲大人玉启：；儿昌凯顿,,,顿,"儿昌凯顿
民国卅四年十一月廿五日",儿昌凯顿,,1,1,1,0,0,0,0,0,0,0,0,safety_report,family_affection;remittance;safety,敬禀者；禀者,启,大人,儿,,敬禀者；查收,寄去；查收,平安,,敬禀者；禀者；启；大人；儿；查收,2,"母亲大人玉启：
敬禀者，刻寄去国币壹仟元正，至时查收是幸。
二地平安，余言不叙，喜之胜也。
儿昌凯顿",母亲大人玉启：,二地平安，余言不叙，喜之胜也。,敬禀者，刻寄去国币壹仟元正，至时查收是幸。,母亲大人玉启：；儿昌凯顿,,儿昌凯顿,sender=叻陈昌凯；recipient=潮安鳌头乡家母亲大人；relationship=child_to_parent；date=民国卅四年十一月廿五日；money=壹仟元；currency=国币；places=潮安->广东潮安；叻->新加坡；kinship=母亲；儿,"民国卅四年（1945）十二月廿五日，叻陈昌凯寄潮安鳌头乡家母亲大人
叻陈昌凯
潮安鳌头乡家母亲大人
民国卅四年十一月廿五日
国币壹仟元
潮安->广东潮安；叻->新加坡
family_affection;remittance;safety
敬禀者，刻寄去国币壹仟元正，至时查收是幸。二地平安，余言不叙，喜之胜也。肃此，敬请
大安",题名：民国卅四年（1945）十二月廿五日，叻陈昌凯寄潮安鳌头乡家母亲大人；寄批人：叻陈昌凯；收批人：潮安鳌头乡家母亲大人；日期：民国卅四年十一月廿五日；汇款：国币壹仟元；主题：family_affection;remittance;safety；正文摘录：敬禀者，刻寄去国币壹仟元正，至时查收是幸。二地平安，余言不叙，喜之胜也。肃此，敬请大安,民国卅四年（1945）十二月廿五日,叻陈昌凯,潮安鳌头乡家母亲大人,43,0,陈昌凯,母亲,母亲,high,广东潮安；新加坡,"[{""record_id"": ""CSQP-SFHC-TEXT-100"", ""raw_text"": ""国币壹仟元"", ""amount_text"": ""壹仟元"", ""amount_number"": 1000, ""currency"": ""国币"", ""sentence"": ""批款：国币壹仟元"", ""is_primary_candidate"": true, ""source_field"": ""body_clean""}, {""record_id"": ""CSQP-SFHC-TEXT-100"", ""raw_text"": ""国币壹仟元"", ""amount_text"": ""壹仟元"", ""amount_number"": 1000, ""currency"": ""国币"", ""sentence"": ""敬禀者，刻寄去国币壹仟元正，至时查收是幸。"", ""is_primary_candidate"": false, ""source_field"": ""body_clean""}]",民国卅四年（1945）十二月廿五日，叻陈昌凯寄潮安鳌头乡家母亲大人；叻陈昌凯；潮安鳌头乡家母亲大人；陈昌凯；母亲；儿；广东潮安；新加坡；国币壹仟元；国币；family_affection；remittance；safety；潮安；广东；元；敬禀者；查收；民国；四年；十二月；廿五日；鳌头；乡家；壹仟；family；affection；禀者；刻寄去；元正；至时；二地；平安；余言；喜之胜；肃此；大安
CSQP-SFHC-TEXT-101,101,民国卅五年（1946）四月初四日，外洋陈静卿寄潮汕祝荣嫦,pdf_pages=140；book_pages=111,1,high,0,"祝荣姊英鉴：
自别以来，无时不念吾姊也。近维吾姊起居清泰，合家平安为慰。兹自日本侵战之后，人民受苦者不计其算（数），此令人痛恨也。今以（已）世界和平，各事如昔，诚为乐哉！余因近来甚是拮据，故有慢寄，祈为谅之。俺家之厝按当与你，至切不可发卖，现今该厝预要续（赎）回，良（银）项若干，祈写明来知乃荷。兹付去国币（币）三仟元，至祈查收。内抹五佰元，送交老婶，余为吾姊之用。见信之日祈代道候，唐中诸祖姑等人，顺此告知，余容后陈。并问
近安

愚姆陈静卿启
民国卅五年四月初四日","祝荣姊英鉴：
自别以来，无时不念吾姊也。近维吾姊起居清泰，合家平安为慰。兹自日本侵战之后，人民受苦者不计其算（数），此令人痛恨也。今以（已）世界和平，各事如昔，诚为乐哉！余因近来甚是拮据，故有慢寄，祈为谅之。俺家之厝按当与你，至切不可发卖，现今该厝预要续（赎）回，良（银）项若干，祈写明来知乃荷。兹付去国币（币）三仟元，至祈查收。内抹五佰元，送交老婶，余为吾姊之用。见信之日祈代道候，唐中诸祖姑等人，顺此告知，余容后陈。并问
近安

愚姆陈静卿启
民国卅五年四月初四日","祝荣姊英鉴：
自别以来，无时不念吾姊也。近维吾姊起居清泰，合家平安为慰。兹自日本侵战之后，人民受苦者不计其算（数），此令人痛恨也。今以（已）世界和平，各事如昔，诚为乐哉！余因近来甚是拮据，故有慢寄，祈为谅之。俺家之厝按当与你，至切不可发卖，现今该厝预要续（赎）回，良（银）项若干，祈写明来知乃荷。兹付去国币（币）三仟元，至祈查收。内抹五佰元，送交老婶，余为吾姊之用。见信之日祈代道候，唐中诸祖姑等人，顺此告知，余容后陈。并问
近安

愚姆陈静卿启
民国卅五年四月初四日","自别以来，无时不念吾姊也。近维吾姊起居清泰，合家平安为慰。兹自日本侵战之后，人民受苦者不计其算（数），此令人痛恨也。今以（已）世界和平，各事如昔，诚为乐哉！余因近来甚是拮据，故有慢寄，祈为谅之。俺家之厝按当与你，至切不可发卖，现今该厝预要续（赎）回，良（银）项若干，祈写明来知乃荷。兹付去国币（币）三仟元，至祈查收。内抹五佰元，送交老婶，余为吾姊之用。见信之日祈代道候，唐中诸祖姑等人，顺此告知，余容后陈。并问
近安",234,5,14,外洋陈静卿,潮汕祝荣嫦,,sibling,sibling_or_same_generation_kin,姊；婶；姑,祝荣姊；时不念吾姊；近维吾姊；送交老婶；余为吾姊；唐中诸祖姑,英鉴,愚姆,海外,广东侨乡,海外,广东侨乡,日本；潮汕->广东侨乡,海外 -> 广东侨乡,1,海外；广东侨乡；日本,民国卅五年（1946）四月初四日,"愚姆陈静卿启
民国卅五年四月初四日",民国卅五年,1946,四月,初四日,lunar,民国,high,国币（币）三仟元,三仟元,3000,国币,兹付去国币（币）三仟元，至祈查收。,,兹付去国币（币）三仟元，至祈查收。；内抹五佰元，送交老婶，余为吾姊之用。,1,祝荣姊英鉴：,,近维吾姊起居清泰，合家平安为慰。,"自别以来，无时不念吾姊也。近维吾姊起居清泰，合家平安为慰。兹自日本侵战之后，人民受苦者不计其算（数），此令人痛恨也。今以（已）世界和平，各事如昔，诚为乐哉！余因近来甚是拮据，故有慢寄，祈为谅之。俺家之厝按当与你，至切不可发卖，现今该厝预要续（赎）回，良（银）项若干，祈写明来知乃荷。兹付去国币（币）三仟元，至祈查收。内抹五佰元，送交老婶，余为吾姊之用。见信之日祈代道候，唐中诸祖姑等人，顺此告知，余容后陈。并问
近安",近维吾姊起居清泰，合家平安为慰。,近维吾姊起居清泰，合家平安为慰。,余因近来甚是拮据，故有慢寄，祈为谅之。；俺家之厝按当与你，至切不可发卖，现今该厝预要续（赎）回，良（银）项若干，祈写明来知乃荷。,见信之日祈代道候，唐中诸祖姑等人，顺此告知，余容后陈。,启,"愚姆陈静卿启
民国卅五年四月初四日",愚姆陈静卿启,,1,1,1,1,0,0,0,1,0,0,1,instruction,family_affection;remittance;safety;instruction;debt;home_building,,启,英鉴,愚；俺,兹；祈；谅；荷；容后,祈查收；至祈查收；查收；容后,付去；查收,平安；清泰；起居,祈为；不可,启；英鉴；愚；俺；兹；祈；谅；荷；容后；祈查收；至祈查收；查收,3,"祝荣姊英鉴：
近维吾姊起居清泰，合家平安为慰。
兹付去国币（币）三仟元，至祈查收。
余因近来甚是拮据，故有慢寄，祈为谅之。；俺家之厝按当与你，至切不可发卖，现今该厝预要续（赎）回，良（银）项若干，祈写明来知乃荷。
见信之日祈代道候，唐中诸祖姑等人，顺此告知，余容后陈。
愚姆陈静卿启",祝荣姊英鉴：,近维吾姊起居清泰，合家平安为慰。,兹付去国币（币）三仟元，至祈查收。,近维吾姊起居清泰，合家平安为慰。,余因近来甚是拮据，故有慢寄，祈为谅之。；俺家之厝按当与你，至切不可发卖，现今该厝预要续（赎）回，良（银）项若干，祈写明来知乃荷。,见信之日祈代道候，唐中诸祖姑等人，顺此告知，余容后陈。；愚姆陈静卿启,sender=外洋陈静卿；recipient=潮汕祝荣嫦；relationship=sibling_or_same_generation_kin；date=民国卅五年（1946）四月初四日；money=三仟元；currency=国币；places=日本；潮汕->广东侨乡；kinship=姊；婶；姑,"民国卅五年（1946）四月初四日，外洋陈静卿寄潮汕祝荣嫦
外洋陈静卿
潮汕祝荣嫦
民国卅五年（1946）四月初四日
国币（币）三仟元
日本；潮汕->广东侨乡
family_affection;remittance;safety;instruction;debt;home_building
自别以来，无时不念吾姊也。近维吾姊起居清泰，合家平安为慰。兹自日本侵战之后，人民受苦者不计其算（数），此令人痛恨也。今以（已）世界和平，各事如昔，诚为乐哉！余因近来甚是拮据，故有慢寄，祈为谅之。俺家之厝按当与你，至切不可发卖，现今该厝预要续（赎）回，良（银）项若干，祈写明来知乃荷。兹付去国币（币）三仟元，至祈查收。内抹五佰元，送交老婶，余为吾姊之用。见信之日祈代道候，唐中诸祖姑等人，顺此告知，余容后陈。并问
近安",题名：民国卅五年（1946）四月初四日，外洋陈静卿寄潮汕祝荣嫦；寄批人：外洋陈静卿；收批人：潮汕祝荣嫦；日期：民国卅五年（1946）四月初四日；汇款：国币（币）三仟元；主题：family_affection;remittance;safety;instruction;debt;home_building；正文摘录：自别以来，无时不念吾姊也。近维吾姊起居清泰，合家平安为慰。兹自日本侵战之后，人民受苦者不计其算（数），此令人痛恨也。今以（已）世界和平，各事如昔，诚为乐哉！余因近来甚是拮据，故有慢寄，祈为谅之。俺家之厝按当与你，至切不可发卖，现今该厝预要续,民国卅五年（1946）四月初四日,外洋陈静卿,潮汕祝荣嫦,207,0,陈静卿,祝荣嫦,姊,high,广东侨乡；日本；海外,"[{""record_id"": ""CSQP-SFHC-TEXT-101"", ""raw_text"": ""国币（币）三仟元"", ""amount_text"": ""三仟元"", ""amount_number"": 3000, ""currency"": ""国币"", ""sentence"": ""兹付去国币（币）三仟元，至祈查收。"", ""is_primary_candidate"": true, ""source_field"": ""body_clean""}, {""record_id"": ""CSQP-SFHC-TEXT-101"", ""raw_text"": ""五佰元"", ""amount_text"": ""五佰元"", ""amount_number"": 500, ""currency"": ""元"", ""sentence"": ""内抹五佰元，送交老婶，余为吾姊之用。"", ""is_primary_candidate"": false, ""source_field"": ""body_clean""}]",民国卅五年（1946）四月初四日，外洋陈静卿寄潮汕祝荣嫦；外洋陈静卿；潮汕祝荣嫦；陈静卿；祝荣嫦；姊；婶；姑；广东侨乡；日本；海外；国币（币）三仟元；国币；family_affection；remittance；safety；instruction；debt；home_building；潮汕；广东；良（银）；银；元；祈查收；至祈查收；查收；容后；民国；五年；四月；初四；外洋；侨乡；三仟元；family；affection；home；building；英鉴；至祈；自别；以来；无时；不念；近维；起居；清泰；合家；平安；为慰；侵战；之后；人民；受苦；不计；其算；令人；痛恨；今以；世界；和平；各事；如昔；诚为；乐哉；余因；近来；拮据；故有；祈为；俺家；切不可；发卖；现今；预要续；若干；写明；知乃荷；兹付
CSQP-SFHC-TEXT-102,102,卅五年（1946）七月廿三，叻方源德寄潮安登云区家源木胞弟,pdf_pages=141；book_pages=112,1,needs_review,1,"寄批人：叻方源德
收批人：潮安登云区家源木胞弟
批款：国币壹万元
日期：卅五年七月廿三

胞弟源木收知：
启者，昨日接来回信，内陈各详具（俱）知。但家诸事克（刻）苦安之。现下南洋亦是干（艰）苦赚钱，粮食恐慌（慌），每月政（府）供给白米五斤与，一人食，各粮食品皆是统制。见字现着【应】把握，暂且在家取利度生，候近前南洋有乐观，正来礁商来助事，况吾夫妻后意要另娶，今（今）未如愿。兹付去国币十万元，查收应用，对家情□□任意，有利人手，自当寄厚。来助事，看后日船租会宜价纱纱【些些】，方可打算，况来助船租【费】，每名叻币三百元，祈知之。

方元德付
卅五年七月廿三","寄批人：叻方源德
收批人：潮安登云区家源木胞弟
批款：国币壹万元
日期：卅五年七月廿三

胞弟源木收知：
启者，昨日接来回信，内陈各详具（俱）知。但家诸事克（刻）苦安之。现下南洋亦是干（艰）苦赚钱，粮食恐慌（慌），每月政（府）供给白米五斤与，一人食，各粮食品皆是统制。见字现着【应】把握，暂且在家取利度生，候近前南洋有乐观，正来礁商来助事，况吾夫妻后意要另娶，今（今）未如愿。兹付去国币十万元，查收应用，对家情□□任意，有利人手，自当寄厚。来助事，看后日船租会宜价纱纱【些些】，方可打算，况来助船租【费】，每名叻币三百元，祈知之。

方元德付
卅五年七月廿三","胞弟源木收知：
启者，昨日接来回信，内陈各详具（俱）知。但家诸事克（刻）苦安之。现下南洋亦是干（艰）苦赚钱，粮食恐慌（慌），每月政（府）供给白米五斤与，一人食，各粮食品皆是统制。见字现着【应】把握，暂且在家取利度生，候近前南洋有乐观，正来礁商来助事，况吾夫妻后意要另娶，今（今）未如愿。兹付去国币十万元，查收应用，对家情□□任意，有利人手，自当寄厚。来助事，看后日船租会宜价纱纱【些些】，方可打算，况来助船租【费】，每名叻币三百元，祈知之。

方元德付
卅五年七月廿三","启者，昨日接来回信，内陈各详具（俱）知。但家诸事克（刻）苦安之。现下南洋亦是干（艰）苦赚钱，粮食恐慌（慌），每月政（府）供给白米五斤与，一人食，各粮食品皆是统制。见字现着【应】把握，暂且在家取利度生，候近前南洋有乐观，正来礁商来助事，况吾夫妻后意要另娶，今（今）未如愿。兹付去国币十万元，查收应用，对家情□□任意，有利人手，自当寄厚。来助事，看后日船租会宜价纱纱【些些】，方可打算，况来助船租【费】，每名叻币三百元，祈知之。
方元德付",279,8,9,叻方源德,潮安登云区家源木胞弟,,sibling,sibling_or_same_generation_kin,弟；妻,家源木胞弟；胞弟；况吾夫妻,收知,,新加坡,广东潮安,新加坡,广东潮安,潮安->广东潮安；叻->新加坡,新加坡 -> 广东潮安,1,新加坡；广东侨乡,卅五年七月廿三,卅五年七月廿三,1946,1946,七月,,solar,西历,high,国币壹万元,壹万元,10000,国币,兹付去国币十万元，查收应用，对家情□□任意，有利人手，自当寄厚。,,兹付去国币十万元，查收应用，对家情□□任意，有利人手，自当寄厚。,1,胞弟源木收知：,启者，昨日接来回信，内陈各详具（俱）知。,,"启者，昨日接来回信，内陈各详具（俱）知。但家诸事克（刻）苦安之。现下南洋亦是干（艰）苦赚钱，粮食恐慌（慌），每月政（府）供给白米五斤与，一人食，各粮食品皆是统制。见字现着【应】把握，暂且在家取利度生，候近前南洋有乐观，正来礁商来助事，况吾夫妻后意要另娶，今（今）未如愿。兹付去国币十万元，查收应用，对家情□□任意，有利人手，自当寄厚。来助事，看后日船租会宜价纱纱【些些】，方可打算，况来助船租【费】，每名叻币三百元，祈知之。
方元德付",,见字现着【应】把握，暂且在家取利度生，候近前南洋有乐观，正来礁商来助事，况吾夫妻后意要另娶，今（今）未如愿。,,,,卅五年七月廿三,,,1,1,0,0,0,0,0,0,1,0,0,marriage,family_affection;remittance;marriage,启者；收知,启,收知,弟,兹；祈,查收,付去；查收,,,启者；收知；启；弟；兹；祈；查收,2,"胞弟源木收知：
启者，昨日接来回信，内陈各详具（俱）知。
兹付去国币十万元，查收应用，对家情□□任意，有利人手，自当寄厚。",胞弟源木收知：,,兹付去国币十万元，查收应用，对家情□□任意，有利人手，自当寄厚。,见字现着【应】把握，暂且在家取利度生，候近前南洋有乐观，正来礁商来助事，况吾夫妻后意要另娶，今（今）未如愿。,,,sender=叻方源德；recipient=潮安登云区家源木胞弟；relationship=sibling_or_same_generation_kin；date=卅五年七月廿三；money=壹万元；currency=国币；places=潮安->广东潮安；叻->新加坡；kinship=弟；妻,"卅五年（1946）七月廿三，叻方源德寄潮安登云区家源木胞弟
叻方源德
潮安登云区家源木胞弟
卅五年七月廿三
国币壹万元
潮安->广东潮安；叻->新加坡
family_affection;remittance;marriage
启者，昨日接来回信，内陈各详具（俱）知。但家诸事克（刻）苦安之。现下南洋亦是干（艰）苦赚钱，粮食恐慌（慌），每月政（府）供给白米五斤与，一人食，各粮食品皆是统制。见字现着【应】把握，暂且在家取利度生，候近前南洋有乐观，正来礁商来助事，况吾夫妻后意要另娶，今（今）未如愿。兹付去国币十万元，查收应用，对家情□□任意，有利人手，自当寄厚。来助事，看后日船租会宜价纱纱【些些】，方可打算，况来助船租【费】，每名叻币三百元，祈知之。
方元德付",题名：卅五年（1946）七月廿三，叻方源德寄潮安登云区家源木胞弟；寄批人：叻方源德；收批人：潮安登云区家源木胞弟；日期：卅五年七月廿三；汇款：国币壹万元；主题：family_affection;remittance;marriage；正文摘录：启者，昨日接来回信，内陈各详具（俱）知。但家诸事克（刻）苦安之。现下南洋亦是干（艰）苦赚钱，粮食恐慌（慌），每月政（府）供给白米五斤与，一人食，各粮食品皆是统制。见字现着【应】把握，暂且在家取利度生，候近前南洋有乐观，正来礁商来助事，况吾夫,卅五年（1946）七月廿三,叻方源德,潮安登云区家源木胞弟,216,2,方源德,登云区家源木胞弟,妻,high,广东潮安；新加坡,"[{""record_id"": ""CSQP-SFHC-TEXT-102"", ""raw_text"": ""国币壹万元"", ""amount_text"": ""壹万元"", ""amount_number"": 10000, ""currency"": ""国币"", ""sentence"": ""批款：国币壹万元"", ""is_primary_candidate"": true, ""source_field"": ""body_clean""}, {""record_id"": ""CSQP-SFHC-TEXT-102"", ""raw_text"": ""国币十万元"", ""amount_text"": ""十万元"", ""amount_number"": 100000, ""currency"": ""国币"", ""sentence"": ""兹付去国币十万元，查收应用，对家情□□任意，有利人手，自当寄厚。"", ""is_primary_candidate"": false, ""source_field"": ""body_clean""}, {""record_id"": ""CSQP-SFHC-TEXT-102"", ""raw_text"": ""币三百元"", ""amount_text"": ""三百元"", ""amount_number"": 300, ""currency"": ""元"", ""sentence"": ""来助事，看后日船租会宜价纱纱【些些】，方可打算，况来助船租【费】，每名叻币三百元，祈知之。"", ""is_primary_candidate"": false, ""source_field"": ""body_clean""}]",卅五年（1946）七月廿三，叻方源德寄潮安登云区家源木胞弟；叻方源德；潮安登云区家源木胞弟；方源德；登云区家源木胞弟；弟；妻；广东潮安；新加坡；国币壹万元；国币；family_affection；remittance；marriage；潮安；广东；元；查收；五年；七月；廿三；登云区；家源；胞弟；万元；family；affection；启者；收知；昨日；回信；详具；但家；诸事；苦安；南洋；赚钱；粮食；恐慌；每月；供给；白米；五斤；一人食；各粮；食品；统制；见字现；把握；暂且；在家；取利度生；近前；乐观；正来；商来；助事；况吾；夫妻；后意；如愿；兹付；十万元；应用；对家情；任意；有利；人手；自当；寄厚；来助；看后；日船；租会宜；价纱纱；方可；打算；况来助；船租；每名
CSQP-SFHC-TEXT-103,103,民卅五年（1946）八月十二日，新加坡潘兆祥寄饶邑碧砂乡家慈亲大人,pdf_pages=142-143；book_pages=113-114,1,high,0,"寄批人：新加坡潘兆祥
收批人：饶邑碧砂乡家慈亲大人
批款：国币肆万元
日期：民卅五年八月十二日

字奉
母亲大人膝下：
顷接家函，跪诵回还，诸情俱悉。信中云及汇邮局叁万元之事，彼时为因新加坡政府，禁止华侨寄银回梓养亲，幸有信局暗汇，故在二月初四日，托亲戚代儿汇上叁万元，因亲戚代儿先汇到五万元，不知多汇二万元，该项儿恐不知收到与否？同时并寄上邮信上陈，谁知该信寄后，始悉其多寄多二万元。及后幸有祖国领事到叻要求，才准开放限制，每月所寄，最多不能超过四十五元叻币，至今依然。在三月即寄信局一函，言该项五万不是三万，今聆所言，特以上述，谅前日观信之人见差，但邮局唯有收信，并无收银，所有者，惟将银封入信内，用作侨家信已而。前信云俺乡中，要抽家批银，未悉抽有多少，乞祈指示。儿想此事乃为救贫苦，以为善事，如若少可，今后无须转寄上西陇。兹承信局之便，寄上国币肆万元，至祈检收。其中分五千元，细叔公之需，余存三万五千元，以应家用。肃此，敬请
福安

民卅五年八月十二日  儿兆祥禀","寄批人：新加坡潘兆祥
收批人：饶邑碧砂乡家慈亲大人
批款：国币肆万元
日期：民卅五年八月十二日

字奉
母亲大人膝下：
顷接家函，跪诵回还，诸情俱悉。信中云及汇邮局叁万元之事，彼时为因新加坡政府，禁止华侨寄银回梓养亲，幸有信局暗汇，故在二月初四日，托亲戚代儿汇上叁万元，因亲戚代儿先汇到五万元，不知多汇二万元，该项儿恐不知收到与否？同时并寄上邮信上陈，谁知该信寄后，始悉其多寄多二万元。及后幸有祖国领事到叻要求，才准开放限制，每月所寄，最多不能超过四十五元叻币，至今依然。在三月即寄信局一函，言该项五万不是三万，今聆所言，特以上述，谅前日观信之人见差，但邮局唯有收信，并无收银，所有者，惟将银封入信内，用作侨家信已而。前信云俺乡中，要抽家批银，未悉抽有多少，乞祈指示。儿想此事乃为救贫苦，以为善事，如若少可，今后无须转寄上西陇。兹承信局之便，寄上国币肆万元，至祈检收。其中分五千元，细叔公之需，余存三万五千元，以应家用。肃此，敬请
福安

民卅五年八月十二日 儿兆祥禀","字奉
母亲大人膝下：
顷接家函，跪诵回还，诸情俱悉。信中云及汇邮局叁万元之事，彼时为因新加坡政府，禁止华侨寄银回梓养亲，幸有信局暗汇，故在二月初四日，托亲戚代儿汇上叁万元，因亲戚代儿先汇到五万元，不知多汇二万元，该项儿恐不知收到与否？同时并寄上邮信上陈，谁知该信寄后，始悉其多寄多二万元。及后幸有祖国领事到叻要求，才准开放限制，每月所寄，最多不能超过四十五元叻币，至今依然。在三月即寄信局一函，言该项五万不是三万，今聆所言，特以上述，谅前日观信之人见差，但邮局唯有收信，并无收银，所有者，惟将银封入信内，用作侨家信已而。前信云俺乡中，要抽家批银，未悉抽有多少，乞祈指示。儿想此事乃为救贫苦，以为善事，如若少可，今后无须转寄上西陇。兹承信局之便，寄上国币肆万元，至祈检收。其中分五千元，细叔公之需，余存三万五千元，以应家用。肃此，敬请
福安

民卅五年八月十二日 儿兆祥禀","字奉
顷接家函，跪诵回还，诸情俱悉。信中云及汇邮局叁万元之事，彼时为因新加坡政府，禁止华侨寄银回梓养亲，幸有信局暗汇，故在二月初四日，托亲戚代儿汇上叁万元，因亲戚代儿先汇到五万元，不知多汇二万元，该项儿恐不知收到与否？同时并寄上邮信上陈，谁知该信寄后，始悉其多寄多二万元。及后幸有祖国领事到叻要求，才准开放限制，每月所寄，最多不能超过四十五元叻币，至今依然。在三月即寄信局一函，言该项五万不是三万，今聆所言，特以上述，谅前日观信之人见差，但邮局唯有收信，并无收银，所有者，惟将银封入信内，用作侨家信已而。前信云俺乡中，要抽家批银，未悉抽有多少，乞祈指示。儿想此事乃为救贫苦，以为善事，如若少可，今后无须转寄上西陇。兹承信局之便，寄上国币肆万元，至祈检收。其中分五千元，细叔公之需，余存三万五千元，以应家用。肃此，敬请
福安",434,9,14,新加坡潘兆祥,饶邑碧砂乡家慈亲大人,child,parent,child_to_parent,慈亲；母亲；儿；叔,托亲戚代儿；因亲戚代儿；该项儿；细叔,大人；膝下,儿,新加坡,广东饶平,新加坡,广东饶平,新加坡；饶邑->广东饶平,新加坡 -> 广东饶平,1,新加坡；广东侨乡,民卅五年八月十二日,民卅五年八月十二日 儿兆祥禀,1946,1946,八月,十二日,solar,西历,high,国币肆万元,肆万元,40000,国币,信中云及汇邮局叁万元之事，彼时为因新加坡政府，禁止华侨寄银回梓养亲，幸有信局暗汇，故在二月初四日，托亲戚代儿汇上叁万元，因亲戚代儿先汇到五万元，不知多汇二万元，该项儿恐不知收到与否？；兹承信局之便，寄上国币肆万元，至祈检收。,,,1,母亲大人膝下：,,,"字奉
顷接家函，跪诵回还，诸情俱悉。信中云及汇邮局叁万元之事，彼时为因新加坡政府，禁止华侨寄银回梓养亲，幸有信局暗汇，故在二月初四日，托亲戚代儿汇上叁万元，因亲戚代儿先汇到五万元，不知多汇二万元，该项儿恐不知收到与否？同时并寄上邮信上陈，谁知该信寄后，始悉其多寄多二万元。及后幸有祖国领事到叻要求，才准开放限制，每月所寄，最多不能超过四十五元叻币，至今依然。在三月即寄信局一函，言该项五万不是三万，今聆所言，特以上述，谅前日观信之人见差，但邮局唯有收信，并无收银，所有者，惟将银封入信内，用作侨家信已而。前信云俺乡中，要抽家批银，未悉抽有多少，乞祈指示。儿想此事乃为救贫苦，以为善事，如若少可，今后无须转寄上西陇。兹承信局之便，寄上国币肆万元，至祈检收。其中分五千元，细叔公之需，余存三万五千元，以应家用。肃此，敬请
福安",,母亲大人膝下：；信中云及汇邮局叁万元之事，彼时为因新加坡政府，禁止华侨寄银回梓养亲，幸有信局暗汇，故在二月初四日，托亲戚代儿汇上叁万元，因亲戚代儿先汇到五万元，不知多汇二万元，该项儿恐不知收到与否？,儿想此事乃为救贫苦，以为善事，如若少可，今后无须转寄上西陇。,,,民卅五年八月十二日 儿兆祥禀,民卅五年八月十二日 儿兆祥禀,,1,1,0,1,0,0,0,1,0,0,0,instruction,family_affection;remittance;instruction;debt,膝下,托,大人；膝下；福安,儿；俺,兹；祈；谅；奉；承；惟,膝下；福安,寄上；汇上,,须,膝下；托；大人；福安；儿；俺；兹；祈；谅；奉；承；惟,3,"母亲大人膝下：
信中云及汇邮局叁万元之事，彼时为因新加坡政府，禁止华侨寄银回梓养亲，幸有信局暗汇，故在二月初四日，托亲戚代儿汇上叁万元，因亲戚代儿先汇到五万元，不知多汇二万元，该项儿恐不知收到与否？；兹承信局之便，寄上国币肆万元，至祈检收。
儿想此事乃为救贫苦，以为善事，如若少可，今后无须转寄上西陇。
民卅五年八月十二日 儿兆祥禀",母亲大人膝下：,,信中云及汇邮局叁万元之事，彼时为因新加坡政府，禁止华侨寄银回梓养亲，幸有信局暗汇，故在二月初四日，托亲戚代儿汇上叁万元，因亲戚代儿先汇到五万元，不知多汇二万元，该项儿恐不知收到与否？；兹承信局之便，寄上国币肆万元，至祈检收。,母亲大人膝下：；信中云及汇邮局叁万元之事，彼时为因新加坡政府，禁止华侨寄银回梓养亲，幸有信局暗汇，故在二月初四日，托亲戚代儿汇上叁万元，因亲戚代儿先汇到五万元，不知多汇二万元，该项儿恐不知收到与否？,儿想此事乃为救贫苦，以为善事，如若少可，今后无须转寄上西陇。,民卅五年八月十二日 儿兆祥禀,sender=新加坡潘兆祥；recipient=饶邑碧砂乡家慈亲大人；relationship=child_to_parent；date=民卅五年八月十二日；money=肆万元；currency=国币；places=新加坡；饶邑->广东饶平；kinship=慈亲；母亲；儿；叔,"民卅五年（1946）八月十二日，新加坡潘兆祥寄饶邑碧砂乡家慈亲大人
新加坡潘兆祥
饶邑碧砂乡家慈亲大人
民卅五年八月十二日
国币肆万元
新加坡；饶邑->广东饶平
family_affection;remittance;instruction;debt
字奉
顷接家函，跪诵回还，诸情俱悉。信中云及汇邮局叁万元之事，彼时为因新加坡政府，禁止华侨寄银回梓养亲，幸有信局暗汇，故在二月初四日，托亲戚代儿汇上叁万元，因亲戚代儿先汇到五万元，不知多汇二万元，该项儿恐不知收到与否？同时并寄上邮信上陈，谁知该信寄后，始悉其多寄多二万元。及后幸有祖国领事到叻要求，才准开放限制，每月所寄，最多不能超过四十五元叻币，至今依然。在三月即寄信局一函，言该项五万不是三万，今聆所言，特以上述，谅前日观信之人见差，但邮局唯有收信，并无收银，所有者，惟将银封入信内，用作侨家信已而。前信云俺乡中，要抽家批银，未悉抽有多少，乞祈指示。儿想此事乃为救贫苦，以为善事，如若少可，今后无须转寄上西陇。兹承信局之便，寄上国币肆万元，至祈检收。其中分五千元，细叔公之需，余存三万五千元，以应家用。肃此，敬请
福安",题名：民卅五年（1946）八月十二日，新加坡潘兆祥寄饶邑碧砂乡家慈亲大人；寄批人：新加坡潘兆祥；收批人：饶邑碧砂乡家慈亲大人；日期：民卅五年八月十二日；汇款：国币肆万元；主题：family_affection;remittance;instruction;debt；正文摘录：字奉顷接家函，跪诵回还，诸情俱悉。信中云及汇邮局叁万元之事，彼时为因新加坡政府，禁止华侨寄银回梓养亲，幸有信局暗汇，故在二月初四日，托亲戚代儿汇上叁万元，因亲戚代儿先汇到五万元，不知多汇二万元，该项儿恐不知收到与否？同时并寄上邮信上陈，谁知,民卅五年（1946）八月十二日,新加坡潘兆祥,饶邑碧砂乡家慈亲大人,359,0,潘兆祥,慈亲,母亲,high,新加坡；广东饶平,"[{""record_id"": ""CSQP-SFHC-TEXT-103"", ""raw_text"": ""国币肆万元"", ""amount_text"": ""肆万元"", ""amount_number"": 40000, ""currency"": ""国币"", ""sentence"": ""批款：国币肆万元"", ""is_primary_candidate"": true, ""source_field"": ""body_clean""}, {""record_id"": ""CSQP-SFHC-TEXT-103"", ""raw_text"": ""叁万元"", ""amount_text"": ""叁万元"", ""amount_number"": 30000, ""currency"": ""元"", ""sentence"": ""信中云及汇邮局叁万元之事，彼时为因新加坡政府，禁止华侨寄银回梓养亲，幸有信局暗汇，故在二月初四日，托亲戚代儿汇上叁万元，因亲戚代儿先汇到五万元，不知多汇二万元，该项儿恐不知收到与否？"", ""is_primary_candidate"": false, ""source_field"": ""body_clean""}, {""record_id"": ""CSQP-SFHC-TEXT-103"", ""raw_text"": ""五万元"", ""amount_text"": ""五万元"", ""amount_number"": 50000, ""currency"": ""元"", ""sentence"": ""信中云及汇邮局叁万元之事，彼时为因新加坡政府，禁止华侨寄银回梓养亲，幸有信局暗汇，故在二月初四日，托亲戚代儿汇上叁万元，因亲戚代儿先汇到五万元，不知多汇二万元，该项儿恐不知收到与否？"", ""is_primary_candidate"": false, ""source_field"": ""body_clean""}, {""record_id"": ""CSQP-SFHC-TEXT-103"", ""raw_text"": ""二万元"", ""amount_text"": ""二万元"", ""amount_number"": 20000, ""currency"": ""元"", ""sentence"": ""信中云及汇邮局叁万元之事，彼时为因新加坡政府，禁止华侨寄银回梓养亲，幸有信局暗汇，故在二月初四日，托亲戚代儿汇上叁万元，因亲戚代儿先汇到五万元，不知多汇二万元，该项儿恐不知收到与否？"", ""is_primary_candidate"": false, ""source_field"": ""body_clean""}, {""record_id"": ""CSQP-SFHC-TEXT-103"", ""raw_text"": ""二万元"", ""amount_text"": ""二万元"", ""amount_number"": 20000, ""currency"": ""元"", ""sentence"": ""同时并寄上邮信上陈，谁知该信寄后，始悉其多寄多二万元。"", ""is_primary_candidate"": false, ""source_field"": ""body_clean""}, {""record_id"": ""CSQP-SFHC-TEXT-103"", ""raw_text"": ""四十五元"", ""amount_text"": ""四十五元"", ""amount_number"": 45, ""currency"": ""元"", ""sentence"": ""及后幸有祖国领事到叻要求，才准开放限制，每月所寄，最多不能超过四十五元叻币，至今依然。"", ""is_primary_candidate"": false, ""source_field"": ""body_clean""}, {""record_id"": ""CSQP-SFHC-TEXT-103"", ""raw_text"": ""国币肆万元"", ""amount_text"": ""肆万元"", ""amount_number"": 40000, ""currency"": ""国币"", ""sentence"": ""兹承信局之便，寄上国币肆万元，至祈检收。"", ""is_primary_candidate"": false, ""source_field"": ""body_clean""}, {""record_id"": ""CSQP-SFHC-TEXT-103"", ""raw_text"": ""五千元"", ""amount_text"": ""五千元"", ""amount_number"": 5000, ""currency"": ""元"", ""sentence"": ""其中分五千元，细叔公之需，余存三万五千元，以应家用。"", ""is_primary_candidate"": false, ""source_field"": ""body_clean""}, {""record_id"": ""CSQP-SFHC-TEXT-103"", ""raw_text"": ""三万五千元"", ""amount_text"": ""三万五千元"", ""amount_number"": 35000, ""currency"": ""元"", ""sentence"": ""其中分五千元，细叔公之需，余存三万五千元，以应家用。"", ""is_primary_candidate"": false, ""source_field"": ""body_clean""}]",民卅五年（1946）八月十二日，新加坡潘兆祥寄饶邑碧砂乡家慈亲大人；新加坡潘兆祥；饶邑碧砂乡家慈亲大人；潘兆祥；慈亲；母亲；儿；叔；新加坡；广东饶平；国币肆万元；国币；family_affection；remittance；instruction；debt；饶邑；广东；银；元；膝下；福安；民卅；五年；八月；十二日；砂乡；家慈；饶邑碧砂；饶平；万元；family；affection；顷接家；跪诵；诸情；俱悉；信中云及；邮局；彼时；新加坡政府；禁止；华侨；寄银回；养亲；幸有；信局；暗汇；二月；初四；亲戚；代儿；汇上；先汇；五万元；不知；多汇；该项；儿恐；收到；与否；同时；邮信；谁知；信寄后；始悉；及后；祖国；领事；要求；才准；开放；限制；每月；不能；超过；四十五；元叻币；至今；依然
CSQP-SFHC-TEXT-104,104,中华民国卅五年（1946）九月卅日，叻陈逢松寄潮安鳌头乡黄氏吾妻,pdf_pages=144；book_pages=115,1,medium,0,"寄批人：叻陈逢松
收批人：潮安鳌头乡黄氏吾妻
批款：国币伍万元
日期：中华民国卅五年九月卅日

黄氏吾妻收知：
兹前日接来回音，各情已知，幸洪（逢）二地平安，不胜之慰也。愚居侨亦得平安，以此通知，祈免远介也。刻逢便寄去大银五万元正，至时领收是荷，以作家情之需也。二地平安，余言不陈。即嘱
时好

中华民国卅五年九月卅日  愚陈逢松顿","寄批人：叻陈逢松
收批人：潮安鳌头乡黄氏吾妻
批款：国币伍万元
日期：中华民国卅五年九月卅日

黄氏吾妻收知：
兹前日接来回音，各情已知，幸洪（逢）二地平安，不胜之慰也。愚居侨亦得平安，以此通知，祈免远介也。刻逢便寄去大银五万元正，至时领收是荷，以作家情之需也。二地平安，余言不陈。即嘱
时好

中华民国卅五年九月卅日 愚陈逢松顿","黄氏吾妻收知：
兹前日接来回音，各情已知，幸洪（逢）二地平安，不胜之慰也。愚居侨亦得平安，以此通知，祈免远介也。刻逢便寄去大银五万元正，至时领收是荷，以作家情之需也。二地平安，余言不陈。即嘱
时好

中华民国卅五年九月卅日 愚陈逢松顿","兹前日接来回音，各情已知，幸洪（逢）二地平安，不胜之慰也。愚居侨亦得平安，以此通知，祈免远介也。刻逢便寄去大银五万元正，至时领收是荷，以作家情之需也。二地平安，余言不陈。即嘱
时好",165,8,8,叻陈逢松,潮安鳌头乡黄氏吾妻,,spouse,spouse_to_spouse,妻,乡黄氏吾妻；黄氏吾妻,收知,,新加坡,广东潮安,新加坡,广东潮安,潮安->广东潮安；叻->新加坡,新加坡 -> 广东潮安,1,新加坡；广东侨乡,中华民国卅五年九月卅日,中华民国卅五年九月卅日 愚陈逢松顿,民国卅五年,1946,九月,,solar,民国,high,国币伍万元,伍万元,50000,国币,刻逢便寄去大银五万元正，至时领收是荷，以作家情之需也。,,,1,黄氏吾妻收知：,,兹前日接来回音，各情已知，幸洪（逢）二地平安，不胜之慰也。,"兹前日接来回音，各情已知，幸洪（逢）二地平安，不胜之慰也。愚居侨亦得平安，以此通知，祈免远介也。刻逢便寄去大银五万元正，至时领收是荷，以作家情之需也。二地平安，余言不陈。即嘱
时好",兹前日接来回音，各情已知，幸洪（逢）二地平安，不胜之慰也。；愚居侨亦得平安，以此通知，祈免远介也。,黄氏吾妻收知：,即嘱,,顿,中华民国卅五年九月卅日 愚陈逢松顿,中华民国卅五年九月卅日 愚陈逢松顿,,1,1,1,1,0,0,0,0,1,0,0,instruction,family_affection;remittance;safety;instruction;marriage,收知,,收知,愚,兹；祈；荷；不胜,,寄去,平安,嘱,收知；愚；兹；祈；荷；不胜,2,"黄氏吾妻收知：
兹前日接来回音，各情已知，幸洪（逢）二地平安，不胜之慰也。；愚居侨亦得平安，以此通知，祈免远介也。
刻逢便寄去大银五万元正，至时领收是荷，以作家情之需也。
即嘱
中华民国卅五年九月卅日 愚陈逢松顿",黄氏吾妻收知：,兹前日接来回音，各情已知，幸洪（逢）二地平安，不胜之慰也。；愚居侨亦得平安，以此通知，祈免远介也。,刻逢便寄去大银五万元正，至时领收是荷，以作家情之需也。,黄氏吾妻收知：,即嘱,中华民国卅五年九月卅日 愚陈逢松顿,sender=叻陈逢松；recipient=潮安鳌头乡黄氏吾妻；relationship=spouse_to_spouse；date=中华民国卅五年九月卅日；money=伍万元；currency=国币；places=潮安->广东潮安；叻->新加坡；kinship=妻,"中华民国卅五年（1946）九月卅日，叻陈逢松寄潮安鳌头乡黄氏吾妻
叻陈逢松
潮安鳌头乡黄氏吾妻
中华民国卅五年九月卅日
国币伍万元
潮安->广东潮安；叻->新加坡
family_affection;remittance;safety;instruction;marriage
兹前日接来回音，各情已知，幸洪（逢）二地平安，不胜之慰也。愚居侨亦得平安，以此通知，祈免远介也。刻逢便寄去大银五万元正，至时领收是荷，以作家情之需也。二地平安，余言不陈。即嘱
时好",题名：中华民国卅五年（1946）九月卅日，叻陈逢松寄潮安鳌头乡黄氏吾妻；寄批人：叻陈逢松；收批人：潮安鳌头乡黄氏吾妻；日期：中华民国卅五年九月卅日；汇款：国币伍万元；主题：family_affection;remittance;safety;instruction;marriage；正文摘录：兹前日接来回音，各情已知，幸洪（逢）二地平安，不胜之慰也。愚居侨亦得平安，以此通知，祈免远介也。刻逢便寄去大银五万元正，至时领收是荷，以作家情之需也。二地平安，余言不陈。即嘱时好,中华民国卅五年（1946）九月卅日,叻陈逢松,潮安鳌头乡黄氏吾妻,89,0,陈逢松,鳌头乡黄氏吾妻,妻,high,广东潮安；新加坡,"[{""record_id"": ""CSQP-SFHC-TEXT-104"", ""raw_text"": ""国币伍万元"", ""amount_text"": ""伍万元"", ""amount_number"": 50000, ""currency"": ""国币"", ""sentence"": ""批款：国币伍万元"", ""is_primary_candidate"": true, ""source_field"": ""body_clean""}, {""record_id"": ""CSQP-SFHC-TEXT-104"", ""raw_text"": ""大银五万元"", ""amount_text"": ""五万元"", ""amount_number"": 50000, ""currency"": ""银元"", ""sentence"": ""刻逢便寄去大银五万元正，至时领收是荷，以作家情之需也。"", ""is_primary_candidate"": false, ""source_field"": ""body_clean""}]",中华民国卅五年（1946）九月卅日，叻陈逢松寄潮安鳌头乡黄氏吾妻；叻陈逢松；潮安鳌头乡黄氏吾妻；陈逢松；鳌头乡黄氏吾妻；妻；广东潮安；新加坡；国币伍万元；国币；family_affection；remittance；safety；instruction；marriage；潮安；广东；大银；银；元；中华民国；五年；九月；卅日；鳌头；黄氏；吾妻；万元；family；affection；收知；不胜；前日；回音；各情；已知；幸洪；二地；平安；之慰；愚居侨；以此；通知；祈免；远介；刻逢；五万元；至时；领收；作家；情之需；余言；即嘱；时好
CSQP-SFHC-TEXT-105,105,民卅五年（1946）十一月十二日，新加坡潘兆祥寄饶邑碧砂乡家慈亲大人,pdf_pages=145；book_pages=116,1,medium,0,"寄批人：新加坡潘兆祥
收批人：饶邑碧砂乡家慈亲大人
批款：国币柒万元
日期：民卅五年十一月十二日

母亲大人膝下：
敬禀者，是月初六日，承接来函，领诵之下，诸情聆悉。儿现是任事，每月薪金不过数十元，刻下叻地，百物亦是太昂，生活稍过。而兹承信局之便，寄上国币七万元，到祈查收。其中分壹万五千元，细叔父之用，余五万五千元以应家需。专此上禀，敬请
金安

民卅五年十一月十二日  儿兆祥谨禀","寄批人：新加坡潘兆祥
收批人：饶邑碧砂乡家慈亲大人
批款：国币柒万元
日期：民卅五年十一月十二日

母亲大人膝下：
敬禀者，是月初六日，承接来函，领诵之下，诸情聆悉。儿现是任事，每月薪金不过数十元，刻下叻地，百物亦是太昂，生活稍过。而兹承信局之便，寄上国币七万元，到祈查收。其中分壹万五千元，细叔父之用，余五万五千元以应家需。专此上禀，敬请
金安

民卅五年十一月十二日 儿兆祥谨禀","母亲大人膝下：
敬禀者，是月初六日，承接来函，领诵之下，诸情聆悉。儿现是任事，每月薪金不过数十元，刻下叻地，百物亦是太昂，生活稍过。而兹承信局之便，寄上国币七万元，到祈查收。其中分壹万五千元，细叔父之用，余五万五千元以应家需。专此上禀，敬请
金安

民卅五年十一月十二日 儿兆祥谨禀","敬禀者，是月初六日，承接来函，领诵之下，诸情聆悉。儿现是任事，每月薪金不过数十元，刻下叻地，百物亦是太昂，生活稍过。而兹承信局之便，寄上国币七万元，到祈查收。其中分壹万五千元，细叔父之用，余五万五千元以应家需。专此上禀，敬请
金安",191,8,8,新加坡潘兆祥,饶邑碧砂乡家慈亲大人,child,parent,child_to_parent,慈亲；母亲；叔父；儿；叔,细叔父,大人；膝下,儿,新加坡,广东饶平,新加坡,广东饶平,新加坡；饶邑->广东饶平；叻->新加坡,新加坡 -> 广东饶平,1,新加坡；广东侨乡,民卅五年十一月十二日,民卅五年十一月十二日 儿兆祥谨禀,1946,1946,十一月,十二日,solar,西历,high,国币柒万元,柒万元,70000,国币,而兹承信局之便，寄上国币七万元，到祈查收。,,而兹承信局之便，寄上国币七万元，到祈查收。,1,母亲大人膝下：,敬禀者，是月初六日，承接来函，领诵之下，诸情聆悉。,,"敬禀者，是月初六日，承接来函，领诵之下，诸情聆悉。儿现是任事，每月薪金不过数十元，刻下叻地，百物亦是太昂，生活稍过。而兹承信局之便，寄上国币七万元，到祈查收。其中分壹万五千元，细叔父之用，余五万五千元以应家需。专此上禀，敬请
金安",,母亲大人膝下：；儿现是任事，每月薪金不过数十元，刻下叻地，百物亦是太昂，生活稍过。,,,谨禀,民卅五年十一月十二日 儿兆祥谨禀,民卅五年十一月十二日 儿兆祥谨禀,,1,1,0,0,0,0,0,0,0,0,0,work,family_affection;remittance,敬禀者；禀者；膝下,谨禀,大人；膝下；金安,儿；谨,兹；祈；承,敬禀者；膝下；祈查收；谨禀；查收；金安,寄上；查收,,,敬禀者；禀者；膝下；谨禀；大人；金安；儿；谨；兹；祈；承；祈查收；查收,3,"母亲大人膝下：
敬禀者，是月初六日，承接来函，领诵之下，诸情聆悉。
而兹承信局之便，寄上国币七万元，到祈查收。
民卅五年十一月十二日 儿兆祥谨禀",母亲大人膝下：,,而兹承信局之便，寄上国币七万元，到祈查收。,母亲大人膝下：；儿现是任事，每月薪金不过数十元，刻下叻地，百物亦是太昂，生活稍过。,,民卅五年十一月十二日 儿兆祥谨禀,sender=新加坡潘兆祥；recipient=饶邑碧砂乡家慈亲大人；relationship=child_to_parent；date=民卅五年十一月十二日；money=柒万元；currency=国币；places=新加坡；饶邑->广东饶平；叻->新加坡；kinship=慈亲；母亲；叔父；儿；叔,"民卅五年（1946）十一月十二日，新加坡潘兆祥寄饶邑碧砂乡家慈亲大人
新加坡潘兆祥
饶邑碧砂乡家慈亲大人
民卅五年十一月十二日
国币柒万元
新加坡；饶邑->广东饶平；叻->新加坡
family_affection;remittance
敬禀者，是月初六日，承接来函，领诵之下，诸情聆悉。儿现是任事，每月薪金不过数十元，刻下叻地，百物亦是太昂，生活稍过。而兹承信局之便，寄上国币七万元，到祈查收。其中分壹万五千元，细叔父之用，余五万五千元以应家需。专此上禀，敬请
金安",题名：民卅五年（1946）十一月十二日，新加坡潘兆祥寄饶邑碧砂乡家慈亲大人；寄批人：新加坡潘兆祥；收批人：饶邑碧砂乡家慈亲大人；日期：民卅五年十一月十二日；汇款：国币柒万元；主题：family_affection;remittance；正文摘录：敬禀者，是月初六日，承接来函，领诵之下，诸情聆悉。儿现是任事，每月薪金不过数十元，刻下叻地，百物亦是太昂，生活稍过。而兹承信局之便，寄上国币七万元，到祈查收。其中分壹万五千元，细叔父之用，余五万五千元以应家需。专此上禀，敬请金安,民卅五年（1946）十一月十二日,新加坡潘兆祥,饶邑碧砂乡家慈亲大人,114,0,潘兆祥,慈亲,母亲,high,新加坡；广东饶平,"[{""record_id"": ""CSQP-SFHC-TEXT-105"", ""raw_text"": ""国币柒万元"", ""amount_text"": ""柒万元"", ""amount_number"": 70000, ""currency"": ""国币"", ""sentence"": ""批款：国币柒万元"", ""is_primary_candidate"": true, ""source_field"": ""body_clean""}, {""record_id"": ""CSQP-SFHC-TEXT-105"", ""raw_text"": ""十元"", ""amount_text"": ""十元"", ""amount_number"": 10, ""currency"": ""元"", ""sentence"": ""儿现是任事，每月薪金不过数十元，刻下叻地，百物亦是太昂，生活稍过。"", ""is_primary_candidate"": false, ""source_field"": ""body_clean""}, {""record_id"": ""CSQP-SFHC-TEXT-105"", ""raw_text"": ""国币七万元"", ""amount_text"": ""七万元"", ""amount_number"": 70000, ""currency"": ""国币"", ""sentence"": ""而兹承信局之便，寄上国币七万元，到祈查收。"", ""is_primary_candidate"": false, ""source_field"": ""body_clean""}, {""record_id"": ""CSQP-SFHC-TEXT-105"", ""raw_text"": ""壹万五千元"", ""amount_text"": ""壹万五千元"", ""amount_number"": 15000, ""currency"": ""元"", ""sentence"": ""其中分壹万五千元，细叔父之用，余五万五千元以应家需。"", ""is_primary_candidate"": false, ""source_field"": ""body_clean""}, {""record_id"": ""CSQP-SFHC-TEXT-105"", ""raw_text"": ""五万五千元"", ""amount_text"": ""五万五千元"", ""amount_number"": 55000, ""currency"": ""元"", ""sentence"": ""其中分壹万五千元，细叔父之用，余五万五千元以应家需。"", ""is_primary_candidate"": false, ""source_field"": ""body_clean""}]",民卅五年（1946）十一月十二日，新加坡潘兆祥寄饶邑碧砂乡家慈亲大人；新加坡潘兆祥；饶邑碧砂乡家慈亲大人；潘兆祥；慈亲；母亲；叔父；儿；叔；新加坡；广东饶平；国币柒万元；国币；family_affection；remittance；饶邑；广东；元；敬禀者；膝下；祈查收；谨禀；查收；金安；民卅；五年；十一月；十二日；砂乡；家慈；饶邑碧砂；饶平；万元；family；affection；禀者；月初；六日；承接；来函；领诵；之下；诸情；聆悉；儿现；任事；每月；薪金；不过；数十；刻下；百物；太昂；生活；稍过；而兹承；信局；寄上；其中；壹万；五千元；之用；五万五千；元以；应家；专此
CSQP-SFHC-TEXT-106,106,丙戌（1946）十一月十六日，外洋郭玉凤寄潮汕嫂嫂,pdf_pages=146；book_pages=117,1,medium,0,"嫂嫂收次：
敬启者，前日接到回信，云情领悉。但氏前日所寄之款，伍仟元究竟何人接收，因何信中并无提及，家情如何殊为怀疑。但嫂嫂现下几位男女儿，侄女出嫁否？须细详回信来知，若是糊涂答覆，以后不敢寄回。兹附信局，寄国币壹万元，至祈查收。两地平安，甚慰，余无别言。此启
家安

氏郭玉凤泐
丙戌十一月十六日泐","嫂嫂收次：
敬启者，前日接到回信，云情领悉。但氏前日所寄之款，伍仟元究竟何人接收，因何信中并无提及，家情如何殊为怀疑。但嫂嫂现下几位男女儿，侄女出嫁否？须细详回信来知，若是糊涂答覆，以后不敢寄回。兹附信局，寄国币壹万元，至祈查收。两地平安，甚慰，余无别言。此启
家安

氏郭玉凤泐
丙戌十一月十六日泐","嫂嫂收次：
敬启者，前日接到回信，云情领悉。但氏前日所寄之款，伍仟元究竟何人接收，因何信中并无提及，家情如何殊为怀疑。但嫂嫂现下几位男女儿，侄女出嫁否？须细详回信来知，若是糊涂答覆，以后不敢寄回。兹附信局，寄国币壹万元，至祈查收。两地平安，甚慰，余无别言。此启
家安

氏郭玉凤泐
丙戌十一月十六日泐","嫂嫂收次：
敬启者，前日接到回信，云情领悉。但氏前日所寄之款，伍仟元究竟何人接收，因何信中并无提及，家情如何殊为怀疑。但嫂嫂现下几位男女儿，侄女出嫁否？须细详回信来知，若是糊涂答覆，以后不敢寄回。兹附信局，寄国币壹万元，至祈查收。两地平安，甚慰，余无别言。此启
家安",150,5,11,外洋郭玉凤,潮汕嫂嫂,,sibling_in_law,in_law_or_affinal_kin,嫂；儿；男；侄,潮汕嫂嫂；嫂嫂；但嫂嫂；几位男女儿,,,海外,广东侨乡,海外,广东侨乡,潮汕->广东侨乡,海外 -> 广东侨乡,1,海外；广东侨乡,丙戌（1946）十一月十六日,丙戌十一月十六日泐,1946,1946,十一月,十六日,solar,干支或传统纪年,high,国币壹万元,壹万元,10000,国币,兹附信局，寄国币壹万元，至祈查收。,,兹附信局，寄国币壹万元，至祈查收。,1,,敬启者，前日接到回信，云情领悉。,两地平安，甚慰，余无别言。,"嫂嫂收次：
敬启者，前日接到回信，云情领悉。但氏前日所寄之款，伍仟元究竟何人接收，因何信中并无提及，家情如何殊为怀疑。但嫂嫂现下几位男女儿，侄女出嫁否？须细详回信来知，若是糊涂答覆，以后不敢寄回。兹附信局，寄国币壹万元，至祈查收。两地平安，甚慰，余无别言。此启
家安",两地平安，甚慰，余无别言。,但嫂嫂现下几位男女儿，侄女出嫁否？,须细详回信来知，若是糊涂答覆，以后不敢寄回。,,泐,丙戌十一月十六日泐,丙戌十一月十六日泐,,1,1,1,1,0,0,0,0,1,0,0,instruction,family_affection;remittance;safety;instruction;marriage,启者,启,,儿,兹；祈；甚慰,祈查收；至祈查收；查收,查收,平安,须,启者；启；儿；兹；祈；甚慰；祈查收；至祈查收；查收,2,"敬启者，前日接到回信，云情领悉。
两地平安，甚慰，余无别言。
兹附信局，寄国币壹万元，至祈查收。
须细详回信来知，若是糊涂答覆，以后不敢寄回。
丙戌十一月十六日泐",敬启者，前日接到回信，云情领悉。,两地平安，甚慰，余无别言。,兹附信局，寄国币壹万元，至祈查收。,但嫂嫂现下几位男女儿，侄女出嫁否？,须细详回信来知，若是糊涂答覆，以后不敢寄回。,丙戌十一月十六日泐,sender=外洋郭玉凤；recipient=潮汕嫂嫂；relationship=in_law_or_affinal_kin；date=丙戌（1946）十一月十六日；money=壹万元；currency=国币；places=潮汕->广东侨乡；kinship=嫂；儿；男；侄,"丙戌（1946）十一月十六日，外洋郭玉凤寄潮汕嫂嫂
外洋郭玉凤
潮汕嫂嫂
丙戌（1946）十一月十六日
国币壹万元
潮汕->广东侨乡
family_affection;remittance;safety;instruction;marriage
嫂嫂收次：
敬启者，前日接到回信，云情领悉。但氏前日所寄之款，伍仟元究竟何人接收，因何信中并无提及，家情如何殊为怀疑。但嫂嫂现下几位男女儿，侄女出嫁否？须细详回信来知，若是糊涂答覆，以后不敢寄回。兹附信局，寄国币壹万元，至祈查收。两地平安，甚慰，余无别言。此启
家安",题名：丙戌（1946）十一月十六日，外洋郭玉凤寄潮汕嫂嫂；寄批人：外洋郭玉凤；收批人：潮汕嫂嫂；日期：丙戌（1946）十一月十六日；汇款：国币壹万元；主题：family_affection;remittance;safety;instruction;marriage；正文摘录：嫂嫂收次：敬启者，前日接到回信，云情领悉。但氏前日所寄之款，伍仟元究竟何人接收，因何信中并无提及，家情如何殊为怀疑。但嫂嫂现下几位男女儿，侄女出嫁否？须细详回信来知，若是糊涂答覆，以后不敢寄回。兹附信局，寄国币壹万元，至祈查收。两地平安，甚,丙戌（1946）十一月十六日,外洋郭玉凤,潮汕嫂嫂,131,0,郭玉凤,嫂嫂,儿,medium,广东侨乡；海外,"[{""record_id"": ""CSQP-SFHC-TEXT-106"", ""raw_text"": ""伍仟元"", ""amount_text"": ""伍仟元"", ""amount_number"": 5000, ""currency"": ""元"", ""sentence"": ""但氏前日所寄之款，伍仟元究竟何人接收，因何信中并无提及，家情如何殊为怀疑。"", ""is_primary_candidate"": false, ""source_field"": ""body_clean""}, {""record_id"": ""CSQP-SFHC-TEXT-106"", ""raw_text"": ""国币壹万元"", ""amount_text"": ""壹万元"", ""amount_number"": 10000, ""currency"": ""国币"", ""sentence"": ""兹附信局，寄国币壹万元，至祈查收。"", ""is_primary_candidate"": true, ""source_field"": ""body_clean""}]",丙戌（1946）十一月十六日，外洋郭玉凤寄潮汕嫂嫂；外洋郭玉凤；潮汕嫂嫂；郭玉凤；嫂嫂；嫂；儿；男；侄；广东侨乡；海外；国币壹万元；国币；family_affection；remittance；safety；instruction；marriage；潮汕；广东；元；祈查收；至祈查收；查收；丙戌；十一月；十六日；外洋；侨乡；万元；family；affection；启者；甚慰；至祈；收次；敬启者；前日；接到；回信；云情；领悉；但氏；所寄之款；伍仟元；究竟；何人；接收；因何；信中；提及；如何；殊为；怀疑；几位；女儿；侄女；出嫁；细详；来知；糊涂；答覆；以后；不敢；寄回；附信；两地；平安；余无别；此启
CSQP-SFHC-TEXT-107,107,卅六年（1947）四月六日，暹张木春寄潮安南桂都张宅慈亲大人,pdf_pages=147；book_pages=118,1,medium,0,"寄批人：暹张木春
收批人：潮安南桂都张宅慈亲大人
批款：国币拾万元
日期：卅六年四月六日

慈亲大人膝下：
敬启者，寄去国币拾万元，查收应用，不要挂念。另者，寄交芝梁兄去虎骨胶，并番桂各十两，查收之后，抹送胞妗壹半为要。二地平安。
大安

儿木春寄
卅六年四月六日，二、十五","寄批人：暹张木春
收批人：潮安南桂都张宅慈亲大人
批款：国币拾万元
日期：卅六年四月六日

慈亲大人膝下：
敬启者，寄去国币拾万元，查收应用，不要挂念。另者，寄交芝梁兄去虎骨胶，并番桂各十两，查收之后，抹送胞妗壹半为要。二地平安。
大安

儿木春寄
卅六年四月六日，二、十五","慈亲大人膝下：
敬启者，寄去国币拾万元，查收应用，不要挂念。另者，寄交芝梁兄去虎骨胶，并番桂各十两，查收之后，抹送胞妗壹半为要。二地平安。
大安

儿木春寄
卅六年四月六日，二、十五","敬启者，寄去国币拾万元，查收应用，不要挂念。另者，寄交芝梁兄去虎骨胶，并番桂各十两，查收之后，抹送胞妗壹半为要。二地平安。
大安
儿木春寄",137,9,7,暹张木春,潮安南桂都张宅慈亲大人,,parent,child_to_parent,慈亲；兄；儿；妗,寄交芝梁兄；抹送胞妗,大人；膝下,,泰国,广东潮安,泰国,广东潮安,安南->越南；潮安->广东潮安；暹->泰国,泰国 -> 广东潮安,1,泰国；广东侨乡；越南,卅六年四月六日,卅六年四月六日，二、十五,1947,1947,四月,六日,solar,西历,high,国币拾万元,拾万元,100000,国币,敬启者，寄去国币拾万元，查收应用，不要挂念。；另者，寄交芝梁兄去虎骨胶，并番桂各十两，查收之后，抹送胞妗壹半为要。,分抹,敬启者，寄去国币拾万元，查收应用，不要挂念。；另者，寄交芝梁兄去虎骨胶，并番桂各十两，查收之后，抹送胞妗壹半为要。,1,慈亲大人膝下：,敬启者，寄去国币拾万元，查收应用，不要挂念。,二地平安。,"敬启者，寄去国币拾万元，查收应用，不要挂念。另者，寄交芝梁兄去虎骨胶，并番桂各十两，查收之后，抹送胞妗壹半为要。二地平安。
大安
儿木春寄",二地平安。,儿木春寄,,,,卅六年四月六日，二、十五,,,1,1,1,0,0,0,0,0,0,0,0,family_affection,family_affection;remittance;safety,启者；膝下,启,大人；膝下,儿,,膝下；查收,寄去；查收,平安,,启者；膝下；启；大人；儿；查收,2,"慈亲大人膝下：
敬启者，寄去国币拾万元，查收应用，不要挂念。
二地平安。
敬启者，寄去国币拾万元，查收应用，不要挂念。；另者，寄交芝梁兄去虎骨胶，并番桂各十两，查收之后，抹送胞妗壹半为要。",慈亲大人膝下：,二地平安。,敬启者，寄去国币拾万元，查收应用，不要挂念。；另者，寄交芝梁兄去虎骨胶，并番桂各十两，查收之后，抹送胞妗壹半为要。,儿木春寄,,,sender=暹张木春；recipient=潮安南桂都张宅慈亲大人；relationship=child_to_parent；date=卅六年四月六日；money=拾万元；currency=国币；places=安南->越南；潮安->广东潮安；暹->泰国；kinship=慈亲；兄；儿；妗,"卅六年（1947）四月六日，暹张木春寄潮安南桂都张宅慈亲大人
暹张木春
潮安南桂都张宅慈亲大人
卅六年四月六日
国币拾万元
安南->越南；潮安->广东潮安；暹->泰国
family_affection;remittance;safety
敬启者，寄去国币拾万元，查收应用，不要挂念。另者，寄交芝梁兄去虎骨胶，并番桂各十两，查收之后，抹送胞妗壹半为要。二地平安。
大安
儿木春寄",题名：卅六年（1947）四月六日，暹张木春寄潮安南桂都张宅慈亲大人；寄批人：暹张木春；收批人：潮安南桂都张宅慈亲大人；日期：卅六年四月六日；汇款：国币拾万元；主题：family_affection;remittance;safety；正文摘录：敬启者，寄去国币拾万元，查收应用，不要挂念。另者，寄交芝梁兄去虎骨胶，并番桂各十两，查收之后，抹送胞妗壹半为要。二地平安。大安儿木春寄,卅六年（1947）四月六日,暹张木春,潮安南桂都张宅慈亲大人,67,0,张木春,都张宅慈亲,慈亲,high,越南；广东潮安；泰国,"[{""record_id"": ""CSQP-SFHC-TEXT-107"", ""raw_text"": ""国币拾万元"", ""amount_text"": ""拾万元"", ""amount_number"": 100000, ""currency"": ""国币"", ""sentence"": ""批款：国币拾万元"", ""is_primary_candidate"": true, ""source_field"": ""body_clean""}, {""record_id"": ""CSQP-SFHC-TEXT-107"", ""raw_text"": ""国币拾万元"", ""amount_text"": ""拾万元"", ""amount_number"": 100000, ""currency"": ""国币"", ""sentence"": ""敬启者，寄去国币拾万元，查收应用，不要挂念。"", ""is_primary_candidate"": false, ""source_field"": ""body_clean""}]",卅六年（1947）四月六日，暹张木春寄潮安南桂都张宅慈亲大人；暹张木春；潮安南桂都张宅慈亲大人；张木春；都张宅慈亲；慈亲；兄；儿；妗；越南；广东潮安；泰国；国币拾万元；国币；family_affection；remittance；safety；安南；潮安；广东；元；膝下；查收；六年；四月；六日；暹张；木春寄潮；桂都；张宅；木春；万元；family；affection；启者；敬启者；应用；不要；挂念；另者；寄交；芝梁；兄去；骨胶；并番；十两；之后；送胞；壹半为；二地；平安；大安；儿木春
CSQP-SFHC-TEXT-108,108,丁亥（1947）四月初十日，叻林壁书寄潮安南桂张銮书先生,pdf_pages=148-149；book_pages=119-120,1,high,0,"寄批人：叻林壁书
收批人：潮安南桂张暨书先生
批款：国币伍万元
日期：丁亥四月初十日

惠芳女儿知悉：
自两月来，未及通函者，因自闰二月尾，余身上致病，初由中暑，乃知自秀榜舅回塘（唐）之后，其病日加沉重，一连三十外【多】天，至本四月秋，始得痊愈。现今精神未足，身体十分瘦弱，是次病费，已是费去成百元，然遇此时期，贫病交迫，惨何可言。现今以（已）是万分拮据，尚在设法调养中，故近来对于各亲友，并家信是以少通音问也。前三月间，鸿儿并签书已有由暹寄来一信，报告自三月初八，他两人买远洋轮，安步到暹，一切平安，余心甚慰。然签书今初到暹，各事与鸿儿当然不同，家信定必有些耽搁，偶然有时迟寄，儿尔亦可免介意，须候至有职务可任，方能捷寄，势必如是。余前月底得接消息后，以（已）经即时有覆信与七叔并志云，托他从速先与签书寻些工作，以安其身，此点余以（已）先大注意矣，尔不用挂心。近日尔有寄托桂泉之家信中，代交吾一信，已经收到，内言各事俱已知悉。虽吾儿有些多言，尔父亦全不怪责，自恨命途一生孤苦，遇事每每多不如心，甚且屡屡如是破失，大小事无一如意，是诚恨憾耳。今逢顺便，寄去国币伍万元，至时查收，添作家用。至余自己此帮家信未寄，如尔母有问，及时则代言，候下星期付寄免介。余言后叙。此达
平安

德馨寄来之信吾以（已）有收到，候下星期一并答覆。

丁亥四月初十日  父林壁书缄寄","寄批人：叻林壁书
收批人：潮安南桂张暨书先生
批款：国币伍万元
日期：丁亥四月初十日

惠芳女儿知悉：
自两月来，未及通函者，因自闰二月尾，余身上致病，初由中暑，乃知自秀榜舅回塘（唐）之后，其病日加沉重，一连三十外【多】天，至本四月秋，始得痊愈。现今精神未足，身体十分瘦弱，是次病费，已是费去成百元，然遇此时期，贫病交迫，惨何可言。现今以（已）是万分拮据，尚在设法调养中，故近来对于各亲友，并家信是以少通音问也。前三月间，鸿儿并签书已有由暹寄来一信，报告自三月初八，他两人买远洋轮，安步到暹，一切平安，余心甚慰。然签书今初到暹，各事与鸿儿当然不同，家信定必有些耽搁，偶然有时迟寄，儿尔亦可免介意，须候至有职务可任，方能捷寄，势必如是。余前月底得接消息后，以（已）经即时有覆信与七叔并志云，托他从速先与签书寻些工作，以安其身，此点余以（已）先大注意矣，尔不用挂心。近日尔有寄托桂泉之家信中，代交吾一信，已经收到，内言各事俱已知悉。虽吾儿有些多言，尔父亦全不怪责，自恨命途一生孤苦，遇事每每多不如心，甚且屡屡如是破失，大小事无一如意，是诚恨憾耳。今逢顺便，寄去国币伍万元，至时查收，添作家用。至余自己此帮家信未寄，如尔母有问，及时则代言，候下星期付寄免介。余言后叙。此达
平安

德馨寄来之信吾以（已）有收到，候下星期一并答覆。

丁亥四月初十日 父林壁书缄寄","惠芳女儿知悉：
自两月来，未及通函者，因自闰二月尾，余身上致病，初由中暑，乃知自秀榜舅回塘（唐）之后，其病日加沉重，一连三十外【多】天，至本四月秋，始得痊愈。现今精神未足，身体十分瘦弱，是次病费，已是费去成百元，然遇此时期，贫病交迫，惨何可言。现今以（已）是万分拮据，尚在设法调养中，故近来对于各亲友，并家信是以少通音问也。前三月间，鸿儿并签书已有由暹寄来一信，报告自三月初八，他两人买远洋轮，安步到暹，一切平安，余心甚慰。然签书今初到暹，各事与鸿儿当然不同，家信定必有些耽搁，偶然有时迟寄，儿尔亦可免介意，须候至有职务可任，方能捷寄，势必如是。余前月底得接消息后，以（已）经即时有覆信与七叔并志云，托他从速先与签书寻些工作，以安其身，此点余以（已）先大注意矣，尔不用挂心。近日尔有寄托桂泉之家信中，代交吾一信，已经收到，内言各事俱已知悉。虽吾儿有些多言，尔父亦全不怪责，自恨命途一生孤苦，遇事每每多不如心，甚且屡屡如是破失，大小事无一如意，是诚恨憾耳。今逢顺便，寄去国币伍万元，至时查收，添作家用。至余自己此帮家信未寄，如尔母有问，及时则代言，候下星期付寄免介。余言后叙。此达
平安

德馨寄来之信吾以（已）有收到，候下星期一并答覆。

丁亥四月初十日 父林壁书缄寄","惠芳女儿知悉：
自两月来，未及通函者，因自闰二月尾，余身上致病，初由中暑，乃知自秀榜舅回塘（唐）之后，其病日加沉重，一连三十外【多】天，至本四月秋，始得痊愈。现今精神未足，身体十分瘦弱，是次病费，已是费去成百元，然遇此时期，贫病交迫，惨何可言。现今以（已）是万分拮据，尚在设法调养中，故近来对于各亲友，并家信是以少通音问也。前三月间，鸿儿并签书已有由暹寄来一信，报告自三月初八，他两人买远洋轮，安步到暹，一切平安，余心甚慰。然签书今初到暹，各事与鸿儿当然不同，家信定必有些耽搁，偶然有时迟寄，儿尔亦可免介意，须候至有职务可任，方能捷寄，势必如是。余前月底得接消息后，以（已）经即时有覆信与七叔并志云，托他从速先与签书寻些工作，以安其身，此点余以（已）先大注意矣，尔不用挂心。近日尔有寄托桂泉之家信中，代交吾一信，已经收到，内言各事俱已知悉。虽吾儿有些多言，尔父亦全不怪责，自恨命途一生孤苦，遇事每每多不如心，甚且屡屡如是破失，大小事无一如意，是诚恨憾耳。今逢顺便，寄去国币伍万元，至时查收，添作家用。至余自己此帮家信未寄，如尔母有问，及时则代言，候下星期付寄免介。余言后叙。此达
平安
德馨寄来之信吾以（已）有收到，候下星期一并答覆。",578,9,16,叻林壁书,潮安南桂张暨书先生,,social_or_business_contact,social_or_business,儿；叔,惠芳女儿；鸿儿；各事与鸿儿；覆信与七叔；虽吾儿；尔父；如尔母,先生,,新加坡,广东潮安,新加坡,广东潮安,安南->越南；潮安->广东潮安；叻->新加坡,新加坡 -> 广东潮安,1,新加坡；广东侨乡；越南,丁亥四月初十日,,1947,1947,四月,初十日,lunar,干支或传统纪年,high,国币伍万元,伍万元,50000,国币,今逢顺便，寄去国币伍万元，至时查收，添作家用。,家用,现今精神未足，身体十分瘦弱，是次病费，已是费去成百元，然遇此时期，贫病交迫，惨何可言。；近日尔有寄托桂泉之家信中，代交吾一信，已经收到，内言各事俱已知悉。,1,,,前三月间，鸿儿并签书已有由暹寄来一信，报告自三月初八，他两人买远洋轮，安步到暹，一切平安，余心甚慰。,"惠芳女儿知悉：
自两月来，未及通函者，因自闰二月尾，余身上致病，初由中暑，乃知自秀榜舅回塘（唐）之后，其病日加沉重，一连三十外【多】天，至本四月秋，始得痊愈。现今精神未足，身体十分瘦弱，是次病费，已是费去成百元，然遇此时期，贫病交迫，惨何可言。现今以（已）是万分拮据，尚在设法调养中，故近来对于各亲友，并家信是以少通音问也。前三月间，鸿儿并签书已有由暹寄来一信，报告自三月初八，他两人买远洋轮，安步到暹，一切平安，余心甚慰。然签书今初到暹，各事与鸿儿当然不同，家信定必有些耽搁，偶然有时迟寄，儿尔亦可免介意，须候至有职务可任，方能捷寄，势必如是。余前月底得接消息后，以（已）经即时有覆信与七叔并志云，托他从速先与签书寻些工作，以安其身，此点余以（已）先大注意矣，尔不用挂心。近日尔有寄托桂泉之家信中，代交吾一信，已经收到，内言各事俱已知悉。虽吾儿有些多言，尔父亦全不怪责，自恨命途一生孤苦，遇事每每多不如心，甚且屡屡如是破失，大小事无一如意，是诚恨憾耳。今逢顺便，寄去国币伍万元，至时查收，添作家用。至余自己此帮家信未寄，如尔母有问，及时则代言，候下星期付寄免介。余言后叙。此达
平安
德馨寄来之信吾以（已）有收到，候下星期一并答覆。",前三月间，鸿儿并签书已有由暹寄来一信，报告自三月初八，他两人买远洋轮，安步到暹，一切平安，余心甚慰。；平安,惠芳女儿知悉：；现今精神未足，身体十分瘦弱，是次病费，已是费去成百元，然遇此时期，贫病交迫，惨何可言。,然签书今初到暹，各事与鸿儿当然不同，家信定必有些耽搁，偶然有时迟寄，儿尔亦可免介意，须候至有职务可任，方能捷寄，势必如是。,,,,,,1,1,1,1,0,1,1,0,0,0,0,instruction,family_affection;remittance;safety;instruction;health;work,,托,,儿,甚慰,查收,寄去；查收,平安,须,托；儿；甚慰；查收,1,"前三月间，鸿儿并签书已有由暹寄来一信，报告自三月初八，他两人买远洋轮，安步到暹，一切平安，余心甚慰。；平安
今逢顺便，寄去国币伍万元，至时查收，添作家用。
然签书今初到暹，各事与鸿儿当然不同，家信定必有些耽搁，偶然有时迟寄，儿尔亦可免介意，须候至有职务可任，方能捷寄，势必如是。",,前三月间，鸿儿并签书已有由暹寄来一信，报告自三月初八，他两人买远洋轮，安步到暹，一切平安，余心甚慰。；平安,今逢顺便，寄去国币伍万元，至时查收，添作家用。,惠芳女儿知悉：；现今精神未足，身体十分瘦弱，是次病费，已是费去成百元，然遇此时期，贫病交迫，惨何可言。,然签书今初到暹，各事与鸿儿当然不同，家信定必有些耽搁，偶然有时迟寄，儿尔亦可免介意，须候至有职务可任，方能捷寄，势必如是。,,sender=叻林壁书；recipient=潮安南桂张暨书先生；relationship=social_or_business；date=丁亥四月初十日；money=伍万元；currency=国币；places=安南->越南；潮安->广东潮安；叻->新加坡；kinship=儿；叔,"丁亥（1947）四月初十日，叻林壁书寄潮安南桂张銮书先生
叻林壁书
潮安南桂张暨书先生
丁亥四月初十日
国币伍万元
安南->越南；潮安->广东潮安；叻->新加坡
family_affection;remittance;safety;instruction;health;work
惠芳女儿知悉：
自两月来，未及通函者，因自闰二月尾，余身上致病，初由中暑，乃知自秀榜舅回塘（唐）之后，其病日加沉重，一连三十外【多】天，至本四月秋，始得痊愈。现今精神未足，身体十分瘦弱，是次病费，已是费去成百元，然遇此时期，贫病交迫，惨何可言。现今以（已）是万分拮据，尚在设法调养中，故近来对于各亲友，并家信是以少通音问也。前三月间，鸿儿并签书已有由暹寄来一信，报告自三月初八，他两人买远洋轮，安步到暹，一切平安，余心甚慰。然签书今初到暹，各事与鸿儿当然不同，家信定必有些耽搁，偶然有时迟寄，儿尔亦可免介意，须候至有职务可任，方能捷寄，势必如是。余前月底得接消息后，以（已）经即时有覆信与七叔并志云，托他从速先与签书寻些工作，以安其身，此点余以（已）先大注意矣，尔不用挂心。近日尔有寄托桂泉之家信中，代交吾一信，已经收到，内言各事俱已知悉。虽吾儿有些多言，尔父亦全不怪责，自恨命途一生孤苦，遇事每每多不如心，甚且屡屡如是破失，大小事无一如意，是诚恨憾耳。今逢顺便，寄去国币伍万元，至时查收，添作家用。至余自己此帮家信未寄，如尔母有问，及时则代言，候下星期付寄免介。余言后叙。此达
平安
德馨寄来之信吾以（已）有收到，候下星期一并答覆。",题名：丁亥（1947）四月初十日，叻林壁书寄潮安南桂张銮书先生；寄批人：叻林壁书；收批人：潮安南桂张暨书先生；日期：丁亥四月初十日；汇款：国币伍万元；主题：family_affection;remittance;safety;instruction;health;work；正文摘录：惠芳女儿知悉：自两月来，未及通函者，因自闰二月尾，余身上致病，初由中暑，乃知自秀榜舅回塘（唐）之后，其病日加沉重，一连三十外【多】天，至本四月秋，始得痊愈。现今精神未足，身体十分瘦弱，是次病费，已是费去成百元，然遇此时期，贫病交迫，惨何可言,丁亥（1947）四月初十日,叻林壁书,潮安南桂张銮书先生,514,0,林壁书,张暨书,儿,medium,越南；广东潮安；新加坡,"[{""record_id"": ""CSQP-SFHC-TEXT-108"", ""raw_text"": ""国币伍万元"", ""amount_text"": ""伍万元"", ""amount_number"": 50000, ""currency"": ""国币"", ""sentence"": ""批款：国币伍万元"", ""is_primary_candidate"": true, ""source_field"": ""body_clean""}, {""record_id"": ""CSQP-SFHC-TEXT-108"", ""raw_text"": ""百元"", ""amount_text"": ""百元"", ""amount_number"": 100, ""currency"": ""元"", ""sentence"": ""现今精神未足，身体十分瘦弱，是次病费，已是费去成百元，然遇此时期，贫病交迫，惨何可言。"", ""is_primary_candidate"": false, ""source_field"": ""body_clean""}, {""record_id"": ""CSQP-SFHC-TEXT-108"", ""raw_text"": ""国币伍万元"", ""amount_text"": ""伍万元"", ""amount_number"": 50000, ""currency"": ""国币"", ""sentence"": ""今逢顺便，寄去国币伍万元，至时查收，添作家用。"", ""is_primary_candidate"": false, ""source_field"": ""body_clean""}]",丁亥（1947）四月初十日，叻林壁书寄潮安南桂张銮书先生；叻林壁书；潮安南桂张暨书先生；林壁书；张暨书；儿；叔；越南；广东潮安；新加坡；国币伍万元；国币；family_affection；remittance；safety；instruction；health；work；安南；潮安；广东；元；查收；丁亥；四月；初十；林壁；书寄潮；张銮书；先生；桂张；万元；family；affection；甚慰；惠芳；女儿；知悉；自两；未及；通函者；因自闰；二月；身上；致病；中暑；乃知；自秀；榜舅；回塘；之后；其病；日加；沉重；一连；三十；至本；始得；痊愈；现今；精神；未足；身体；十分；瘦弱；病费；费去；百元；然遇；时期；贫病交迫；惨何；可言；万分；拮据；设法；调养；近来；对于；亲友
CSQP-SFHC-TEXT-109,109,丁亥（1947）四月廿四日，外洋张文潮寄潮汕慈亲大人,pdf_pages=150；book_pages=121,1,high,0,"慈亲大人金安：
启者，儿自三月初五日，往汕乘轮，至十三日到暹，住足一月，因觉生活环境，殊感困苦，故转程来叻，已于本月十七日到达，候有任务当禀函详告。惟前欲赴暹之时，一切船票旅费，已与客头速来理楚，及船到暹，将欲作入口字之际，客头乃则反言，欲增收暹良（银）一百二十五拨（约国币一百五十万元），彼时因临急之关，不得已写签约字，得以一月归还，而并批该纸，作为废纸等情。倘速来或有到家推（催）讨，则可藉推当时船票、旅费约交清楚，至今不干在外之事等语，以拒绝之，候儿有利或另寄还可也。至自儿出门之后，家情谅定再为苦困，或有另再改何法，以维持生计，请详明示知。惟茂鉴在家，或可作些小生理，以望前途生活，而各等情事，维祈大兄代为指示是荷。现寄上国币贰拾万元，到时查收，作以家情之需。专此，敬请
履安

丁亥四月廿四日  儿张文潮寄","慈亲大人金安：
启者，儿自三月初五日，往汕乘轮，至十三日到暹，住足一月，因觉生活环境，殊感困苦，故转程来叻，已于本月十七日到达，候有任务当禀函详告。惟前欲赴暹之时，一切船票旅费，已与客头速来理楚，及船到暹，将欲作入口字之际，客头乃则反言，欲增收暹良（银）一百二十五拨（约国币一百五十万元），彼时因临急之关，不得已写签约字，得以一月归还，而并批该纸，作为废纸等情。倘速来或有到家推（催）讨，则可藉推当时船票、旅费约交清楚，至今不干在外之事等语，以拒绝之，候儿有利或另寄还可也。至自儿出门之后，家情谅定再为苦困，或有另再改何法，以维持生计，请详明示知。惟茂鉴在家，或可作些小生理，以望前途生活，而各等情事，维祈大兄代为指示是荷。现寄上国币贰拾万元，到时查收，作以家情之需。专此，敬请
履安

丁亥四月廿四日 儿张文潮寄","慈亲大人金安：
启者，儿自三月初五日，往汕乘轮，至十三日到暹，住足一月，因觉生活环境，殊感困苦，故转程来叻，已于本月十七日到达，候有任务当禀函详告。惟前欲赴暹之时，一切船票旅费，已与客头速来理楚，及船到暹，将欲作入口字之际，客头乃则反言，欲增收暹良（银）一百二十五拨（约国币一百五十万元），彼时因临急之关，不得已写签约字，得以一月归还，而并批该纸，作为废纸等情。倘速来或有到家推（催）讨，则可藉推当时船票、旅费约交清楚，至今不干在外之事等语，以拒绝之，候儿有利或另寄还可也。至自儿出门之后，家情谅定再为苦困，或有另再改何法，以维持生计，请详明示知。惟茂鉴在家，或可作些小生理，以望前途生活，而各等情事，维祈大兄代为指示是荷。现寄上国币贰拾万元，到时查收，作以家情之需。专此，敬请
履安

丁亥四月廿四日 儿张文潮寄","启者，儿自三月初五日，往汕乘轮，至十三日到暹，住足一月，因觉生活环境，殊感困苦，故转程来叻，已于本月十七日到达，候有任务当禀函详告。惟前欲赴暹之时，一切船票旅费，已与客头速来理楚，及船到暹，将欲作入口字之际，客头乃则反言，欲增收暹良（银）一百二十五拨（约国币一百五十万元），彼时因临急之关，不得已写签约字，得以一月归还，而并批该纸，作为废纸等情。倘速来或有到家推（催）讨，则可藉推当时船票、旅费约交清楚，至今不干在外之事等语，以拒绝之，候儿有利或另寄还可也。至自儿出门之后，家情谅定再为苦困，或有另再改何法，以维持生计，请详明示知。惟茂鉴在家，或可作些小生理，以望前途生活，而各等情事，维祈大兄代为指示是荷。现寄上国币贰拾万元，到时查收，作以家情之需。专此，敬请
履安",357,4,10,外洋张文潮,潮汕慈亲大人,,parent,child_to_parent,慈亲；兄；儿,候儿；至自儿；维祈大兄,大人；金安,,海外,广东侨乡,海外,广东侨乡,潮汕->广东侨乡；叻->新加坡；暹->泰国,海外 -> 广东侨乡,1,海外；广东侨乡；新加坡；泰国,丁亥（1947）四月廿四日,,1947,1947,四月,廿四日,solar,干支或传统纪年,high,国币贰拾万元,贰拾万元,200000,国币,现寄上国币贰拾万元，到时查收，作以家情之需。,,倘速来或有到家推（催）讨，则可藉推当时船票、旅费约交清楚，至今不干在外之事等语，以拒绝之，候儿有利或另寄还可也。；现寄上国币贰拾万元，到时查收，作以家情之需。,1,慈亲大人金安：,启者，儿自三月初五日，往汕乘轮，至十三日到暹，住足一月，因觉生活环境，殊感困苦，故转程来叻，已于本月十七日到达，候有任务当禀函详告。,,"启者，儿自三月初五日，往汕乘轮，至十三日到暹，住足一月，因觉生活环境，殊感困苦，故转程来叻，已于本月十七日到达，候有任务当禀函详告。惟前欲赴暹之时，一切船票旅费，已与客头速来理楚，及船到暹，将欲作入口字之际，客头乃则反言，欲增收暹良（银）一百二十五拨（约国币一百五十万元），彼时因临急之关，不得已写签约字，得以一月归还，而并批该纸，作为废纸等情。倘速来或有到家推（催）讨，则可藉推当时船票、旅费约交清楚，至今不干在外之事等语，以拒绝之，候儿有利或另寄还可也。至自儿出门之后，家情谅定再为苦困，或有另再改何法，以维持生计，请详明示知。惟茂鉴在家，或可作些小生理，以望前途生活，而各等情事，维祈大兄代为指示是荷。现寄上国币贰拾万元，到时查收，作以家情之需。专此，敬请
履安",,启者，儿自三月初五日，往汕乘轮，至十三日到暹，住足一月，因觉生活环境，殊感困苦，故转程来叻，已于本月十七日到达，候有任务当禀函详告。；倘速来或有到家推（催）讨，则可藉推当时船票、旅费约交清楚，至今不干在外之事等语，以拒绝之，候儿有利或另寄还可也。,,,,,,,1,1,0,0,0,0,0,1,0,0,0,debt,family_affection;remittance;debt,启者,启,大人；金安,儿,祈；谅；荷；惟,查收；金安,寄上；查收,,,启者；启；大人；金安；儿；祈；谅；荷；惟；查收,3,"慈亲大人金安：
启者，儿自三月初五日，往汕乘轮，至十三日到暹，住足一月，因觉生活环境，殊感困苦，故转程来叻，已于本月十七日到达，候有任务当禀函详告。
现寄上国币贰拾万元，到时查收，作以家情之需。",慈亲大人金安：,,现寄上国币贰拾万元，到时查收，作以家情之需。,启者，儿自三月初五日，往汕乘轮，至十三日到暹，住足一月，因觉生活环境，殊感困苦，故转程来叻，已于本月十七日到达，候有任务当禀函详告。；倘速来或有到家推（催）讨，则可藉推当时船票、旅费约交清楚，至今不干在外之事等语，以拒绝之，候儿有利或另寄还可也。,,,sender=外洋张文潮；recipient=潮汕慈亲大人；relationship=child_to_parent；date=丁亥（1947）四月廿四日；money=贰拾万元；currency=国币；places=潮汕->广东侨乡；叻->新加坡；暹->泰国；kinship=慈亲；兄；儿,"丁亥（1947）四月廿四日，外洋张文潮寄潮汕慈亲大人
外洋张文潮
潮汕慈亲大人
丁亥（1947）四月廿四日
国币贰拾万元
潮汕->广东侨乡；叻->新加坡；暹->泰国
family_affection;remittance;debt
启者，儿自三月初五日，往汕乘轮，至十三日到暹，住足一月，因觉生活环境，殊感困苦，故转程来叻，已于本月十七日到达，候有任务当禀函详告。惟前欲赴暹之时，一切船票旅费，已与客头速来理楚，及船到暹，将欲作入口字之际，客头乃则反言，欲增收暹良（银）一百二十五拨（约国币一百五十万元），彼时因临急之关，不得已写签约字，得以一月归还，而并批该纸，作为废纸等情。倘速来或有到家推（催）讨，则可藉推当时船票、旅费约交清楚，至今不干在外之事等语，以拒绝之，候儿有利或另寄还可也。至自儿出门之后，家情谅定再为苦困，或有另再改何法，以维持生计，请详明示知。惟茂鉴在家，或可作些小生理，以望前途生活，而各等情事，维祈大兄代为指示是荷。现寄上国币贰拾万元，到时查收，作以家情之需。专此，敬请
履安",题名：丁亥（1947）四月廿四日，外洋张文潮寄潮汕慈亲大人；寄批人：外洋张文潮；收批人：潮汕慈亲大人；日期：丁亥（1947）四月廿四日；汇款：国币贰拾万元；主题：family_affection;remittance;debt；正文摘录：启者，儿自三月初五日，往汕乘轮，至十三日到暹，住足一月，因觉生活环境，殊感困苦，故转程来叻，已于本月十七日到达，候有任务当禀函详告。惟前欲赴暹之时，一切船票旅费，已与客头速来理楚，及船到暹，将欲作入口字之际，客头乃则反言，欲增收暹良（银）一,丁亥（1947）四月廿四日,外洋张文潮,潮汕慈亲大人,333,0,张文潮,慈亲,慈亲,high,广东侨乡；新加坡；泰国；海外,"[{""record_id"": ""CSQP-SFHC-TEXT-109"", ""raw_text"": ""国币一百五十万元"", ""amount_text"": ""一百五十万元"", ""amount_number"": 1500000, ""currency"": ""国币"", ""sentence"": ""惟前欲赴暹之时，一切船票旅费，已与客头速来理楚，及船到暹，将欲作入口字之际，客头乃则反言，欲增收暹良（银）一百二十五拨（约国币一百五十万元），彼时因临急之关，不得已写签约字，得以一月归还，而并批该纸，作为废纸等情。"", ""is_primary_candidate"": false, ""source_field"": ""body_clean""}, {""record_id"": ""CSQP-SFHC-TEXT-109"", ""raw_text"": ""国币贰拾万元"", ""amount_text"": ""贰拾万元"", ""amount_number"": 200000, ""currency"": ""国币"", ""sentence"": ""现寄上国币贰拾万元，到时查收，作以家情之需。"", ""is_primary_candidate"": true, ""source_field"": ""body_clean""}]",丁亥（1947）四月廿四日，外洋张文潮寄潮汕慈亲大人；外洋张文潮；潮汕慈亲大人；张文潮；慈亲；兄；儿；广东侨乡；新加坡；泰国；海外；国币贰拾万元；国币；family_affection；remittance；debt；潮汕；广东；良（银）；银；元；查收；金安；丁亥；四月；廿四日；外洋；侨乡；万元；family；affection；启者；儿自；三月初；五日；往汕；乘轮；十三日；住足；一月；因觉；生活；环境；殊感；困苦；故转程；本月；十七日；到达；候有；任务；禀函；详告；惟前；暹之时；船票；旅费；客头；速来；理楚；及船；将欲作；入口；之际；反言；增收；暹良；一百二十五；一百五十万元；彼时；因临；急之关；不得已；签约；得以；归还；批该；作为；废纸；等情
CSQP-SFHC-TEXT-110,110,卅六年（1947）五月九日，巴双［马来亚］陈燕初寄潮安鳌头乡陈燕城先生,pdf_pages=151；book_pages=122,1,low,0,"寄批人：巴双陈燕初
收批人：潮安鳌头乡陈燕城先生
批款：国币贰拾万元
日期：卅六年五月九日

家胞兄长如晤：
来函已悉，现由信局付去一函，外并国币贰拾万元收查。内抹出五万元，与侄妇母子作布料等物之需。此致
健康

弟陈燕初手
卅六【年】五月九日","寄批人：巴双陈燕初
收批人：潮安鳌头乡陈燕城先生
批款：国币贰拾万元
日期：卅六年五月九日

家胞兄长如晤：
来函已悉，现由信局付去一函，外并国币贰拾万元收查。内抹出五万元，与侄妇母子作布料等物之需。此致
健康

弟陈燕初手
卅六【年】五月九日","家胞兄长如晤：
来函已悉，现由信局付去一函，外并国币贰拾万元收查。内抹出五万元，与侄妇母子作布料等物之需。此致
健康

弟陈燕初手
卅六【年】五月九日","来函已悉，现由信局付去一函，外并国币贰拾万元收查。内抹出五万元，与侄妇母子作布料等物之需。此致
健康",122,9,7,巴双陈燕初,潮安鳌头乡陈燕城先生,sibling,sibling,sibling_or_same_generation_kin,兄；弟；侄,家胞兄；与侄妇母,先生,弟,,广东潮安,,广东潮安,潮安->广东潮安,广东潮安,0,广东侨乡,卅六年五月九日,"弟陈燕初手
卅六【年】五月九日",1947,1947,五月,九日,lunar,西历,high,国币贰拾万元,贰拾万元,200000,国币,来函已悉，现由信局付去一函，外并国币贰拾万元收查。,,,1,家胞兄长如晤：,,,"来函已悉，现由信局付去一函，外并国币贰拾万元收查。内抹出五万元，与侄妇母子作布料等物之需。此致
健康",,内抹出五万元，与侄妇母子作布料等物之需。,,此致,,"弟陈燕初手
卅六【年】五月九日",弟陈燕初手,,1,1,0,0,0,0,0,0,0,0,0,remittance,family_affection;remittance,,此致,,弟,,,付去,,,此致；弟,1,"家胞兄长如晤：
来函已悉，现由信局付去一函，外并国币贰拾万元收查。
此致
弟陈燕初手",家胞兄长如晤：,,来函已悉，现由信局付去一函，外并国币贰拾万元收查。,内抹出五万元，与侄妇母子作布料等物之需。,,此致；弟陈燕初手,sender=巴双陈燕初；recipient=潮安鳌头乡陈燕城先生；relationship=sibling_or_same_generation_kin；date=卅六年五月九日；money=贰拾万元；currency=国币；places=潮安->广东潮安；kinship=兄；弟；侄,"卅六年（1947）五月九日，巴双［马来亚］陈燕初寄潮安鳌头乡陈燕城先生
巴双陈燕初
潮安鳌头乡陈燕城先生
卅六年五月九日
国币贰拾万元
潮安->广东潮安
family_affection;remittance
来函已悉，现由信局付去一函，外并国币贰拾万元收查。内抹出五万元，与侄妇母子作布料等物之需。此致
健康",题名：卅六年（1947）五月九日，巴双［马来亚］陈燕初寄潮安鳌头乡陈燕城先生；寄批人：巴双陈燕初；收批人：潮安鳌头乡陈燕城先生；日期：卅六年五月九日；汇款：国币贰拾万元；主题：family_affection;remittance；正文摘录：来函已悉，现由信局付去一函，外并国币贰拾万元收查。内抹出五万元，与侄妇母子作布料等物之需。此致健康,卅六年（1947）五月九日,巴双［马来亚］陈燕初,潮安鳌头乡陈燕城先生,49,0,巴双陈燕初,鳌头乡陈燕城,兄,high,广东潮安,"[{""record_id"": ""CSQP-SFHC-TEXT-110"", ""raw_text"": ""国币贰拾万元"", ""amount_text"": ""贰拾万元"", ""amount_number"": 200000, ""currency"": ""国币"", ""sentence"": ""批款：国币贰拾万元"", ""is_primary_candidate"": true, ""source_field"": ""body_clean""}, {""record_id"": ""CSQP-SFHC-TEXT-110"", ""raw_text"": ""国币贰拾万元"", ""amount_text"": ""贰拾万元"", ""amount_number"": 200000, ""currency"": ""国币"", ""sentence"": ""来函已悉，现由信局付去一函，外并国币贰拾万元收查。"", ""is_primary_candidate"": false, ""source_field"": ""body_clean""}, {""record_id"": ""CSQP-SFHC-TEXT-110"", ""raw_text"": ""五万元"", ""amount_text"": ""五万元"", ""amount_number"": 50000, ""currency"": ""元"", ""sentence"": ""内抹出五万元，与侄妇母子作布料等物之需。"", ""is_primary_candidate"": false, ""source_field"": ""body_clean""}]",卅六年（1947）五月九日，巴双［马来亚］陈燕初寄潮安鳌头乡陈燕城先生；巴双陈燕初；潮安鳌头乡陈燕城先生；鳌头乡陈燕城；兄；弟；侄；广东潮安；国币贰拾万元；国币；family_affection；remittance；潮安；广东；元；六年；五月；九日；巴双；马来亚；陈燕初；鳌头；陈燕城；先生；万元；family；affection；来函；已悉；现由信；局付；一函；收查；内抹出；五万元；侄妇；母子；布料；等物；健康
CSQP-SFHC-TEXT-111,111,中华民国卅六年（1947）五月廿九日，叻宋耀正寄澄邑下蓬宋树昭先生,pdf_pages=152；book_pages=123,1,high,0,"寄批人：叻宋耀正
收批人：澄邑下蓬宋树昭先生
批款：国币伍万元
日期：中华民国卅六年五月廿九日

树昭贤侄如晤：
是番回唐途中，定必风平浪静，安然抵步可知。但未审船行几日，至何时到家否？祈为顺草来知。汕头商业场面如何否？有暇亦祈时为通晓。锦欣侄、宏宜侄、荣木叔诸人芳代道好是盼。和成之事，因叔出言退股之后，所有股友多数要随我拆出，缘退股之额，占过半数，致主持人毫无办法软化，向我说情，同时叫我出来维持。叔本多情，似不耐众人之好劝，变为进退两难之中，至办法如何，现尚未决，大约须经明说，开过股东大会才得明瞭，容后详告矣。兹外付上国币伍万元，至祈查收，复音来知。此询
近好

叔耀正寄
中华民国卅六年五月廿九日","寄批人：叻宋耀正
收批人：澄邑下蓬宋树昭先生
批款：国币伍万元
日期：中华民国卅六年五月廿九日

树昭贤侄如晤：
是番回唐途中，定必风平浪静，安然抵步可知。但未审船行几日，至何时到家否？祈为顺草来知。汕头商业场面如何否？有暇亦祈时为通晓。锦欣侄、宏宜侄、荣木叔诸人芳代道好是盼。和成之事，因叔出言退股之后，所有股友多数要随我拆出，缘退股之额，占过半数，致主持人毫无办法软化，向我说情，同时叫我出来维持。叔本多情，似不耐众人之好劝，变为进退两难之中，至办法如何，现尚未决，大约须经明说，开过股东大会才得明瞭，容后详告矣。兹外付上国币伍万元，至祈查收，复音来知。此询
近好

叔耀正寄
中华民国卅六年五月廿九日","树昭贤侄如晤：
是番回唐途中，定必风平浪静，安然抵步可知。但未审船行几日，至何时到家否？祈为顺草来知。汕头商业场面如何否？有暇亦祈时为通晓。锦欣侄、宏宜侄、荣木叔诸人芳代道好是盼。和成之事，因叔出言退股之后，所有股友多数要随我拆出，缘退股之额，占过半数，致主持人毫无办法软化，向我说情，同时叫我出来维持。叔本多情，似不耐众人之好劝，变为进退两难之中，至办法如何，现尚未决，大约须经明说，开过股东大会才得明瞭，容后详告矣。兹外付上国币伍万元，至祈查收，复音来知。此询
近好

叔耀正寄
中华民国卅六年五月廿九日","是番回唐途中，定必风平浪静，安然抵步可知。但未审船行几日，至何时到家否？祈为顺草来知。汕头商业场面如何否？有暇亦祈时为通晓。锦欣侄、宏宜侄、荣木叔诸人芳代道好是盼。和成之事，因叔出言退股之后，所有股友多数要随我拆出，缘退股之额，占过半数，致主持人毫无办法软化，向我说情，同时叫我出来维持。叔本多情，似不耐众人之好劝，变为进退两难之中，至办法如何，现尚未决，大约须经明说，开过股东大会才得明瞭，容后详告矣。兹外付上国币伍万元，至祈查收，复音来知。此询
近好
叔耀正寄
中华民国卅六年五月廿九日",303,9,14,叻宋耀正,澄邑下蓬宋树昭先生,,nephew_or_niece,unknown,侄；叔,树昭贤侄；锦欣侄；宏宜侄；荣木叔；因叔,先生,,新加坡,广东澄海,新加坡,广东澄海,澄邑->广东澄海；汕头->广东汕头；叻->新加坡,新加坡 -> 广东澄海,1,新加坡；广东侨乡,中华民国卅六年五月廿九日,,民国卅六年,1947,五月,廿九日,solar,民国,high,国币伍万元,伍万元,50000,国币,兹外付上国币伍万元，至祈查收，复音来知。,,兹外付上国币伍万元，至祈查收，复音来知。,1,树昭贤侄如晤：,,,"是番回唐途中，定必风平浪静，安然抵步可知。但未审船行几日，至何时到家否？祈为顺草来知。汕头商业场面如何否？有暇亦祈时为通晓。锦欣侄、宏宜侄、荣木叔诸人芳代道好是盼。和成之事，因叔出言退股之后，所有股友多数要随我拆出，缘退股之额，占过半数，致主持人毫无办法软化，向我说情，同时叫我出来维持。叔本多情，似不耐众人之好劝，变为进退两难之中，至办法如何，现尚未决，大约须经明说，开过股东大会才得明瞭，容后详告矣。兹外付上国币伍万元，至祈查收，复音来知。此询
近好
叔耀正寄
中华民国卅六年五月廿九日",,,祈为顺草来知。；叔本多情，似不耐众人之好劝，变为进退两难之中，至办法如何，现尚未决，大约须经明说，开过股东大会才得明瞭，容后详告矣。,,,,,,0,1,0,1,0,0,0,0,0,0,0,instruction,remittance;instruction,,,,,兹；祈；容后,祈查收；至祈查收；查收；容后,查收,,须；祈为,兹；祈；容后；祈查收；至祈查收；查收,2,"树昭贤侄如晤：
兹外付上国币伍万元，至祈查收，复音来知。
祈为顺草来知。；叔本多情，似不耐众人之好劝，变为进退两难之中，至办法如何，现尚未决，大约须经明说，开过股东大会才得明瞭，容后详告矣。",树昭贤侄如晤：,,兹外付上国币伍万元，至祈查收，复音来知。,,祈为顺草来知。；叔本多情，似不耐众人之好劝，变为进退两难之中，至办法如何，现尚未决，大约须经明说，开过股东大会才得明瞭，容后详告矣。,,sender=叻宋耀正；recipient=澄邑下蓬宋树昭先生；relationship=unknown；date=中华民国卅六年五月廿九日；money=伍万元；currency=国币；places=澄邑->广东澄海；汕头->广东汕头；叻->新加坡；kinship=侄；叔,"中华民国卅六年（1947）五月廿九日，叻宋耀正寄澄邑下蓬宋树昭先生
叻宋耀正
澄邑下蓬宋树昭先生
中华民国卅六年五月廿九日
国币伍万元
澄邑->广东澄海；汕头->广东汕头；叻->新加坡
remittance;instruction
是番回唐途中，定必风平浪静，安然抵步可知。但未审船行几日，至何时到家否？祈为顺草来知。汕头商业场面如何否？有暇亦祈时为通晓。锦欣侄、宏宜侄、荣木叔诸人芳代道好是盼。和成之事，因叔出言退股之后，所有股友多数要随我拆出，缘退股之额，占过半数，致主持人毫无办法软化，向我说情，同时叫我出来维持。叔本多情，似不耐众人之好劝，变为进退两难之中，至办法如何，现尚未决，大约须经明说，开过股东大会才得明瞭，容后详告矣。兹外付上国币伍万元，至祈查收，复音来知。此询
近好
叔耀正寄
中华民国卅六年五月廿九日",题名：中华民国卅六年（1947）五月廿九日，叻宋耀正寄澄邑下蓬宋树昭先生；寄批人：叻宋耀正；收批人：澄邑下蓬宋树昭先生；日期：中华民国卅六年五月廿九日；汇款：国币伍万元；主题：remittance;instruction；正文摘录：是番回唐途中，定必风平浪静，安然抵步可知。但未审船行几日，至何时到家否？祈为顺草来知。汕头商业场面如何否？有暇亦祈时为通晓。锦欣侄、宏宜侄、荣木叔诸人芳代道好是盼。和成之事，因叔出言退股之后，所有股友多数要随我拆出，缘退股之额，占过半数，致,中华民国卅六年（1947）五月廿九日,叻宋耀正,澄邑下蓬宋树昭先生,242,0,宋耀正,下蓬宋树昭,侄,,广东澄海；新加坡；广东汕头,"[{""record_id"": ""CSQP-SFHC-TEXT-111"", ""raw_text"": ""国币伍万元"", ""amount_text"": ""伍万元"", ""amount_number"": 50000, ""currency"": ""国币"", ""sentence"": ""批款：国币伍万元"", ""is_primary_candidate"": true, ""source_field"": ""body_clean""}, {""record_id"": ""CSQP-SFHC-TEXT-111"", ""raw_text"": ""国币伍万元"", ""amount_text"": ""伍万元"", ""amount_number"": 50000, ""currency"": ""国币"", ""sentence"": ""兹外付上国币伍万元，至祈查收，复音来知。"", ""is_primary_candidate"": false, ""source_field"": ""body_clean""}]",中华民国卅六年（1947）五月廿九日，叻宋耀正寄澄邑下蓬宋树昭先生；叻宋耀正；澄邑下蓬宋树昭先生；宋耀正；下蓬宋树昭；侄；叔；广东澄海；新加坡；广东汕头；国币伍万元；国币；remittance；instruction；澄海；澄邑；汕头；广东；元；祈查收；至祈查收；查收；容后；中华民国；六年；五月；廿九日；寄澄邑；下蓬；宋树昭；先生；万元；至祈；回唐；途中；定必；风平浪静；安然；抵步；可知；审船行；几日；何时；到家否；祈为；顺草来；商业；场面；如何；有暇；祈时；通晓；锦欣；宏宜；荣木叔；诸人芳代道；成之事；因叔；出言；退股；之后；所有；股友；多数；拆出；之额；过半数；主持人；毫无办法；软化；说情；同时；出来；维持；叔本；多情；似不耐；众人；之好；变为
CSQP-SFHC-TEXT-112,112,丁（1947）七月初十日，柔佛［马来亚］李再赐弟寄潮安鹤巢乡李再赐胞兄,pdf_pages=153；book_pages=124,1,high,0,"再赐胞兄如见：
启者，久未修草致候，殊深远念。但此次因天下大雨，各处致成泽国，然左近日园具否被淹，未得详情。早冬收有几成，而吾兄近况如何，膝下有几位子女，祈便指教为慰。至于侄儿唐也，望兄从中持（提）携，是所至盼。昨据陈眉陀母姨，托代探陈洲礼旅居之地，候弟从中访问，如有下落，自当通知，望勿远介。外付国币叁拾万元，到时查收，内抹拾万元，送交陈眉母姨收后，并代问候是幸。余无别言。并颂
台安

丁七月初十日  弟再木寄","再赐胞兄如见：
启者，久未修草致候，殊深远念。但此次因天下大雨，各处致成泽国，然左近日园具否被淹，未得详情。早冬收有几成，而吾兄近况如何，膝下有几位子女，祈便指教为慰。至于侄儿唐也，望兄从中持（提）携，是所至盼。昨据陈眉陀母姨，托代探陈洲礼旅居之地，候弟从中访问，如有下落，自当通知，望勿远介。外付国币叁拾万元，到时查收，内抹拾万元，送交陈眉母姨收后，并代问候是幸。余无别言。并颂
台安

丁七月初十日 弟再木寄","再赐胞兄如见：
启者，久未修草致候，殊深远念。但此次因天下大雨，各处致成泽国，然左近日园具否被淹，未得详情。早冬收有几成，而吾兄近况如何，膝下有几位子女，祈便指教为慰。至于侄儿唐也，望兄从中持（提）携，是所至盼。昨据陈眉陀母姨，托代探陈洲礼旅居之地，候弟从中访问，如有下落，自当通知，望勿远介。外付国币叁拾万元，到时查收，内抹拾万元，送交陈眉母姨收后，并代问候是幸。余无别言。并颂
台安

丁七月初十日 弟再木寄","再赐胞兄如见：
启者，久未修草致候，殊深远念。但此次因天下大雨，各处致成泽国，然左近日园具否被淹，未得详情。早冬收有几成，而吾兄近况如何，膝下有几位子女，祈便指教为慰。至于侄儿唐也，望兄从中持（提）携，是所至盼。昨据陈眉陀母姨，托代探陈洲礼旅居之地，候弟从中访问，如有下落，自当通知，望勿远介。外付国币叁拾万元，到时查收，内抹拾万元，送交陈眉母姨收后，并代问候是幸。余无别言。并颂
台安",206,4,11,柔佛［马来亚］李再赐弟,潮安鹤巢乡李再赐胞兄,sibling,sibling,sibling_or_same_generation_kin,兄；弟；儿；侄,李再赐弟；李再赐胞兄；再赐胞兄；而吾兄；至于侄儿；望兄；据陈眉陀母；候弟；送交陈眉母,,,,广东潮安,,广东潮安,潮安->广东潮安,广东潮安,0,广东侨乡,丁（1947）七月初十日,,1947,1947,七月,初十日,lunar,干支或传统纪年,high,国币叁拾万元,叁拾万元,300000,国币,外付国币叁拾万元，到时查收，内抹拾万元，送交陈眉母姨收后，并代问候是幸。,分抹,外付国币叁拾万元，到时查收，内抹拾万元，送交陈眉母姨收后，并代问候是幸。,1,,启者，久未修草致候，殊深远念。,,"再赐胞兄如见：
启者，久未修草致候，殊深远念。但此次因天下大雨，各处致成泽国，然左近日园具否被淹，未得详情。早冬收有几成，而吾兄近况如何，膝下有几位子女，祈便指教为慰。至于侄儿唐也，望兄从中持（提）携，是所至盼。昨据陈眉陀母姨，托代探陈洲礼旅居之地，候弟从中访问，如有下落，自当通知，望勿远介。外付国币叁拾万元，到时查收，内抹拾万元，送交陈眉母姨收后，并代问候是幸。余无别言。并颂
台安",,至于侄儿唐也，望兄从中持（提）携，是所至盼。；昨据陈眉陀母姨，托代探陈洲礼旅居之地，候弟从中访问，如有下落，自当通知，望勿远介。,,,,,,,1,1,0,0,0,0,0,0,0,0,1,family_affection,family_affection;remittance;home_building,启者；膝下,启；托,膝下,儿；弟,祈,膝下；查收,查收,,,启者；膝下；启；托；儿；弟；祈；查收,2,"启者，久未修草致候，殊深远念。
外付国币叁拾万元，到时查收，内抹拾万元，送交陈眉母姨收后，并代问候是幸。",启者，久未修草致候，殊深远念。,,外付国币叁拾万元，到时查收，内抹拾万元，送交陈眉母姨收后，并代问候是幸。,至于侄儿唐也，望兄从中持（提）携，是所至盼。；昨据陈眉陀母姨，托代探陈洲礼旅居之地，候弟从中访问，如有下落，自当通知，望勿远介。,,,sender=柔佛［马来亚］李再赐弟；recipient=潮安鹤巢乡李再赐胞兄；relationship=sibling_or_same_generation_kin；date=丁（1947）七月初十日；money=叁拾万元；currency=国币；places=潮安->广东潮安；kinship=兄；弟；儿；侄,"丁（1947）七月初十日，柔佛［马来亚］李再赐弟寄潮安鹤巢乡李再赐胞兄
柔佛［马来亚］李再赐弟
潮安鹤巢乡李再赐胞兄
丁（1947）七月初十日
国币叁拾万元
潮安->广东潮安
family_affection;remittance;home_building
再赐胞兄如见：
启者，久未修草致候，殊深远念。但此次因天下大雨，各处致成泽国，然左近日园具否被淹，未得详情。早冬收有几成，而吾兄近况如何，膝下有几位子女，祈便指教为慰。至于侄儿唐也，望兄从中持（提）携，是所至盼。昨据陈眉陀母姨，托代探陈洲礼旅居之地，候弟从中访问，如有下落，自当通知，望勿远介。外付国币叁拾万元，到时查收，内抹拾万元，送交陈眉母姨收后，并代问候是幸。余无别言。并颂
台安",题名：丁（1947）七月初十日，柔佛［马来亚］李再赐弟寄潮安鹤巢乡李再赐胞兄；寄批人：柔佛［马来亚］李再赐弟；收批人：潮安鹤巢乡李再赐胞兄；日期：丁（1947）七月初十日；汇款：国币叁拾万元；主题：family_affection;remittance;home_building；正文摘录：再赐胞兄如见：启者，久未修草致候，殊深远念。但此次因天下大雨，各处致成泽国，然左近日园具否被淹，未得详情。早冬收有几成，而吾兄近况如何，膝下有几位子女，祈便指教为慰。至于侄儿唐也，望兄从中持（提）携，是所至盼。昨据陈眉陀母姨，托代探陈洲礼旅,丁（1947）七月初十日,柔佛［马来亚］李再赐弟,潮安鹤巢乡李再赐胞兄,191,0,柔佛李再赐弟,鹤巢乡李再赐胞兄,兄,medium,广东潮安,"[{""record_id"": ""CSQP-SFHC-TEXT-112"", ""raw_text"": ""国币叁拾万元"", ""amount_text"": ""叁拾万元"", ""amount_number"": 300000, ""currency"": ""国币"", ""sentence"": ""外付国币叁拾万元，到时查收，内抹拾万元，送交陈眉母姨收后，并代问候是幸。"", ""is_primary_candidate"": true, ""source_field"": ""body_clean""}, {""record_id"": ""CSQP-SFHC-TEXT-112"", ""raw_text"": ""拾万元"", ""amount_text"": ""拾万元"", ""amount_number"": 100000, ""currency"": ""元"", ""sentence"": ""外付国币叁拾万元，到时查收，内抹拾万元，送交陈眉母姨收后，并代问候是幸。"", ""is_primary_candidate"": false, ""source_field"": ""body_clean""}]",丁（1947）七月初十日，柔佛［马来亚］李再赐弟寄潮安鹤巢乡李再赐胞兄；柔佛［马来亚］李再赐弟；潮安鹤巢乡李再赐胞兄；柔佛李再赐弟；鹤巢乡李再赐胞兄；兄；弟；儿；侄；广东潮安；国币叁拾万元；国币；family_affection；remittance；home_building；潮安；广东；元；膝下；查收；七月；初十；柔佛；马来亚；李再；赐弟；鹤巢；胞兄；叁拾；万元；family；affection；home；building；启者；修草；致候；深远；此次；天下；大雨；各处；致成；泽国；近日；园具否；被淹；未得；详情；早冬收；几成；吾兄；近况；如何；几位；子女；祈便；指教；为慰；至于；侄儿；望兄；从中；昨据；陈眉陀；母姨；托代探；陈洲；旅居；之地；候弟；访问；下落；通知；远介；外付；内抹拾；送交；陈眉母；姨收后
CSQP-SFHC-TEXT-113,113,丁（1947）七月十四日，潮安江东母寄泰国张得惜吾儿,pdf_pages=154；book_pages=125,1,medium,0,"回批人：潮安江东母北
收批人：泰国张得惜吾儿
日期：丁七月十四日

得惜吾儿知之：
是天接到吉信，并国币捌元，经已查收，勿介。且喜吾儿客地平安，甚慰。刻下唐中世界纷乱，各物腾贵，而米谷之昂，尤不堪言状。惟望吾儿，见字之后，家批务宜捷寄，以应然用之急，切切。
内外平安

丁七月十四日
母付","回批人：潮安江东母北
收批人：泰国张得惜吾儿
日期：丁七月十四日

得惜吾儿知之：
是天接到吉信，并国币捌元，经已查收，勿介。且喜吾儿客地平安，甚慰。刻下唐中世界纷乱，各物腾贵，而米谷之昂，尤不堪言状。惟望吾儿，见字之后，家批务宜捷寄，以应然用之急，切切。
内外平安

丁七月十四日
母付","得惜吾儿知之：
是天接到吉信，并国币捌元，经已查收，勿介。且喜吾儿客地平安，甚慰。刻下唐中世界纷乱，各物腾贵，而米谷之昂，尤不堪言状。惟望吾儿，见字之后，家批务宜捷寄，以应然用之急，切切。
内外平安

丁七月十四日
母付","得惜吾儿知之：
是天接到吉信，并国币捌元，经已查收，勿介。且喜吾儿客地平安，甚慰。刻下唐中世界纷乱，各物腾贵，而米谷之昂，尤不堪言状。惟望吾儿，见字之后，家批务宜捷寄，以应然用之急，切切。
内外平安
母付",144,8,8,潮安江东母,泰国张得惜吾儿,,child,parent_to_child,儿,潮安江东母；张得惜吾儿；得惜吾儿；且喜吾儿；惟望吾儿,,,泰国,广东潮安,泰国,广东潮安,泰国；潮安->广东潮安,泰国 -> 广东潮安,1,泰国；广东侨乡,丁七月十四日,丁七月十四日,1947,1947,七月,十四日,solar,干支或传统纪年,high,国币捌元,捌元,8,国币,是天接到吉信，并国币捌元，经已查收，勿介。,,是天接到吉信，并国币捌元，经已查收，勿介。,1,,,且喜吾儿客地平安，甚慰。,"得惜吾儿知之：
是天接到吉信，并国币捌元，经已查收，勿介。且喜吾儿客地平安，甚慰。刻下唐中世界纷乱，各物腾贵，而米谷之昂，尤不堪言状。惟望吾儿，见字之后，家批务宜捷寄，以应然用之急，切切。
内外平安
母付",且喜吾儿客地平安，甚慰。；内外平安,得惜吾儿知之：；且喜吾儿客地平安，甚慰。,,,,丁七月十四日,,,1,1,1,0,0,0,0,0,0,0,0,safety_report,family_affection;remittance;safety,,,,儿,惟；甚慰,查收,查收,平安,,儿；惟；甚慰；查收,1,"且喜吾儿客地平安，甚慰。；内外平安
是天接到吉信，并国币捌元，经已查收，勿介。",,且喜吾儿客地平安，甚慰。；内外平安,是天接到吉信，并国币捌元，经已查收，勿介。,得惜吾儿知之：；且喜吾儿客地平安，甚慰。,,,sender=潮安江东母；recipient=泰国张得惜吾儿；relationship=parent_to_child；date=丁七月十四日；money=捌元；currency=国币；places=泰国；潮安->广东潮安；kinship=儿,"丁（1947）七月十四日，潮安江东母寄泰国张得惜吾儿
潮安江东母
泰国张得惜吾儿
丁七月十四日
国币捌元
泰国；潮安->广东潮安
family_affection;remittance;safety
得惜吾儿知之：
是天接到吉信，并国币捌元，经已查收，勿介。且喜吾儿客地平安，甚慰。刻下唐中世界纷乱，各物腾贵，而米谷之昂，尤不堪言状。惟望吾儿，见字之后，家批务宜捷寄，以应然用之急，切切。
内外平安
母付",题名：丁（1947）七月十四日，潮安江东母寄泰国张得惜吾儿；寄批人：潮安江东母；收批人：泰国张得惜吾儿；日期：丁七月十四日；汇款：国币捌元；主题：family_affection;remittance;safety；正文摘录：得惜吾儿知之：是天接到吉信，并国币捌元，经已查收，勿介。且喜吾儿客地平安，甚慰。刻下唐中世界纷乱，各物腾贵，而米谷之昂，尤不堪言状。惟望吾儿，见字之后，家批务宜捷寄，以应然用之急，切切。内外平安母付,丁（1947）七月十四日,潮安江东母,泰国张得惜吾儿,99,0,江东母,张得惜,吾儿,medium,泰国；广东潮安,"[{""record_id"": ""CSQP-SFHC-TEXT-113"", ""raw_text"": ""国币捌元"", ""amount_text"": ""捌元"", ""amount_number"": 8, ""currency"": ""国币"", ""sentence"": ""是天接到吉信，并国币捌元，经已查收，勿介。"", ""is_primary_candidate"": true, ""source_field"": ""body_clean""}]",丁（1947）七月十四日，潮安江东母寄泰国张得惜吾儿；潮安江东母；泰国张得惜吾儿；江东母；张得惜；儿；吾儿；泰国；广东潮安；国币捌元；国币；family_affection；remittance；safety；潮安；广东；元；查收；七月；十四日；江东；family；affection；甚慰；得惜；儿知；接到；吉信；经已；勿介；喜吾儿；客地；平安；刻下；唐中；世界；纷乱；各物；腾贵；而米；谷之昂；不堪言状；惟望吾儿；见字；之后；批务；宜捷；应然；切切；内外；母付
CSQP-SFHC-TEXT-114,114,丁亥（1947）八月初四日，叻张文潮寄潮安南桂乡家慈亲大人,pdf_pages=155；book_pages=126,1,high,0,"寄批人：叻张文潮
收批人：潮安南桂乡家慈亲大人
批款：国币陆拾万元
日期：丁亥八月初四日

茂鉴吾儿收阅：
回批收到，各事知详。书云所欠淑来并卓盾之项一事，可将此批项内，抹出交还清楚。计淑来十五万元，卓盾三万元，但对此两人之欠款，均有写还揭单，倘欲付款交还，须向彼取回揭单，以了解一切手续。刻付去国币陆拾万元，到时查收。计抹出十五万元，交还淑来，又三万元交还卓盾，又抹一万元，另并书一片送交炜兴兄，并望覆音。所存之项除作家情之外，可再抹开十万元，作为购一领新被棉之需，约重八九斤之度，惟须购买新棉，切勿购买旧被，是否覆音，至切至切！余音后嘱，并询
近好

丁亥八月初四日  文潮寄","寄批人：叻张文潮
收批人：潮安南桂乡家慈亲大人
批款：国币陆拾万元
日期：丁亥八月初四日

茂鉴吾儿收阅：
回批收到，各事知详。书云所欠淑来并卓盾之项一事，可将此批项内，抹出交还清楚。计淑来十五万元，卓盾三万元，但对此两人之欠款，均有写还揭单，倘欲付款交还，须向彼取回揭单，以了解一切手续。刻付去国币陆拾万元，到时查收。计抹出十五万元，交还淑来，又三万元交还卓盾，又抹一万元，另并书一片送交炜兴兄，并望覆音。所存之项除作家情之外，可再抹开十万元，作为购一领新被棉之需，约重八九斤之度，惟须购买新棉，切勿购买旧被，是否覆音，至切至切！余音后嘱，并询
近好

丁亥八月初四日 文潮寄","茂鉴吾儿收阅：
回批收到，各事知详。书云所欠淑来并卓盾之项一事，可将此批项内，抹出交还清楚。计淑来十五万元，卓盾三万元，但对此两人之欠款，均有写还揭单，倘欲付款交还，须向彼取回揭单，以了解一切手续。刻付去国币陆拾万元，到时查收。计抹出十五万元，交还淑来，又三万元交还卓盾，又抹一万元，另并书一片送交炜兴兄，并望覆音。所存之项除作家情之外，可再抹开十万元，作为购一领新被棉之需，约重八九斤之度，惟须购买新棉，切勿购买旧被，是否覆音，至切至切！余音后嘱，并询
近好

丁亥八月初四日 文潮寄","茂鉴吾儿收阅：
回批收到，各事知详。书云所欠淑来并卓盾之项一事，可将此批项内，抹出交还清楚。计淑来十五万元，卓盾三万元，但对此两人之欠款，均有写还揭单，倘欲付款交还，须向彼取回揭单，以了解一切手续。刻付去国币陆拾万元，到时查收。计抹出十五万元，交还淑来，又三万元交还卓盾，又抹一万元，另并书一片送交炜兴兄，并望覆音。所存之项除作家情之外，可再抹开十万元，作为购一领新被棉之需，约重八九斤之度，惟须购买新棉，切勿购买旧被，是否覆音，至切至切！余音后嘱，并询
近好",289,8,10,叻张文潮,潮安南桂乡家慈亲大人,,parent,child_to_parent,慈亲；兄；儿,茂鉴吾儿；送交炜兴兄,大人,,新加坡,广东潮安,新加坡,广东潮安,安南->越南；潮安->广东潮安；叻->新加坡,新加坡 -> 广东潮安,1,新加坡；广东侨乡；越南,丁亥八月初四日,,1947,1947,八月,初四日,lunar,干支或传统纪年,high,国币陆拾万元,陆拾万元,600000,国币,刻付去国币陆拾万元，到时查收。,,书云所欠淑来并卓盾之项一事，可将此批项内，抹出交还清楚。；计淑来十五万元，卓盾三万元，但对此两人之欠款，均有写还揭单，倘欲付款交还，须向彼取回揭单，以了解一切手续。,1,,,,"茂鉴吾儿收阅：
回批收到，各事知详。书云所欠淑来并卓盾之项一事，可将此批项内，抹出交还清楚。计淑来十五万元，卓盾三万元，但对此两人之欠款，均有写还揭单，倘欲付款交还，须向彼取回揭单，以了解一切手续。刻付去国币陆拾万元，到时查收。计抹出十五万元，交还淑来，又三万元交还卓盾，又抹一万元，另并书一片送交炜兴兄，并望覆音。所存之项除作家情之外，可再抹开十万元，作为购一领新被棉之需，约重八九斤之度，惟须购买新棉，切勿购买旧被，是否覆音，至切至切！余音后嘱，并询
近好",,茂鉴吾儿收阅：,计淑来十五万元，卓盾三万元，但对此两人之欠款，均有写还揭单，倘欲付款交还，须向彼取回揭单，以了解一切手续。；所存之项除作家情之外，可再抹开十万元，作为购一领新被棉之需，约重八九斤之度，惟须购买新棉，切勿购买旧被，是否覆音，至切至切！,,,,,,1,1,0,1,0,0,0,1,0,0,0,instruction,family_affection;remittance;instruction;debt,,,,儿,惟；切勿,查收,付去；查收,,切勿；须；嘱,儿；惟；切勿；查收,1,"刻付去国币陆拾万元，到时查收。
计淑来十五万元，卓盾三万元，但对此两人之欠款，均有写还揭单，倘欲付款交还，须向彼取回揭单，以了解一切手续。；所存之项除作家情之外，可再抹开十万元，作为购一领新被棉之需，约重八九斤之度，惟须购买新棉，切勿购买旧被，是否覆音，至切至切！",,,刻付去国币陆拾万元，到时查收。,茂鉴吾儿收阅：,计淑来十五万元，卓盾三万元，但对此两人之欠款，均有写还揭单，倘欲付款交还，须向彼取回揭单，以了解一切手续。；所存之项除作家情之外，可再抹开十万元，作为购一领新被棉之需，约重八九斤之度，惟须购买新棉，切勿购买旧被，是否覆音，至切至切！,,sender=叻张文潮；recipient=潮安南桂乡家慈亲大人；relationship=child_to_parent；date=丁亥八月初四日；money=陆拾万元；currency=国币；places=安南->越南；潮安->广东潮安；叻->新加坡；kinship=慈亲；兄；儿,"丁亥（1947）八月初四日，叻张文潮寄潮安南桂乡家慈亲大人
叻张文潮
潮安南桂乡家慈亲大人
丁亥八月初四日
国币陆拾万元
安南->越南；潮安->广东潮安；叻->新加坡
family_affection;remittance;instruction;debt
茂鉴吾儿收阅：
回批收到，各事知详。书云所欠淑来并卓盾之项一事，可将此批项内，抹出交还清楚。计淑来十五万元，卓盾三万元，但对此两人之欠款，均有写还揭单，倘欲付款交还，须向彼取回揭单，以了解一切手续。刻付去国币陆拾万元，到时查收。计抹出十五万元，交还淑来，又三万元交还卓盾，又抹一万元，另并书一片送交炜兴兄，并望覆音。所存之项除作家情之外，可再抹开十万元，作为购一领新被棉之需，约重八九斤之度，惟须购买新棉，切勿购买旧被，是否覆音，至切至切！余音后嘱，并询
近好",题名：丁亥（1947）八月初四日，叻张文潮寄潮安南桂乡家慈亲大人；寄批人：叻张文潮；收批人：潮安南桂乡家慈亲大人；日期：丁亥八月初四日；汇款：国币陆拾万元；主题：family_affection;remittance;instruction;debt；正文摘录：茂鉴吾儿收阅：回批收到，各事知详。书云所欠淑来并卓盾之项一事，可将此批项内，抹出交还清楚。计淑来十五万元，卓盾三万元，但对此两人之欠款，均有写还揭单，倘欲付款交还，须向彼取回揭单，以了解一切手续。刻付去国币陆拾万元，到时查收。计抹出十五万元,丁亥（1947）八月初四日,叻张文潮,潮安南桂乡家慈亲大人,228,0,张文潮,慈亲,慈亲,medium,越南；广东潮安；新加坡,"[{""record_id"": ""CSQP-SFHC-TEXT-114"", ""raw_text"": ""国币陆拾万元"", ""amount_text"": ""陆拾万元"", ""amount_number"": 600000, ""currency"": ""国币"", ""sentence"": ""批款：国币陆拾万元"", ""is_primary_candidate"": true, ""source_field"": ""body_clean""}, {""record_id"": ""CSQP-SFHC-TEXT-114"", ""raw_text"": ""十五万元"", ""amount_text"": ""十五万元"", ""amount_number"": 150000, ""currency"": ""元"", ""sentence"": ""计淑来十五万元，卓盾三万元，但对此两人之欠款，均有写还揭单，倘欲付款交还，须向彼取回揭单，以了解一切手续。"", ""is_primary_candidate"": false, ""source_field"": ""body_clean""}, {""record_id"": ""CSQP-SFHC-TEXT-114"", ""raw_text"": ""三万元"", ""amount_text"": ""三万元"", ""amount_number"": 30000, ""currency"": ""元"", ""sentence"": ""计淑来十五万元，卓盾三万元，但对此两人之欠款，均有写还揭单，倘欲付款交还，须向彼取回揭单，以了解一切手续。"", ""is_primary_candidate"": false, ""source_field"": ""body_clean""}, {""record_id"": ""CSQP-SFHC-TEXT-114"", ""raw_text"": ""国币陆拾万元"", ""amount_text"": ""陆拾万元"", ""amount_number"": 600000, ""currency"": ""国币"", ""sentence"": ""刻付去国币陆拾万元，到时查收。"", ""is_primary_candidate"": false, ""source_field"": ""body_clean""}, {""record_id"": ""CSQP-SFHC-TEXT-114"", ""raw_text"": ""十五万元"", ""amount_text"": ""十五万元"", ""amount_number"": 150000, ""currency"": ""元"", ""sentence"": ""计抹出十五万元，交还淑来，又三万元交还卓盾，又抹一万元，另并书一片送交炜兴兄，并望覆音。"", ""is_primary_candidate"": false, ""source_field"": ""body_clean""}, {""record_id"": ""CSQP-SFHC-TEXT-114"", ""raw_text"": ""三万元"", ""amount_text"": ""三万元"", ""amount_number"": 30000, ""currency"": ""元"", ""sentence"": ""计抹出十五万元，交还淑来，又三万元交还卓盾，又抹一万元，另并书一片送交炜兴兄，并望覆音。"", ""is_primary_candidate"": false, ""source_field"": ""body_clean""}, {""record_id"": ""CSQP-SFHC-TEXT-114"", ""raw_text"": ""一万元"", ""amount_text"": ""一万元"", ""amount_number"": 10000, ""currency"": ""元"", ""sentence"": ""计抹出十五万元，交还淑来，又三万元交还卓盾，又抹一万元，另并书一片送交炜兴兄，并望覆音。"", ""is_primary_candidate"": false, ""source_field"": ""body_clean""}, {""record_id"": ""CSQP-SFHC-TEXT-114"", ""raw_text"": ""十万元"", ""amount_text"": ""十万元"", ""amount_number"": 100000, ""currency"": ""元"", ""sentence"": ""所存之项除作家情之外，可再抹开十万元，作为购一领新被棉之需，约重八九斤之度，惟须购买新棉，切勿购买旧被，是否覆音，至切至切！"", ""is_primary_candidate"": false, ""source_field"": ""body_clean""}]",丁亥（1947）八月初四日，叻张文潮寄潮安南桂乡家慈亲大人；叻张文潮；潮安南桂乡家慈亲大人；张文潮；慈亲；兄；儿；越南；广东潮安；新加坡；国币陆拾万元；国币；family_affection；remittance；instruction；debt；安南；潮安；广东；元；查收；丁亥；八月；初四；寄潮；桂乡；家慈；陆拾；万元；family；affection；切勿；鉴吾儿；收阅；回批；收到；各事；知详；书云；所欠；卓盾；之项；一事；批项；交还；清楚；计淑来；十五万元；三万元；对此；两人；欠款；揭单；倘欲；付款；取回；了解；手续；刻付；计抹出；一万元；一片；送交；兴兄；并望；覆音；所存；作家；之外；十万元；作为；购一领；约重；八九斤；之度；惟须；购买；新棉；是否；至切
CSQP-SFHC-TEXT-115,115,卅六年（1947）十月八日，叻刘四合寄潮安登隆都刘捷镇先生,pdf_pages=156；book_pages=127,0,metadata_only,1,"寄批人：叻刘四岐
收批人：潮安登隆都刘捷镇先生
批款：国币贰万元
日期：卅六年十月八日

[未见正文录文，仅截图含寄批人、收批人、批款、日期信息。]","寄批人：叻刘四岐
收批人：潮安登隆都刘捷镇先生
批款：国币贰万元
日期：卅六年十月八日",,,43,4,0,叻刘四岐,潮安登隆都刘捷镇先生,,social_or_business_contact,social_or_business,,,先生,,新加坡,广东潮安,新加坡,广东潮安,潮安->广东潮安；叻->新加坡,新加坡 -> 广东潮安,1,新加坡；广东侨乡,卅六年十月八日,,1947,1947,十月,八日,solar,西历,high,国币贰万元,贰万元,20000,国币,,,,1,,,,,,,,,,,,,0,1,0,0,0,0,0,0,0,0,0,remittance,remittance,,,,,,,,,,,0,,,,国币贰万元,,,,sender=叻刘四岐；recipient=潮安登隆都刘捷镇先生；relationship=social_or_business；date=卅六年十月八日；money=贰万元；currency=国币；places=潮安->广东潮安；叻->新加坡,"卅六年（1947）十月八日，叻刘四合寄潮安登隆都刘捷镇先生
叻刘四岐
潮安登隆都刘捷镇先生
卅六年十月八日
国币贰万元
潮安->广东潮安；叻->新加坡
remittance",题名：卅六年（1947）十月八日，叻刘四合寄潮安登隆都刘捷镇先生；寄批人：叻刘四岐；收批人：潮安登隆都刘捷镇先生；日期：卅六年十月八日；汇款：国币贰万元；主题：remittance,卅六年（1947）十月八日,叻刘四合,潮安登隆都刘捷镇先生,0,0,刘四岐,登隆都刘捷镇,,low,广东潮安；新加坡,"[{""record_id"": ""CSQP-SFHC-TEXT-115"", ""raw_text"": ""国币贰万元"", ""amount_text"": ""贰万元"", ""amount_number"": 20000, ""currency"": ""国币"", ""sentence"": ""批款：国币贰万元"", ""is_primary_candidate"": true, ""source_field"": ""body_clean""}]",卅六年（1947）十月八日，叻刘四合寄潮安登隆都刘捷镇先生；叻刘四岐；潮安登隆都刘捷镇先生；刘四岐；登隆都刘捷镇；广东潮安；新加坡；国币贰万元；国币；remittance；潮安；广东；元；六年；十月；八日；四合；登隆；刘捷；先生；万元
CSQP-SFHC-TEXT-116,116,丁亥年（1947）十月廿七日，外洋致祥寄潮汕表嫂,pdf_pages=157；book_pages=128,1,medium,0,"表嫂收次：
启者，前月接来毓秋生字壹页，经即向当地政府申请入口，惟何时能得如愿以偿，殊难预料也。前日曾寄继标兄带上旧衣服五件，万金油陆罐，到仰查收。至万金油，祈提四罐（罐）交作光收用，余贰罐（罐）及旧衣服，吾嫂收用可也。兹随函附国币叁拾万元正，祈查收，示复乃荷。顺请，即候
近佳

叔致祥手上
丁亥年十月廿七日","表嫂收次：
启者，前月接来毓秋生字壹页，经即向当地政府申请入口，惟何时能得如愿以偿，殊难预料也。前日曾寄继标兄带上旧衣服五件，万金油陆罐，到仰查收。至万金油，祈提四罐（罐）交作光收用，余贰罐（罐）及旧衣服，吾嫂收用可也。兹随函附国币叁拾万元正，祈查收，示复乃荷。顺请，即候
近佳

叔致祥手上
丁亥年十月廿七日","表嫂收次：
启者，前月接来毓秋生字壹页，经即向当地政府申请入口，惟何时能得如愿以偿，殊难预料也。前日曾寄继标兄带上旧衣服五件，万金油陆罐，到仰查收。至万金油，祈提四罐（罐）交作光收用，余贰罐（罐）及旧衣服，吾嫂收用可也。兹随函附国币叁拾万元正，祈查收，示复乃荷。顺请，即候
近佳

叔致祥手上
丁亥年十月廿七日","表嫂收次：
启者，前月接来毓秋生字壹页，经即向当地政府申请入口，惟何时能得如愿以偿，殊难预料也。前日曾寄继标兄带上旧衣服五件，万金油陆罐，到仰查收。至万金油，祈提四罐（罐）交作光收用，余贰罐（罐）及旧衣服，吾嫂收用可也。兹随函附国币叁拾万元正，祈查收，示复乃荷。顺请，即候
近佳",155,5,9,外洋致祥,潮汕表嫂,,sibling_in_law,in_law_or_affinal_kin,嫂；兄；叔,潮汕表嫂；表嫂；曾寄继标兄；吾嫂,,,海外,广东侨乡,海外,广东侨乡,潮汕->广东侨乡,海外 -> 广东侨乡,1,海外；广东侨乡,丁亥年（1947）十月廿七日,"叔致祥手上
丁亥年十月廿七日",1947,1947,十月,廿七日,solar,干支或传统纪年,high,国币叁拾万元,叁拾万元,300000,国币,兹随函附国币叁拾万元正，祈查收，示复乃荷。；前日曾寄继标兄带上旧衣服五件，万金油陆罐，到仰查收。,,前日曾寄继标兄带上旧衣服五件，万金油陆罐，到仰查收。；至万金油，祈提四罐（罐）交作光收用，余贰罐（罐）及旧衣服，吾嫂收用可也。,1,,启者，前月接来毓秋生字壹页，经即向当地政府申请入口，惟何时能得如愿以偿，殊难预料也。,,"表嫂收次：
启者，前月接来毓秋生字壹页，经即向当地政府申请入口，惟何时能得如愿以偿，殊难预料也。前日曾寄继标兄带上旧衣服五件，万金油陆罐，到仰查收。至万金油，祈提四罐（罐）交作光收用，余贰罐（罐）及旧衣服，吾嫂收用可也。兹随函附国币叁拾万元正，祈查收，示复乃荷。顺请，即候
近佳",,,,,,"叔致祥手上
丁亥年十月廿七日",叔致祥手上,,0,1,0,0,0,0,0,0,0,0,0,remittance,remittance,启者,启,,,兹；祈；荷；惟,祈查收；查收,查收,,,启者；启；兹；祈；荷；惟；祈查收；查收,2,"启者，前月接来毓秋生字壹页，经即向当地政府申请入口，惟何时能得如愿以偿，殊难预料也。
兹随函附国币叁拾万元正，祈查收，示复乃荷。；前日曾寄继标兄带上旧衣服五件，万金油陆罐，到仰查收。
叔致祥手上",启者，前月接来毓秋生字壹页，经即向当地政府申请入口，惟何时能得如愿以偿，殊难预料也。,,兹随函附国币叁拾万元正，祈查收，示复乃荷。；前日曾寄继标兄带上旧衣服五件，万金油陆罐，到仰查收。,,,叔致祥手上,sender=外洋致祥；recipient=潮汕表嫂；relationship=in_law_or_affinal_kin；date=丁亥年（1947）十月廿七日；money=叁拾万元；currency=国币；places=潮汕->广东侨乡；kinship=嫂；兄；叔,"丁亥年（1947）十月廿七日，外洋致祥寄潮汕表嫂
外洋致祥
潮汕表嫂
丁亥年（1947）十月廿七日
国币叁拾万元
潮汕->广东侨乡
remittance
表嫂收次：
启者，前月接来毓秋生字壹页，经即向当地政府申请入口，惟何时能得如愿以偿，殊难预料也。前日曾寄继标兄带上旧衣服五件，万金油陆罐，到仰查收。至万金油，祈提四罐（罐）交作光收用，余贰罐（罐）及旧衣服，吾嫂收用可也。兹随函附国币叁拾万元正，祈查收，示复乃荷。顺请，即候
近佳",题名：丁亥年（1947）十月廿七日，外洋致祥寄潮汕表嫂；寄批人：外洋致祥；收批人：潮汕表嫂；日期：丁亥年（1947）十月廿七日；汇款：国币叁拾万元；主题：remittance；正文摘录：表嫂收次：启者，前月接来毓秋生字壹页，经即向当地政府申请入口，惟何时能得如愿以偿，殊难预料也。前日曾寄继标兄带上旧衣服五件，万金油陆罐，到仰查收。至万金油，祈提四罐（罐）交作光收用，余贰罐（罐）及旧衣服，吾嫂收用可也。兹随函附国币叁拾万元正,丁亥年（1947）十月廿七日,外洋致祥,潮汕表嫂,137,0,致祥,表嫂,兄,medium,广东侨乡；海外,"[{""record_id"": ""CSQP-SFHC-TEXT-116"", ""raw_text"": ""国币叁拾万元"", ""amount_text"": ""叁拾万元"", ""amount_number"": 300000, ""currency"": ""国币"", ""sentence"": ""兹随函附国币叁拾万元正，祈查收，示复乃荷。"", ""is_primary_candidate"": true, ""source_field"": ""body_clean""}]",丁亥年（1947）十月廿七日，外洋致祥寄潮汕表嫂；外洋致祥；潮汕表嫂；致祥；表嫂；嫂；兄；叔；广东侨乡；海外；国币叁拾万元；国币；remittance；潮汕；广东；元；祈查收；查收；丁亥年；十月；廿七日；外洋；侨乡；叁拾；万元；启者；收次；接来毓秋；生字；壹页；经即；当地政府；申请；入口；何时能；如愿以偿；殊难；预料；前日；继标；带上；旧衣服；五件；万金油；陆罐；祈提；四罐；交作；光收；收用；随函附；示复；顺请；即候；近佳
CSQP-SFHC-TEXT-117,117,卅六年（1947）阴十一月初四日，外洋广臣寄潮汕慈亲大人,pdf_pages=158；book_pages=129,1,high,0,"慈亲大人尊鉴：
敬禀者，顷接覆谕，详悉一切。本拟在年内，意欲将厝屋及各等物品卖清，即可收拾回塘（唐），缘因行情不景之下，厝屋之值。现刻下尚欠人千余元，如将各物尽卖，收不到一千元，然尚不足偿（偿）还，而一家数人路费无着，故不能如愿回塘（唐）也。母亲年迈，儿甚挂念之，万望须宜保重玉体为盼，奈因命途多舛，诸事各不如意，近来儿更甚厌（郁）志也。然塘（唐）中回信屡次推（催）迫甚急，儿亦甚难于（以）主意也。现想再寻任职，候明年或可能回塘（唐）否？母亲及家人祈免锦念。以后回信，切勿叠次推（催）促是幸。现付（附）上国币伍拾万元，以助家用，余容后禀。专此，并候
福安

卅六年阴十一月初四日  不肖儿广臣叩上","慈亲大人尊鉴：
敬禀者，顷接覆谕，详悉一切。本拟在年内，意欲将厝屋及各等物品卖清，即可收拾回塘（唐），缘因行情不景之下，厝屋之值。现刻下尚欠人千余元，如将各物尽卖，收不到一千元，然尚不足偿（偿）还，而一家数人路费无着，故不能如愿回塘（唐）也。母亲年迈，儿甚挂念之，万望须宜保重玉体为盼，奈因命途多舛，诸事各不如意，近来儿更甚厌（郁）志也。然塘（唐）中回信屡次推（催）迫甚急，儿亦甚难于（以）主意也。现想再寻任职，候明年或可能回塘（唐）否？母亲及家人祈免锦念。以后回信，切勿叠次推（催）促是幸。现付（附）上国币伍拾万元，以助家用，余容后禀。专此，并候
福安

卅六年阴十一月初四日 不肖儿广臣叩上","慈亲大人尊鉴：
敬禀者，顷接覆谕，详悉一切。本拟在年内，意欲将厝屋及各等物品卖清，即可收拾回塘（唐），缘因行情不景之下，厝屋之值。现刻下尚欠人千余元，如将各物尽卖，收不到一千元，然尚不足偿（偿）还，而一家数人路费无着，故不能如愿回塘（唐）也。母亲年迈，儿甚挂念之，万望须宜保重玉体为盼，奈因命途多舛，诸事各不如意，近来儿更甚厌（郁）志也。然塘（唐）中回信屡次推（催）迫甚急，儿亦甚难于（以）主意也。现想再寻任职，候明年或可能回塘（唐）否？母亲及家人祈免锦念。以后回信，切勿叠次推（催）促是幸。现付（附）上国币伍拾万元，以助家用，余容后禀。专此，并候
福安

卅六年阴十一月初四日 不肖儿广臣叩上","敬禀者，顷接覆谕，详悉一切。本拟在年内，意欲将厝屋及各等物品卖清，即可收拾回塘（唐），缘因行情不景之下，厝屋之值。现刻下尚欠人千余元，如将各物尽卖，收不到一千元，然尚不足偿（偿）还，而一家数人路费无着，故不能如愿回塘（唐）也。母亲年迈，儿甚挂念之，万望须宜保重玉体为盼，奈因命途多舛，诸事各不如意，近来儿更甚厌（郁）志也。然塘（唐）中回信屡次推（催）迫甚急，儿亦甚难于（以）主意也。现想再寻任职，候明年或可能回塘（唐）否？母亲及家人祈免锦念。以后回信，切勿叠次推（催）促是幸。现付（附）上国币伍拾万元，以助家用，余容后禀。专此，并候
福安",297,4,13,外洋广臣,潮汕慈亲大人,child,parent,child_to_parent,慈亲；母亲；儿,近来儿；不肖儿,大人；尊鉴,儿,海外,广东侨乡,海外,广东侨乡,潮汕->广东侨乡,海外 -> 广东侨乡,1,海外；广东侨乡,卅六年（1947）阴十一月初四日,卅六年阴十一月初四日 不肖儿广臣叩上,1947,1947,十一月,初四日,lunar,西历,high,国币伍拾万元,伍拾万元,500000,国币,,,,1,慈亲大人尊鉴：,敬禀者，顷接覆谕，详悉一切。,,"敬禀者，顷接覆谕，详悉一切。本拟在年内，意欲将厝屋及各等物品卖清，即可收拾回塘（唐），缘因行情不景之下，厝屋之值。现刻下尚欠人千余元，如将各物尽卖，收不到一千元，然尚不足偿（偿）还，而一家数人路费无着，故不能如愿回塘（唐）也。母亲年迈，儿甚挂念之，万望须宜保重玉体为盼，奈因命途多舛，诸事各不如意，近来儿更甚厌（郁）志也。然塘（唐）中回信屡次推（催）迫甚急，儿亦甚难于（以）主意也。现想再寻任职，候明年或可能回塘（唐）否？母亲及家人祈免锦念。以后回信，切勿叠次推（催）促是幸。现付（附）上国币伍拾万元，以助家用，余容后禀。专此，并候
福安",,母亲年迈，儿甚挂念之，万望须宜保重玉体为盼，奈因命途多舛，诸事各不如意，近来儿更甚厌（郁）志也。；然塘（唐）中回信屡次推（催）迫甚急，儿亦甚难于（以）主意也。,母亲年迈，儿甚挂念之，万望须宜保重玉体为盼，奈因命途多舛，诸事各不如意，近来儿更甚厌（郁）志也。；以后回信，切勿叠次推（催）促是幸。,,叩上,卅六年阴十一月初四日 不肖儿广臣叩上,卅六年阴十一月初四日 不肖儿广臣叩上,,1,1,0,1,0,1,1,1,0,0,1,instruction,family_affection;remittance;instruction;health;work;debt;home_building,敬禀者；禀者,叩上,大人；尊鉴；福安,儿；叩,祈；切勿；容后,敬禀者；叩上；福安；容后,,,切勿；须,敬禀者；禀者；叩上；大人；尊鉴；福安；儿；叩；祈；切勿；容后,3,"慈亲大人尊鉴：
敬禀者，顷接覆谕，详悉一切。
母亲年迈，儿甚挂念之，万望须宜保重玉体为盼，奈因命途多舛，诸事各不如意，近来儿更甚厌（郁）志也。；以后回信，切勿叠次推（催）促是幸。
卅六年阴十一月初四日 不肖儿广臣叩上",慈亲大人尊鉴：,,国币伍拾万元,母亲年迈，儿甚挂念之，万望须宜保重玉体为盼，奈因命途多舛，诸事各不如意，近来儿更甚厌（郁）志也。；然塘（唐）中回信屡次推（催）迫甚急，儿亦甚难于（以）主意也。,母亲年迈，儿甚挂念之，万望须宜保重玉体为盼，奈因命途多舛，诸事各不如意，近来儿更甚厌（郁）志也。；以后回信，切勿叠次推（催）促是幸。,卅六年阴十一月初四日 不肖儿广臣叩上,sender=外洋广臣；recipient=潮汕慈亲大人；relationship=child_to_parent；date=卅六年（1947）阴十一月初四日；money=伍拾万元；currency=国币；places=潮汕->广东侨乡；kinship=慈亲；母亲；儿,"卅六年（1947）阴十一月初四日，外洋广臣寄潮汕慈亲大人
外洋广臣
潮汕慈亲大人
卅六年（1947）阴十一月初四日
国币伍拾万元
潮汕->广东侨乡
family_affection;remittance;instruction;health;work;debt;home_building
敬禀者，顷接覆谕，详悉一切。本拟在年内，意欲将厝屋及各等物品卖清，即可收拾回塘（唐），缘因行情不景之下，厝屋之值。现刻下尚欠人千余元，如将各物尽卖，收不到一千元，然尚不足偿（偿）还，而一家数人路费无着，故不能如愿回塘（唐）也。母亲年迈，儿甚挂念之，万望须宜保重玉体为盼，奈因命途多舛，诸事各不如意，近来儿更甚厌（郁）志也。然塘（唐）中回信屡次推（催）迫甚急，儿亦甚难于（以）主意也。现想再寻任职，候明年或可能回塘（唐）否？母亲及家人祈免锦念。以后回信，切勿叠次推（催）促是幸。现付（附）上国币伍拾万元，以助家用，余容后禀。专此，并候
福安",题名：卅六年（1947）阴十一月初四日，外洋广臣寄潮汕慈亲大人；寄批人：外洋广臣；收批人：潮汕慈亲大人；日期：卅六年（1947）阴十一月初四日；汇款：国币伍拾万元；主题：family_affection;remittance;instruction;health;work;debt;home_building；正文摘录：敬禀者，顷接覆谕，详悉一切。本拟在年内，意欲将厝屋及各等物品卖清，即可收拾回塘（唐），缘因行情不景之下，厝屋之值。现刻下尚欠人千余元，如将各物尽卖，收不到一千元，然尚不足偿（偿）还，而一家数人路费无着，故不能如愿回塘（唐）也。母亲年迈，儿甚,卅六年（1947）阴十一月初四日,外洋广臣,潮汕慈亲大人,268,0,广臣,慈亲,母亲,high,广东侨乡；海外,"[{""record_id"": ""CSQP-SFHC-TEXT-117"", ""raw_text"": ""一千元"", ""amount_text"": ""一千元"", ""amount_number"": 1000, ""currency"": ""元"", ""sentence"": ""现刻下尚欠人千余元，如将各物尽卖，收不到一千元，然尚不足偿（偿）还，而一家数人路费无着，故不能如愿回塘（唐）也。"", ""is_primary_candidate"": false, ""source_field"": ""body_clean""}, {""record_id"": ""CSQP-SFHC-TEXT-117"", ""raw_text"": ""国币伍拾万元"", ""amount_text"": ""伍拾万元"", ""amount_number"": 500000, ""currency"": ""国币"", ""sentence"": ""现付（附）上国币伍拾万元，以助家用，余容后禀。"", ""is_primary_candidate"": true, ""source_field"": ""body_clean""}]",卅六年（1947）阴十一月初四日，外洋广臣寄潮汕慈亲大人；外洋广臣；潮汕慈亲大人；广臣；慈亲；母亲；儿；广东侨乡；海外；国币伍拾万元；国币；family_affection；remittance；instruction；health；work；debt；home_building；潮汕；广东；元；敬禀者；叩上；福安；容后；六年；十一月；初四；外洋；侨乡；伍拾；万元；family；affection；home；building；禀者；尊鉴；切勿；顷接；覆谕；详悉；本拟；年内；意欲；屋及；物品；卖清；即可；收拾；回塘；缘因；行情；不景；之下；屋之值；刻下；尚欠；千余元；各物；尽卖；收不到；一千元；然尚；不足；一家；路费；无着；不能；如愿；年迈；挂念；万望；保重；玉体；奈因；命途多舛；诸事；不如意；近来
CSQP-SFHC-TEXT-118,118,卅六年（1947）十二月初三日，外洋父寄潮汕茂鉴吾儿,pdf_pages=159-160；book_pages=130-131,1,needs_review,1,"茂鉴吾儿收阅：
    前日我尝寄老爷之物件回塘（唐），至今谅已收到，回音来知。正月迎神，对本社之猪会，助中业经[疑为：喜题]办理，惟家中届期牲礼，当往南畔神前诚拜也。刻寄去国币肆佰万元，到时查收。分送亲戚诸人之项，另列一纸在外，到时须照字分发。所存之款，作以家情需用外，其余可尽作粟谷或粟米之需。余言后嘱。并问
近好

卅六年十二月初三日    父字

计分送亲戚之款列左
①拾万元为慈亲大人寿仪，
②慈亲大人拾万元，
③大兄拾万元，
④若深、若兰二侄孙共拾万元，
⑤三嫂拾万元，
⑥茂昌侄拾万元，
⑦敬品表弟拾万元，
⑧大母姨拾万元
⑨东凤文香妹夫拾万元，
⑩隆丰弟伍万元，
⑪隆富弟伍万元，合共壹佰万元。","茂鉴吾儿收阅：
前日我尝寄老爷之物件回塘（唐），至今谅已收到，回音来知。正月迎神，对本社之猪会，助中业经[疑为：喜题]办理，惟家中届期牲礼，当往南畔神前诚拜也。刻寄去国币肆佰万元，到时查收。分送亲戚诸人之项，另列一纸在外，到时须照字分发。所存之款，作以家情需用外，其余可尽作粟谷或粟米之需。余言后嘱。并问
近好

卅六年十二月初三日 父字

计分送亲戚之款列左
①拾万元为慈亲大人寿仪，
②慈亲大人拾万元，
③大兄拾万元，
④若深、若兰二侄孙共拾万元，
⑤三嫂拾万元，
⑥茂昌侄拾万元，
⑦敬品表弟拾万元，
⑧大母姨拾万元
⑨东凤文香妹夫拾万元，
⑩隆丰弟伍万元，
⑪隆富弟伍万元，合共壹佰万元。","茂鉴吾儿收阅：
前日我尝寄老爷之物件回塘（唐），至今谅已收到，回音来知。正月迎神，对本社之猪会，助中业经[疑为：喜题]办理，惟家中届期牲礼，当往南畔神前诚拜也。刻寄去国币肆佰万元，到时查收。分送亲戚诸人之项，另列一纸在外，到时须照字分发。所存之款，作以家情需用外，其余可尽作粟谷或粟米之需。余言后嘱。并问
近好

卅六年十二月初三日 父字

计分送亲戚之款列左
①拾万元为慈亲大人寿仪，
②慈亲大人拾万元，
③大兄拾万元，
④若深、若兰二侄孙共拾万元，
⑤三嫂拾万元，
⑥茂昌侄拾万元，
⑦敬品表弟拾万元，
⑧大母姨拾万元
⑨东凤文香妹夫拾万元，
⑩隆丰弟伍万元，
⑪隆富弟伍万元，合共壹佰万元。","茂鉴吾儿收阅：
前日我尝寄老爷之物件回塘（唐），至今谅已收到，回音来知。正月迎神，对本社之猪会，助中业经[疑为：喜题]办理，惟家中届期牲礼，当往南畔神前诚拜也。刻寄去国币肆佰万元，到时查收。分送亲戚诸人之项，另列一纸在外，到时须照字分发。所存之款，作以家情需用外，其余可尽作粟谷或粟米之需。余言后嘱。并问
近好
卅六年十二月初三日 父字
计分送亲戚之款列左
①拾万元为慈亲大人寿仪，
②慈亲大人拾万元，
③大兄拾万元，
④若深、若兰二侄孙共拾万元，
⑤三嫂拾万元，
⑥茂昌侄拾万元，
⑦敬品表弟拾万元，
⑧大母姨拾万元
⑨东凤文香妹夫拾万元，
⑩隆丰弟伍万元，
⑪隆富弟伍万元，合共壹佰万元。",298,16,22,外洋父,潮汕茂鉴吾儿,,child,parent_to_child,慈亲；嫂；兄；弟；儿；孙；侄；妹,外洋父；汕茂鉴吾儿；茂鉴吾儿；大兄；若兰二侄孙；三嫂；茂昌侄；敬品表弟；大母；东凤文香妹；隆丰弟；隆富弟,,,海外,广东侨乡,海外,广东侨乡,潮汕->广东侨乡；东凤->广东潮安东凤,海外 -> 广东侨乡,1,海外；广东侨乡,卅六年（1947）十二月初三日,,1947,1947,十二月,初三日,lunar,西历,high,国币肆佰万元,肆佰万元,4000000,国币,刻寄去国币肆佰万元，到时查收。,,刻寄去国币肆佰万元，到时查收。,1,,,,"茂鉴吾儿收阅：
前日我尝寄老爷之物件回塘（唐），至今谅已收到，回音来知。正月迎神，对本社之猪会，助中业经[疑为：喜题]办理，惟家中届期牲礼，当往南畔神前诚拜也。刻寄去国币肆佰万元，到时查收。分送亲戚诸人之项，另列一纸在外，到时须照字分发。所存之款，作以家情需用外，其余可尽作粟谷或粟米之需。余言后嘱。并问
近好
卅六年十二月初三日 父字
计分送亲戚之款列左
①拾万元为慈亲大人寿仪，
②慈亲大人拾万元，
③大兄拾万元，
④若深、若兰二侄孙共拾万元，
⑤三嫂拾万元，
⑥茂昌侄拾万元，
⑦敬品表弟拾万元，
⑧大母姨拾万元
⑨东凤文香妹夫拾万元，
⑩隆丰弟伍万元，
⑪隆富弟伍万元，合共壹佰万元。",,茂鉴吾儿收阅：；正月迎神，对本社之猪会，助中业经[疑为：喜题]办理，惟家中届期牲礼，当往南畔神前诚拜也。,分送亲戚诸人之项，另列一纸在外，到时须照字分发。；余言后嘱。,,,,,,1,1,0,1,0,0,0,0,0,0,0,instruction,family_affection;remittance;instruction,,,大人,儿；弟,谅；惟,查收,寄去；查收,,须；嘱,大人；儿；弟；谅；惟；查收,2,"刻寄去国币肆佰万元，到时查收。
分送亲戚诸人之项，另列一纸在外，到时须照字分发。；余言后嘱。",,,刻寄去国币肆佰万元，到时查收。,茂鉴吾儿收阅：；正月迎神，对本社之猪会，助中业经[疑为：喜题]办理，惟家中届期牲礼，当往南畔神前诚拜也。,分送亲戚诸人之项，另列一纸在外，到时须照字分发。；余言后嘱。,,sender=外洋父；recipient=潮汕茂鉴吾儿；relationship=parent_to_child；date=卅六年（1947）十二月初三日；money=肆佰万元；currency=国币；places=潮汕->广东侨乡；东凤->广东潮安东凤；kinship=慈亲；嫂；兄；弟；儿；孙；侄；妹,"卅六年（1947）十二月初三日，外洋父寄潮汕茂鉴吾儿
外洋父
潮汕茂鉴吾儿
卅六年（1947）十二月初三日
国币肆佰万元
潮汕->广东侨乡；东凤->广东潮安东凤
family_affection;remittance;instruction
茂鉴吾儿收阅：
前日我尝寄老爷之物件回塘（唐），至今谅已收到，回音来知。正月迎神，对本社之猪会，助中业经[疑为：喜题]办理，惟家中届期牲礼，当往南畔神前诚拜也。刻寄去国币肆佰万元，到时查收。分送亲戚诸人之项，另列一纸在外，到时须照字分发。所存之款，作以家情需用外，其余可尽作粟谷或粟米之需。余言后嘱。并问
近好
卅六年十二月初三日 父字
计分送亲戚之款列左
①拾万元为慈亲大人寿仪，
②慈亲大人拾万元，
③大兄拾万元，
④若深、若兰二侄孙共拾万元，
⑤三嫂拾万元，
⑥茂昌侄拾万元，
⑦敬品表弟拾万元，
⑧大母姨拾万元
⑨东凤文香妹夫拾万元，
⑩隆丰弟伍万元，
⑪隆富弟伍万元，合共壹佰万元。",题名：卅六年（1947）十二月初三日，外洋父寄潮汕茂鉴吾儿；寄批人：外洋父；收批人：潮汕茂鉴吾儿；日期：卅六年（1947）十二月初三日；汇款：国币肆佰万元；主题：family_affection;remittance;instruction；正文摘录：茂鉴吾儿收阅：前日我尝寄老爷之物件回塘（唐），至今谅已收到，回音来知。正月迎神，对本社之猪会，助中业经[疑为：喜题]办理，惟家中届期牲礼，当往南畔神前诚拜也。刻寄去国币肆佰万元，到时查收。分送亲戚诸人之项，另列一纸在外，到时须照字分发。所存,卅六年（1947）十二月初三日,外洋父,潮汕茂鉴吾儿,280,1,外洋父,茂鉴,慈亲,medium,广东侨乡；广东潮安东凤；海外,"[{""record_id"": ""CSQP-SFHC-TEXT-118"", ""raw_text"": ""国币肆佰万元"", ""amount_text"": ""肆佰万元"", ""amount_number"": 4000000, ""currency"": ""国币"", ""sentence"": ""刻寄去国币肆佰万元，到时查收。"", ""is_primary_candidate"": true, ""source_field"": ""body_clean""}, {""record_id"": ""CSQP-SFHC-TEXT-118"", ""raw_text"": ""拾万元"", ""amount_text"": ""拾万元"", ""amount_number"": 100000, ""currency"": ""元"", ""sentence"": ""①拾万元为慈亲大人寿仪，"", ""is_primary_candidate"": false, ""source_field"": ""body_clean""}, {""record_id"": ""CSQP-SFHC-TEXT-118"", ""raw_text"": ""拾万元"", ""amount_text"": ""拾万元"", ""amount_number"": 100000, ""currency"": ""元"", ""sentence"": ""②慈亲大人拾万元，"", ""is_primary_candidate"": false, ""source_field"": ""body_clean""}, {""record_id"": ""CSQP-SFHC-TEXT-118"", ""raw_text"": ""拾万元"", ""amount_text"": ""拾万元"", ""amount_number"": 100000, ""currency"": ""元"", ""sentence"": ""③大兄拾万元，"", ""is_primary_candidate"": false, ""source_field"": ""body_clean""}, {""record_id"": ""CSQP-SFHC-TEXT-118"", ""raw_text"": ""拾万元"", ""amount_text"": ""拾万元"", ""amount_number"": 100000, ""currency"": ""元"", ""sentence"": ""④若深、若兰二侄孙共拾万元，"", ""is_primary_candidate"": false, ""source_field"": ""body_clean""}, {""record_id"": ""CSQP-SFHC-TEXT-118"", ""raw_text"": ""拾万元"", ""amount_text"": ""拾万元"", ""amount_number"": 100000, ""currency"": ""元"", ""sentence"": ""⑤三嫂拾万元，"", ""is_primary_candidate"": false, ""source_field"": ""body_clean""}, {""record_id"": ""CSQP-SFHC-TEXT-118"", ""raw_text"": ""拾万元"", ""amount_text"": ""拾万元"", ""amount_number"": 100000, ""currency"": ""元"", ""sentence"": ""⑥茂昌侄拾万元，"", ""is_primary_candidate"": false, ""source_field"": ""body_clean""}, {""record_id"": ""CSQP-SFHC-TEXT-118"", ""raw_text"": ""拾万元"", ""amount_text"": ""拾万元"", ""amount_number"": 100000, ""currency"": ""元"", ""sentence"": ""⑦敬品表弟拾万元，"", ""is_primary_candidate"": false, ""source_field"": ""body_clean""}, {""record_id"": ""CSQP-SFHC-TEXT-118"", ""raw_text"": ""拾万元"", ""amount_text"": ""拾万元"", ""amount_number"": 100000, ""currency"": ""元"", ""sentence"": ""⑧大母姨拾万元"", ""is_primary_candidate"": false, ""source_field"": ""body_clean""}, {""record_id"": ""CSQP-SFHC-TEXT-118"", ""raw_text"": ""拾万元"", ""amount_text"": ""拾万元"", ""amount_number"": 100000, ""currency"": ""元"", ""sentence"": ""⑨东凤文香妹夫拾万元，"", ""is_primary_candidate"": false, ""source_field"": ""body_clean""}, {""record_id"": ""CSQP-SFHC-TEXT-118"", ""raw_text"": ""伍万元"", ""amount_text"": ""伍万元"", ""amount_number"": 50000, ""currency"": ""元"", ""sentence"": ""⑩隆丰弟伍万元，"", ""is_primary_candidate"": false, ""source_field"": ""body_clean""}, {""record_id"": ""CSQP-SFHC-TEXT-118"", ""raw_text"": ""伍万元"", ""amount_text"": ""伍万元"", ""amount_number"": 50000, ""currency"": ""元"", ""sentence"": ""⑪隆富弟伍万元，合共壹佰万元。"", ""is_primary_candidate"": false, ""source_field"": ""body_clean""}, {""record_id"": ""CSQP-SFHC-TEXT-118"", ""raw_text"": ""壹佰万元"", ""amount_text"": ""壹佰万元"", ""amount_number"": 1000000, ""currency"": ""元"", ""sentence"": ""⑪隆富弟伍万元，合共壹佰万元。"", ""is_primary_candidate"": false, ""source_field"": ""body_clean""}]",卅六年（1947）十二月初三日，外洋父寄潮汕茂鉴吾儿；外洋父；潮汕茂鉴吾儿；茂鉴；慈亲；嫂；兄；弟；儿；孙；侄；妹；广东侨乡；广东潮安东凤；海外；国币肆佰万元；国币；family_affection；remittance；instruction；潮安；广东潮安；潮汕；东凤；广东；元；查收；六年；十二月；初三；外洋；父寄；鉴吾儿；侨乡；肆佰；万元；family；affection；收阅；前日；我尝；老爷；物件；回塘；至今；谅已；收到；回音；来知；正月；迎神；本社；猪会；助中；业经；疑为；喜题；办理；家中；届期；牲礼；当往；南畔；神前；诚拜；刻寄去；分送；亲戚；诸人；之项；另列；一纸；在外；时须；照字；分发；所存；之款；作以；家情
CSQP-SFHC-TEXT-119,119,丁（1948）完月（十二月）初十日，外洋沈波南寄潮汕岳母大人,pdf_pages=161；book_pages=132,1,medium,0,"岳母大人尊前：
    敬启者，现逢年关在即，特修寸笺告慰，并祝新春遇事顺遂，玉体安宁，以欣为颂。今随轮返唐之便，附上国币拾万元正，以作腰金之需，专此致达。即请
新祺

愚沈波南泐
丁亥月初十日

另者，炳权店内，一房不肯升租，二月无迎，顺此通告。","岳母大人尊前：
敬启者，现逢年关在即，特修寸笺告慰，并祝新春遇事顺遂，玉体安宁，以欣为颂。今随轮返唐之便，附上国币拾万元正，以作腰金之需，专此致达。即请
新祺

愚沈波南泐
丁亥月初十日

另者，炳权店内，一房不肯升租，二月无迎，顺此通告。","岳母大人尊前：
敬启者，现逢年关在即，特修寸笺告慰，并祝新春遇事顺遂，玉体安宁，以欣为颂。今随轮返唐之便，附上国币拾万元正，以作腰金之需，专此致达。即请
新祺

愚沈波南泐
丁亥月初十日

另者，炳权店内，一房不肯升租，二月无迎，顺此通告。","敬启者，现逢年关在即，特修寸笺告慰，并祝新春遇事顺遂，玉体安宁，以欣为颂。今随轮返唐之便，附上国币拾万元正，以作腰金之需，专此致达。即请
新祺
另者，炳权店内，一房不肯升租，二月无迎，顺此通告。",120,6,8,外洋沈波南,潮汕岳母大人,,parent_in_law,son_in_law_to_parent_in_law,岳母,潮汕岳母；岳母,大人；尊前,愚,海外,广东侨乡,海外,广东侨乡,潮汕->广东侨乡,海外 -> 广东侨乡,1,海外；广东侨乡,丁（1948）完月（十二月）初十日,"愚沈波南泐
丁亥月初十日",1948,1948,十二月,初十日,lunar,干支或传统纪年,high,国币拾万元,拾万元,100000,国币,,,,1,岳母大人尊前：,敬启者，现逢年关在即，特修寸笺告慰，并祝新春遇事顺遂，玉体安宁，以欣为颂。,,"敬启者，现逢年关在即，特修寸笺告慰，并祝新春遇事顺遂，玉体安宁，以欣为颂。今随轮返唐之便，附上国币拾万元正，以作腰金之需，专此致达。即请
新祺
另者，炳权店内，一房不肯升租，二月无迎，顺此通告。",,岳母大人尊前：,,今随轮返唐之便，附上国币拾万元正，以作腰金之需，专此致达。,泐,"愚沈波南泐
丁亥月初十日",愚沈波南泐,,1,1,0,0,0,0,0,0,0,0,1,home_building,family_affection;remittance;home_building,启者；尊前,启；此致,大人；尊前,愚,,尊前,,,,启者；尊前；启；此致；大人；愚,2,"岳母大人尊前：
敬启者，现逢年关在即，特修寸笺告慰，并祝新春遇事顺遂，玉体安宁，以欣为颂。
今随轮返唐之便，附上国币拾万元正，以作腰金之需，专此致达。
愚沈波南泐",岳母大人尊前：,,国币拾万元,岳母大人尊前：,,今随轮返唐之便，附上国币拾万元正，以作腰金之需，专此致达。；愚沈波南泐,sender=外洋沈波南；recipient=潮汕岳母大人；relationship=son_in_law_to_parent_in_law；date=丁（1948）完月（十二月）初十日；money=拾万元；currency=国币；places=潮汕->广东侨乡；kinship=岳母,"丁（1948）完月（十二月）初十日，外洋沈波南寄潮汕岳母大人
外洋沈波南
潮汕岳母大人
丁（1948）完月（十二月）初十日
国币拾万元
潮汕->广东侨乡
family_affection;remittance;home_building
敬启者，现逢年关在即，特修寸笺告慰，并祝新春遇事顺遂，玉体安宁，以欣为颂。今随轮返唐之便，附上国币拾万元正，以作腰金之需，专此致达。即请
新祺
另者，炳权店内，一房不肯升租，二月无迎，顺此通告。",题名：丁（1948）完月（十二月）初十日，外洋沈波南寄潮汕岳母大人；寄批人：外洋沈波南；收批人：潮汕岳母大人；日期：丁（1948）完月（十二月）初十日；汇款：国币拾万元；主题：family_affection;remittance;home_building；正文摘录：敬启者，现逢年关在即，特修寸笺告慰，并祝新春遇事顺遂，玉体安宁，以欣为颂。今随轮返唐之便，附上国币拾万元正，以作腰金之需，专此致达。即请新祺另者，炳权店内，一房不肯升租，二月无迎，顺此通告。,丁（1948）完月（十二月）初十日,外洋沈波南,潮汕岳母大人,95,0,沈波南,岳母,岳母,high,广东侨乡；海外,"[{""record_id"": ""CSQP-SFHC-TEXT-119"", ""raw_text"": ""国币拾万元"", ""amount_text"": ""拾万元"", ""amount_number"": 100000, ""currency"": ""国币"", ""sentence"": ""今随轮返唐之便，附上国币拾万元正，以作腰金之需，专此致达。"", ""is_primary_candidate"": true, ""source_field"": ""body_clean""}]",丁（1948）完月（十二月）初十日，外洋沈波南寄潮汕岳母大人；外洋沈波南；潮汕岳母大人；沈波南；岳母；广东侨乡；海外；国币拾万元；国币；family_affection；remittance；home_building；潮汕；广东；元；尊前；完月；十二月；初十；外洋；侨乡；万元；family；affection；home；building；启者；敬启者；现逢；年关；特修寸；告慰；并祝；新春；遇事；顺遂；玉体；安宁；以欣为；随轮；返唐；附上；以作；腰金；新祺；另者；权店；一房；不肯；升租；二月；无迎；通告
CSQP-SFHC-TEXT-120,120,卅七年（1948）元月二十八日，港［香港］李楞枝寄潮安南桂家双亲大人,pdf_pages=162；book_pages=133,1,high,0,"寄批人：港李楞枝
收批人：潮安南桂家双亲大人
批款：国票叁佰万元
日期：卅七年元月廿八日

双亲大人尊前金安：
    敬启者，来信敬悉，壹切明白，而唐中大小平安，心甚喜慰。而楞悦幼弟，今春因物质高贵，及学费提高所影响，似恐外地经费不能支持，故不敢再度读书，转自本乡补习夜学，以省经费，切不可作如是想。但儿自接信后，再四与吾大人考虑，必须立即去信再令幼弟苦求读书，而学费之繁重，定必负责，幸无挂怀，见信切切务宜进行为盼。兹付国票叁佰万元，抹四十万元逢昌、楞深二人收。
平安

儿李楞枝、李楞壁全
卅七〔年〕元月廿八日","寄批人：港李楞枝
收批人：潮安南桂家双亲大人
批款：国票叁佰万元
日期：卅七年元月廿八日

双亲大人尊前金安：
敬启者，来信敬悉，壹切明白，而唐中大小平安，心甚喜慰。而楞悦幼弟，今春因物质高贵，及学费提高所影响，似恐外地经费不能支持，故不敢再度读书，转自本乡补习夜学，以省经费，切不可作如是想。但儿自接信后，再四与吾大人考虑，必须立即去信再令幼弟苦求读书，而学费之繁重，定必负责，幸无挂怀，见信切切务宜进行为盼。兹付国票叁佰万元，抹四十万元逢昌、楞深二人收。
平安

儿李楞枝、李楞壁全
卅七〔年〕元月廿八日","双亲大人尊前金安：
敬启者，来信敬悉，壹切明白，而唐中大小平安，心甚喜慰。而楞悦幼弟，今春因物质高贵，及学费提高所影响，似恐外地经费不能支持，故不敢再度读书，转自本乡补习夜学，以省经费，切不可作如是想。但儿自接信后，再四与吾大人考虑，必须立即去信再令幼弟苦求读书，而学费之繁重，定必负责，幸无挂怀，见信切切务宜进行为盼。兹付国票叁佰万元，抹四十万元逢昌、楞深二人收。
平安

儿李楞枝、李楞壁全
卅七〔年〕元月廿八日","敬启者，来信敬悉，壹切明白，而唐中大小平安，心甚喜慰。而楞悦幼弟，今春因物质高贵，及学费提高所影响，似恐外地经费不能支持，故不敢再度读书，转自本乡补习夜学，以省经费，切不可作如是想。但儿自接信后，再四与吾大人考虑，必须立即去信再令幼弟苦求读书，而学费之繁重，定必负责，幸无挂怀，见信切切务宜进行为盼。兹付国票叁佰万元，抹四十万元逢昌、楞深二人收。
平安
儿李楞枝、李楞壁全",254,9,8,港李楞枝,潮安南桂家双亲大人,,parent,child_to_parent,双亲；弟；儿,而楞悦幼弟；但儿；信再令幼弟,大人；尊前；金安,,香港,广东潮安,香港,广东潮安,安南->越南；香港；潮安->广东潮安,香港 -> 广东潮安,1,香港；广东侨乡；越南,卅七年元月廿八日,卅七〔年〕元月廿八日,1948,1948,,廿八日,solar,西历,high,国票叁佰万元,叁佰万元,3000000,元,兹付国票叁佰万元，抹四十万元逢昌、楞深二人收。,,,1,双亲大人尊前金安：,敬启者，来信敬悉，壹切明白，而唐中大小平安，心甚喜慰。,敬启者，来信敬悉，壹切明白，而唐中大小平安，心甚喜慰。,"敬启者，来信敬悉，壹切明白，而唐中大小平安，心甚喜慰。而楞悦幼弟，今春因物质高贵，及学费提高所影响，似恐外地经费不能支持，故不敢再度读书，转自本乡补习夜学，以省经费，切不可作如是想。但儿自接信后，再四与吾大人考虑，必须立即去信再令幼弟苦求读书，而学费之繁重，定必负责，幸无挂怀，见信切切务宜进行为盼。兹付国票叁佰万元，抹四十万元逢昌、楞深二人收。
平安
儿李楞枝、李楞壁全",敬启者，来信敬悉，壹切明白，而唐中大小平安，心甚喜慰。；平安,但儿自接信后，再四与吾大人考虑，必须立即去信再令幼弟苦求读书，而学费之繁重，定必负责，幸无挂怀，见信切切务宜进行为盼。；儿李楞枝、李楞壁全,而楞悦幼弟，今春因物质高贵，及学费提高所影响，似恐外地经费不能支持，故不敢再度读书，转自本乡补习夜学，以省经费，切不可作如是想。；但儿自接信后，再四与吾大人考虑，必须立即去信再令幼弟苦求读书，而学费之繁重，定必负责，幸无挂怀，见信切切务宜进行为盼。,,,卅七〔年〕元月廿八日,,,1,1,1,1,1,0,0,0,0,0,0,instruction,family_affection;remittance;safety;instruction;study,启者；尊前,启,大人；尊前；金安,儿；弟,兹,尊前；金安,,平安,须；不可,启者；尊前；启；大人；金安；儿；弟；兹,2,"双亲大人尊前金安：
敬启者，来信敬悉，壹切明白，而唐中大小平安，心甚喜慰。
敬启者，来信敬悉，壹切明白，而唐中大小平安，心甚喜慰。；平安
兹付国票叁佰万元，抹四十万元逢昌、楞深二人收。
而楞悦幼弟，今春因物质高贵，及学费提高所影响，似恐外地经费不能支持，故不敢再度读书，转自本乡补习夜学，以省经费，切不可作如是想。；但儿自接信后，再四与吾大人考虑，必须立即去信再令幼弟苦求读书，而学费之繁重，定必负责，幸无挂怀，见信切切务宜进行为盼。",双亲大人尊前金安：,敬启者，来信敬悉，壹切明白，而唐中大小平安，心甚喜慰。；平安,兹付国票叁佰万元，抹四十万元逢昌、楞深二人收。,但儿自接信后，再四与吾大人考虑，必须立即去信再令幼弟苦求读书，而学费之繁重，定必负责，幸无挂怀，见信切切务宜进行为盼。；儿李楞枝、李楞壁全,而楞悦幼弟，今春因物质高贵，及学费提高所影响，似恐外地经费不能支持，故不敢再度读书，转自本乡补习夜学，以省经费，切不可作如是想。；但儿自接信后，再四与吾大人考虑，必须立即去信再令幼弟苦求读书，而学费之繁重，定必负责，幸无挂怀，见信切切务宜进行为盼。,,sender=港李楞枝；recipient=潮安南桂家双亲大人；relationship=child_to_parent；date=卅七年元月廿八日；money=叁佰万元；currency=元；places=安南->越南；香港；潮安->广东潮安；kinship=双亲；弟；儿,"卅七年（1948）元月二十八日，港［香港］李楞枝寄潮安南桂家双亲大人
港李楞枝
潮安南桂家双亲大人
卅七年元月廿八日
国票叁佰万元
安南->越南；香港；潮安->广东潮安
family_affection;remittance;safety;instruction;study
敬启者，来信敬悉，壹切明白，而唐中大小平安，心甚喜慰。而楞悦幼弟，今春因物质高贵，及学费提高所影响，似恐外地经费不能支持，故不敢再度读书，转自本乡补习夜学，以省经费，切不可作如是想。但儿自接信后，再四与吾大人考虑，必须立即去信再令幼弟苦求读书，而学费之繁重，定必负责，幸无挂怀，见信切切务宜进行为盼。兹付国票叁佰万元，抹四十万元逢昌、楞深二人收。
平安
儿李楞枝、李楞壁全",题名：卅七年（1948）元月二十八日，港［香港］李楞枝寄潮安南桂家双亲大人；寄批人：港李楞枝；收批人：潮安南桂家双亲大人；日期：卅七年元月廿八日；汇款：国票叁佰万元；主题：family_affection;remittance;safety;instruction;study；正文摘录：敬启者，来信敬悉，壹切明白，而唐中大小平安，心甚喜慰。而楞悦幼弟，今春因物质高贵，及学费提高所影响，似恐外地经费不能支持，故不敢再度读书，转自本乡补习夜学，以省经费，切不可作如是想。但儿自接信后，再四与吾大人考虑，必须立即去信再令幼弟苦求读,卅七年（1948）元月二十八日,港［香港］李楞枝,潮安南桂家双亲大人,184,0,港李楞枝,双亲,双亲,high,越南；香港；广东潮安,"[{""record_id"": ""CSQP-SFHC-TEXT-120"", ""raw_text"": ""叁佰万元"", ""amount_text"": ""叁佰万元"", ""amount_number"": 3000000, ""currency"": ""元"", ""sentence"": ""批款：国票叁佰万元"", ""is_primary_candidate"": true, ""source_field"": ""body_clean""}, {""record_id"": ""CSQP-SFHC-TEXT-120"", ""raw_text"": ""叁佰万元"", ""amount_text"": ""叁佰万元"", ""amount_number"": 3000000, ""currency"": ""元"", ""sentence"": ""兹付国票叁佰万元，抹四十万元逢昌、楞深二人收。"", ""is_primary_candidate"": false, ""source_field"": ""body_clean""}, {""record_id"": ""CSQP-SFHC-TEXT-120"", ""raw_text"": ""四十万元"", ""amount_text"": ""四十万元"", ""amount_number"": 400000, ""currency"": ""元"", ""sentence"": ""兹付国票叁佰万元，抹四十万元逢昌、楞深二人收。"", ""is_primary_candidate"": false, ""source_field"": ""body_clean""}]",卅七年（1948）元月二十八日，港［香港］李楞枝寄潮安南桂家双亲大人；港李楞枝；潮安南桂家双亲大人；双亲；弟；儿；越南；香港；广东潮安；国票叁佰万元；元；family_affection；remittance；safety；instruction；study；安南；潮安；广东；尊前；金安；七年；元月；二十八日；李楞枝；寄潮；桂家；国票；万元；family；affection；启者；敬启者；来信；敬悉；壹切；明白；唐中；大小；平安；喜慰；而楞悦；幼弟；今春；物质；高贵；学费；提高；影响；似恐；外地；经费；不能；支持；不敢；再度；读书；转自；本乡；补习；夜学；以省；切不可；如是；但儿；自接；信后；考虑；必须；立即；苦求；繁重；定必；负责；幸无；挂怀；见信；切切；务宜；进行
CSQP-SFHC-TEXT-121,121,卅七年（1948）二月七日，暹张木春寄潮安南桂都张宅慈亲大人,pdf_pages=163；book_pages=134,1,medium,0,"寄批人：暹张木春
收批人：潮安南桂都张宅慈亲大人
批款：国币壹佰万
日期：卅七年二月七日

慈亲大人膝下：
    寄去国币壹佰万元，查收应用，请免挂念。大人千万回想，都要来暹为要，儿媳千万不能还梓，如有亲戚来暹，最好同来，儿可奉待（侍）甘旨，免儿得罪，难取世间财。家中物业，儿全不要，请你放心下暹，千万勿误，二地平安。
大安

卅七，二，七    儿木春寄","寄批人：暹张木春
收批人：潮安南桂都张宅慈亲大人
批款：国币壹佰万
日期：卅七年二月七日

慈亲大人膝下：
寄去国币壹佰万元，查收应用，请免挂念。大人千万回想，都要来暹为要，儿媳千万不能还梓，如有亲戚来暹，最好同来，儿可奉待（侍）甘旨，免儿得罪，难取世间财。家中物业，儿全不要，请你放心下暹，千万勿误，二地平安。
大安

卅七，二，七 儿木春寄","慈亲大人膝下：
寄去国币壹佰万元，查收应用，请免挂念。大人千万回想，都要来暹为要，儿媳千万不能还梓，如有亲戚来暹，最好同来，儿可奉待（侍）甘旨，免儿得罪，难取世间财。家中物业，儿全不要，请你放心下暹，千万勿误，二地平安。
大安

卅七，二，七 儿木春寄","寄去国币壹佰万元，查收应用，请免挂念。大人千万回想，都要来暹为要，儿媳千万不能还梓，如有亲戚来暹，最好同来，儿可奉待（侍）甘旨，免儿得罪，难取世间财。家中物业，儿全不要，请你放心下暹，千万勿误，二地平安。
大安",172,8,6,暹张木春,潮安南桂都张宅慈亲大人,,parent,child_to_parent,慈亲；儿；媳,儿媳；免儿,大人；膝下,,泰国,广东潮安,泰国,广东潮安,安南->越南；潮安->广东潮安；暹->泰国,泰国 -> 广东潮安,1,泰国；广东侨乡；越南,卅七年二月七日,,1948,1948,二月,七日,solar,西历,high,国币壹佰万,壹佰万元,1000000,国币,寄去国币壹佰万元，查收应用，请免挂念。,,寄去国币壹佰万元，查收应用，请免挂念。,1,慈亲大人膝下：,,家中物业，儿全不要，请你放心下暹，千万勿误，二地平安。,"寄去国币壹佰万元，查收应用，请免挂念。大人千万回想，都要来暹为要，儿媳千万不能还梓，如有亲戚来暹，最好同来，儿可奉待（侍）甘旨，免儿得罪，难取世间财。家中物业，儿全不要，请你放心下暹，千万勿误，二地平安。
大安",家中物业，儿全不要，请你放心下暹，千万勿误，二地平安。,大人千万回想，都要来暹为要，儿媳千万不能还梓，如有亲戚来暹，最好同来，儿可奉待（侍）甘旨，免儿得罪，难取世间财。；家中物业，儿全不要，请你放心下暹，千万勿误，二地平安。,,,,,,,1,1,1,0,0,0,0,1,1,0,0,family_affection,family_affection;remittance;safety;debt;marriage,膝下,,大人；膝下,儿,奉,膝下；查收,寄去；查收,平安,,膝下；大人；儿；奉；查收,2,"慈亲大人膝下：
家中物业，儿全不要，请你放心下暹，千万勿误，二地平安。
寄去国币壹佰万元，查收应用，请免挂念。",慈亲大人膝下：,家中物业，儿全不要，请你放心下暹，千万勿误，二地平安。,寄去国币壹佰万元，查收应用，请免挂念。,大人千万回想，都要来暹为要，儿媳千万不能还梓，如有亲戚来暹，最好同来，儿可奉待（侍）甘旨，免儿得罪，难取世间财。；家中物业，儿全不要，请你放心下暹，千万勿误，二地平安。,,,sender=暹张木春；recipient=潮安南桂都张宅慈亲大人；relationship=child_to_parent；date=卅七年二月七日；money=壹佰万元；currency=国币；places=安南->越南；潮安->广东潮安；暹->泰国；kinship=慈亲；儿；媳,"卅七年（1948）二月七日，暹张木春寄潮安南桂都张宅慈亲大人
暹张木春
潮安南桂都张宅慈亲大人
卅七年二月七日
国币壹佰万
安南->越南；潮安->广东潮安；暹->泰国
family_affection;remittance;safety;debt;marriage
寄去国币壹佰万元，查收应用，请免挂念。大人千万回想，都要来暹为要，儿媳千万不能还梓，如有亲戚来暹，最好同来，儿可奉待（侍）甘旨，免儿得罪，难取世间财。家中物业，儿全不要，请你放心下暹，千万勿误，二地平安。
大安",题名：卅七年（1948）二月七日，暹张木春寄潮安南桂都张宅慈亲大人；寄批人：暹张木春；收批人：潮安南桂都张宅慈亲大人；日期：卅七年二月七日；汇款：国币壹佰万；主题：family_affection;remittance;safety;debt;marriage；正文摘录：寄去国币壹佰万元，查收应用，请免挂念。大人千万回想，都要来暹为要，儿媳千万不能还梓，如有亲戚来暹，最好同来，儿可奉待（侍）甘旨，免儿得罪，难取世间财。家中物业，儿全不要，请你放心下暹，千万勿误，二地平安。大安,卅七年（1948）二月七日,暹张木春,潮安南桂都张宅慈亲大人,104,0,张木春,都张宅慈亲,慈亲,high,越南；广东潮安；泰国,"[{""record_id"": ""CSQP-SFHC-TEXT-121"", ""raw_text"": ""国币壹佰万元"", ""amount_text"": ""壹佰万元"", ""amount_number"": 1000000, ""currency"": ""国币"", ""sentence"": ""寄去国币壹佰万元，查收应用，请免挂念。"", ""is_primary_candidate"": true, ""source_field"": ""body_clean""}]",卅七年（1948）二月七日，暹张木春寄潮安南桂都张宅慈亲大人；暹张木春；潮安南桂都张宅慈亲大人；张木春；都张宅慈亲；慈亲；儿；媳；越南；广东潮安；泰国；国币壹佰万；国币；family_affection；remittance；safety；debt；marriage；安南；潮安；广东；元；膝下；查收；七年；二月；七日；暹张；木春寄潮；桂都；张宅；木春；壹佰万；family；affection；壹佰；万元；应用；请免；挂念；千万；回想；暹为；儿媳；不能；亲戚；最好；儿可奉；甘旨；免儿；得罪；难取；世间；家中；物业；儿全；不要；放心；下暹；勿误；二地；平安；大安
CSQP-SFHC-TEXT-122,122,民国卅七年（1948）三月廿五，［叻］陈逢松寄［潮安鳌头乡］黄氏吾妻,pdf_pages=164；book_pages=135,1,medium,0,"黄氏吾妻知之：
    兹前天接来回音，视之各情已知，幸蒙二地平安，不胜之慰也。至来书所云，汕头之生意有无进展，此之命皆如此，而少数之事，切勿与之计较也。兹逢便，寄去国币四佰万元正，至查收，以作家中之需也。更乃二地平安，余事不陈，回音来盼。专此为嘱。
时好

民国卅七年，三，廿五顿
陈逢松","黄氏吾妻知之：
兹前天接来回音，视之各情已知，幸蒙二地平安，不胜之慰也。至来书所云，汕头之生意有无进展，此之命皆如此，而少数之事，切勿与之计较也。兹逢便，寄去国币四佰万元正，至查收，以作家中之需也。更乃二地平安，余事不陈，回音来盼。专此为嘱。
时好

民国卅七年，三，廿五顿
陈逢松","黄氏吾妻知之：
兹前天接来回音，视之各情已知，幸蒙二地平安，不胜之慰也。至来书所云，汕头之生意有无进展，此之命皆如此，而少数之事，切勿与之计较也。兹逢便，寄去国币四佰万元正，至查收，以作家中之需也。更乃二地平安，余事不陈，回音来盼。专此为嘱。
时好

民国卅七年，三，廿五顿
陈逢松","黄氏吾妻知之：
兹前天接来回音，视之各情已知，幸蒙二地平安，不胜之慰也。至来书所云，汕头之生意有无进展，此之命皆如此，而少数之事，切勿与之计较也。兹逢便，寄去国币四佰万元正，至查收，以作家中之需也。更乃二地平安，余事不陈，回音来盼。专此为嘱。
时好
陈逢松",141,5,9,［叻］陈逢松,［潮安鳌头乡］黄氏吾妻,,spouse,spouse_to_spouse,妻,黄氏吾妻,,,新加坡,广东潮安,新加坡,广东潮安,潮安->广东潮安；汕头->广东汕头,新加坡 -> 广东潮安,1,新加坡；广东侨乡,民国卅七年（1948）三月廿五,民国卅七年，三，廿五顿,民国卅七年,1948,三月,,solar,民国,high,国币四佰万元,四佰万元,4000000,国币,兹逢便，寄去国币四佰万元正，至查收，以作家中之需也。,,兹逢便，寄去国币四佰万元正，至查收，以作家中之需也。,1,,,兹前天接来回音，视之各情已知，幸蒙二地平安，不胜之慰也。,"黄氏吾妻知之：
兹前天接来回音，视之各情已知，幸蒙二地平安，不胜之慰也。至来书所云，汕头之生意有无进展，此之命皆如此，而少数之事，切勿与之计较也。兹逢便，寄去国币四佰万元正，至查收，以作家中之需也。更乃二地平安，余事不陈，回音来盼。专此为嘱。
时好
陈逢松",兹前天接来回音，视之各情已知，幸蒙二地平安，不胜之慰也。；更乃二地平安，余事不陈，回音来盼。,黄氏吾妻知之：；兹逢便，寄去国币四佰万元正，至查收，以作家中之需也。,至来书所云，汕头之生意有无进展，此之命皆如此，而少数之事，切勿与之计较也。；专此为嘱。,,顿,民国卅七年，三，廿五顿,民国卅七年，三，廿五顿,,1,1,1,1,0,0,1,0,1,0,0,instruction,family_affection;remittance;safety;instruction;work;marriage,,,,,兹；不胜；切勿,查收,寄去；查收,平安,切勿；嘱,兹；不胜；切勿；查收,1,"兹前天接来回音，视之各情已知，幸蒙二地平安，不胜之慰也。；更乃二地平安，余事不陈，回音来盼。
兹逢便，寄去国币四佰万元正，至查收，以作家中之需也。
至来书所云，汕头之生意有无进展，此之命皆如此，而少数之事，切勿与之计较也。；专此为嘱。
民国卅七年，三，廿五顿",,兹前天接来回音，视之各情已知，幸蒙二地平安，不胜之慰也。；更乃二地平安，余事不陈，回音来盼。,兹逢便，寄去国币四佰万元正，至查收，以作家中之需也。,黄氏吾妻知之：；兹逢便，寄去国币四佰万元正，至查收，以作家中之需也。,至来书所云，汕头之生意有无进展，此之命皆如此，而少数之事，切勿与之计较也。；专此为嘱。,民国卅七年，三，廿五顿,sender=［叻］陈逢松；recipient=［潮安鳌头乡］黄氏吾妻；relationship=spouse_to_spouse；date=民国卅七年（1948）三月廿五；money=四佰万元；currency=国币；places=潮安->广东潮安；汕头->广东汕头；kinship=妻,"民国卅七年（1948）三月廿五，［叻］陈逢松寄［潮安鳌头乡］黄氏吾妻
［叻］陈逢松
［潮安鳌头乡］黄氏吾妻
民国卅七年（1948）三月廿五
国币四佰万元
潮安->广东潮安；汕头->广东汕头
family_affection;remittance;safety;instruction;work;marriage
黄氏吾妻知之：
兹前天接来回音，视之各情已知，幸蒙二地平安，不胜之慰也。至来书所云，汕头之生意有无进展，此之命皆如此，而少数之事，切勿与之计较也。兹逢便，寄去国币四佰万元正，至查收，以作家中之需也。更乃二地平安，余事不陈，回音来盼。专此为嘱。
时好
陈逢松",题名：民国卅七年（1948）三月廿五，［叻］陈逢松寄［潮安鳌头乡］黄氏吾妻；寄批人：［叻］陈逢松；收批人：［潮安鳌头乡］黄氏吾妻；日期：民国卅七年（1948）三月廿五；汇款：国币四佰万元；主题：family_affection;remittance;safety;instruction;work;marriage；正文摘录：黄氏吾妻知之：兹前天接来回音，视之各情已知，幸蒙二地平安，不胜之慰也。至来书所云，汕头之生意有无进展，此之命皆如此，而少数之事，切勿与之计较也。兹逢便，寄去国币四佰万元正，至查收，以作家中之需也。更乃二地平安，余事不陈，回音来盼。专此为嘱。,民国卅七年（1948）三月廿五,［叻］陈逢松,［潮安鳌头乡］黄氏吾妻,125,0,陈逢松,黄氏吾妻,妻,medium,广东潮安；广东汕头；新加坡,"[{""record_id"": ""CSQP-SFHC-TEXT-122"", ""raw_text"": ""国币四佰万元"", ""amount_text"": ""四佰万元"", ""amount_number"": 4000000, ""currency"": ""国币"", ""sentence"": ""兹逢便，寄去国币四佰万元正，至查收，以作家中之需也。"", ""is_primary_candidate"": true, ""source_field"": ""body_clean""}]",民国卅七年（1948）三月廿五，［叻］陈逢松寄［潮安鳌头乡］黄氏吾妻；［叻］陈逢松；［潮安鳌头乡］黄氏吾妻；陈逢松；黄氏吾妻；妻；广东潮安；广东汕头；新加坡；国币四佰万元；国币；family_affection；remittance；safety；instruction；work；marriage；潮安；汕头；广东；元；查收；民国；七年；三月；廿五；鳌头；黄氏；吾妻；四佰；万元；family；affection；不胜；切勿；知之；前天；回音；各情；已知；幸蒙二地；平安；之慰；至来；所云；生意；有无；进展；此之命；如此；少数；计较；作家；更乃二地；余事；专此；时好
CSQP-SFHC-TEXT-123,123,民国卅七年（1948）四月廿一日，叻陈逢松寄潮安鳌头乡黄氏吾妻,pdf_pages=165；book_pages=136,1,medium,0,"寄批人：叻陈逢松
收批人：潮安鳌头乡黄氏吾妻
批款：国币壹仟万元
时间：民国卅七年四月廿一日

黄氏吾妻收知：
    兹前天接来回音，视后各情都知，幸蒙二地平安，堪以告慰耳。至来书所云，吾弟之家书缺寄，事因彼此次所获无多，又兼有家庭之故，故而缺寄，以此通及，免介耳。刻寄国币壹仟万元正，至时查收，内抹壹拾万元，交桃红之用，余应家庭之需也。二地平安，余言不陈，回音乃荷。专此为嘱
近好

愚陈逢松
民国卅七年四〔月〕廿一日寄","寄批人：叻陈逢松
收批人：潮安鳌头乡黄氏吾妻
批款：国币壹仟万元
时间：民国卅七年四月廿一日

黄氏吾妻收知：
兹前天接来回音，视后各情都知，幸蒙二地平安，堪以告慰耳。至来书所云，吾弟之家书缺寄，事因彼此次所获无多，又兼有家庭之故，故而缺寄，以此通及，免介耳。刻寄国币壹仟万元正，至时查收，内抹壹拾万元，交桃红之用，余应家庭之需也。二地平安，余言不陈，回音乃荷。专此为嘱
近好

愚陈逢松
民国卅七年四〔月〕廿一日寄","黄氏吾妻收知：
兹前天接来回音，视后各情都知，幸蒙二地平安，堪以告慰耳。至来书所云，吾弟之家书缺寄，事因彼此次所获无多，又兼有家庭之故，故而缺寄，以此通及，免介耳。刻寄国币壹仟万元正，至时查收，内抹壹拾万元，交桃红之用，余应家庭之需也。二地平安，余言不陈，回音乃荷。专此为嘱
近好

愚陈逢松
民国卅七年四〔月〕廿一日寄","兹前天接来回音，视后各情都知，幸蒙二地平安，堪以告慰耳。至来书所云，吾弟之家书缺寄，事因彼此次所获无多，又兼有家庭之故，故而缺寄，以此通及，免介耳。刻寄国币壹仟万元正，至时查收，内抹壹拾万元，交桃红之用，余应家庭之需也。二地平安，余言不陈，回音乃荷。专此为嘱
近好
愚陈逢松",208,9,9,叻陈逢松,潮安鳌头乡黄氏吾妻,,spouse,spouse_to_spouse,弟；妻,乡黄氏吾妻；黄氏吾妻；吾弟,收知,,新加坡,广东潮安,新加坡,广东潮安,潮安->广东潮安；叻->新加坡,新加坡 -> 广东潮安,1,新加坡；广东侨乡,民国卅七年（1948）四月廿一日,民国卅七年四〔月〕廿一日寄,民国卅七年,1948,四月,廿一日,solar,民国,high,国币壹仟万元,壹仟万元,10000000,国币,刻寄国币壹仟万元正，至时查收，内抹壹拾万元，交桃红之用，余应家庭之需也。,分抹,刻寄国币壹仟万元正，至时查收，内抹壹拾万元，交桃红之用，余应家庭之需也。,1,黄氏吾妻收知：,,兹前天接来回音，视后各情都知，幸蒙二地平安，堪以告慰耳。,"兹前天接来回音，视后各情都知，幸蒙二地平安，堪以告慰耳。至来书所云，吾弟之家书缺寄，事因彼此次所获无多，又兼有家庭之故，故而缺寄，以此通及，免介耳。刻寄国币壹仟万元正，至时查收，内抹壹拾万元，交桃红之用，余应家庭之需也。二地平安，余言不陈，回音乃荷。专此为嘱
近好
愚陈逢松",兹前天接来回音，视后各情都知，幸蒙二地平安，堪以告慰耳。；二地平安，余言不陈，回音乃荷。,黄氏吾妻收知：,专此为嘱,,,民国卅七年四〔月〕廿一日寄,,,1,1,1,1,0,0,0,0,1,0,0,instruction,family_affection;remittance;safety;instruction;marriage,收知,,收知,愚；弟,兹；荷,查收,查收,平安,嘱,收知；愚；弟；兹；荷；查收,2,"黄氏吾妻收知：
兹前天接来回音，视后各情都知，幸蒙二地平安，堪以告慰耳。；二地平安，余言不陈，回音乃荷。
刻寄国币壹仟万元正，至时查收，内抹壹拾万元，交桃红之用，余应家庭之需也。
专此为嘱",黄氏吾妻收知：,兹前天接来回音，视后各情都知，幸蒙二地平安，堪以告慰耳。；二地平安，余言不陈，回音乃荷。,刻寄国币壹仟万元正，至时查收，内抹壹拾万元，交桃红之用，余应家庭之需也。,黄氏吾妻收知：,专此为嘱,,sender=叻陈逢松；recipient=潮安鳌头乡黄氏吾妻；relationship=spouse_to_spouse；date=民国卅七年（1948）四月廿一日；money=壹仟万元；currency=国币；places=潮安->广东潮安；叻->新加坡；kinship=弟；妻,"民国卅七年（1948）四月廿一日，叻陈逢松寄潮安鳌头乡黄氏吾妻
叻陈逢松
潮安鳌头乡黄氏吾妻
民国卅七年（1948）四月廿一日
国币壹仟万元
潮安->广东潮安；叻->新加坡
family_affection;remittance;safety;instruction;marriage
兹前天接来回音，视后各情都知，幸蒙二地平安，堪以告慰耳。至来书所云，吾弟之家书缺寄，事因彼此次所获无多，又兼有家庭之故，故而缺寄，以此通及，免介耳。刻寄国币壹仟万元正，至时查收，内抹壹拾万元，交桃红之用，余应家庭之需也。二地平安，余言不陈，回音乃荷。专此为嘱
近好
愚陈逢松",题名：民国卅七年（1948）四月廿一日，叻陈逢松寄潮安鳌头乡黄氏吾妻；寄批人：叻陈逢松；收批人：潮安鳌头乡黄氏吾妻；日期：民国卅七年（1948）四月廿一日；汇款：国币壹仟万元；主题：family_affection;remittance;safety;instruction;marriage；正文摘录：兹前天接来回音，视后各情都知，幸蒙二地平安，堪以告慰耳。至来书所云，吾弟之家书缺寄，事因彼此次所获无多，又兼有家庭之故，故而缺寄，以此通及，免介耳。刻寄国币壹仟万元正，至时查收，内抹壹拾万元，交桃红之用，余应家庭之需也。二地平安，余言不陈，,民国卅七年（1948）四月廿一日,叻陈逢松,潮安鳌头乡黄氏吾妻,135,0,陈逢松,鳌头乡黄氏吾妻,妻,high,广东潮安；新加坡,"[{""record_id"": ""CSQP-SFHC-TEXT-123"", ""raw_text"": ""国币壹仟万元"", ""amount_text"": ""壹仟万元"", ""amount_number"": 10000000, ""currency"": ""国币"", ""sentence"": ""批款：国币壹仟万元"", ""is_primary_candidate"": true, ""source_field"": ""body_clean""}, {""record_id"": ""CSQP-SFHC-TEXT-123"", ""raw_text"": ""国币壹仟万元"", ""amount_text"": ""壹仟万元"", ""amount_number"": 10000000, ""currency"": ""国币"", ""sentence"": ""刻寄国币壹仟万元正，至时查收，内抹壹拾万元，交桃红之用，余应家庭之需也。"", ""is_primary_candidate"": false, ""source_field"": ""body_clean""}, {""record_id"": ""CSQP-SFHC-TEXT-123"", ""raw_text"": ""壹拾万元"", ""amount_text"": ""壹拾万元"", ""amount_number"": 100000, ""currency"": ""元"", ""sentence"": ""刻寄国币壹仟万元正，至时查收，内抹壹拾万元，交桃红之用，余应家庭之需也。"", ""is_primary_candidate"": false, ""source_field"": ""body_clean""}]",民国卅七年（1948）四月廿一日，叻陈逢松寄潮安鳌头乡黄氏吾妻；叻陈逢松；潮安鳌头乡黄氏吾妻；陈逢松；鳌头乡黄氏吾妻；弟；妻；广东潮安；新加坡；国币壹仟万元；国币；family_affection；remittance；safety；instruction；marriage；潮安；广东；元；查收；民国；七年；四月；廿一日；鳌头；黄氏；吾妻；壹仟；万元；family；affection；收知；前天；回音；视后；各情；幸蒙二地；平安；堪以告慰；至来；所云；家书；事因；彼此；获无多；兼有；家庭；之故；故而；以此；通及；免介耳；至时；壹拾；桃红；之用；余应；二地；余言；乃荷；专此；近好
CSQP-SFHC-TEXT-124,124,戊子年（1948）五月廿五日，外洋毓秋寄潮汕慈亲大人,pdf_pages=166；book_pages=137,1,medium,0,"慈亲大人膝下：
    敬禀者，拜别慈颜，倏已旬余，恭维福体安康，诸凡如意，为颂无量。男此次趁安徽轮南来，经于本月十八日抵星，一路水陆平安，皆赖福庇，希勿锦念。惟此次船租费用，一切共约国币贰仟叁佰万元之度，倘有被其多取时，至切向其清算为要。兹随函附呈国币壹仟万元正，至祈检收，妥后乞即挥音，示晓乃祷。此致，敬请
福安

男毓秋叩禀
戊子年五月廿五日","慈亲大人膝下：
敬禀者，拜别慈颜，倏已旬余，恭维福体安康，诸凡如意，为颂无量。男此次趁安徽轮南来，经于本月十八日抵星，一路水陆平安，皆赖福庇，希勿锦念。惟此次船租费用，一切共约国币贰仟叁佰万元之度，倘有被其多取时，至切向其清算为要。兹随函附呈国币壹仟万元正，至祈检收，妥后乞即挥音，示晓乃祷。此致，敬请
福安

男毓秋叩禀
戊子年五月廿五日","慈亲大人膝下：
敬禀者，拜别慈颜，倏已旬余，恭维福体安康，诸凡如意，为颂无量。男此次趁安徽轮南来，经于本月十八日抵星，一路水陆平安，皆赖福庇，希勿锦念。惟此次船租费用，一切共约国币贰仟叁佰万元之度，倘有被其多取时，至切向其清算为要。兹随函附呈国币壹仟万元正，至祈检收，妥后乞即挥音，示晓乃祷。此致，敬请
福安

男毓秋叩禀
戊子年五月廿五日","敬禀者，拜别慈颜，倏已旬余，恭维福体安康，诸凡如意，为颂无量。男此次趁安徽轮南来，经于本月十八日抵星，一路水陆平安，皆赖福庇，希勿锦念。惟此次船租费用，一切共约国币贰仟叁佰万元之度，倘有被其多取时，至切向其清算为要。兹随函附呈国币壹仟万元正，至祈检收，妥后乞即挥音，示晓乃祷。此致，敬请
福安",170,5,9,外洋毓秋,潮汕慈亲大人,child,parent,child_to_parent,慈亲；男,,大人；膝下,男,海外,广东侨乡,海外,广东侨乡,潮汕->广东侨乡,海外 -> 广东侨乡,1,海外；广东侨乡,戊子年（1948）五月廿五日,"男毓秋叩禀
戊子年五月廿五日",1948,1948,五月,廿五日,solar,干支或传统纪年,high,国币壹仟万元,壹仟万元,10000000,国币,兹随函附呈国币壹仟万元正，至祈检收，妥后乞即挥音，示晓乃祷。,,,1,慈亲大人膝下：,敬禀者，拜别慈颜，倏已旬余，恭维福体安康，诸凡如意，为颂无量。,男此次趁安徽轮南来，经于本月十八日抵星，一路水陆平安，皆赖福庇，希勿锦念。,"敬禀者，拜别慈颜，倏已旬余，恭维福体安康，诸凡如意，为颂无量。男此次趁安徽轮南来，经于本月十八日抵星，一路水陆平安，皆赖福庇，希勿锦念。惟此次船租费用，一切共约国币贰仟叁佰万元之度，倘有被其多取时，至切向其清算为要。兹随函附呈国币壹仟万元正，至祈检收，妥后乞即挥音，示晓乃祷。此致，敬请
福安",男此次趁安徽轮南来，经于本月十八日抵星，一路水陆平安，皆赖福庇，希勿锦念。,敬禀者，拜别慈颜，倏已旬余，恭维福体安康，诸凡如意，为颂无量。,,此致，敬请,,"男毓秋叩禀
戊子年五月廿五日",男毓秋叩禀,,1,1,1,0,0,1,0,0,0,0,0,health_care,family_affection;remittance;safety;health,敬禀者；禀者；膝下,此致,大人；膝下；福安,叩,兹；祈；惟,敬禀者；膝下；福安,,平安,,敬禀者；禀者；膝下；此致；大人；福安；叩；兹；祈；惟,3,"慈亲大人膝下：
敬禀者，拜别慈颜，倏已旬余，恭维福体安康，诸凡如意，为颂无量。
男此次趁安徽轮南来，经于本月十八日抵星，一路水陆平安，皆赖福庇，希勿锦念。
兹随函附呈国币壹仟万元正，至祈检收，妥后乞即挥音，示晓乃祷。
此致，敬请
男毓秋叩禀",慈亲大人膝下：,男此次趁安徽轮南来，经于本月十八日抵星，一路水陆平安，皆赖福庇，希勿锦念。,兹随函附呈国币壹仟万元正，至祈检收，妥后乞即挥音，示晓乃祷。,敬禀者，拜别慈颜，倏已旬余，恭维福体安康，诸凡如意，为颂无量。,,此致，敬请；男毓秋叩禀,sender=外洋毓秋；recipient=潮汕慈亲大人；relationship=child_to_parent；date=戊子年（1948）五月廿五日；money=壹仟万元；currency=国币；places=潮汕->广东侨乡；kinship=慈亲；男,"戊子年（1948）五月廿五日，外洋毓秋寄潮汕慈亲大人
外洋毓秋
潮汕慈亲大人
戊子年（1948）五月廿五日
国币壹仟万元
潮汕->广东侨乡
family_affection;remittance;safety;health
敬禀者，拜别慈颜，倏已旬余，恭维福体安康，诸凡如意，为颂无量。男此次趁安徽轮南来，经于本月十八日抵星，一路水陆平安，皆赖福庇，希勿锦念。惟此次船租费用，一切共约国币贰仟叁佰万元之度，倘有被其多取时，至切向其清算为要。兹随函附呈国币壹仟万元正，至祈检收，妥后乞即挥音，示晓乃祷。此致，敬请
福安",题名：戊子年（1948）五月廿五日，外洋毓秋寄潮汕慈亲大人；寄批人：外洋毓秋；收批人：潮汕慈亲大人；日期：戊子年（1948）五月廿五日；汇款：国币壹仟万元；主题：family_affection;remittance;safety;health；正文摘录：敬禀者，拜别慈颜，倏已旬余，恭维福体安康，诸凡如意，为颂无量。男此次趁安徽轮南来，经于本月十八日抵星，一路水陆平安，皆赖福庇，希勿锦念。惟此次船租费用，一切共约国币贰仟叁佰万元之度，倘有被其多取时，至切向其清算为要。兹随函附呈国币壹仟万元正,戊子年（1948）五月廿五日,外洋毓秋,潮汕慈亲大人,145,0,毓秋,慈亲,慈亲,high,广东侨乡；海外,"[{""record_id"": ""CSQP-SFHC-TEXT-124"", ""raw_text"": ""国币贰仟叁佰万元"", ""amount_text"": ""贰仟叁佰万元"", ""amount_number"": 23000000, ""currency"": ""国币"", ""sentence"": ""惟此次船租费用，一切共约国币贰仟叁佰万元之度，倘有被其多取时，至切向其清算为要。"", ""is_primary_candidate"": false, ""source_field"": ""body_clean""}, {""record_id"": ""CSQP-SFHC-TEXT-124"", ""raw_text"": ""国币壹仟万元"", ""amount_text"": ""壹仟万元"", ""amount_number"": 10000000, ""currency"": ""国币"", ""sentence"": ""兹随函附呈国币壹仟万元正，至祈检收，妥后乞即挥音，示晓乃祷。"", ""is_primary_candidate"": true, ""source_field"": ""body_clean""}]",戊子年（1948）五月廿五日，外洋毓秋寄潮汕慈亲大人；外洋毓秋；潮汕慈亲大人；毓秋；慈亲；男；广东侨乡；海外；国币壹仟万元；国币；family_affection；remittance；safety；health；潮汕；广东；元；敬禀者；膝下；福安；戊子；五月；廿五日；外洋；侨乡；壹仟；万元；family；affection；禀者；拜别；慈颜；已旬；恭维；福体；安康；诸凡；如意；无量；此次；安徽；轮南；经于；本月；十八日；抵星；一路；水陆；平安；赖福庇；希勿锦念；船租；费用；贰仟；叁佰；之度；倘有；取时；至切；清算；随函附；至祈；检收；妥后；即挥音；示晓乃祷
CSQP-SFHC-TEXT-125,125,一九四八年，砂拉越张泽盛寄潮安第五区张叙勤,pdf_pages=167；book_pages=138,0,metadata_only,1,"寄批人：砂拉越张泽盛
收批人：潮安第五区张艶勤先生
批款：国币肆佰万元
日期：一九四八年

[仅见寄批人、收批人、批款、日期，未见正文录文]","寄批人：砂拉越张泽盛
收批人：潮安第五区张艶勤先生
批款：国币肆佰万元
日期：一九四八年",,,44,4,0,砂拉越张泽盛,潮安第五区张艶勤先生,,social_or_business_contact,social_or_business,,,先生,,,广东潮安,,广东潮安,潮安->广东潮安,广东潮安,0,广东侨乡,一九四八年,,,,,,,,low,国币肆佰万元,肆佰万元,4000000,国币,,,,1,,,,,,,,,,,,,0,1,0,0,0,0,0,0,0,0,0,remittance,remittance,,,,,,,,,,,0,,,,国币肆佰万元,,,,sender=砂拉越张泽盛；recipient=潮安第五区张艶勤先生；relationship=social_or_business；date=一九四八年；money=肆佰万元；currency=国币；places=潮安->广东潮安,"一九四八年，砂拉越张泽盛寄潮安第五区张叙勤
砂拉越张泽盛
潮安第五区张艶勤先生
一九四八年
国币肆佰万元
潮安->广东潮安
remittance",题名：一九四八年，砂拉越张泽盛寄潮安第五区张叙勤；寄批人：砂拉越张泽盛；收批人：潮安第五区张艶勤先生；日期：一九四八年；汇款：国币肆佰万元；主题：remittance,一九四八年,砂拉越张泽盛,潮安第五区张叙勤,0,0,砂拉越张泽盛,第五区张艶勤,,low,广东潮安,"[{""record_id"": ""CSQP-SFHC-TEXT-125"", ""raw_text"": ""国币肆佰万元"", ""amount_text"": ""肆佰万元"", ""amount_number"": 4000000, ""currency"": ""国币"", ""sentence"": ""批款：国币肆佰万元"", ""is_primary_candidate"": true, ""source_field"": ""body_clean""}]",一九四八年，砂拉越张泽盛寄潮安第五区张叙勤；砂拉越张泽盛；潮安第五区张艶勤先生；第五区张艶勤；广东潮安；国币肆佰万元；国币；remittance；潮安；广东；元；一九四八年；砂拉越；张泽盛；第五；区张；叙勤；先生；肆佰；万元
CSQP-SFHC-TEXT-126,126,四月初九日（约1949前），外洋母寄潮汕金祥吾儿,pdf_pages=168；book_pages=139,1,medium,0,"金祥吾儿收知：
    兹者，现时叻中政府，做字甚艰难，候慢些若是可做时，自当与你做大字，尔免用挂怀。兹寄去贰佰万元，到时查收。抹四拾万元，交媳妇收用，抹贰拾万元，交鳌头亚姑收用，抹拾万元，交三姆收用，余者为尔收启（起）。此致
近佳

四月初九日    母寄","金祥吾儿收知：
兹者，现时叻中政府，做字甚艰难，候慢些若是可做时，自当与你做大字，尔免用挂怀。兹寄去贰佰万元，到时查收。抹四拾万元，交媳妇收用，抹贰拾万元，交鳌头亚姑收用，抹拾万元，交三姆收用，余者为尔收启（起）。此致
近佳

四月初九日 母寄","金祥吾儿收知：
兹者，现时叻中政府，做字甚艰难，候慢些若是可做时，自当与你做大字，尔免用挂怀。兹寄去贰佰万元，到时查收。抹四拾万元，交媳妇收用，抹贰拾万元，交鳌头亚姑收用，抹拾万元，交三姆收用，余者为尔收启（起）。此致
近佳

四月初九日 母寄","兹者，现时叻中政府，做字甚艰难，候慢些若是可做时，自当与你做大字，尔免用挂怀。兹寄去贰佰万元，到时查收。抹四拾万元，交媳妇收用，抹贰拾万元，交鳌头亚姑收用，抹拾万元，交三姆收用，余者为尔收启（起）。此致
近佳",122,4,7,外洋母,潮汕金祥吾儿,,child,parent_to_child,儿；媳；媳妇；姑,外洋母；汕金祥吾儿；金祥吾儿；交媳；交鳌头亚姑,收知,,海外,广东侨乡,海外,广东侨乡,潮汕->广东侨乡,海外 -> 广东侨乡,1,海外；广东侨乡,四月初九日（约1949前）,,,,四月,初九日,lunar,,medium,贰佰万元,贰佰万元,2000000,元,兹寄去贰佰万元，到时查收。,,兹寄去贰佰万元，到时查收。；抹四拾万元，交媳妇收用，抹贰拾万元，交鳌头亚姑收用，抹拾万元，交三姆收用，余者为尔收启（起）。,1,金祥吾儿收知：,,,"兹者，现时叻中政府，做字甚艰难，候慢些若是可做时，自当与你做大字，尔免用挂怀。兹寄去贰佰万元，到时查收。抹四拾万元，交媳妇收用，抹贰拾万元，交鳌头亚姑收用，抹拾万元，交三姆收用，余者为尔收启（起）。此致
近佳",,金祥吾儿收知：；四月初九日 母寄,,此致,,,,,1,1,0,0,0,0,0,0,1,0,0,marriage,family_affection;remittance;marriage,收知,启；此致,收知,儿,兹,查收,寄去；查收,,,收知；启；此致；儿；兹；查收,2,"金祥吾儿收知：
兹寄去贰佰万元，到时查收。
此致",金祥吾儿收知：,,兹寄去贰佰万元，到时查收。,金祥吾儿收知：；四月初九日 母寄,,此致,sender=外洋母；recipient=潮汕金祥吾儿；relationship=parent_to_child；date=四月初九日（约1949前）；money=贰佰万元；currency=元；places=潮汕->广东侨乡；kinship=儿；媳；媳妇；姑,"四月初九日（约1949前），外洋母寄潮汕金祥吾儿
外洋母
潮汕金祥吾儿
四月初九日（约1949前）
贰佰万元
潮汕->广东侨乡
family_affection;remittance;marriage
兹者，现时叻中政府，做字甚艰难，候慢些若是可做时，自当与你做大字，尔免用挂怀。兹寄去贰佰万元，到时查收。抹四拾万元，交媳妇收用，抹贰拾万元，交鳌头亚姑收用，抹拾万元，交三姆收用，余者为尔收启（起）。此致
近佳",题名：四月初九日（约1949前），外洋母寄潮汕金祥吾儿；寄批人：外洋母；收批人：潮汕金祥吾儿；日期：四月初九日（约1949前）；汇款：贰佰万元；主题：family_affection;remittance;marriage；正文摘录：兹者，现时叻中政府，做字甚艰难，候慢些若是可做时，自当与你做大字，尔免用挂怀。兹寄去贰佰万元，到时查收。抹四拾万元，交媳妇收用，抹贰拾万元，交鳌头亚姑收用，抹拾万元，交三姆收用，余者为尔收启（起）。此致近佳,四月初九日（约1949前）,外洋母,潮汕金祥吾儿,103,0,外洋母,金祥,吾儿,high,广东侨乡；海外,"[{""record_id"": ""CSQP-SFHC-TEXT-126"", ""raw_text"": ""贰佰万元"", ""amount_text"": ""贰佰万元"", ""amount_number"": 2000000, ""currency"": ""元"", ""sentence"": ""兹寄去贰佰万元，到时查收。"", ""is_primary_candidate"": true, ""source_field"": ""body_clean""}, {""record_id"": ""CSQP-SFHC-TEXT-126"", ""raw_text"": ""四拾万元"", ""amount_text"": ""四拾万元"", ""amount_number"": 400000, ""currency"": ""元"", ""sentence"": ""抹四拾万元，交媳妇收用，抹贰拾万元，交鳌头亚姑收用，抹拾万元，交三姆收用，余者为尔收启（起）。"", ""is_primary_candidate"": false, ""source_field"": ""body_clean""}, {""record_id"": ""CSQP-SFHC-TEXT-126"", ""raw_text"": ""贰拾万元"", ""amount_text"": ""贰拾万元"", ""amount_number"": 200000, ""currency"": ""元"", ""sentence"": ""抹四拾万元，交媳妇收用，抹贰拾万元，交鳌头亚姑收用，抹拾万元，交三姆收用，余者为尔收启（起）。"", ""is_primary_candidate"": false, ""source_field"": ""body_clean""}, {""record_id"": ""CSQP-SFHC-TEXT-126"", ""raw_text"": ""拾万元"", ""amount_text"": ""拾万元"", ""amount_number"": 100000, ""currency"": ""元"", ""sentence"": ""抹四拾万元，交媳妇收用，抹贰拾万元，交鳌头亚姑收用，抹拾万元，交三姆收用，余者为尔收启（起）。"", ""is_primary_candidate"": false, ""source_field"": ""body_clean""}]",四月初九日（约1949前），外洋母寄潮汕金祥吾儿；外洋母；潮汕金祥吾儿；金祥；儿；媳；媳妇；姑；吾儿；广东侨乡；海外；贰佰万元；元；family_affection；remittance；marriage；潮汕；广东；查收；四月；初九；外洋；金祥吾儿；侨乡；贰佰；万元；family；affection；收知；兹者；现时；政府；做字；艰难；慢些；自当；大字；免用；挂怀；四拾；鳌头；亚姑；收用；抹拾；交三姆；余者；为尔；收启；近佳
CSQP-SFHC-TEXT-127,127,四月十九日（约1949前），越张永金寄潮安南桂区慈亲大人,pdf_pages=169；book_pages=140,1,high,0,"寄批人：越张永金
收批人：潮安南桂区慈亲大人
批款：国币壹仟万元
日期：四月十九日

慈亲大人尊前：
    敬启者，兹承汇便，付上国币壹仟万元，至时查收。上信所分送与永森、永绥嫂之项者，原是每人四十万。就现月起每封家批，须欲送他每人四十万元，祈知。至于塘（唐）中拮据者，实为不堪。兹因越中生理【生意】竞争过甚，故有此举，为人儿子者，谁无行孝存心事，因力所不能也，望勿痛责，以后儿当按月奉上。所欠（欠）之项，候下月谷冬过后，当以奉还无误。敬请
大安
    另代候吉盛、雄盛安好。

儿永金上
四月十九日","寄批人：越张永金
收批人：潮安南桂区慈亲大人
批款：国币壹仟万元
日期：四月十九日

慈亲大人尊前：
敬启者，兹承汇便，付上国币壹仟万元，至时查收。上信所分送与永森、永绥嫂之项者，原是每人四十万。就现月起每封家批，须欲送他每人四十万元，祈知。至于塘（唐）中拮据者，实为不堪。兹因越中生理【生意】竞争过甚，故有此举，为人儿子者，谁无行孝存心事，因力所不能也，望勿痛责，以后儿当按月奉上。所欠（欠）之项，候下月谷冬过后，当以奉还无误。敬请
大安
另代候吉盛、雄盛安好。

儿永金上
四月十九日","慈亲大人尊前：
敬启者，兹承汇便，付上国币壹仟万元，至时查收。上信所分送与永森、永绥嫂之项者，原是每人四十万。就现月起每封家批，须欲送他每人四十万元，祈知。至于塘（唐）中拮据者，实为不堪。兹因越中生理【生意】竞争过甚，故有此举，为人儿子者，谁无行孝存心事，因力所不能也，望勿痛责，以后儿当按月奉上。所欠（欠）之项，候下月谷冬过后，当以奉还无误。敬请
大安
另代候吉盛、雄盛安好。

儿永金上
四月十九日","敬启者，兹承汇便，付上国币壹仟万元，至时查收。上信所分送与永森、永绥嫂之项者，原是每人四十万。就现月起每封家批，须欲送他每人四十万元，祈知。至于塘（唐）中拮据者，实为不堪。兹因越中生理【生意】竞争过甚，故有此举，为人儿子者，谁无行孝存心事，因力所不能也，望勿痛责，以后儿当按月奉上。所欠（欠）之项，候下月谷冬过后，当以奉还无误。敬请
大安
另代候吉盛、雄盛安好。",244,10,12,越张永金,潮安南桂区慈亲大人,child,parent,child_to_parent,慈亲；嫂；儿,永绥嫂；为人儿；以后儿,大人；尊前,儿,越南,广东潮安,越南,广东潮安,安南->越南；潮安->广东潮安,越南 -> 广东潮安,1,越南；广东侨乡,四月十九日,"儿永金上
四月十九日",,,四月,十九日,solar,,medium,国币壹仟万元,壹仟万元,10000000,国币,敬启者，兹承汇便，付上国币壹仟万元，至时查收。,,敬启者，兹承汇便，付上国币壹仟万元，至时查收。,1,慈亲大人尊前：,敬启者，兹承汇便，付上国币壹仟万元，至时查收。,,"敬启者，兹承汇便，付上国币壹仟万元，至时查收。上信所分送与永森、永绥嫂之项者，原是每人四十万。就现月起每封家批，须欲送他每人四十万元，祈知。至于塘（唐）中拮据者，实为不堪。兹因越中生理【生意】竞争过甚，故有此举，为人儿子者，谁无行孝存心事，因力所不能也，望勿痛责，以后儿当按月奉上。所欠（欠）之项，候下月谷冬过后，当以奉还无误。敬请
大安
另代候吉盛、雄盛安好。",另代候吉盛、雄盛安好。,兹因越中生理【生意】竞争过甚，故有此举，为人儿子者，谁无行孝存心事，因力所不能也，望勿痛责，以后儿当按月奉上。；儿永金上,就现月起每封家批，须欲送他每人四十万元，祈知。,,,"儿永金上
四月十九日",儿永金上,,1,1,1,1,0,0,1,1,0,0,0,instruction,family_affection;remittance;safety;instruction;work;debt,启者；尊前,启,大人；尊前,儿,兹；祈；奉；承,尊前；查收,奉上；查收,安好,须,启者；尊前；启；大人；儿；兹；祈；奉；承；查收,3,"慈亲大人尊前：
敬启者，兹承汇便，付上国币壹仟万元，至时查收。
另代候吉盛、雄盛安好。
就现月起每封家批，须欲送他每人四十万元，祈知。
儿永金上",慈亲大人尊前：,另代候吉盛、雄盛安好。,敬启者，兹承汇便，付上国币壹仟万元，至时查收。,兹因越中生理【生意】竞争过甚，故有此举，为人儿子者，谁无行孝存心事，因力所不能也，望勿痛责，以后儿当按月奉上。；儿永金上,就现月起每封家批，须欲送他每人四十万元，祈知。,儿永金上,sender=越张永金；recipient=潮安南桂区慈亲大人；relationship=child_to_parent；date=四月十九日；money=壹仟万元；currency=国币；places=安南->越南；潮安->广东潮安；kinship=慈亲；嫂；儿,"四月十九日（约1949前），越张永金寄潮安南桂区慈亲大人
越张永金
潮安南桂区慈亲大人
四月十九日
国币壹仟万元
安南->越南；潮安->广东潮安
family_affection;remittance;safety;instruction;work;debt
敬启者，兹承汇便，付上国币壹仟万元，至时查收。上信所分送与永森、永绥嫂之项者，原是每人四十万。就现月起每封家批，须欲送他每人四十万元，祈知。至于塘（唐）中拮据者，实为不堪。兹因越中生理【生意】竞争过甚，故有此举，为人儿子者，谁无行孝存心事，因力所不能也，望勿痛责，以后儿当按月奉上。所欠（欠）之项，候下月谷冬过后，当以奉还无误。敬请
大安
另代候吉盛、雄盛安好。",题名：四月十九日（约1949前），越张永金寄潮安南桂区慈亲大人；寄批人：越张永金；收批人：潮安南桂区慈亲大人；日期：四月十九日；汇款：国币壹仟万元；主题：family_affection;remittance;safety;instruction;work;debt；正文摘录：敬启者，兹承汇便，付上国币壹仟万元，至时查收。上信所分送与永森、永绥嫂之项者，原是每人四十万。就现月起每封家批，须欲送他每人四十万元，祈知。至于塘（唐）中拮据者，实为不堪。兹因越中生理【生意】竞争过甚，故有此举，为人儿子者，谁无行孝存心事，,四月十九日（约1949前）,越张永金,潮安南桂区慈亲大人,179,0,张永金,区慈亲,慈亲,high,越南；广东潮安,"[{""record_id"": ""CSQP-SFHC-TEXT-127"", ""raw_text"": ""国币壹仟万元"", ""amount_text"": ""壹仟万元"", ""amount_number"": 10000000, ""currency"": ""国币"", ""sentence"": ""批款：国币壹仟万元"", ""is_primary_candidate"": true, ""source_field"": ""body_clean""}, {""record_id"": ""CSQP-SFHC-TEXT-127"", ""raw_text"": ""国币壹仟万元"", ""amount_text"": ""壹仟万元"", ""amount_number"": 10000000, ""currency"": ""国币"", ""sentence"": ""敬启者，兹承汇便，付上国币壹仟万元，至时查收。"", ""is_primary_candidate"": false, ""source_field"": ""body_clean""}, {""record_id"": ""CSQP-SFHC-TEXT-127"", ""raw_text"": ""四十万元"", ""amount_text"": ""四十万元"", ""amount_number"": 400000, ""currency"": ""元"", ""sentence"": ""就现月起每封家批，须欲送他每人四十万元，祈知。"", ""is_primary_candidate"": false, ""source_field"": ""body_clean""}]",四月十九日（约1949前），越张永金寄潮安南桂区慈亲大人；越张永金；潮安南桂区慈亲大人；张永金；区慈亲；慈亲；嫂；儿；越南；广东潮安；国币壹仟万元；国币；family_affection；remittance；safety；instruction；work；debt；安南；潮安；广东；元；尊前；查收；四月；十九日；寄潮；桂区；壹仟；万元；family；affection；启者；敬启者；兹承汇；至时；上信；分送；永森；永绥嫂；项者；每人；四十万；就现；每封；家批；四十；祈知；至于；拮据；实为；不堪；因越；生理；生意；竞争；故有；此举；儿子；行孝；存心；因力；不能；痛责；以后；儿当；所欠；之项；候下；谷冬；过后；当以；奉还；无误；大安；另代候；吉盛；雄盛；安好
CSQP-SFHC-TEXT-128,128,八月十七日（约1949前），麻坡郑裕潮寄潮安南桂乡家慈亲大人,pdf_pages=170-171；book_pages=141-142,1,needs_review,1,"寄批人：麻坡郑裕潮
收批人：潮安南桂乡家慈亲大人
批款：国币肆拾万元
日期：八月十七日

慈亲大人尊前膝下：
    敬禀者，本月十二日得接来示，朗颂（诵）之余，藉悉大人贵恙尚未痊愈，中心（心中）惘怅殊甚。但愿神天庇佑，药到病除，早日复原为幸。男远隔云山，不能趋前朝夕侍奉甘旨，大背人子之道，惟有于遥遥客地，晨昏暗祝大人玉体，早日安泰而已。且自愧庸俗无能，每月薪金有限，除自己所必需外，其余都作为家批之项。是以事先毫无积蓄，致使于斯，大人急需之际，不能应额寄上，以充厚望，内心抱歉殊深，伏乞宽恕是幸。但愿大人贵体自珍，勿以区区金钱为叹惜，须就医至真正痊愈为盼。
    岳炎现仍在廷立哥店中，帮助店前买卖，生活相当如愿，请转达老姑母大人，祈免挂念为荷。
    兹逢邮便，谨具寸草，外并国币肆拾万元，至祈查收，藉补家用，余言后禀。肃此奉候，并颂
福安

外祖母及姑母等，谨代为致言道谢。

男郑裕潮谨上    八月十七日","寄批人：麻坡郑裕潮
收批人：潮安南桂乡家慈亲大人
批款：国币肆拾万元
日期：八月十七日

慈亲大人尊前膝下：
敬禀者，本月十二日得接来示，朗颂（诵）之余，藉悉大人贵恙尚未痊愈，中心（心中）惘怅殊甚。但愿神天庇佑，药到病除，早日复原为幸。男远隔云山，不能趋前朝夕侍奉甘旨，大背人子之道，惟有于遥遥客地，晨昏暗祝大人玉体，早日安泰而已。且自愧庸俗无能，每月薪金有限，除自己所必需外，其余都作为家批之项。是以事先毫无积蓄，致使于斯，大人急需之际，不能应额寄上，以充厚望，内心抱歉殊深，伏乞宽恕是幸。但愿大人贵体自珍，勿以区区金钱为叹惜，须就医至真正痊愈为盼。
岳炎现仍在廷立哥店中，帮助店前买卖，生活相当如愿，请转达老姑母大人，祈免挂念为荷。
兹逢邮便，谨具寸草，外并国币肆拾万元，至祈查收，藉补家用，余言后禀。肃此奉候，并颂
福安

外祖母及姑母等，谨代为致言道谢。

男郑裕潮谨上 八月十七日","慈亲大人尊前膝下：
敬禀者，本月十二日得接来示，朗颂（诵）之余，藉悉大人贵恙尚未痊愈，中心（心中）惘怅殊甚。但愿神天庇佑，药到病除，早日复原为幸。男远隔云山，不能趋前朝夕侍奉甘旨，大背人子之道，惟有于遥遥客地，晨昏暗祝大人玉体，早日安泰而已。且自愧庸俗无能，每月薪金有限，除自己所必需外，其余都作为家批之项。是以事先毫无积蓄，致使于斯，大人急需之际，不能应额寄上，以充厚望，内心抱歉殊深，伏乞宽恕是幸。但愿大人贵体自珍，勿以区区金钱为叹惜，须就医至真正痊愈为盼。
岳炎现仍在廷立哥店中，帮助店前买卖，生活相当如愿，请转达老姑母大人，祈免挂念为荷。
兹逢邮便，谨具寸草，外并国币肆拾万元，至祈查收，藉补家用，余言后禀。肃此奉候，并颂
福安

外祖母及姑母等，谨代为致言道谢。

男郑裕潮谨上 八月十七日","敬禀者，本月十二日得接来示，朗颂（诵）之余，藉悉大人贵恙尚未痊愈，中心（心中）惘怅殊甚。但愿神天庇佑，药到病除，早日复原为幸。男远隔云山，不能趋前朝夕侍奉甘旨，大背人子之道，惟有于遥遥客地，晨昏暗祝大人玉体，早日安泰而已。且自愧庸俗无能，每月薪金有限，除自己所必需外，其余都作为家批之项。是以事先毫无积蓄，致使于斯，大人急需之际，不能应额寄上，以充厚望，内心抱歉殊深，伏乞宽恕是幸。但愿大人贵体自珍，勿以区区金钱为叹惜，须就医至真正痊愈为盼。
岳炎现仍在廷立哥店中，帮助店前买卖，生活相当如愿，请转达老姑母大人，祈免挂念为荷。
兹逢邮便，谨具寸草，外并国币肆拾万元，至祈查收，藉补家用，余言后禀。肃此奉候，并颂
福安
外祖母及姑母等，谨代为致言道谢。",395,11,13,麻坡郑裕潮,潮安南桂乡家慈亲大人,,parent,child_to_parent,慈亲；祖母；外祖母；男；姑,请转达老姑；外祖母及姑,大人；尊前；膝下,,越南,广东潮安,越南,广东潮安,安南->越南；潮安->广东潮安,越南 -> 广东潮安,1,越南；广东侨乡,八月十七日,,,,八月,十七日,solar,,medium,国币肆拾万元,肆拾万元,400000,国币,兹逢邮便，谨具寸草，外并国币肆拾万元，至祈查收，藉补家用，余言后禀。；是以事先毫无积蓄，致使于斯，大人急需之际，不能应额寄上，以充厚望，内心抱歉殊深，伏乞宽恕是幸。,家用,兹逢邮便，谨具寸草，外并国币肆拾万元，至祈查收，藉补家用，余言后禀。,1,慈亲大人尊前膝下：,敬禀者，本月十二日得接来示，朗颂（诵）之余，藉悉大人贵恙尚未痊愈，中心（心中）惘怅殊甚。,,"敬禀者，本月十二日得接来示，朗颂（诵）之余，藉悉大人贵恙尚未痊愈，中心（心中）惘怅殊甚。但愿神天庇佑，药到病除，早日复原为幸。男远隔云山，不能趋前朝夕侍奉甘旨，大背人子之道，惟有于遥遥客地，晨昏暗祝大人玉体，早日安泰而已。且自愧庸俗无能，每月薪金有限，除自己所必需外，其余都作为家批之项。是以事先毫无积蓄，致使于斯，大人急需之际，不能应额寄上，以充厚望，内心抱歉殊深，伏乞宽恕是幸。但愿大人贵体自珍，勿以区区金钱为叹惜，须就医至真正痊愈为盼。
岳炎现仍在廷立哥店中，帮助店前买卖，生活相当如愿，请转达老姑母大人，祈免挂念为荷。
兹逢邮便，谨具寸草，外并国币肆拾万元，至祈查收，藉补家用，余言后禀。肃此奉候，并颂
福安
外祖母及姑母等，谨代为致言道谢。",,岳炎现仍在廷立哥店中，帮助店前买卖，生活相当如愿，请转达老姑母大人，祈免挂念为荷。；外祖母及姑母等，谨代为致言道谢。,但愿大人贵体自珍，勿以区区金钱为叹惜，须就医至真正痊愈为盼。,,,,,,1,1,0,1,0,1,0,0,0,0,0,instruction,family_affection;remittance;instruction;health,敬禀者；禀者；尊前；膝下,谨上,大人；尊前；膝下；福安,伏乞；谨,兹；祈；荷；奉；惟,敬禀者；膝下；尊前；伏乞；祈查收；至祈查收；查收；福安,寄上；查收,,须,敬禀者；禀者；尊前；膝下；谨上；大人；福安；伏乞；谨；兹；祈；荷；奉；惟；祈查收；至祈查收；查收,3,"慈亲大人尊前膝下：
敬禀者，本月十二日得接来示，朗颂（诵）之余，藉悉大人贵恙尚未痊愈，中心（心中）惘怅殊甚。
兹逢邮便，谨具寸草，外并国币肆拾万元，至祈查收，藉补家用，余言后禀。；是以事先毫无积蓄，致使于斯，大人急需之际，不能应额寄上，以充厚望，内心抱歉殊深，伏乞宽恕是幸。
但愿大人贵体自珍，勿以区区金钱为叹惜，须就医至真正痊愈为盼。",慈亲大人尊前膝下：,,兹逢邮便，谨具寸草，外并国币肆拾万元，至祈查收，藉补家用，余言后禀。；是以事先毫无积蓄，致使于斯，大人急需之际，不能应额寄上，以充厚望，内心抱歉殊深，伏乞宽恕是幸。,岳炎现仍在廷立哥店中，帮助店前买卖，生活相当如愿，请转达老姑母大人，祈免挂念为荷。；外祖母及姑母等，谨代为致言道谢。,但愿大人贵体自珍，勿以区区金钱为叹惜，须就医至真正痊愈为盼。,,sender=麻坡郑裕潮；recipient=潮安南桂乡家慈亲大人；relationship=child_to_parent；date=八月十七日；money=肆拾万元；currency=国币；places=安南->越南；潮安->广东潮安；kinship=慈亲；祖母；外祖母；男；姑,"八月十七日（约1949前），麻坡郑裕潮寄潮安南桂乡家慈亲大人
麻坡郑裕潮
潮安南桂乡家慈亲大人
八月十七日
国币肆拾万元
安南->越南；潮安->广东潮安
family_affection;remittance;instruction;health
敬禀者，本月十二日得接来示，朗颂（诵）之余，藉悉大人贵恙尚未痊愈，中心（心中）惘怅殊甚。但愿神天庇佑，药到病除，早日复原为幸。男远隔云山，不能趋前朝夕侍奉甘旨，大背人子之道，惟有于遥遥客地，晨昏暗祝大人玉体，早日安泰而已。且自愧庸俗无能，每月薪金有限，除自己所必需外，其余都作为家批之项。是以事先毫无积蓄，致使于斯，大人急需之际，不能应额寄上，以充厚望，内心抱歉殊深，伏乞宽恕是幸。但愿大人贵体自珍，勿以区区金钱为叹惜，须就医至真正痊愈为盼。
岳炎现仍在廷立哥店中，帮助店前买卖，生活相当如愿，请转达老姑母大人，祈免挂念为荷。
兹逢邮便，谨具寸草，外并国币肆拾万元，至祈查收，藉补家用，余言后禀。肃此奉候，并颂
福安
外祖母及姑母等，谨代为致言道谢。",题名：八月十七日（约1949前），麻坡郑裕潮寄潮安南桂乡家慈亲大人；寄批人：麻坡郑裕潮；收批人：潮安南桂乡家慈亲大人；日期：八月十七日；汇款：国币肆拾万元；主题：family_affection;remittance;instruction;health；正文摘录：敬禀者，本月十二日得接来示，朗颂（诵）之余，藉悉大人贵恙尚未痊愈，中心（心中）惘怅殊甚。但愿神天庇佑，药到病除，早日复原为幸。男远隔云山，不能趋前朝夕侍奉甘旨，大背人子之道，惟有于遥遥客地，晨昏暗祝大人玉体，早日安泰而已。且自愧庸俗无能，每,八月十七日（约1949前）,麻坡郑裕潮,潮安南桂乡家慈亲大人,321,0,麻坡郑裕潮,慈亲,慈亲,high,越南；广东潮安,"[{""record_id"": ""CSQP-SFHC-TEXT-128"", ""raw_text"": ""国币肆拾万元"", ""amount_text"": ""肆拾万元"", ""amount_number"": 400000, ""currency"": ""国币"", ""sentence"": ""批款：国币肆拾万元"", ""is_primary_candidate"": true, ""source_field"": ""body_clean""}, {""record_id"": ""CSQP-SFHC-TEXT-128"", ""raw_text"": ""国币肆拾万元"", ""amount_text"": ""肆拾万元"", ""amount_number"": 400000, ""currency"": ""国币"", ""sentence"": ""兹逢邮便，谨具寸草，外并国币肆拾万元，至祈查收，藉补家用，余言后禀。"", ""is_primary_candidate"": false, ""source_field"": ""body_clean""}]",八月十七日（约1949前），麻坡郑裕潮寄潮安南桂乡家慈亲大人；麻坡郑裕潮；潮安南桂乡家慈亲大人；慈亲；祖母；外祖母；男；姑；越南；广东潮安；国币肆拾万元；国币；family_affection；remittance；instruction；health；安南；潮安；广东；元；敬禀者；膝下；尊前；伏乞；祈查收；至祈查收；查收；福安；八月；十七日；麻坡；郑裕潮；寄潮；桂乡；家慈；肆拾；万元；family；affection；禀者；谨上；至祈；本月；十二日；接来示；朗颂；贵恙；尚未；痊愈；中心；心中；怅殊；但愿；神天；庇佑；药到病除；早日；复原；为幸；远隔；云山；不能；趋前；朝夕；侍奉；甘旨；大背；人子；之道；惟有；遥遥；晨昏；暗祝；玉体；安泰；而已；自愧；庸俗；无能；每月
CSQP-SFHC-TEXT-129,129,八月廿一日（约1949前），叻老妨寄澄邑下蓬宋树钊贤侄,pdf_pages=172；book_pages=143,1,medium,0,"寄批人：叻老婶
收批人：澄邑下蓬宋树钊贤侄
批款：国币伍万元
日期：八月廿一日

树钊贤侄收知：
    自侄回唐，至今数月，未曾通讯，殊以为念。佩恭的来叻人情字，愚已由家信内夹去，并嘱其准备，待愚吩咐大牙（衙）乡押客再乾兄，下帮船到乡带来，届时他们有未晓之事，望祈代为指导是盼。侄你到家数月，想侄妇定已有喜可知也。兹外附去国币伍万元，至祈查收，复音来知是荷。余候后言，顺问
近好

八月廿一日    老婶刘氏寄","寄批人：叻老婶
收批人：澄邑下蓬宋树钊贤侄
批款：国币伍万元
日期：八月廿一日

树钊贤侄收知：
自侄回唐，至今数月，未曾通讯，殊以为念。佩恭的来叻人情字，愚已由家信内夹去，并嘱其准备，待愚吩咐大牙（衙）乡押客再乾兄，下帮船到乡带来，届时他们有未晓之事，望祈代为指导是盼。侄你到家数月，想侄妇定已有喜可知也。兹外附去国币伍万元，至祈查收，复音来知是荷。余候后言，顺问
近好

八月廿一日 老婶刘氏寄","树钊贤侄收知：
自侄回唐，至今数月，未曾通讯，殊以为念。佩恭的来叻人情字，愚已由家信内夹去，并嘱其准备，待愚吩咐大牙（衙）乡押客再乾兄，下帮船到乡带来，届时他们有未晓之事，望祈代为指导是盼。侄你到家数月，想侄妇定已有喜可知也。兹外附去国币伍万元，至祈查收，复音来知是荷。余候后言，顺问
近好

八月廿一日 老婶刘氏寄","自侄回唐，至今数月，未曾通讯，殊以为念。佩恭的来叻人情字，愚已由家信内夹去，并嘱其准备，待愚吩咐大牙（衙）乡押客再乾兄，下帮船到乡带来，届时他们有未晓之事，望祈代为指导是盼。侄你到家数月，想侄妇定已有喜可知也。兹外附去国币伍万元，至祈查收，复音来知是荷。余候后言，顺问
近好",199,8,8,叻老婶,澄邑下蓬宋树钊贤侄,elder_relative,nephew_or_niece,uncle_nephew_or_nephew_kin,兄；侄；婶,叻老婶；宋树钊贤侄；树钊贤侄；自侄；押客再乾兄；想侄；老婶,收知,,新加坡,广东澄海,新加坡,广东澄海,澄邑->广东澄海；叻->新加坡,新加坡 -> 广东澄海,1,新加坡；广东侨乡,八月廿一日,,,,八月,廿一日,solar,,medium,国币伍万元,伍万元,50000,国币,兹外附去国币伍万元，至祈查收，复音来知是荷。,,兹外附去国币伍万元，至祈查收，复音来知是荷。,1,树钊贤侄收知：,,,"自侄回唐，至今数月，未曾通讯，殊以为念。佩恭的来叻人情字，愚已由家信内夹去，并嘱其准备，待愚吩咐大牙（衙）乡押客再乾兄，下帮船到乡带来，届时他们有未晓之事，望祈代为指导是盼。侄你到家数月，想侄妇定已有喜可知也。兹外附去国币伍万元，至祈查收，复音来知是荷。余候后言，顺问
近好",,,佩恭的来叻人情字，愚已由家信内夹去，并嘱其准备，待愚吩咐大牙（衙）乡押客再乾兄，下帮船到乡带来，届时他们有未晓之事，望祈代为指导是盼。,,,,,,1,1,0,1,0,0,0,0,0,0,0,instruction,family_affection;remittance;instruction,收知,,收知,愚,兹；祈；荷,祈查收；至祈查收；查收,查收,,嘱,收知；愚；兹；祈；荷；祈查收；至祈查收；查收,2,"树钊贤侄收知：
兹外附去国币伍万元，至祈查收，复音来知是荷。
佩恭的来叻人情字，愚已由家信内夹去，并嘱其准备，待愚吩咐大牙（衙）乡押客再乾兄，下帮船到乡带来，届时他们有未晓之事，望祈代为指导是盼。",树钊贤侄收知：,,兹外附去国币伍万元，至祈查收，复音来知是荷。,,佩恭的来叻人情字，愚已由家信内夹去，并嘱其准备，待愚吩咐大牙（衙）乡押客再乾兄，下帮船到乡带来，届时他们有未晓之事，望祈代为指导是盼。,,sender=叻老婶；recipient=澄邑下蓬宋树钊贤侄；relationship=uncle_nephew_or_nephew_kin；date=八月廿一日；money=伍万元；currency=国币；places=澄邑->广东澄海；叻->新加坡；kinship=兄；侄；婶,"八月廿一日（约1949前），叻老妨寄澄邑下蓬宋树钊贤侄
叻老婶
澄邑下蓬宋树钊贤侄
八月廿一日
国币伍万元
澄邑->广东澄海；叻->新加坡
family_affection;remittance;instruction
自侄回唐，至今数月，未曾通讯，殊以为念。佩恭的来叻人情字，愚已由家信内夹去，并嘱其准备，待愚吩咐大牙（衙）乡押客再乾兄，下帮船到乡带来，届时他们有未晓之事，望祈代为指导是盼。侄你到家数月，想侄妇定已有喜可知也。兹外附去国币伍万元，至祈查收，复音来知是荷。余候后言，顺问
近好",题名：八月廿一日（约1949前），叻老妨寄澄邑下蓬宋树钊贤侄；寄批人：叻老婶；收批人：澄邑下蓬宋树钊贤侄；日期：八月廿一日；汇款：国币伍万元；主题：family_affection;remittance;instruction；正文摘录：自侄回唐，至今数月，未曾通讯，殊以为念。佩恭的来叻人情字，愚已由家信内夹去，并嘱其准备，待愚吩咐大牙（衙）乡押客再乾兄，下帮船到乡带来，届时他们有未晓之事，望祈代为指导是盼。侄你到家数月，想侄妇定已有喜可知也。兹外附去国币伍万元，至祈查收，,八月廿一日（约1949前）,叻老妨,澄邑下蓬宋树钊贤侄,136,0,老婶,下蓬宋树钊贤侄,兄,high,广东澄海；新加坡,"[{""record_id"": ""CSQP-SFHC-TEXT-129"", ""raw_text"": ""国币伍万元"", ""amount_text"": ""伍万元"", ""amount_number"": 50000, ""currency"": ""国币"", ""sentence"": ""批款：国币伍万元"", ""is_primary_candidate"": true, ""source_field"": ""body_clean""}, {""record_id"": ""CSQP-SFHC-TEXT-129"", ""raw_text"": ""国币伍万元"", ""amount_text"": ""伍万元"", ""amount_number"": 50000, ""currency"": ""国币"", ""sentence"": ""兹外附去国币伍万元，至祈查收，复音来知是荷。"", ""is_primary_candidate"": false, ""source_field"": ""body_clean""}]",八月廿一日（约1949前），叻老妨寄澄邑下蓬宋树钊贤侄；叻老婶；澄邑下蓬宋树钊贤侄；老婶；下蓬宋树钊贤侄；兄；侄；婶；广东澄海；新加坡；国币伍万元；国币；family_affection；remittance；instruction；澄海；澄邑；广东；元；祈查收；至祈查收；查收；八月；廿一日；老妨；寄澄邑；下蓬；宋树钊；贤侄；万元；family；affection；收知；至祈；自侄；回唐；至今；数月；未曾；通讯；以为；佩恭；人情；愚已；家信；并嘱；准备；待愚；吩咐；大牙；乡押客；乾兄；帮船；带来；届时；他们；未晓之事；望祈；代为；指导；侄妇；已有；可知；兹外；附去；复音；来知；余候；后言；顺问；近好
CSQP-SFHC-TEXT-130,130,十月廿日（约1949前），叻宋树钊寄汀（澄）邑下蓬家双亲大人,pdf_pages=173；book_pages=144,1,high,0,"寄批人：叻宋树钊
收批人：汀邑下蓬家双亲大人
批款：国币贰万元
日期：十月廿日

慈亲大人膝下：
    敬禀者，查下月十六日，为大人寿诞之辰，男因远离膝下，未能在家为大人祝寿，殊深负罪。兹逢归鸿有便，特奉上国币贰万元，以便届时备些礼物，为大人庆寿之用，至时检收是幸。日前尔仔婶南来，男曾至彼处坐（座）谈，据云唐中人状况颇苦。故上星期曾付去二十万，中抹七万元，分族中七位较苦者，想已收到，照为分发矣。肃此，敬请
金安并祝
大人福寿无疆

男树钊禀
十月廿日","寄批人：叻宋树钊
收批人：汀邑下蓬家双亲大人
批款：国币贰万元
日期：十月廿日

慈亲大人膝下：
敬禀者，查下月十六日，为大人寿诞之辰，男因远离膝下，未能在家为大人祝寿，殊深负罪。兹逢归鸿有便，特奉上国币贰万元，以便届时备些礼物，为大人庆寿之用，至时检收是幸。日前尔仔婶南来，男曾至彼处坐（座）谈，据云唐中人状况颇苦。故上星期曾付去二十万，中抹七万元，分族中七位较苦者，想已收到，照为分发矣。肃此，敬请
金安并祝
大人福寿无疆

男树钊禀
十月廿日","慈亲大人膝下：
敬禀者，查下月十六日，为大人寿诞之辰，男因远离膝下，未能在家为大人祝寿，殊深负罪。兹逢归鸿有便，特奉上国币贰万元，以便届时备些礼物，为大人庆寿之用，至时检收是幸。日前尔仔婶南来，男曾至彼处坐（座）谈，据云唐中人状况颇苦。故上星期曾付去二十万，中抹七万元，分族中七位较苦者，想已收到，照为分发矣。肃此，敬请
金安并祝
大人福寿无疆

男树钊禀
十月廿日","敬禀者，查下月十六日，为大人寿诞之辰，男因远离膝下，未能在家为大人祝寿，殊深负罪。兹逢归鸿有便，特奉上国币贰万元，以便届时备些礼物，为大人庆寿之用，至时检收是幸。日前尔仔婶南来，男曾至彼处坐（座）谈，据云唐中人状况颇苦。故上星期曾付去二十万，中抹七万元，分族中七位较苦者，想已收到，照为分发矣。肃此，敬请
金安并祝
大人福寿无疆",224,10,10,叻宋树钊,汀邑下蓬家双亲大人,child,parent,child_to_parent,慈亲；双亲；男；婶,日前尔仔婶,大人；膝下,男,新加坡,广东澄海,新加坡,广东澄海,汀邑->广东澄海；叻->新加坡,新加坡 -> 广东澄海,1,新加坡；广东侨乡,十月廿日,"男树钊禀
十月廿日",,,十月,,solar,,low,国币贰万元,贰万元,20000,国币,兹逢归鸿有便，特奉上国币贰万元，以便届时备些礼物，为大人庆寿之用，至时检收是幸。；故上星期曾付去二十万，中抹七万元，分族中七位较苦者，想已收到，照为分发矣。,,,1,慈亲大人膝下：,敬禀者，查下月十六日，为大人寿诞之辰，男因远离膝下，未能在家为大人祝寿，殊深负罪。,,"敬禀者，查下月十六日，为大人寿诞之辰，男因远离膝下，未能在家为大人祝寿，殊深负罪。兹逢归鸿有便，特奉上国币贰万元，以便届时备些礼物，为大人庆寿之用，至时检收是幸。日前尔仔婶南来，男曾至彼处坐（座）谈，据云唐中人状况颇苦。故上星期曾付去二十万，中抹七万元，分族中七位较苦者，想已收到，照为分发矣。肃此，敬请
金安并祝
大人福寿无疆",,,,,,"男树钊禀
十月廿日",男树钊禀,,1,1,0,0,0,0,0,0,0,0,0,remittance,family_affection;remittance,敬禀者；禀者；膝下,,大人；膝下；金安,,兹；奉,敬禀者；膝下；金安,奉上；付去,,,敬禀者；禀者；膝下；大人；金安；兹；奉,2,"慈亲大人膝下：
敬禀者，查下月十六日，为大人寿诞之辰，男因远离膝下，未能在家为大人祝寿，殊深负罪。
兹逢归鸿有便，特奉上国币贰万元，以便届时备些礼物，为大人庆寿之用，至时检收是幸。；故上星期曾付去二十万，中抹七万元，分族中七位较苦者，想已收到，照为分发矣。
男树钊禀",慈亲大人膝下：,,兹逢归鸿有便，特奉上国币贰万元，以便届时备些礼物，为大人庆寿之用，至时检收是幸。；故上星期曾付去二十万，中抹七万元，分族中七位较苦者，想已收到，照为分发矣。,,,男树钊禀,sender=叻宋树钊；recipient=汀邑下蓬家双亲大人；relationship=child_to_parent；date=十月廿日；money=贰万元；currency=国币；places=汀邑->广东澄海；叻->新加坡；kinship=慈亲；双亲；男；婶,"十月廿日（约1949前），叻宋树钊寄汀（澄）邑下蓬家双亲大人
叻宋树钊
汀邑下蓬家双亲大人
十月廿日
国币贰万元
汀邑->广东澄海；叻->新加坡
family_affection;remittance
敬禀者，查下月十六日，为大人寿诞之辰，男因远离膝下，未能在家为大人祝寿，殊深负罪。兹逢归鸿有便，特奉上国币贰万元，以便届时备些礼物，为大人庆寿之用，至时检收是幸。日前尔仔婶南来，男曾至彼处坐（座）谈，据云唐中人状况颇苦。故上星期曾付去二十万，中抹七万元，分族中七位较苦者，想已收到，照为分发矣。肃此，敬请
金安并祝
大人福寿无疆",题名：十月廿日（约1949前），叻宋树钊寄汀（澄）邑下蓬家双亲大人；寄批人：叻宋树钊；收批人：汀邑下蓬家双亲大人；日期：十月廿日；汇款：国币贰万元；主题：family_affection;remittance；正文摘录：敬禀者，查下月十六日，为大人寿诞之辰，男因远离膝下，未能在家为大人祝寿，殊深负罪。兹逢归鸿有便，特奉上国币贰万元，以便届时备些礼物，为大人庆寿之用，至时检收是幸。日前尔仔婶南来，男曾至彼处坐（座）谈，据云唐中人状况颇苦。故上星期曾付去二十万,十月廿日（约1949前）,叻宋树钊,汀（澄）邑下蓬家双亲大人,162,0,宋树钊,双亲,双亲,high,新加坡；广东澄海,"[{""record_id"": ""CSQP-SFHC-TEXT-130"", ""raw_text"": ""国币贰万元"", ""amount_text"": ""贰万元"", ""amount_number"": 20000, ""currency"": ""国币"", ""sentence"": ""批款：国币贰万元"", ""is_primary_candidate"": true, ""source_field"": ""body_clean""}, {""record_id"": ""CSQP-SFHC-TEXT-130"", ""raw_text"": ""国币贰万元"", ""amount_text"": ""贰万元"", ""amount_number"": 20000, ""currency"": ""国币"", ""sentence"": ""兹逢归鸿有便，特奉上国币贰万元，以便届时备些礼物，为大人庆寿之用，至时检收是幸。"", ""is_primary_candidate"": false, ""source_field"": ""body_clean""}, {""record_id"": ""CSQP-SFHC-TEXT-130"", ""raw_text"": ""七万元"", ""amount_text"": ""七万元"", ""amount_number"": 70000, ""currency"": ""元"", ""sentence"": ""故上星期曾付去二十万，中抹七万元，分族中七位较苦者，想已收到，照为分发矣。"", ""is_primary_candidate"": false, ""source_field"": ""body_clean""}]",十月廿日（约1949前），叻宋树钊寄汀（澄）邑下蓬家双亲大人；叻宋树钊；汀邑下蓬家双亲大人；宋树钊；双亲；慈亲；男；婶；新加坡；广东澄海；国币贰万元；国币；family_affection；remittance；澄海；汀邑；广东；元；敬禀者；膝下；金安；十月；廿日；蓬家；万元；family；affection；禀者；查下；十六日；寿诞；之辰；男因；远离；未能；在家；祝寿；殊深；负罪；兹逢；归鸿有；特奉；以便；届时；备些；礼物；庆寿；之用；至时；检收；日前；尔仔；南来；彼处；据云；唐中人；状况；上星期；曾付；二十万；分族；七位；较苦者；收到；照为；分发；肃此；并祝；福寿无疆
CSQP-SFHC-TEXT-131,131,戊（1948）八月廿一日，叻陈捷钦寄潮安鳌头陈世昭长男,pdf_pages=174；book_pages=145,1,high,0,"寄批人：叻陈捷叙
收批人：潮安鳌头陈世昭长男
批款：金圆券陆拾元
日期：戊八月廿一日

字付
沈氏荆妻收知如晤：
    复者，兹接来回批，内云之事俱以（已）知详，蒙神天保佑，合家平安以欢悦也。另来信嘱叫令弟回家，候他自己（已）寄批写来叫他，但愚言之不听，叫亦无用，祈知之矣。另春祥儿下半春【下学期】，至切入校读书，春其儿年幼，祈知小心武（抚）养为要。外附金圆券六拾元，收到内抹出，送老妈【曾祖母】大人贰元，母妗大人贰元，春祥儿贰元，春其儿贰元，姆母大人壹元，捷添兄壹元，余存伍拾元，以为家务之用耳。
两地平安

戊八月廿一日    夫陈捷叙寄","寄批人：叻陈捷叙
收批人：潮安鳌头陈世昭长男
批款：金圆券陆拾元
日期：戊八月廿一日

字付
沈氏荆妻收知如晤：
复者，兹接来回批，内云之事俱以（已）知详，蒙神天保佑，合家平安以欢悦也。另来信嘱叫令弟回家，候他自己（已）寄批写来叫他，但愚言之不听，叫亦无用，祈知之矣。另春祥儿下半春【下学期】，至切入校读书，春其儿年幼，祈知小心武（抚）养为要。外附金圆券六拾元，收到内抹出，送老妈【曾祖母】大人贰元，母妗大人贰元，春祥儿贰元，春其儿贰元，姆母大人壹元，捷添兄壹元，余存伍拾元，以为家务之用耳。
两地平安

戊八月廿一日 夫陈捷叙寄","字付
沈氏荆妻收知如晤：
复者，兹接来回批，内云之事俱以（已）知详，蒙神天保佑，合家平安以欢悦也。另来信嘱叫令弟回家，候他自己（已）寄批写来叫他，但愚言之不听，叫亦无用，祈知之矣。另春祥儿下半春【下学期】，至切入校读书，春其儿年幼，祈知小心武（抚）养为要。外附金圆券六拾元，收到内抹出，送老妈【曾祖母】大人贰元，母妗大人贰元，春祥儿贰元，春其儿贰元，姆母大人壹元，捷添兄壹元，余存伍拾元，以为家务之用耳。
两地平安

戊八月廿一日 夫陈捷叙寄","字付
复者，兹接来回批，内云之事俱以（已）知详，蒙神天保佑，合家平安以欢悦也。另来信嘱叫令弟回家，候他自己（已）寄批写来叫他，但愚言之不听，叫亦无用，祈知之矣。另春祥儿下半春【下学期】，至切入校读书，春其儿年幼，祈知小心武（抚）养为要。外附金圆券六拾元，收到内抹出，送老妈【曾祖母】大人贰元，母妗大人贰元，春祥儿贰元，春其儿贰元，姆母大人壹元，捷添兄壹元，余存伍拾元，以为家务之用耳。
两地平安",265,9,8,叻陈捷叙,潮安鳌头陈世昭长男,,spouse,spouse_to_spouse,祖母；兄；弟；妻；荆妻；儿；男；妗,沈氏荆妻；信嘱叫令弟；另春祥儿；春其儿；曾祖母；母妗；春祥儿；姆母；捷添兄,收知,,新加坡,广东潮安,新加坡,广东潮安,潮安->广东潮安；叻->新加坡,新加坡 -> 广东潮安,1,新加坡；广东侨乡,戊八月廿一日,,1948,1948,八月,廿一日,solar,干支或传统纪年,high,金圆券陆拾元,陆拾元,60,金圆券,,,,1,沈氏荆妻收知如晤：,,复者，兹接来回批，内云之事俱以（已）知详，蒙神天保佑，合家平安以欢悦也。,"字付
复者，兹接来回批，内云之事俱以（已）知详，蒙神天保佑，合家平安以欢悦也。另来信嘱叫令弟回家，候他自己（已）寄批写来叫他，但愚言之不听，叫亦无用，祈知之矣。另春祥儿下半春【下学期】，至切入校读书，春其儿年幼，祈知小心武（抚）养为要。外附金圆券六拾元，收到内抹出，送老妈【曾祖母】大人贰元，母妗大人贰元，春祥儿贰元，春其儿贰元，姆母大人壹元，捷添兄壹元，余存伍拾元，以为家务之用耳。
两地平安",复者，兹接来回批，内云之事俱以（已）知详，蒙神天保佑，合家平安以欢悦也。；两地平安,沈氏荆妻收知如晤：；复者，兹接来回批，内云之事俱以（已）知详，蒙神天保佑，合家平安以欢悦也。,另来信嘱叫令弟回家，候他自己（已）寄批写来叫他，但愚言之不听，叫亦无用，祈知之矣。,,,,,,1,1,1,1,1,0,0,0,1,0,0,instruction,family_affection;remittance;safety;instruction;study;marriage,收知,,大人；收知,愚；儿；弟,兹；祈,,,平安,嘱,收知；大人；愚；儿；弟；兹；祈,2,"沈氏荆妻收知如晤：
复者，兹接来回批，内云之事俱以（已）知详，蒙神天保佑，合家平安以欢悦也。；两地平安
另来信嘱叫令弟回家，候他自己（已）寄批写来叫他，但愚言之不听，叫亦无用，祈知之矣。",沈氏荆妻收知如晤：,复者，兹接来回批，内云之事俱以（已）知详，蒙神天保佑，合家平安以欢悦也。；两地平安,金圆券陆拾元,沈氏荆妻收知如晤：；复者，兹接来回批，内云之事俱以（已）知详，蒙神天保佑，合家平安以欢悦也。,另来信嘱叫令弟回家，候他自己（已）寄批写来叫他，但愚言之不听，叫亦无用，祈知之矣。,,sender=叻陈捷叙；recipient=潮安鳌头陈世昭长男；relationship=spouse_to_spouse；date=戊八月廿一日；money=陆拾元；currency=金圆券；places=潮安->广东潮安；叻->新加坡；kinship=祖母；兄；弟；妻；荆妻；儿；男；妗,"戊（1948）八月廿一日，叻陈捷钦寄潮安鳌头陈世昭长男
叻陈捷叙
潮安鳌头陈世昭长男
戊八月廿一日
金圆券陆拾元
潮安->广东潮安；叻->新加坡
family_affection;remittance;safety;instruction;study;marriage
字付
复者，兹接来回批，内云之事俱以（已）知详，蒙神天保佑，合家平安以欢悦也。另来信嘱叫令弟回家，候他自己（已）寄批写来叫他，但愚言之不听，叫亦无用，祈知之矣。另春祥儿下半春【下学期】，至切入校读书，春其儿年幼，祈知小心武（抚）养为要。外附金圆券六拾元，收到内抹出，送老妈【曾祖母】大人贰元，母妗大人贰元，春祥儿贰元，春其儿贰元，姆母大人壹元，捷添兄壹元，余存伍拾元，以为家务之用耳。
两地平安",题名：戊（1948）八月廿一日，叻陈捷钦寄潮安鳌头陈世昭长男；寄批人：叻陈捷叙；收批人：潮安鳌头陈世昭长男；日期：戊八月廿一日；汇款：金圆券陆拾元；主题：family_affection;remittance;safety;instruction;study;marriage；正文摘录：字付复者，兹接来回批，内云之事俱以（已）知详，蒙神天保佑，合家平安以欢悦也。另来信嘱叫令弟回家，候他自己（已）寄批写来叫他，但愚言之不听，叫亦无用，祈知之矣。另春祥儿下半春【下学期】，至切入校读书，春其儿年幼，祈知小心武（抚）养为要。外附金,戊（1948）八月廿一日,叻陈捷钦,潮安鳌头陈世昭长男,195,0,陈捷叙,鳌头陈世昭长男,祖母,high,广东潮安；新加坡,"[{""record_id"": ""CSQP-SFHC-TEXT-131"", ""raw_text"": ""金圆券陆拾元"", ""amount_text"": ""陆拾元"", ""amount_number"": 60, ""currency"": ""金圆券"", ""sentence"": ""批款：金圆券陆拾元"", ""is_primary_candidate"": true, ""source_field"": ""body_clean""}, {""record_id"": ""CSQP-SFHC-TEXT-131"", ""raw_text"": ""金圆券六拾元"", ""amount_text"": ""六拾元"", ""amount_number"": 60, ""currency"": ""金圆券"", ""sentence"": ""外附金圆券六拾元，收到内抹出，送老妈【曾祖母】大人贰元，母妗大人贰元，春祥儿贰元，春其儿贰元，姆母大人壹元，捷添兄壹元，余存伍拾元，以为家务之用耳。"", ""is_primary_candidate"": false, ""source_field"": ""body_clean""}, {""record_id"": ""CSQP-SFHC-TEXT-131"", ""raw_text"": ""贰元"", ""amount_text"": ""贰元"", ""amount_number"": 2, ""currency"": ""元"", ""sentence"": ""外附金圆券六拾元，收到内抹出，送老妈【曾祖母】大人贰元，母妗大人贰元，春祥儿贰元，春其儿贰元，姆母大人壹元，捷添兄壹元，余存伍拾元，以为家务之用耳。"", ""is_primary_candidate"": false, ""source_field"": ""body_clean""}, {""record_id"": ""CSQP-SFHC-TEXT-131"", ""raw_text"": ""壹元"", ""amount_text"": ""壹元"", ""amount_number"": 1, ""currency"": ""元"", ""sentence"": ""外附金圆券六拾元，收到内抹出，送老妈【曾祖母】大人贰元，母妗大人贰元，春祥儿贰元，春其儿贰元，姆母大人壹元，捷添兄壹元，余存伍拾元，以为家务之用耳。"", ""is_primary_candidate"": false, ""source_field"": ""body_clean""}, {""record_id"": ""CSQP-SFHC-TEXT-131"", ""raw_text"": ""伍拾元"", ""amount_text"": ""伍拾元"", ""amount_number"": 50, ""currency"": ""元"", ""sentence"": ""外附金圆券六拾元，收到内抹出，送老妈【曾祖母】大人贰元，母妗大人贰元，春祥儿贰元，春其儿贰元，姆母大人壹元，捷添兄壹元，余存伍拾元，以为家务之用耳。"", ""is_primary_candidate"": false, ""source_field"": ""body_clean""}]",戊（1948）八月廿一日，叻陈捷钦寄潮安鳌头陈世昭长男；叻陈捷叙；潮安鳌头陈世昭长男；陈捷叙；鳌头陈世昭长男；祖母；兄；弟；妻；荆妻；儿；男；妗；广东潮安；新加坡；金圆券陆拾元；金圆券；family_affection；remittance；safety；instruction；study；marriage；潮安；广东；元；八月；廿一日；陈捷；鳌头；陈世昭长；拾元；family；affection；收知；字付；复者；兹接；来回；内云；事俱以；知详；蒙神天；保佑；合家；平安；欢悦；来信；嘱叫；令弟；回家；自己；寄批；愚言；无用；祈知；另春祥儿；下半春；下学期；切入；读书；春其儿；年幼；小心；养为；外附；收到；内抹出；老妈；曾祖母；春祥儿；姆母；壹元；捷添兄；余存；伍拾；以为；家务；之用；两地
CSQP-SFHC-TEXT-132,132,九月廿八日（1948），越张永金寄潮安南桂区慈亲大人,pdf_pages=175；book_pages=146,1,medium,0,"寄批人：越张永金
收批人：潮安南桂区慈亲大人
批款：金圆券伍拾元
日期：九月廿八日

慈亲大人尊前：
    敬启者，兹承汇便，付上金圆券伍拾元，到时查收。另者，是帮【次】本当寄多些，奈因汇水之关系，每佰元就现时之正市，食亏【吃亏】贰拾余元，祈知之。至于四弟之为人，我慈无须希望他，儿亦言之不尽。此告，余言后申。并请
金安

九月廿八日    儿张永金手上","寄批人：越张永金
收批人：潮安南桂区慈亲大人
批款：金圆券伍拾元
日期：九月廿八日

慈亲大人尊前：
敬启者，兹承汇便，付上金圆券伍拾元，到时查收。另者，是帮【次】本当寄多些，奈因汇水之关系，每佰元就现时之正市，食亏【吃亏】贰拾余元，祈知之。至于四弟之为人，我慈无须希望他，儿亦言之不尽。此告，余言后申。并请
金安

九月廿八日 儿张永金手上","慈亲大人尊前：
敬启者，兹承汇便，付上金圆券伍拾元，到时查收。另者，是帮【次】本当寄多些，奈因汇水之关系，每佰元就现时之正市，食亏【吃亏】贰拾余元，祈知之。至于四弟之为人，我慈无须希望他，儿亦言之不尽。此告，余言后申。并请
金安

九月廿八日 儿张永金手上","敬启者，兹承汇便，付上金圆券伍拾元，到时查收。另者，是帮【次】本当寄多些，奈因汇水之关系，每佰元就现时之正市，食亏【吃亏】贰拾余元，祈知之。至于四弟之为人，我慈无须希望他，儿亦言之不尽。此告，余言后申。并请
金安",171,8,8,越张永金,潮安南桂区慈亲大人,child,parent,child_to_parent,慈亲；弟；儿,至于四弟,大人；尊前,儿,越南,广东潮安,越南,广东潮安,安南->越南；潮安->广东潮安,越南 -> 广东潮安,1,越南；广东侨乡,九月廿八日,九月廿八日 儿张永金手上,1948,1948,九月,廿八日,solar,西历,high,金圆券伍拾元,伍拾元,50,金圆券,敬启者，兹承汇便，付上金圆券伍拾元，到时查收。,,敬启者，兹承汇便，付上金圆券伍拾元，到时查收。,1,慈亲大人尊前：,敬启者，兹承汇便，付上金圆券伍拾元，到时查收。,,"敬启者，兹承汇便，付上金圆券伍拾元，到时查收。另者，是帮【次】本当寄多些，奈因汇水之关系，每佰元就现时之正市，食亏【吃亏】贰拾余元，祈知之。至于四弟之为人，我慈无须希望他，儿亦言之不尽。此告，余言后申。并请
金安",,至于四弟之为人，我慈无须希望他，儿亦言之不尽。；九月廿八日 儿张永金手上,至于四弟之为人，我慈无须希望他，儿亦言之不尽。,并请,,九月廿八日 儿张永金手上,九月廿八日 儿张永金手上,,1,1,0,1,0,0,0,0,0,0,0,instruction,family_affection;remittance;instruction,启者；尊前,启；并请,大人；尊前；金安,儿；弟,兹；祈；承,尊前；查收；金安,查收,,须,启者；尊前；启；并请；大人；金安；儿；弟；兹；祈；承；查收,3,"慈亲大人尊前：
敬启者，兹承汇便，付上金圆券伍拾元，到时查收。
至于四弟之为人，我慈无须希望他，儿亦言之不尽。
并请
九月廿八日 儿张永金手上",慈亲大人尊前：,,敬启者，兹承汇便，付上金圆券伍拾元，到时查收。,至于四弟之为人，我慈无须希望他，儿亦言之不尽。；九月廿八日 儿张永金手上,至于四弟之为人，我慈无须希望他，儿亦言之不尽。,并请；九月廿八日 儿张永金手上,sender=越张永金；recipient=潮安南桂区慈亲大人；relationship=child_to_parent；date=九月廿八日；money=伍拾元；currency=金圆券；places=安南->越南；潮安->广东潮安；kinship=慈亲；弟；儿,"九月廿八日（1948），越张永金寄潮安南桂区慈亲大人
越张永金
潮安南桂区慈亲大人
九月廿八日
金圆券伍拾元
安南->越南；潮安->广东潮安
family_affection;remittance;instruction
敬启者，兹承汇便，付上金圆券伍拾元，到时查收。另者，是帮【次】本当寄多些，奈因汇水之关系，每佰元就现时之正市，食亏【吃亏】贰拾余元，祈知之。至于四弟之为人，我慈无须希望他，儿亦言之不尽。此告，余言后申。并请
金安",题名：九月廿八日（1948），越张永金寄潮安南桂区慈亲大人；寄批人：越张永金；收批人：潮安南桂区慈亲大人；日期：九月廿八日；汇款：金圆券伍拾元；主题：family_affection;remittance;instruction；正文摘录：敬启者，兹承汇便，付上金圆券伍拾元，到时查收。另者，是帮【次】本当寄多些，奈因汇水之关系，每佰元就现时之正市，食亏【吃亏】贰拾余元，祈知之。至于四弟之为人，我慈无须希望他，儿亦言之不尽。此告，余言后申。并请金安,九月廿八日（1948）,越张永金,潮安南桂区慈亲大人,105,0,张永金,区慈亲,慈亲,high,越南；广东潮安,"[{""record_id"": ""CSQP-SFHC-TEXT-132"", ""raw_text"": ""金圆券伍拾元"", ""amount_text"": ""伍拾元"", ""amount_number"": 50, ""currency"": ""金圆券"", ""sentence"": ""批款：金圆券伍拾元"", ""is_primary_candidate"": true, ""source_field"": ""body_clean""}, {""record_id"": ""CSQP-SFHC-TEXT-132"", ""raw_text"": ""金圆券伍拾元"", ""amount_text"": ""伍拾元"", ""amount_number"": 50, ""currency"": ""金圆券"", ""sentence"": ""敬启者，兹承汇便，付上金圆券伍拾元，到时查收。"", ""is_primary_candidate"": false, ""source_field"": ""body_clean""}, {""record_id"": ""CSQP-SFHC-TEXT-132"", ""raw_text"": ""佰元"", ""amount_text"": ""佰元"", ""amount_number"": 100, ""currency"": ""元"", ""sentence"": ""另者，是帮【次】本当寄多些，奈因汇水之关系，每佰元就现时之正市，食亏【吃亏】贰拾余元，祈知之。"", ""is_primary_candidate"": false, ""source_field"": ""body_clean""}]",九月廿八日（1948），越张永金寄潮安南桂区慈亲大人；越张永金；潮安南桂区慈亲大人；张永金；区慈亲；慈亲；弟；儿；越南；广东潮安；金圆券伍拾元；金圆券；family_affection；remittance；instruction；安南；潮安；广东；元；尊前；查收；金安；九月；廿八日；寄潮；桂区；伍拾；family；affection；启者；敬启者；兹承汇；另者；本当；多些；奈因；汇水；关系；每佰元；现时；之正市；食亏；吃亏；余元；祈知；至于；四弟；我慈；无须；希望；言之不尽；此告；余言；后申
CSQP-SFHC-TEXT-133,133,中华民国卅七年（1948）十一月初一日，叻杨木良寄汕头市新马路杨子忠先生,pdf_pages=176；book_pages=147,1,high,0,"寄批人：叻杨木良
收批人：汕头市新马路杨子忠先生
批款：金圆券伍佰伍拾元
日期：中华民国卅七年十一月初一日

贤妻收次：
    昨展来回文，已聆一切。昨闻女儿已放媒择配，但刻下已聘定何家复晓。子林在叻，月来有银信到家否？余在叻曾寄去数函，迄未得一复示知，仅因念甚。兹本日付信局去五百五十元，到祈查收。抹五十元交胜良弟收用，存五百元，作家计之需也。刻余每月所得辛（薪）金，皆尽量寄作家费，身边并无分文存积，对于家中各费，切欲从俭料理。良（银）到之日，要购作家中食粮及必需品，方免受币值贬价之影响也。现在各物价不〔知〕如何，顺便复晓。此询
近佳

夫杨木良泐
十一月初一日","寄批人：叻杨木良
收批人：汕头市新马路杨子忠先生
批款：金圆券伍佰伍拾元
日期：中华民国卅七年十一月初一日

贤妻收次：
昨展来回文，已聆一切。昨闻女儿已放媒择配，但刻下已聘定何家复晓。子林在叻，月来有银信到家否？余在叻曾寄去数函，迄未得一复示知，仅因念甚。兹本日付信局去五百五十元，到祈查收。抹五十元交胜良弟收用，存五百元，作家计之需也。刻余每月所得辛（薪）金，皆尽量寄作家费，身边并无分文存积，对于家中各费，切欲从俭料理。良（银）到之日，要购作家中食粮及必需品，方免受币值贬价之影响也。现在各物价不〔知〕如何，顺便复晓。此询
近佳

夫杨木良泐
十一月初一日","贤妻收次：
昨展来回文，已聆一切。昨闻女儿已放媒择配，但刻下已聘定何家复晓。子林在叻，月来有银信到家否？余在叻曾寄去数函，迄未得一复示知，仅因念甚。兹本日付信局去五百五十元，到祈查收。抹五十元交胜良弟收用，存五百元，作家计之需也。刻余每月所得辛（薪）金，皆尽量寄作家费，身边并无分文存积，对于家中各费，切欲从俭料理。良（银）到之日，要购作家中食粮及必需品，方免受币值贬价之影响也。现在各物价不〔知〕如何，顺便复晓。此询
近佳

夫杨木良泐
十一月初一日","贤妻收次：
昨展来回文，已聆一切。昨闻女儿已放媒择配，但刻下已聘定何家复晓。子林在叻，月来有银信到家否？余在叻曾寄去数函，迄未得一复示知，仅因念甚。兹本日付信局去五百五十元，到祈查收。抹五十元交胜良弟收用，存五百元，作家计之需也。刻余每月所得辛（薪）金，皆尽量寄作家费，身边并无分文存积，对于家中各费，切欲从俭料理。良（银）到之日，要购作家中食粮及必需品，方免受币值贬价之影响也。现在各物价不〔知〕如何，顺便复晓。此询
近佳",281,9,14,叻杨木良,汕头市新马路杨子忠先生,husband,social_or_business_contact,spouse_to_spouse,弟；妻；贤妻；儿,贤妻；昨闻女儿；元交胜良弟,先生,夫,新加坡,广东汕头,新加坡,广东汕头,汕头->广东汕头；叻->新加坡,新加坡 -> 广东汕头,1,新加坡；广东侨乡,中华民国卅七年十一月初一日,"夫杨木良泐
十一月初一日",民国卅七年,1948,十一月,初一日,lunar,民国,high,金圆券伍佰伍拾元,伍佰伍拾元,550,金圆券,兹本日付信局去五百五十元，到祈查收。；余在叻曾寄去数函，迄未得一复示知，仅因念甚。,,兹本日付信局去五百五十元，到祈查收。；抹五十元交胜良弟收用，存五百元，作家计之需也。,1,,,,"贤妻收次：
昨展来回文，已聆一切。昨闻女儿已放媒择配，但刻下已聘定何家复晓。子林在叻，月来有银信到家否？余在叻曾寄去数函，迄未得一复示知，仅因念甚。兹本日付信局去五百五十元，到祈查收。抹五十元交胜良弟收用，存五百元，作家计之需也。刻余每月所得辛（薪）金，皆尽量寄作家费，身边并无分文存积，对于家中各费，切欲从俭料理。良（银）到之日，要购作家中食粮及必需品，方免受币值贬价之影响也。现在各物价不〔知〕如何，顺便复晓。此询
近佳",,贤妻收次：；昨闻女儿已放媒择配，但刻下已聘定何家复晓。,,,泐,"夫杨木良泐
十一月初一日",夫杨木良泐,,1,1,0,0,0,0,0,0,1,0,0,remittance,family_affection;remittance;marriage,,,贤妻,儿；弟,兹；祈,祈查收；查收,寄去；查收,,,贤妻；儿；弟；兹；祈；祈查收；查收,2,"兹本日付信局去五百五十元，到祈查收。；余在叻曾寄去数函，迄未得一复示知，仅因念甚。
夫杨木良泐",,,兹本日付信局去五百五十元，到祈查收。；余在叻曾寄去数函，迄未得一复示知，仅因念甚。,贤妻收次：；昨闻女儿已放媒择配，但刻下已聘定何家复晓。,,夫杨木良泐,sender=叻杨木良；recipient=汕头市新马路杨子忠先生；relationship=spouse_to_spouse；date=中华民国卅七年十一月初一日；money=伍佰伍拾元；currency=金圆券；places=汕头->广东汕头；叻->新加坡；kinship=弟；妻；贤妻；儿,"中华民国卅七年（1948）十一月初一日，叻杨木良寄汕头市新马路杨子忠先生
叻杨木良
汕头市新马路杨子忠先生
中华民国卅七年十一月初一日
金圆券伍佰伍拾元
汕头->广东汕头；叻->新加坡
family_affection;remittance;marriage
贤妻收次：
昨展来回文，已聆一切。昨闻女儿已放媒择配，但刻下已聘定何家复晓。子林在叻，月来有银信到家否？余在叻曾寄去数函，迄未得一复示知，仅因念甚。兹本日付信局去五百五十元，到祈查收。抹五十元交胜良弟收用，存五百元，作家计之需也。刻余每月所得辛（薪）金，皆尽量寄作家费，身边并无分文存积，对于家中各费，切欲从俭料理。良（银）到之日，要购作家中食粮及必需品，方免受币值贬价之影响也。现在各物价不〔知〕如何，顺便复晓。此询
近佳",题名：中华民国卅七年（1948）十一月初一日，叻杨木良寄汕头市新马路杨子忠先生；寄批人：叻杨木良；收批人：汕头市新马路杨子忠先生；日期：中华民国卅七年十一月初一日；汇款：金圆券伍佰伍拾元；主题：family_affection;remittance;marriage；正文摘录：贤妻收次：昨展来回文，已聆一切。昨闻女儿已放媒择配，但刻下已聘定何家复晓。子林在叻，月来有银信到家否？余在叻曾寄去数函，迄未得一复示知，仅因念甚。兹本日付信局去五百五十元，到祈查收。抹五十元交胜良弟收用，存五百元，作家计之需也。刻余每月所得,中华民国卅七年（1948）十一月初一日,叻杨木良,汕头市新马路杨子忠先生,210,0,杨木良,市新马路杨子忠,妻,high,广东汕头；新加坡,"[{""record_id"": ""CSQP-SFHC-TEXT-133"", ""raw_text"": ""金圆券伍佰伍拾元"", ""amount_text"": ""伍佰伍拾元"", ""amount_number"": 550, ""currency"": ""金圆券"", ""sentence"": ""批款：金圆券伍佰伍拾元"", ""is_primary_candidate"": true, ""source_field"": ""body_clean""}, {""record_id"": ""CSQP-SFHC-TEXT-133"", ""raw_text"": ""五百五十元"", ""amount_text"": ""五百五十元"", ""amount_number"": 550, ""currency"": ""元"", ""sentence"": ""兹本日付信局去五百五十元，到祈查收。"", ""is_primary_candidate"": false, ""source_field"": ""body_clean""}, {""record_id"": ""CSQP-SFHC-TEXT-133"", ""raw_text"": ""五十元"", ""amount_text"": ""五十元"", ""amount_number"": 50, ""currency"": ""元"", ""sentence"": ""抹五十元交胜良弟收用，存五百元，作家计之需也。"", ""is_primary_candidate"": false, ""source_field"": ""body_clean""}, {""record_id"": ""CSQP-SFHC-TEXT-133"", ""raw_text"": ""五百元"", ""amount_text"": ""五百元"", ""amount_number"": 500, ""currency"": ""元"", ""sentence"": ""抹五十元交胜良弟收用，存五百元，作家计之需也。"", ""is_primary_candidate"": false, ""source_field"": ""body_clean""}]",中华民国卅七年（1948）十一月初一日，叻杨木良寄汕头市新马路杨子忠先生；叻杨木良；汕头市新马路杨子忠先生；杨木良；市新马路杨子忠；弟；妻；贤妻；儿；广东汕头；新加坡；金圆券伍佰伍拾元；金圆券；family_affection；remittance；marriage；汕头；广东；良（银）；银；元；祈查收；查收；中华民国；七年；十一月；初一；杨木；良寄；汕头市；新马路；杨子忠；先生；伍佰；伍拾；family；affection；收次；昨展；来回；昨闻；女儿；已放媒；择配；刻下；已聘定；何家；复晓；子林；银信；家否；数函；迄未；一复示；因念；兹本；日付；信局；五百；五十元；交胜良弟；收用；五百元；作家；计之需；刻余；每月；所得；尽量；身边；分文；存积；对于；家中；各费；切欲；从俭；料理；要购；食粮
CSQP-SFHC-TEXT-134,134,一九四八年，叻郑奕玉寄潮安南桂家慈亲大人,pdf_pages=177；book_pages=148,0,metadata_only,1,"寄批人：叻郑奕玉
收批人：潮安南桂家慈亲大人
批款：金圆券捌佰元
日期：一九四八年

[仅见寄批人、收批人、批款、日期，未见正文录文]","寄批人：叻郑奕玉
收批人：潮安南桂家慈亲大人
批款：金圆券捌佰元
日期：一九四八年",,,41,4,0,叻郑奕玉,潮安南桂家慈亲大人,,parent,child_to_parent,慈亲,,大人,,新加坡,广东潮安,新加坡,广东潮安,安南->越南；潮安->广东潮安；叻->新加坡,新加坡 -> 广东潮安,1,新加坡；广东侨乡；越南,一九四八年,,,,,,,,low,金圆券捌佰元,捌佰元,800,金圆券,,,,1,,,,,,,,,,,,,0,1,0,0,0,0,0,0,0,0,0,remittance,remittance,,,,,,,,,,,0,,,,金圆券捌佰元,,,,sender=叻郑奕玉；recipient=潮安南桂家慈亲大人；relationship=child_to_parent；date=一九四八年；money=捌佰元；currency=金圆券；places=安南->越南；潮安->广东潮安；叻->新加坡；kinship=慈亲,"一九四八年，叻郑奕玉寄潮安南桂家慈亲大人
叻郑奕玉
潮安南桂家慈亲大人
一九四八年
金圆券捌佰元
安南->越南；潮安->广东潮安；叻->新加坡
remittance",题名：一九四八年，叻郑奕玉寄潮安南桂家慈亲大人；寄批人：叻郑奕玉；收批人：潮安南桂家慈亲大人；日期：一九四八年；汇款：金圆券捌佰元；主题：remittance,一九四八年,叻郑奕玉,潮安南桂家慈亲大人,0,0,郑奕玉,慈亲,慈亲,medium,越南；广东潮安；新加坡,"[{""record_id"": ""CSQP-SFHC-TEXT-134"", ""raw_text"": ""金圆券捌佰元"", ""amount_text"": ""捌佰元"", ""amount_number"": 800, ""currency"": ""金圆券"", ""sentence"": ""批款：金圆券捌佰元"", ""is_primary_candidate"": true, ""source_field"": ""body_clean""}]",一九四八年，叻郑奕玉寄潮安南桂家慈亲大人；叻郑奕玉；潮安南桂家慈亲大人；郑奕玉；慈亲；越南；广东潮安；新加坡；金圆券捌佰元；金圆券；remittance；安南；潮安；广东；元；一九四八年；寄潮；家慈；捌佰元
CSQP-SFHC-TEXT-135,135,民国卅八年（1949）元月初七日，外洋炳极寄潮汕母亲大人,pdf_pages=178；book_pages=149,1,medium,0,"书禀
母亲大人尊前：
    男敬禀者，承批带来示晓谕，披读之余，藉领一切。现值年关以（已）届，付信局带去港币壹佰元，至时查收。内抹港币肆拾元，并夹去名纸一张，如数分发，余存之款，以助家庭之用。另禀者，内承夹吾兄壹笺，交与钦意侄儿，叫他如字而行，别无他禀。肃此，顺祝
金安

民国卅八年元月初七日    儿炳极谨上","书禀
母亲大人尊前：
男敬禀者，承批带来示晓谕，披读之余，藉领一切。现值年关以（已）届，付信局带去港币壹佰元，至时查收。内抹港币肆拾元，并夹去名纸一张，如数分发，余存之款，以助家庭之用。另禀者，内承夹吾兄壹笺，交与钦意侄儿，叫他如字而行，别无他禀。肃此，顺祝
金安

民国卅八年元月初七日 儿炳极谨上","书禀
母亲大人尊前：
男敬禀者，承批带来示晓谕，披读之余，藉领一切。现值年关以（已）届，付信局带去港币壹佰元，至时查收。内抹港币肆拾元，并夹去名纸一张，如数分发，余存之款，以助家庭之用。另禀者，内承夹吾兄壹笺，交与钦意侄儿，叫他如字而行，别无他禀。肃此，顺祝
金安

民国卅八年元月初七日 儿炳极谨上",男敬禀者，承批带来示晓谕，披读之余，藉领一切。现值年关以（已）届，付信局带去港币壹佰元，至时查收。内抹港币肆拾元，并夹去名纸一张，如数分发，余存之款，以助家庭之用。另禀者，内承夹吾兄壹笺，交与钦意侄儿，叫他如字而行，别无他禀。肃此，顺祝,150,5,9,外洋炳极,潮汕母亲大人,,parent,child_to_parent,母亲；兄；儿；男；侄,潮汕母；内承夹吾兄；交与钦意侄,大人；尊前,,海外,广东侨乡,海外,广东侨乡,潮汕->广东侨乡,海外 -> 广东侨乡,1,海外；广东侨乡,民国卅八年（1949）元月初七日,书禀,民国卅八年,1949,,初七日,lunar,民国,high,港币壹佰元,壹佰元,100,港币,现值年关以（已）届，付信局带去港币壹佰元，至时查收。,,现值年关以（已）届，付信局带去港币壹佰元，至时查收。；另禀者，内承夹吾兄壹笺，交与钦意侄儿，叫他如字而行，别无他禀。,1,母亲大人尊前：,男敬禀者，承批带来示晓谕，披读之余，藉领一切。,,男敬禀者，承批带来示晓谕，披读之余，藉领一切。现值年关以（已）届，付信局带去港币壹佰元，至时查收。内抹港币肆拾元，并夹去名纸一张，如数分发，余存之款，以助家庭之用。另禀者，内承夹吾兄壹笺，交与钦意侄儿，叫他如字而行，别无他禀。肃此，顺祝,,母亲大人尊前：；另禀者，内承夹吾兄壹笺，交与钦意侄儿，叫他如字而行，别无他禀。,,,,书禀,书禀,"另禀者，内承夹吾兄壹笺，交与钦意侄儿，叫他如字而行，别无他禀。肃此，顺祝
金安

民国卅八年元月初七日 儿炳极谨上",1,1,0,0,1,0,0,0,0,0,0,remittance,family_affection;remittance;study,敬禀者；禀者；尊前,谨上,大人；尊前；金安,儿；谨,承,敬禀者；尊前；查收；金安,查收,,,敬禀者；禀者；尊前；谨上；大人；金安；儿；谨；承；查收,3,"母亲大人尊前：
男敬禀者，承批带来示晓谕，披读之余，藉领一切。
现值年关以（已）届，付信局带去港币壹佰元，至时查收。
书禀",母亲大人尊前：,,现值年关以（已）届，付信局带去港币壹佰元，至时查收。,母亲大人尊前：；另禀者，内承夹吾兄壹笺，交与钦意侄儿，叫他如字而行，别无他禀。,,书禀,sender=外洋炳极；recipient=潮汕母亲大人；relationship=child_to_parent；date=民国卅八年（1949）元月初七日；money=壹佰元；currency=港币；places=潮汕->广东侨乡；kinship=母亲；兄；儿；男；侄,"民国卅八年（1949）元月初七日，外洋炳极寄潮汕母亲大人
外洋炳极
潮汕母亲大人
民国卅八年（1949）元月初七日
港币壹佰元
潮汕->广东侨乡
family_affection;remittance;study
男敬禀者，承批带来示晓谕，披读之余，藉领一切。现值年关以（已）届，付信局带去港币壹佰元，至时查收。内抹港币肆拾元，并夹去名纸一张，如数分发，余存之款，以助家庭之用。另禀者，内承夹吾兄壹笺，交与钦意侄儿，叫他如字而行，别无他禀。肃此，顺祝",题名：民国卅八年（1949）元月初七日，外洋炳极寄潮汕母亲大人；寄批人：外洋炳极；收批人：潮汕母亲大人；日期：民国卅八年（1949）元月初七日；汇款：港币壹佰元；主题：family_affection;remittance;study；正文摘录：男敬禀者，承批带来示晓谕，披读之余，藉领一切。现值年关以（已）届，付信局带去港币壹佰元，至时查收。内抹港币肆拾元，并夹去名纸一张，如数分发，余存之款，以助家庭之用。另禀者，内承夹吾兄壹笺，交与钦意侄儿，叫他如字而行，别无他禀。肃此，顺祝,民国卅八年（1949）元月初七日,外洋炳极,潮汕母亲大人,118,0,炳极,母亲,母亲,high,广东侨乡；海外,"[{""record_id"": ""CSQP-SFHC-TEXT-135"", ""raw_text"": ""港币壹佰元"", ""amount_text"": ""壹佰元"", ""amount_number"": 100, ""currency"": ""港币"", ""sentence"": ""现值年关以（已）届，付信局带去港币壹佰元，至时查收。"", ""is_primary_candidate"": true, ""source_field"": ""body_clean""}, {""record_id"": ""CSQP-SFHC-TEXT-135"", ""raw_text"": ""港币肆拾元"", ""amount_text"": ""肆拾元"", ""amount_number"": 40, ""currency"": ""港币"", ""sentence"": ""内抹港币肆拾元，并夹去名纸一张，如数分发，余存之款，以助家庭之用。"", ""is_primary_candidate"": false, ""source_field"": ""body_clean""}]",民国卅八年（1949）元月初七日，外洋炳极寄潮汕母亲大人；外洋炳极；潮汕母亲大人；炳极；母亲；兄；儿；男；侄；广东侨乡；海外；港币壹佰元；港币；family_affection；remittance；study；潮汕；广东；元；敬禀者；尊前；查收；金安；民国；八年；月初；七日；外洋；侨乡；壹佰元；family；affection；禀者；谨上；男敬；承批；带来；晓谕；披读；之余；现值；年关；付信局；至时；拾元；名纸；一张；如数；分发；余存；之款；以助；家庭；之用；内承；吾兄；壹笺；交与；钦意；侄儿；如字；而行；肃此；顺祝
CSQP-SFHC-TEXT-136,136,卅八年（1949）一月十二日，叻张运俊寄潮安南桂张孟钊先生,pdf_pages=179；book_pages=150,0,metadata_only,1,"寄批人：叻张运俊
收批人：潮安南桂张孟钊先生
批款：金员（圆）券贰仟贰佰元
日期：卅八年二月十二日

[仅见寄批人、收批人、批款、日期，未见正文录文]","寄批人：叻张运俊
收批人：潮安南桂张孟钊先生
批款：金员（圆）券贰仟贰佰元
日期：卅八年二月十二日",,,49,4,0,叻张运俊,潮安南桂张孟钊先生,,social_or_business_contact,social_or_business,,,先生,,新加坡,广东潮安,新加坡,广东潮安,安南->越南；潮安->广东潮安；叻->新加坡,新加坡 -> 广东潮安,1,新加坡；广东侨乡；越南,卅八年二月十二日,,1949,1949,二月,十二日,solar,西历,high,金员（圆）券贰仟贰佰元,贰仟贰佰元,2200,金圆券,,,,1,,,,,,,,,,,,,0,1,0,0,0,0,0,0,0,0,0,remittance,remittance,,,,,,,,,,,0,,,,金员（圆）券贰仟贰佰元,,,,sender=叻张运俊；recipient=潮安南桂张孟钊先生；relationship=social_or_business；date=卅八年二月十二日；money=贰仟贰佰元；currency=金圆券；places=安南->越南；潮安->广东潮安；叻->新加坡,"卅八年（1949）一月十二日，叻张运俊寄潮安南桂张孟钊先生
叻张运俊
潮安南桂张孟钊先生
卅八年二月十二日
金员（圆）券贰仟贰佰元
安南->越南；潮安->广东潮安；叻->新加坡
remittance",题名：卅八年（1949）一月十二日，叻张运俊寄潮安南桂张孟钊先生；寄批人：叻张运俊；收批人：潮安南桂张孟钊先生；日期：卅八年二月十二日；汇款：金员（圆）券贰仟贰佰元；主题：remittance,卅八年（1949）一月十二日,叻张运俊,潮安南桂张孟钊先生,0,0,张运俊,张孟钊,,low,越南；广东潮安；新加坡,"[{""record_id"": ""CSQP-SFHC-TEXT-136"", ""raw_text"": ""金员（圆）券贰仟贰佰元"", ""amount_text"": ""贰仟贰佰元"", ""amount_number"": 2200, ""currency"": ""金圆券"", ""sentence"": ""批款：金员（圆）券贰仟贰佰元"", ""is_primary_candidate"": true, ""source_field"": ""body_clean""}]",卅八年（1949）一月十二日，叻张运俊寄潮安南桂张孟钊先生；叻张运俊；潮安南桂张孟钊先生；张运俊；张孟钊；越南；广东潮安；新加坡；金员（圆）券贰仟贰佰元；金圆券；remittance；安南；潮安；广东；金员（圆）券；元；八年；一月；十二日；张运俊寄潮；桂张；孟钊；先生；金员；贰仟；贰佰元
CSQP-SFHC-TEXT-137,137,民卅八年（1949）元月十七，叻吴坤丰寄潮安银湖村许氏荆妻,pdf_pages=180；book_pages=151,1,high,0,"寄批人：叻吴坤丰
收批人：潮安银湖村许氏荆妻
批款：金圆券贰万伍仟元
日期：民卅八年元月十七

许氏荆妻收悉：
    日前接来一信，各事余经知一切。余已付去邮信一封，谅有接到否？所云寄各种物件【东西】，候近来有亲朋回唐，余定付去勿介。兹逢（逢）轮船之便，付去金圆券贰万伍仟元，到即查收，以应家用。中抹出壹仟伍佰元与大兄，又壹仟伍佰元与四兄，双亲贰仟。刻下唐中各〔物价〕如何，回音来知。另者，信项到切欲买物为先，勿误。余言后述。此询
近好

民卅八，元，十七    余吴坤丰缄","寄批人：叻吴坤丰
收批人：潮安银湖村许氏荆妻
批款：金圆券贰万伍仟元
日期：民卅八年元月十七

许氏荆妻收悉：
日前接来一信，各事余经知一切。余已付去邮信一封，谅有接到否？所云寄各种物件【东西】，候近来有亲朋回唐，余定付去勿介。兹逢（逢）轮船之便，付去金圆券贰万伍仟元，到即查收，以应家用。中抹出壹仟伍佰元与大兄，又壹仟伍佰元与四兄，双亲贰仟。刻下唐中各〔物价〕如何，回音来知。另者，信项到切欲买物为先，勿误。余言后述。此询
近好

民卅八，元，十七 余吴坤丰缄","许氏荆妻收悉：
日前接来一信，各事余经知一切。余已付去邮信一封，谅有接到否？所云寄各种物件【东西】，候近来有亲朋回唐，余定付去勿介。兹逢（逢）轮船之便，付去金圆券贰万伍仟元，到即查收，以应家用。中抹出壹仟伍佰元与大兄，又壹仟伍佰元与四兄，双亲贰仟。刻下唐中各〔物价〕如何，回音来知。另者，信项到切欲买物为先，勿误。余言后述。此询
近好

民卅八，元，十七 余吴坤丰缄","日前接来一信，各事余经知一切。余已付去邮信一封，谅有接到否？所云寄各种物件【东西】，候近来有亲朋回唐，余定付去勿介。兹逢（逢）轮船之便，付去金圆券贰万伍仟元，到即查收，以应家用。中抹出壹仟伍佰元与大兄，又壹仟伍佰元与四兄，双亲贰仟。刻下唐中各〔物价〕如何，回音来知。另者，信项到切欲买物为先，勿误。余言后述。此询
近好",231,8,12,叻吴坤丰,潮安银湖村许氏荆妻,,spouse,spouse_to_spouse,双亲；兄；妻；荆妻,村许氏荆妻；许氏荆妻；佰元与大兄；佰元与四兄,,,新加坡,广东潮安,新加坡,广东潮安,潮安->广东潮安；叻->新加坡,新加坡 -> 广东潮安,1,新加坡；广东侨乡,民卅八年元月十七,民卅八，元，十七 余吴坤丰缄,1949,1949,,,solar,西历,high,金圆券贰万伍仟元,贰万伍仟元,25000,金圆券,兹逢（逢）轮船之便，付去金圆券贰万伍仟元，到即查收，以应家用。；余已付去邮信一封，谅有接到否？,家用,兹逢（逢）轮船之便，付去金圆券贰万伍仟元，到即查收，以应家用。,1,许氏荆妻收悉：,,,"日前接来一信，各事余经知一切。余已付去邮信一封，谅有接到否？所云寄各种物件【东西】，候近来有亲朋回唐，余定付去勿介。兹逢（逢）轮船之便，付去金圆券贰万伍仟元，到即查收，以应家用。中抹出壹仟伍佰元与大兄，又壹仟伍佰元与四兄，双亲贰仟。刻下唐中各〔物价〕如何，回音来知。另者，信项到切欲买物为先，勿误。余言后述。此询
近好",,许氏荆妻收悉：,,,缄,民卅八，元，十七 余吴坤丰缄,民卅八，元，十七 余吴坤丰缄,,1,1,0,0,0,0,0,0,1,0,0,remittance,family_affection;remittance;marriage,,,,,兹；谅,查收,付去；查收,,,兹；谅；查收,1,"许氏荆妻收悉：
兹逢（逢）轮船之便，付去金圆券贰万伍仟元，到即查收，以应家用。；余已付去邮信一封，谅有接到否？
民卅八，元，十七 余吴坤丰缄",许氏荆妻收悉：,,兹逢（逢）轮船之便，付去金圆券贰万伍仟元，到即查收，以应家用。；余已付去邮信一封，谅有接到否？,许氏荆妻收悉：,,民卅八，元，十七 余吴坤丰缄,sender=叻吴坤丰；recipient=潮安银湖村许氏荆妻；relationship=spouse_to_spouse；date=民卅八年元月十七；money=贰万伍仟元；currency=金圆券；places=潮安->广东潮安；叻->新加坡；kinship=双亲；兄；妻；荆妻,"民卅八年（1949）元月十七，叻吴坤丰寄潮安银湖村许氏荆妻
叻吴坤丰
潮安银湖村许氏荆妻
民卅八年元月十七
金圆券贰万伍仟元
潮安->广东潮安；叻->新加坡
family_affection;remittance;marriage
日前接来一信，各事余经知一切。余已付去邮信一封，谅有接到否？所云寄各种物件【东西】，候近来有亲朋回唐，余定付去勿介。兹逢（逢）轮船之便，付去金圆券贰万伍仟元，到即查收，以应家用。中抹出壹仟伍佰元与大兄，又壹仟伍佰元与四兄，双亲贰仟。刻下唐中各〔物价〕如何，回音来知。另者，信项到切欲买物为先，勿误。余言后述。此询
近好",题名：民卅八年（1949）元月十七，叻吴坤丰寄潮安银湖村许氏荆妻；寄批人：叻吴坤丰；收批人：潮安银湖村许氏荆妻；日期：民卅八年元月十七；汇款：金圆券贰万伍仟元；主题：family_affection;remittance;marriage；正文摘录：日前接来一信，各事余经知一切。余已付去邮信一封，谅有接到否？所云寄各种物件【东西】，候近来有亲朋回唐，余定付去勿介。兹逢（逢）轮船之便，付去金圆券贰万伍仟元，到即查收，以应家用。中抹出壹仟伍佰元与大兄，又壹仟伍佰元与四兄，双亲贰仟。刻下唐中,民卅八年（1949）元月十七,叻吴坤丰,潮安银湖村许氏荆妻,158,0,吴坤丰,银湖村许氏荆妻,双亲,high,广东潮安；新加坡,"[{""record_id"": ""CSQP-SFHC-TEXT-137"", ""raw_text"": ""金圆券贰万伍仟元"", ""amount_text"": ""贰万伍仟元"", ""amount_number"": 25000, ""currency"": ""金圆券"", ""sentence"": ""批款：金圆券贰万伍仟元"", ""is_primary_candidate"": true, ""source_field"": ""body_clean""}, {""record_id"": ""CSQP-SFHC-TEXT-137"", ""raw_text"": ""金圆券贰万伍仟元"", ""amount_text"": ""贰万伍仟元"", ""amount_number"": 25000, ""currency"": ""金圆券"", ""sentence"": ""兹逢（逢）轮船之便，付去金圆券贰万伍仟元，到即查收，以应家用。"", ""is_primary_candidate"": false, ""source_field"": ""body_clean""}, {""record_id"": ""CSQP-SFHC-TEXT-137"", ""raw_text"": ""壹仟伍佰元"", ""amount_text"": ""壹仟伍佰元"", ""amount_number"": 1500, ""currency"": ""元"", ""sentence"": ""中抹出壹仟伍佰元与大兄，又壹仟伍佰元与四兄，双亲贰仟。"", ""is_primary_candidate"": false, ""source_field"": ""body_clean""}]",民卅八年（1949）元月十七，叻吴坤丰寄潮安银湖村许氏荆妻；叻吴坤丰；潮安银湖村许氏荆妻；吴坤丰；银湖村许氏荆妻；双亲；兄；妻；荆妻；广东潮安；新加坡；金圆券贰万伍仟元；金圆券；family_affection；remittance；marriage；潮安；广东；银；元；查收；民卅；八年；元月；十七；银湖村；许氏；万伍；family；affection；日前；接来；一信；各事余；经知；已付；邮信；一封；谅有；接到；所云；各种；物件；东西；近来；亲朋；回唐；余定；付去；兹逢；轮船；以应；家用；中抹出；壹仟；伍佰元；大兄；四兄；贰仟；刻下；唐中；物价；如何；回音；来知；另者；信项；买物；为先；勿误；余言；此询；近好
CSQP-SFHC-TEXT-138,138,二月十四日（1949），外洋黄居禧寄潮汕岳母大人,pdf_pages=181；book_pages=152,1,high,0,"岳母大人侍右：
    敬禀者，月之初九日，接展手谕，惊息岳父大人于正月十九日仙逝，噩耗传来，不胜哀悼。亚梅闻悉之下，更形悲痛，奈缘寰（环）境所驱，致远处异地，既未能奉侍于生前，复不克尽礼于殁后，不孝之罪，实难幸免，惟有即日服孝，以表追念已耳。窃思岳父大人远德高尊，虽一旦弃养，实无遗憾于人间矣。伏冀大人切免痛念太过，有损玉体，为所至盼耳。承示通告，家嫂等情，均经明瞭一切，至俗例未佳礼节，无庸多责，来日亚梅回唐时，自即与大人理会可耳。亚梅询及岳父大人，佳城卜葬何处，望顺为示下。兹奉上金圆券壹拾万元，至日查收。代办牲礼香锭之品，致奠灵前，藉表微忱。肃此，叩请
礼安

婿黄居禧谨上    二月十四日","岳母大人侍右：
敬禀者，月之初九日，接展手谕，惊息岳父大人于正月十九日仙逝，噩耗传来，不胜哀悼。亚梅闻悉之下，更形悲痛，奈缘寰（环）境所驱，致远处异地，既未能奉侍于生前，复不克尽礼于殁后，不孝之罪，实难幸免，惟有即日服孝，以表追念已耳。窃思岳父大人远德高尊，虽一旦弃养，实无遗憾于人间矣。伏冀大人切免痛念太过，有损玉体，为所至盼耳。承示通告，家嫂等情，均经明瞭一切，至俗例未佳礼节，无庸多责，来日亚梅回唐时，自即与大人理会可耳。亚梅询及岳父大人，佳城卜葬何处，望顺为示下。兹奉上金圆券壹拾万元，至日查收。代办牲礼香锭之品，致奠灵前，藉表微忱。肃此，叩请
礼安

婿黄居禧谨上 二月十四日","岳母大人侍右：
敬禀者，月之初九日，接展手谕，惊息岳父大人于正月十九日仙逝，噩耗传来，不胜哀悼。亚梅闻悉之下，更形悲痛，奈缘寰（环）境所驱，致远处异地，既未能奉侍于生前，复不克尽礼于殁后，不孝之罪，实难幸免，惟有即日服孝，以表追念已耳。窃思岳父大人远德高尊，虽一旦弃养，实无遗憾于人间矣。伏冀大人切免痛念太过，有损玉体，为所至盼耳。承示通告，家嫂等情，均经明瞭一切，至俗例未佳礼节，无庸多责，来日亚梅回唐时，自即与大人理会可耳。亚梅询及岳父大人，佳城卜葬何处，望顺为示下。兹奉上金圆券壹拾万元，至日查收。代办牲礼香锭之品，致奠灵前，藉表微忱。肃此，叩请
礼安

婿黄居禧谨上 二月十四日","敬禀者，月之初九日，接展手谕，惊息岳父大人于正月十九日仙逝，噩耗传来，不胜哀悼。亚梅闻悉之下，更形悲痛，奈缘寰（环）境所驱，致远处异地，既未能奉侍于生前，复不克尽礼于殁后，不孝之罪，实难幸免，惟有即日服孝，以表追念已耳。窃思岳父大人远德高尊，虽一旦弃养，实无遗憾于人间矣。伏冀大人切免痛念太过，有损玉体，为所至盼耳。承示通告，家嫂等情，均经明瞭一切，至俗例未佳礼节，无庸多责，来日亚梅回唐时，自即与大人理会可耳。亚梅询及岳父大人，佳城卜葬何处，望顺为示下。兹奉上金圆券壹拾万元，至日查收。代办牲礼香锭之品，致奠灵前，藉表微忱。肃此，叩请
礼安",293,4,12,外洋黄居禧,潮汕岳母大人,,parent_in_law,son_in_law_to_parent_in_law,岳父；岳母；嫂,潮汕岳母；岳母；惊息岳父；窃思岳父；家嫂；亚梅询及岳父,大人,,海外,广东侨乡,海外,广东侨乡,潮汕->广东侨乡,海外 -> 广东侨乡,1,海外；广东侨乡,二月十四日（1949）,,1949,1949,二月,十四日,solar,西历,high,金圆券壹拾万元,壹拾万元,100000,金圆券,兹奉上金圆券壹拾万元，至日查收。,,兹奉上金圆券壹拾万元，至日查收。,1,岳母大人侍右：,敬禀者，月之初九日，接展手谕，惊息岳父大人于正月十九日仙逝，噩耗传来，不胜哀悼。,,"敬禀者，月之初九日，接展手谕，惊息岳父大人于正月十九日仙逝，噩耗传来，不胜哀悼。亚梅闻悉之下，更形悲痛，奈缘寰（环）境所驱，致远处异地，既未能奉侍于生前，复不克尽礼于殁后，不孝之罪，实难幸免，惟有即日服孝，以表追念已耳。窃思岳父大人远德高尊，虽一旦弃养，实无遗憾于人间矣。伏冀大人切免痛念太过，有损玉体，为所至盼耳。承示通告，家嫂等情，均经明瞭一切，至俗例未佳礼节，无庸多责，来日亚梅回唐时，自即与大人理会可耳。亚梅询及岳父大人，佳城卜葬何处，望顺为示下。兹奉上金圆券壹拾万元，至日查收。代办牲礼香锭之品，致奠灵前，藉表微忱。肃此，叩请
礼安",,岳母大人侍右：；敬禀者，月之初九日，接展手谕，惊息岳父大人于正月十九日仙逝，噩耗传来，不胜哀悼。,,,,,,,1,1,0,0,0,0,0,0,0,1,0,funeral,family_affection;remittance;funeral,敬禀者；禀者,谨上,大人,叩；谨,兹；奉；承；惟；不胜,敬禀者；查收,奉上；查收,,,敬禀者；禀者；谨上；大人；叩；谨；兹；奉；承；惟；不胜；查收,3,"岳母大人侍右：
敬禀者，月之初九日，接展手谕，惊息岳父大人于正月十九日仙逝，噩耗传来，不胜哀悼。
兹奉上金圆券壹拾万元，至日查收。",岳母大人侍右：,,兹奉上金圆券壹拾万元，至日查收。,岳母大人侍右：；敬禀者，月之初九日，接展手谕，惊息岳父大人于正月十九日仙逝，噩耗传来，不胜哀悼。,,,sender=外洋黄居禧；recipient=潮汕岳母大人；relationship=son_in_law_to_parent_in_law；date=二月十四日（1949）；money=壹拾万元；currency=金圆券；places=潮汕->广东侨乡；kinship=岳父；岳母；嫂,"二月十四日（1949），外洋黄居禧寄潮汕岳母大人
外洋黄居禧
潮汕岳母大人
二月十四日（1949）
金圆券壹拾万元
潮汕->广东侨乡
family_affection;remittance;funeral
敬禀者，月之初九日，接展手谕，惊息岳父大人于正月十九日仙逝，噩耗传来，不胜哀悼。亚梅闻悉之下，更形悲痛，奈缘寰（环）境所驱，致远处异地，既未能奉侍于生前，复不克尽礼于殁后，不孝之罪，实难幸免，惟有即日服孝，以表追念已耳。窃思岳父大人远德高尊，虽一旦弃养，实无遗憾于人间矣。伏冀大人切免痛念太过，有损玉体，为所至盼耳。承示通告，家嫂等情，均经明瞭一切，至俗例未佳礼节，无庸多责，来日亚梅回唐时，自即与大人理会可耳。亚梅询及岳父大人，佳城卜葬何处，望顺为示下。兹奉上金圆券壹拾万元，至日查收。代办牲礼香锭之品，致奠灵前，藉表微忱。肃此，叩请
礼安",题名：二月十四日（1949），外洋黄居禧寄潮汕岳母大人；寄批人：外洋黄居禧；收批人：潮汕岳母大人；日期：二月十四日（1949）；汇款：金圆券壹拾万元；主题：family_affection;remittance;funeral；正文摘录：敬禀者，月之初九日，接展手谕，惊息岳父大人于正月十九日仙逝，噩耗传来，不胜哀悼。亚梅闻悉之下，更形悲痛，奈缘寰（环）境所驱，致远处异地，既未能奉侍于生前，复不克尽礼于殁后，不孝之罪，实难幸免，惟有即日服孝，以表追念已耳。窃思岳父大人远德高尊,二月十四日（1949）,外洋黄居禧,潮汕岳母大人,270,0,黄居禧,岳母,岳父,high,广东侨乡；海外,"[{""record_id"": ""CSQP-SFHC-TEXT-138"", ""raw_text"": ""金圆券壹拾万元"", ""amount_text"": ""壹拾万元"", ""amount_number"": 100000, ""currency"": ""金圆券"", ""sentence"": ""兹奉上金圆券壹拾万元，至日查收。"", ""is_primary_candidate"": true, ""source_field"": ""body_clean""}]",二月十四日（1949），外洋黄居禧寄潮汕岳母大人；外洋黄居禧；潮汕岳母大人；黄居禧；岳母；岳父；嫂；广东侨乡；海外；金圆券壹拾万元；金圆券；family_affection；remittance；funeral；潮汕；广东；元；敬禀者；查收；二月；十四日；外洋；侨乡；壹拾；万元；family；affection；禀者；谨上；不胜；初九；接展；手谕；惊息；正月；十九日；仙逝；噩耗传来；哀悼；亚梅；闻悉；之下；更形；悲痛；奈缘；境所驱；致远；异地；未能；奉侍；生前；复不克；尽礼于；不孝；之罪；实难；幸免；惟有；即日；服孝；以表；追念；已耳；窃思；远德；高尊；一旦；弃养；遗憾；人间；伏冀；切免；痛念；太过；有损；玉体；承示；通告；家嫂；经明
CSQP-SFHC-TEXT-139,139,中华民国卅八年（1949）四月十八日，外洋梅寄潮汕母亲大人,pdf_pages=182；book_pages=153,1,high,0,"母亲大人膝前：
    谨禀者，接读覆谕，敬悉所示。昨展吾弟详笺，来书述及父亲大人仙逝，彼不能随侍在侧，哀毁逾恒，子责不周，百身莫赎。并云生子若彼，有而当无等语，悲痛之情溢于言表。至于返梓问题，因盘费需用，及出入口种种之关系，实不能履行。闻三叔父大人，乐助舟资费用，促其速归，莫如彼无意接受，似此回唐之议，姑作罢论矣。伏冀大人切勿垂念，来日自有返家之期，望免以此贴悬于心，为所至祷。大人在家，各事望勿太过俭约，入息苟有盈余，对于亲邻人等，无妨时加顾恤，略为资助，自己如有所需，尽可随意施行可耳。至对于俗例来往礼节，所需各物，女斯时未在家中，尽可从省，俾免破费。兹时寄上香港币贰拾元，藉作父亲大人百日香锭之费，至祈照收。肃此禀闻。并请
礼安

再禀者，前木园寄款，尝云有送交其舅父收用，大人未代其送交否？他日望知照为分发可耳。

女梅跪禀
中华民国卅八年四月十八日","母亲大人膝前：
谨禀者，接读覆谕，敬悉所示。昨展吾弟详笺，来书述及父亲大人仙逝，彼不能随侍在侧，哀毁逾恒，子责不周，百身莫赎。并云生子若彼，有而当无等语，悲痛之情溢于言表。至于返梓问题，因盘费需用，及出入口种种之关系，实不能履行。闻三叔父大人，乐助舟资费用，促其速归，莫如彼无意接受，似此回唐之议，姑作罢论矣。伏冀大人切勿垂念，来日自有返家之期，望免以此贴悬于心，为所至祷。大人在家，各事望勿太过俭约，入息苟有盈余，对于亲邻人等，无妨时加顾恤，略为资助，自己如有所需，尽可随意施行可耳。至对于俗例来往礼节，所需各物，女斯时未在家中，尽可从省，俾免破费。兹时寄上香港币贰拾元，藉作父亲大人百日香锭之费，至祈照收。肃此禀闻。并请
礼安

再禀者，前木园寄款，尝云有送交其舅父收用，大人未代其送交否？他日望知照为分发可耳。

女梅跪禀
中华民国卅八年四月十八日","母亲大人膝前：
谨禀者，接读覆谕，敬悉所示。昨展吾弟详笺，来书述及父亲大人仙逝，彼不能随侍在侧，哀毁逾恒，子责不周，百身莫赎。并云生子若彼，有而当无等语，悲痛之情溢于言表。至于返梓问题，因盘费需用，及出入口种种之关系，实不能履行。闻三叔父大人，乐助舟资费用，促其速归，莫如彼无意接受，似此回唐之议，姑作罢论矣。伏冀大人切勿垂念，来日自有返家之期，望免以此贴悬于心，为所至祷。大人在家，各事望勿太过俭约，入息苟有盈余，对于亲邻人等，无妨时加顾恤，略为资助，自己如有所需，尽可随意施行可耳。至对于俗例来往礼节，所需各物，女斯时未在家中，尽可从省，俾免破费。兹时寄上香港币贰拾元，藉作父亲大人百日香锭之费，至祈照收。肃此禀闻。并请
礼安

再禀者，前木园寄款，尝云有送交其舅父收用，大人未代其送交否？他日望知照为分发可耳。

女梅跪禀
中华民国卅八年四月十八日","谨禀者，接读覆谕，敬悉所示。昨展吾弟详笺，来书述及父亲大人仙逝，彼不能随侍在侧，哀毁逾恒，子责不周，百身莫赎。并云生子若彼，有而当无等语，悲痛之情溢于言表。至于返梓问题，因盘费需用，及出入口种种之关系，实不能履行。闻三叔父大人，乐助舟资费用，促其速归，莫如彼无意接受，似此回唐之议，姑作罢论矣。伏冀大人切勿垂念，来日自有返家之期，望免以此贴悬于心，为所至祷。大人在家，各事望勿太过俭约，入息苟有盈余，对于亲邻人等，无妨时加顾恤，略为资助，自己如有所需，尽可随意施行可耳。至对于俗例来往礼节，所需各物，女斯时未在家中，尽可从省，俾免破费。兹时寄上香港币贰拾元，藉作父亲大人百日香锭之费，至祈照收。肃此禀闻。并请
礼安",377,6,17,外洋梅,潮汕母亲大人,,parent,child_to_parent,母亲；父亲；叔父；弟；叔；姑,潮汕母；昨展吾弟；来书述及父；闻三叔父；藉作父；送交其舅父,大人,,海外,广东侨乡,海外,广东侨乡,香港；潮汕->广东侨乡,海外 -> 广东侨乡,1,海外；广东侨乡；香港,中华民国卅八年（1949）四月十八日,,民国卅八年,1949,四月,十八日,solar,民国,high,港币贰拾元,贰拾元,20,港币,兹时寄上香港币贰拾元，藉作父亲大人百日香锭之费，至祈照收。,,兹时寄上香港币贰拾元，藉作父亲大人百日香锭之费，至祈照收。；再禀者，前木园寄款，尝云有送交其舅父收用，大人未代其送交否？,1,母亲大人膝前：,谨禀者，接读覆谕，敬悉所示。,,"谨禀者，接读覆谕，敬悉所示。昨展吾弟详笺，来书述及父亲大人仙逝，彼不能随侍在侧，哀毁逾恒，子责不周，百身莫赎。并云生子若彼，有而当无等语，悲痛之情溢于言表。至于返梓问题，因盘费需用，及出入口种种之关系，实不能履行。闻三叔父大人，乐助舟资费用，促其速归，莫如彼无意接受，似此回唐之议，姑作罢论矣。伏冀大人切勿垂念，来日自有返家之期，望免以此贴悬于心，为所至祷。大人在家，各事望勿太过俭约，入息苟有盈余，对于亲邻人等，无妨时加顾恤，略为资助，自己如有所需，尽可随意施行可耳。至对于俗例来往礼节，所需各物，女斯时未在家中，尽可从省，俾免破费。兹时寄上香港币贰拾元，藉作父亲大人百日香锭之费，至祈照收。肃此禀闻。并请
礼安",,母亲大人膝前：；昨展吾弟详笺，来书述及父亲大人仙逝，彼不能随侍在侧，哀毁逾恒，子责不周，百身莫赎。,伏冀大人切勿垂念，来日自有返家之期，望免以此贴悬于心，为所至祷。,并请,,,,"再禀者，前木园寄款，尝云有送交其舅父收用，大人未代其送交否？他日望知照为分发可耳。

女梅跪禀
中华民国卅八年四月十八日",1,1,0,1,1,0,0,1,0,0,0,instruction,family_affection;remittance;instruction;study;debt,禀者,谨禀；并请,大人,弟；谨,兹；祈；俾；切勿,谨禀,寄上,,切勿,禀者；谨禀；并请；大人；弟；谨；兹；祈；俾；切勿,3,"母亲大人膝前：
谨禀者，接读覆谕，敬悉所示。
兹时寄上香港币贰拾元，藉作父亲大人百日香锭之费，至祈照收。
伏冀大人切勿垂念，来日自有返家之期，望免以此贴悬于心，为所至祷。
并请",母亲大人膝前：,,兹时寄上香港币贰拾元，藉作父亲大人百日香锭之费，至祈照收。,母亲大人膝前：；昨展吾弟详笺，来书述及父亲大人仙逝，彼不能随侍在侧，哀毁逾恒，子责不周，百身莫赎。,伏冀大人切勿垂念，来日自有返家之期，望免以此贴悬于心，为所至祷。,并请,sender=外洋梅；recipient=潮汕母亲大人；relationship=child_to_parent；date=中华民国卅八年（1949）四月十八日；money=贰拾元；currency=港币；places=香港；潮汕->广东侨乡；kinship=母亲；父亲；叔父；弟；叔；姑,"中华民国卅八年（1949）四月十八日，外洋梅寄潮汕母亲大人
外洋梅
潮汕母亲大人
中华民国卅八年（1949）四月十八日
港币贰拾元
香港；潮汕->广东侨乡
family_affection;remittance;instruction;study;debt
谨禀者，接读覆谕，敬悉所示。昨展吾弟详笺，来书述及父亲大人仙逝，彼不能随侍在侧，哀毁逾恒，子责不周，百身莫赎。并云生子若彼，有而当无等语，悲痛之情溢于言表。至于返梓问题，因盘费需用，及出入口种种之关系，实不能履行。闻三叔父大人，乐助舟资费用，促其速归，莫如彼无意接受，似此回唐之议，姑作罢论矣。伏冀大人切勿垂念，来日自有返家之期，望免以此贴悬于心，为所至祷。大人在家，各事望勿太过俭约，入息苟有盈余，对于亲邻人等，无妨时加顾恤，略为资助，自己如有所需，尽可随意施行可耳。至对于俗例来往礼节，所需各物，女斯时未在家中，尽可从省，俾免破费。兹时寄上香港币贰拾元，藉作父亲大人百日香锭之费，至祈照收。肃此禀闻。并请
礼安",题名：中华民国卅八年（1949）四月十八日，外洋梅寄潮汕母亲大人；寄批人：外洋梅；收批人：潮汕母亲大人；日期：中华民国卅八年（1949）四月十八日；汇款：港币贰拾元；主题：family_affection;remittance;instruction;study;debt；正文摘录：谨禀者，接读覆谕，敬悉所示。昨展吾弟详笺，来书述及父亲大人仙逝，彼不能随侍在侧，哀毁逾恒，子责不周，百身莫赎。并云生子若彼，有而当无等语，悲痛之情溢于言表。至于返梓问题，因盘费需用，及出入口种种之关系，实不能履行。闻三叔父大人，乐助舟资费用,中华民国卅八年（1949）四月十八日,外洋梅,潮汕母亲大人,306,0,外洋梅,母亲,父亲,high,广东侨乡；香港；海外,"[{""record_id"": ""CSQP-SFHC-TEXT-139"", ""raw_text"": ""港币贰拾元"", ""amount_text"": ""贰拾元"", ""amount_number"": 20, ""currency"": ""港币"", ""sentence"": ""兹时寄上香港币贰拾元，藉作父亲大人百日香锭之费，至祈照收。"", ""is_primary_candidate"": true, ""source_field"": ""body_clean""}]",中华民国卅八年（1949）四月十八日，外洋梅寄潮汕母亲大人；外洋梅；潮汕母亲大人；母亲；父亲；叔父；弟；叔；姑；广东侨乡；香港；海外；港币贰拾元；港币；family_affection；remittance；instruction；study；debt；潮汕；广东；元；谨禀；中华民国；八年；四月；十八日；外洋；侨乡；拾元；family；affection；禀者；切勿；接读；覆谕；敬悉；所示；昨展吾弟；详笺；来书；述及；仙逝；不能；随侍在侧；哀毁；逾恒；子责；不周；百身莫赎；并云；生子；当无等语；悲痛；之情；溢于言表；至于；返梓；问题；盘费；需用；出入口；种种；关系；履行；乐助舟；资费；促其；速归；莫如；无意；接受；似此；唐之议；作罢；伏冀；垂念；自有；返家；之期
CSQP-SFHC-TEXT-140,140,己（1949）六月初七日，外洋长丰寄潮汕继豪族侄台,pdf_pages=183；book_pages=154,1,high,0,"继豪族侄台知之：
    自从云别赴轮荣旋，谅卜一路安然，何日到家，顺笔来知，惟是当时过于急迫，不及与侄送行，实为抱歉。想自己至咸，定不见怪可知。兹逢轮便，附去银壹佰元，至日照收，然后代抹出伍拾元，交与吾儿炳杰收，又二十元，交与炳锡收，又十元，系友高托寄，交其家内收（此条可向彼取一收条寄来为证），所余二十元，以为侄台自己收起，以作茶果之需。另劳代嘱炳杰在校修业，其成绩如何，及何时放假，顺便回音来慰。端此致达，余无他事。并询
近好

愚叔长丰字    己六月初七日","继豪族侄台知之：
自从云别赴轮荣旋，谅卜一路安然，何日到家，顺笔来知，惟是当时过于急迫，不及与侄送行，实为抱歉。想自己至咸，定不见怪可知。兹逢轮便，附去银壹佰元，至日照收，然后代抹出伍拾元，交与吾儿炳杰收，又二十元，交与炳锡收，又十元，系友高托寄，交其家内收（此条可向彼取一收条寄来为证），所余二十元，以为侄台自己收起，以作茶果之需。另劳代嘱炳杰在校修业，其成绩如何，及何时放假，顺便回音来慰。端此致达，余无他事。并询
近好

愚叔长丰字 己六月初七日","继豪族侄台知之：
自从云别赴轮荣旋，谅卜一路安然，何日到家，顺笔来知，惟是当时过于急迫，不及与侄送行，实为抱歉。想自己至咸，定不见怪可知。兹逢轮便，附去银壹佰元，至日照收，然后代抹出伍拾元，交与吾儿炳杰收，又二十元，交与炳锡收，又十元，系友高托寄，交其家内收（此条可向彼取一收条寄来为证），所余二十元，以为侄台自己收起，以作茶果之需。另劳代嘱炳杰在校修业，其成绩如何，及何时放假，顺便回音来慰。端此致达，余无他事。并询
近好

愚叔长丰字 己六月初七日","继豪族侄台知之：
自从云别赴轮荣旋，谅卜一路安然，何日到家，顺笔来知，惟是当时过于急迫，不及与侄送行，实为抱歉。想自己至咸，定不见怪可知。兹逢轮便，附去银壹佰元，至日照收，然后代抹出伍拾元，交与吾儿炳杰收，又二十元，交与炳锡收，又十元，系友高托寄，交其家内收（此条可向彼取一收条寄来为证），所余二十元，以为侄台自己收起，以作茶果之需。另劳代嘱炳杰在校修业，其成绩如何，及何时放假，顺便回音来慰。端此致达，余无他事。并询
近好
愚叔长丰字 己六月初七日",226,4,9,外洋长丰,潮汕继豪族侄台,,nephew_or_niece,uncle_nephew_or_nephew_kin,儿；侄；叔,汕继豪族侄；继豪族侄；不及与侄；交与吾儿；以为侄；愚叔,,,海外,广东侨乡,海外,广东侨乡,潮汕->广东侨乡,海外 -> 广东侨乡,1,海外；广东侨乡,己（1949）六月初七日,,1949,1949,六月,初七日,lunar,干支或传统纪年,high,银壹佰元,壹佰元,100,银元,兹逢轮便，附去银壹佰元，至日照收，然后代抹出伍拾元，交与吾儿炳杰收，又二十元，交与炳锡收，又十元，系友高托寄，交其家内收（此条可向彼取一收条寄来为证），所余二十元，以为侄台自己收起，以作茶果之需。,茶果；分抹,兹逢轮便，附去银壹佰元，至日照收，然后代抹出伍拾元，交与吾儿炳杰收，又二十元，交与炳锡收，又十元，系友高托寄，交其家内收（此条可向彼取一收条寄来为证），所余二十元，以为侄台自己收起，以作茶果之需。,1,,,,"继豪族侄台知之：
自从云别赴轮荣旋，谅卜一路安然，何日到家，顺笔来知，惟是当时过于急迫，不及与侄送行，实为抱歉。想自己至咸，定不见怪可知。兹逢轮便，附去银壹佰元，至日照收，然后代抹出伍拾元，交与吾儿炳杰收，又二十元，交与炳锡收，又十元，系友高托寄，交其家内收（此条可向彼取一收条寄来为证），所余二十元，以为侄台自己收起，以作茶果之需。另劳代嘱炳杰在校修业，其成绩如何，及何时放假，顺便回音来慰。端此致达，余无他事。并询
近好
愚叔长丰字 己六月初七日",,兹逢轮便，附去银壹佰元，至日照收，然后代抹出伍拾元，交与吾儿炳杰收，又二十元，交与炳锡收，又十元，系友高托寄，交其家内收（此条可向彼取一收条寄来为证），所余二十元，以为侄台自己收起，以作茶果之需。,另劳代嘱炳杰在校修业，其成绩如何，及何时放假，顺便回音来慰。,端此致达，余无他事。,,,,,1,1,0,1,0,0,0,0,0,0,1,instruction,family_affection;remittance;instruction;home_building,,托；此致,,愚；儿,兹；谅；惟,,,,嘱,托；此致；愚；儿；兹；谅；惟,2,"兹逢轮便，附去银壹佰元，至日照收，然后代抹出伍拾元，交与吾儿炳杰收，又二十元，交与炳锡收，又十元，系友高托寄，交其家内收（此条可向彼取一收条寄来为证），所余二十元，以为侄台自己收起，以作茶果之需。
另劳代嘱炳杰在校修业，其成绩如何，及何时放假，顺便回音来慰。
端此致达，余无他事。",,,兹逢轮便，附去银壹佰元，至日照收，然后代抹出伍拾元，交与吾儿炳杰收，又二十元，交与炳锡收，又十元，系友高托寄，交其家内收（此条可向彼取一收条寄来为证），所余二十元，以为侄台自己收起，以作茶果之需。,兹逢轮便，附去银壹佰元，至日照收，然后代抹出伍拾元，交与吾儿炳杰收，又二十元，交与炳锡收，又十元，系友高托寄，交其家内收（此条可向彼取一收条寄来为证），所余二十元，以为侄台自己收起，以作茶果之需。,另劳代嘱炳杰在校修业，其成绩如何，及何时放假，顺便回音来慰。,端此致达，余无他事。,sender=外洋长丰；recipient=潮汕继豪族侄台；relationship=uncle_nephew_or_nephew_kin；date=己（1949）六月初七日；money=壹佰元；currency=银元；places=潮汕->广东侨乡；kinship=儿；侄；叔,"己（1949）六月初七日，外洋长丰寄潮汕继豪族侄台
外洋长丰
潮汕继豪族侄台
己（1949）六月初七日
银壹佰元
潮汕->广东侨乡
family_affection;remittance;instruction;home_building
继豪族侄台知之：
自从云别赴轮荣旋，谅卜一路安然，何日到家，顺笔来知，惟是当时过于急迫，不及与侄送行，实为抱歉。想自己至咸，定不见怪可知。兹逢轮便，附去银壹佰元，至日照收，然后代抹出伍拾元，交与吾儿炳杰收，又二十元，交与炳锡收，又十元，系友高托寄，交其家内收（此条可向彼取一收条寄来为证），所余二十元，以为侄台自己收起，以作茶果之需。另劳代嘱炳杰在校修业，其成绩如何，及何时放假，顺便回音来慰。端此致达，余无他事。并询
近好
愚叔长丰字 己六月初七日",题名：己（1949）六月初七日，外洋长丰寄潮汕继豪族侄台；寄批人：外洋长丰；收批人：潮汕继豪族侄台；日期：己（1949）六月初七日；汇款：银壹佰元；主题：family_affection;remittance;instruction;home_building；正文摘录：继豪族侄台知之：自从云别赴轮荣旋，谅卜一路安然，何日到家，顺笔来知，惟是当时过于急迫，不及与侄送行，实为抱歉。想自己至咸，定不见怪可知。兹逢轮便，附去银壹佰元，至日照收，然后代抹出伍拾元，交与吾儿炳杰收，又二十元，交与炳锡收，又十元，系友高,己（1949）六月初七日,外洋长丰,潮汕继豪族侄台,221,0,长丰,继豪族侄台,儿,medium,广东侨乡；海外,"[{""record_id"": ""CSQP-SFHC-TEXT-140"", ""raw_text"": ""银壹佰元"", ""amount_text"": ""壹佰元"", ""amount_number"": 100, ""currency"": ""银元"", ""sentence"": ""兹逢轮便，附去银壹佰元，至日照收，然后代抹出伍拾元，交与吾儿炳杰收，又二十元，交与炳锡收，又十元，系友高托寄，交其家内收（此条可向彼取一收条寄来为证），所余二十元，以为侄台自己收起，以作茶果之需。"", ""is_primary_candidate"": true, ""source_field"": ""body_clean""}, {""record_id"": ""CSQP-SFHC-TEXT-140"", ""raw_text"": ""伍拾元"", ""amount_text"": ""伍拾元"", ""amount_number"": 50, ""currency"": ""元"", ""sentence"": ""兹逢轮便，附去银壹佰元，至日照收，然后代抹出伍拾元，交与吾儿炳杰收，又二十元，交与炳锡收，又十元，系友高托寄，交其家内收（此条可向彼取一收条寄来为证），所余二十元，以为侄台自己收起，以作茶果之需。"", ""is_primary_candidate"": false, ""source_field"": ""body_clean""}, {""record_id"": ""CSQP-SFHC-TEXT-140"", ""raw_text"": ""二十元"", ""amount_text"": ""二十元"", ""amount_number"": 20, ""currency"": ""元"", ""sentence"": ""兹逢轮便，附去银壹佰元，至日照收，然后代抹出伍拾元，交与吾儿炳杰收，又二十元，交与炳锡收，又十元，系友高托寄，交其家内收（此条可向彼取一收条寄来为证），所余二十元，以为侄台自己收起，以作茶果之需。"", ""is_primary_candidate"": false, ""source_field"": ""body_clean""}, {""record_id"": ""CSQP-SFHC-TEXT-140"", ""raw_text"": ""十元"", ""amount_text"": ""十元"", ""amount_number"": 10, ""currency"": ""元"", ""sentence"": ""兹逢轮便，附去银壹佰元，至日照收，然后代抹出伍拾元，交与吾儿炳杰收，又二十元，交与炳锡收，又十元，系友高托寄，交其家内收（此条可向彼取一收条寄来为证），所余二十元，以为侄台自己收起，以作茶果之需。"", ""is_primary_candidate"": false, ""source_field"": ""body_clean""}]",己（1949）六月初七日，外洋长丰寄潮汕继豪族侄台；外洋长丰；潮汕继豪族侄台；长丰；继豪族侄台；儿；侄；叔；广东侨乡；海外；银壹佰元；银元；family_affection；remittance；instruction；home_building；潮汕；广东；银；元；六月；初七；外洋；豪族；侄台；侨乡；family；affection；home；building；自从；云别；轮荣旋；谅卜；一路；安然；何日；到家；顺笔；惟是；当时；过于；急迫；不及；送行；实为；抱歉；自己；见怪；可知；兹逢轮；附去；日照；然后；代抹出；伍拾；交与；儿炳杰；二十元；炳锡收；十元；系友；高托；交其家；内收；此条；可向；彼取；收条；寄来；为证；所余；以为；收起；以作；茶果；劳代；嘱炳杰；在校；修业
CSQP-SFHC-TEXT-141,141,民国三十八年（1949）八月初二日，外洋郑万豪寄潮汕慈亲大人,pdf_pages=184；book_pages=155,1,high,0,"慈亲大人尊前福安：
    敬禀者，日前接来示谕，展诵之下，内示等情，均照知详。藉悉大人福体康泰，家中大小安吉，至为欣慰。兹者家中，前在岳母大人处，先行调借银项，如今彼既急需，故特向亲戚朋友生借【借钱】寄回，信到之日，切嘱家中照为理还清楚，不可延误，是为至要。兹逢批期，呈上港币贰佰元，到祈查收。内计抹出一百五十元，交还岳母借项，又抹出八元，为母亲大人作生日之用，余为家情之需可也。肃此，敬请
福安

民国三十八年八月初二日    儿郑万豪上","慈亲大人尊前福安：
敬禀者，日前接来示谕，展诵之下，内示等情，均照知详。藉悉大人福体康泰，家中大小安吉，至为欣慰。兹者家中，前在岳母大人处，先行调借银项，如今彼既急需，故特向亲戚朋友生借【借钱】寄回，信到之日，切嘱家中照为理还清楚，不可延误，是为至要。兹逢批期，呈上港币贰佰元，到祈查收。内计抹出一百五十元，交还岳母借项，又抹出八元，为母亲大人作生日之用，余为家情之需可也。肃此，敬请
福安

民国三十八年八月初二日 儿郑万豪上","慈亲大人尊前福安：
敬禀者，日前接来示谕，展诵之下，内示等情，均照知详。藉悉大人福体康泰，家中大小安吉，至为欣慰。兹者家中，前在岳母大人处，先行调借银项，如今彼既急需，故特向亲戚朋友生借【借钱】寄回，信到之日，切嘱家中照为理还清楚，不可延误，是为至要。兹逢批期，呈上港币贰佰元，到祈查收。内计抹出一百五十元，交还岳母借项，又抹出八元，为母亲大人作生日之用，余为家情之需可也。肃此，敬请
福安

民国三十八年八月初二日 儿郑万豪上","敬禀者，日前接来示谕，展诵之下，内示等情，均照知详。藉悉大人福体康泰，家中大小安吉，至为欣慰。兹者家中，前在岳母大人处，先行调借银项，如今彼既急需，故特向亲戚朋友生借【借钱】寄回，信到之日，切嘱家中照为理还清楚，不可延误，是为至要。兹逢批期，呈上港币贰佰元，到祈查收。内计抹出一百五十元，交还岳母借项，又抹出八元，为母亲大人作生日之用，余为家情之需可也。肃此，敬请
福安",214,4,9,外洋郑万豪,潮汕慈亲大人,child,parent,child_to_parent,慈亲；母亲；岳母；儿,前在岳母；交还岳母；为母,大人；尊前；福安,儿,海外,广东侨乡,海外,广东侨乡,潮汕->广东侨乡,海外 -> 广东侨乡,1,海外；广东侨乡,民国三十八年（1949）八月初二日,民国三十八年八月初二日 儿郑万豪上,民国三十八年,1949,八月,初二日,lunar,民国,high,港币贰佰元,贰佰元,200,港币,兹逢批期，呈上港币贰佰元，到祈查收。；兹者家中，前在岳母大人处，先行调借银项，如今彼既急需，故特向亲戚朋友生借【借钱】寄回，信到之日，切嘱家中照为理还清楚，不可延误，是为至要。,债务,兹逢批期，呈上港币贰佰元，到祈查收。；内计抹出一百五十元，交还岳母借项，又抹出八元，为母亲大人作生日之用，余为家情之需可也。,1,慈亲大人尊前福安：,敬禀者，日前接来示谕，展诵之下，内示等情，均照知详。,慈亲大人尊前福安：,"敬禀者，日前接来示谕，展诵之下，内示等情，均照知详。藉悉大人福体康泰，家中大小安吉，至为欣慰。兹者家中，前在岳母大人处，先行调借银项，如今彼既急需，故特向亲戚朋友生借【借钱】寄回，信到之日，切嘱家中照为理还清楚，不可延误，是为至要。兹逢批期，呈上港币贰佰元，到祈查收。内计抹出一百五十元，交还岳母借项，又抹出八元，为母亲大人作生日之用，余为家情之需可也。肃此，敬请
福安",,藉悉大人福体康泰，家中大小安吉，至为欣慰。；兹者家中，前在岳母大人处，先行调借银项，如今彼既急需，故特向亲戚朋友生借【借钱】寄回，信到之日，切嘱家中照为理还清楚，不可延误，是为至要。,兹者家中，前在岳母大人处，先行调借银项，如今彼既急需，故特向亲戚朋友生借【借钱】寄回，信到之日，切嘱家中照为理还清楚，不可延误，是为至要。,,,民国三十八年八月初二日 儿郑万豪上,民国三十八年八月初二日 儿郑万豪上,,1,1,0,1,0,0,0,1,0,0,0,instruction,family_affection;remittance;instruction;debt,敬禀者；禀者；尊前,,大人；尊前；福安,儿,兹；祈,敬禀者；尊前；祈查收；查收；福安,查收,,嘱；不可,敬禀者；禀者；尊前；大人；福安；儿；兹；祈；祈查收；查收,3,"慈亲大人尊前福安：
敬禀者，日前接来示谕，展诵之下，内示等情，均照知详。
兹逢批期，呈上港币贰佰元，到祈查收。；兹者家中，前在岳母大人处，先行调借银项，如今彼既急需，故特向亲戚朋友生借【借钱】寄回，信到之日，切嘱家中照为理还清楚，不可延误，是为至要。
兹者家中，前在岳母大人处，先行调借银项，如今彼既急需，故特向亲戚朋友生借【借钱】寄回，信到之日，切嘱家中照为理还清楚，不可延误，是为至要。
民国三十八年八月初二日 儿郑万豪上",慈亲大人尊前福安：,,兹逢批期，呈上港币贰佰元，到祈查收。；兹者家中，前在岳母大人处，先行调借银项，如今彼既急需，故特向亲戚朋友生借【借钱】寄回，信到之日，切嘱家中照为理还清楚，不可延误，是为至要。,藉悉大人福体康泰，家中大小安吉，至为欣慰。；兹者家中，前在岳母大人处，先行调借银项，如今彼既急需，故特向亲戚朋友生借【借钱】寄回，信到之日，切嘱家中照为理还清楚，不可延误，是为至要。,兹者家中，前在岳母大人处，先行调借银项，如今彼既急需，故特向亲戚朋友生借【借钱】寄回，信到之日，切嘱家中照为理还清楚，不可延误，是为至要。,民国三十八年八月初二日 儿郑万豪上,sender=外洋郑万豪；recipient=潮汕慈亲大人；relationship=child_to_parent；date=民国三十八年（1949）八月初二日；money=贰佰元；currency=港币；places=潮汕->广东侨乡；kinship=慈亲；母亲；岳母；儿,"民国三十八年（1949）八月初二日，外洋郑万豪寄潮汕慈亲大人
外洋郑万豪
潮汕慈亲大人
民国三十八年（1949）八月初二日
港币贰佰元
潮汕->广东侨乡
family_affection;remittance;instruction;debt
敬禀者，日前接来示谕，展诵之下，内示等情，均照知详。藉悉大人福体康泰，家中大小安吉，至为欣慰。兹者家中，前在岳母大人处，先行调借银项，如今彼既急需，故特向亲戚朋友生借【借钱】寄回，信到之日，切嘱家中照为理还清楚，不可延误，是为至要。兹逢批期，呈上港币贰佰元，到祈查收。内计抹出一百五十元，交还岳母借项，又抹出八元，为母亲大人作生日之用，余为家情之需可也。肃此，敬请
福安",题名：民国三十八年（1949）八月初二日，外洋郑万豪寄潮汕慈亲大人；寄批人：外洋郑万豪；收批人：潮汕慈亲大人；日期：民国三十八年（1949）八月初二日；汇款：港币贰佰元；主题：family_affection;remittance;instruction;debt；正文摘录：敬禀者，日前接来示谕，展诵之下，内示等情，均照知详。藉悉大人福体康泰，家中大小安吉，至为欣慰。兹者家中，前在岳母大人处，先行调借银项，如今彼既急需，故特向亲戚朋友生借【借钱】寄回，信到之日，切嘱家中照为理还清楚，不可延误，是为至要。兹逢批期,民国三十八年（1949）八月初二日,外洋郑万豪,潮汕慈亲大人,184,0,郑万豪,慈亲,母亲,high,广东侨乡；海外,"[{""record_id"": ""CSQP-SFHC-TEXT-141"", ""raw_text"": ""港币贰佰元"", ""amount_text"": ""贰佰元"", ""amount_number"": 200, ""currency"": ""港币"", ""sentence"": ""兹逢批期，呈上港币贰佰元，到祈查收。"", ""is_primary_candidate"": true, ""source_field"": ""body_clean""}, {""record_id"": ""CSQP-SFHC-TEXT-141"", ""raw_text"": ""一百五十元"", ""amount_text"": ""一百五十元"", ""amount_number"": 150, ""currency"": ""元"", ""sentence"": ""内计抹出一百五十元，交还岳母借项，又抹出八元，为母亲大人作生日之用，余为家情之需可也。"", ""is_primary_candidate"": false, ""source_field"": ""body_clean""}, {""record_id"": ""CSQP-SFHC-TEXT-141"", ""raw_text"": ""八元"", ""amount_text"": ""八元"", ""amount_number"": 8, ""currency"": ""元"", ""sentence"": ""内计抹出一百五十元，交还岳母借项，又抹出八元，为母亲大人作生日之用，余为家情之需可也。"", ""is_primary_candidate"": false, ""source_field"": ""body_clean""}]",民国三十八年（1949）八月初二日，外洋郑万豪寄潮汕慈亲大人；外洋郑万豪；潮汕慈亲大人；郑万豪；慈亲；母亲；岳母；儿；广东侨乡；海外；港币贰佰元；港币；family_affection；remittance；instruction；debt；潮汕；广东；银；元；敬禀者；尊前；祈查收；查收；福安；民国；三十八年；八月；初二；外洋；万豪；侨乡；贰佰元；family；affection；禀者；日前；接来示；展诵；之下；内示；均照；知详；福体；康泰；家中；大小；安吉；欣慰；兹者；先行；调借；银项；如今；急需；故特向；亲戚朋友；生借；借钱；寄回；信到；切嘱；照为理；清楚；延误；兹逢；批期；内计；一百五十元；交还；借项；八元；生日；之用；余为；家情；肃此
CSQP-SFHC-TEXT-142,142,民卅八年（1949）八月三日，外洋陈亨发寄潮汕朝居宗侄台,pdf_pages=185；book_pages=156,1,medium,0,"朝居宗侄台青览：
    鱼雁久睽，往劳梦萦，近维起居佳吉，诸事遂心为颂。兹逢有便，特草寸缄驰问，外并港币壹拾元，至希查收，复音告慰为盼。此祝
近佳

民卅八，八，三    陈享发泐","朝居宗侄台青览：
鱼雁久睽，往劳梦萦，近维起居佳吉，诸事遂心为颂。兹逢有便，特草寸缄驰问，外并港币壹拾元，至希查收，复音告慰为盼。此祝
近佳

民卅八，八，三 陈享发泐","朝居宗侄台青览：
鱼雁久睽，往劳梦萦，近维起居佳吉，诸事遂心为颂。兹逢有便，特草寸缄驰问，外并港币壹拾元，至希查收，复音告慰为盼。此祝
近佳

民卅八，八，三 陈享发泐","朝居宗侄台青览：
鱼雁久睽，往劳梦萦，近维起居佳吉，诸事遂心为颂。兹逢有便，特草寸缄驰问，外并港币壹拾元，至希查收，复音告慰为盼。此祝
近佳",84,4,6,外洋陈亨发,潮汕朝居宗侄台,,nephew_or_niece,uncle_nephew_or_nephew_kin,侄,汕朝居宗侄；朝居宗侄,,,海外,广东侨乡,海外,广东侨乡,潮汕->广东侨乡,海外 -> 广东侨乡,1,海外；广东侨乡,民卅八年（1949）八月三日,民卅八，八，三 陈享发泐,1949,1949,八月,三日,solar,西历,high,港币壹拾元,壹拾元,10,港币,兹逢有便，特草寸缄驰问，外并港币壹拾元，至希查收，复音告慰为盼。,,兹逢有便，特草寸缄驰问，外并港币壹拾元，至希查收，复音告慰为盼。,1,,,鱼雁久睽，往劳梦萦，近维起居佳吉，诸事遂心为颂。,"朝居宗侄台青览：
鱼雁久睽，往劳梦萦，近维起居佳吉，诸事遂心为颂。兹逢有便，特草寸缄驰问，外并港币壹拾元，至希查收，复音告慰为盼。此祝
近佳",鱼雁久睽，往劳梦萦，近维起居佳吉，诸事遂心为颂。,,,,泐,民卅八，八，三 陈享发泐,民卅八，八，三 陈享发泐,,0,1,0,0,0,0,0,0,0,0,0,remittance,remittance,,,,,兹,查收,查收,起居,,兹；查收,1,"鱼雁久睽，往劳梦萦，近维起居佳吉，诸事遂心为颂。
兹逢有便，特草寸缄驰问，外并港币壹拾元，至希查收，复音告慰为盼。
民卅八，八，三 陈享发泐",,鱼雁久睽，往劳梦萦，近维起居佳吉，诸事遂心为颂。,兹逢有便，特草寸缄驰问，外并港币壹拾元，至希查收，复音告慰为盼。,,,民卅八，八，三 陈享发泐,sender=外洋陈亨发；recipient=潮汕朝居宗侄台；relationship=uncle_nephew_or_nephew_kin；date=民卅八年（1949）八月三日；money=壹拾元；currency=港币；places=潮汕->广东侨乡；kinship=侄,"民卅八年（1949）八月三日，外洋陈亨发寄潮汕朝居宗侄台
外洋陈亨发
潮汕朝居宗侄台
民卅八年（1949）八月三日
港币壹拾元
潮汕->广东侨乡
remittance
朝居宗侄台青览：
鱼雁久睽，往劳梦萦，近维起居佳吉，诸事遂心为颂。兹逢有便，特草寸缄驰问，外并港币壹拾元，至希查收，复音告慰为盼。此祝
近佳",题名：民卅八年（1949）八月三日，外洋陈亨发寄潮汕朝居宗侄台；寄批人：外洋陈亨发；收批人：潮汕朝居宗侄台；日期：民卅八年（1949）八月三日；汇款：港币壹拾元；主题：remittance；正文摘录：朝居宗侄台青览：鱼雁久睽，往劳梦萦，近维起居佳吉，诸事遂心为颂。兹逢有便，特草寸缄驰问，外并港币壹拾元，至希查收，复音告慰为盼。此祝近佳,民卅八年（1949）八月三日,外洋陈亨发,潮汕朝居宗侄台,68,0,陈亨发,朝居宗侄台,侄,medium,广东侨乡；海外,"[{""record_id"": ""CSQP-SFHC-TEXT-142"", ""raw_text"": ""港币壹拾元"", ""amount_text"": ""壹拾元"", ""amount_number"": 10, ""currency"": ""港币"", ""sentence"": ""兹逢有便，特草寸缄驰问，外并港币壹拾元，至希查收，复音告慰为盼。"", ""is_primary_candidate"": true, ""source_field"": ""body_clean""}]",民卅八年（1949）八月三日，外洋陈亨发寄潮汕朝居宗侄台；外洋陈亨发；潮汕朝居宗侄台；陈亨发；朝居宗侄台；侄；广东侨乡；海外；港币壹拾元；港币；remittance；潮汕；广东；元；查收；民卅；八年；八月；三日；外洋；朝居宗；侄台；侨乡；拾元；青览；鱼雁久睽；劳梦萦；近维；起居；佳吉；诸事；遂心；特草寸；缄驰；至希；复音；告慰；此祝；近佳
CSQP-SFHC-TEXT-143,143,旧历闰七月初九日、九月一号（1949），外洋郑炳存、郑惠英寄潮汕细姨母大人,pdf_pages=186；book_pages=157,1,high,0,"细姨母大人尊前：
    敬启者，比维动定咸宜，为颂为祝，久疏道候，抱歉殊多。此次家慈回梓，跋涉风尘，安抵梓里，大人念亦面叙矣。然甥等想及家慈和霭（藹），取事少决断，请大人时加斟酌，甥等信定时至贵府，与家慈同观，免为他人之煽（煽）惑。但未悉家中之田，田契清楚，屋宅修整否？大人可询家慈详覆。至表弟兄进炎、进锐现近况如何？兹逢航便，付港币拾元正，至时查收，以充茶果之需。专此，敬颂
福安

    大人可代询乡长陈之雄之妹，品行如何，祈覆。

甥儿郑炳存、甥女郑惠英同手上
旧历闰（闰）七月初九日，九月一号","细姨母大人尊前：
敬启者，比维动定咸宜，为颂为祝，久疏道候，抱歉殊多。此次家慈回梓，跋涉风尘，安抵梓里，大人念亦面叙矣。然甥等想及家慈和霭（藹），取事少决断，请大人时加斟酌，甥等信定时至贵府，与家慈同观，免为他人之煽（煽）惑。但未悉家中之田，田契清楚，屋宅修整否？大人可询家慈详覆。至表弟兄进炎、进锐现近况如何？兹逢航便，付港币拾元正，至时查收，以充茶果之需。专此，敬颂
福安

大人可代询乡长陈之雄之妹，品行如何，祈覆。

甥儿郑炳存、甥女郑惠英同手上
旧历闰（闰）七月初九日，九月一号","细姨母大人尊前：
敬启者，比维动定咸宜，为颂为祝，久疏道候，抱歉殊多。此次家慈回梓，跋涉风尘，安抵梓里，大人念亦面叙矣。然甥等想及家慈和霭（藹），取事少决断，请大人时加斟酌，甥等信定时至贵府，与家慈同观，免为他人之煽（煽）惑。但未悉家中之田，田契清楚，屋宅修整否？大人可询家慈详覆。至表弟兄进炎、进锐现近况如何？兹逢航便，付港币拾元正，至时查收，以充茶果之需。专此，敬颂
福安

大人可代询乡长陈之雄之妹，品行如何，祈覆。

甥儿郑炳存、甥女郑惠英同手上
旧历闰（闰）七月初九日，九月一号","敬启者，比维动定咸宜，为颂为祝，久疏道候，抱歉殊多。此次家慈回梓，跋涉风尘，安抵梓里，大人念亦面叙矣。然甥等想及家慈和霭（藹），取事少决断，请大人时加斟酌，甥等信定时至贵府，与家慈同观，免为他人之煽（煽）惑。但未悉家中之田，田契清楚，屋宅修整否？大人可询家慈详覆。至表弟兄进炎、进锐现近况如何？兹逢航便，付港币拾元正，至时查收，以充茶果之需。专此，敬颂
福安
大人可代询乡长陈之雄之妹，品行如何，祈覆。",244,6,13,外洋郑炳存、郑惠英,潮汕细姨母大人,,,unknown,兄；弟；儿；妹,潮汕细姨母；细姨母；至表弟兄；陈之雄之妹；甥儿,大人；尊前,,海外,广东侨乡,海外,广东侨乡,潮汕->广东侨乡,海外 -> 广东侨乡,1,海外；广东侨乡,旧历闰七月初九日、九月一号（1949）,"甥儿郑炳存、甥女郑惠英同手上
旧历闰（闰）七月初九日，九月一号",1949,1949,七月,初九日,mixed,西历,high,港币拾元,拾元,10,港币,兹逢航便，付港币拾元正，至时查收，以充茶果之需。,茶果,兹逢航便，付港币拾元正，至时查收，以充茶果之需。,1,细姨母大人尊前：,敬启者，比维动定咸宜，为颂为祝，久疏道候，抱歉殊多。,,"敬启者，比维动定咸宜，为颂为祝，久疏道候，抱歉殊多。此次家慈回梓，跋涉风尘，安抵梓里，大人念亦面叙矣。然甥等想及家慈和霭（藹），取事少决断，请大人时加斟酌，甥等信定时至贵府，与家慈同观，免为他人之煽（煽）惑。但未悉家中之田，田契清楚，屋宅修整否？大人可询家慈详覆。至表弟兄进炎、进锐现近况如何？兹逢航便，付港币拾元正，至时查收，以充茶果之需。专此，敬颂
福安
大人可代询乡长陈之雄之妹，品行如何，祈覆。",,细姨母大人尊前：；但未悉家中之田，田契清楚，屋宅修整否？,,,,"甥儿郑炳存、甥女郑惠英同手上
旧历闰（闰）七月初九日，九月一号",甥儿郑炳存、甥女郑惠英同手上,,1,1,0,0,0,0,0,0,0,0,1,home_building,family_affection;remittance;home_building,启者；尊前,启,大人；尊前；福安,儿；弟,兹；祈,尊前；查收；福安,查收,,,启者；尊前；启；大人；福安；儿；弟；兹；祈；查收,3,"细姨母大人尊前：
敬启者，比维动定咸宜，为颂为祝，久疏道候，抱歉殊多。
兹逢航便，付港币拾元正，至时查收，以充茶果之需。
甥儿郑炳存、甥女郑惠英同手上",细姨母大人尊前：,,兹逢航便，付港币拾元正，至时查收，以充茶果之需。,细姨母大人尊前：；但未悉家中之田，田契清楚，屋宅修整否？,,甥儿郑炳存、甥女郑惠英同手上,sender=外洋郑炳存、郑惠英；recipient=潮汕细姨母大人；relationship=unknown；date=旧历闰七月初九日、九月一号（1949）；money=拾元；currency=港币；places=潮汕->广东侨乡；kinship=兄；弟；儿；妹,"旧历闰七月初九日、九月一号（1949），外洋郑炳存、郑惠英寄潮汕细姨母大人
外洋郑炳存、郑惠英
潮汕细姨母大人
旧历闰七月初九日、九月一号（1949）
港币拾元
潮汕->广东侨乡
family_affection;remittance;home_building
敬启者，比维动定咸宜，为颂为祝，久疏道候，抱歉殊多。此次家慈回梓，跋涉风尘，安抵梓里，大人念亦面叙矣。然甥等想及家慈和霭（藹），取事少决断，请大人时加斟酌，甥等信定时至贵府，与家慈同观，免为他人之煽（煽）惑。但未悉家中之田，田契清楚，屋宅修整否？大人可询家慈详覆。至表弟兄进炎、进锐现近况如何？兹逢航便，付港币拾元正，至时查收，以充茶果之需。专此，敬颂
福安
大人可代询乡长陈之雄之妹，品行如何，祈覆。",题名：旧历闰七月初九日、九月一号（1949），外洋郑炳存、郑惠英寄潮汕细姨母大人；寄批人：外洋郑炳存、郑惠英；收批人：潮汕细姨母大人；日期：旧历闰七月初九日、九月一号（1949）；汇款：港币拾元；主题：family_affection;remittance;home_building；正文摘录：敬启者，比维动定咸宜，为颂为祝，久疏道候，抱歉殊多。此次家慈回梓，跋涉风尘，安抵梓里，大人念亦面叙矣。然甥等想及家慈和霭（藹），取事少决断，请大人时加斟酌，甥等信定时至贵府，与家慈同观，免为他人之煽（煽）惑。但未悉家中之田，田契清楚，屋宅修,旧历闰七月初九日、九月一号（1949）,外洋郑炳存、郑惠英,潮汕细姨母大人,199,0,郑炳存、郑惠英,细姨母,兄,,广东侨乡；海外,"[{""record_id"": ""CSQP-SFHC-TEXT-143"", ""raw_text"": ""港币拾元"", ""amount_text"": ""拾元"", ""amount_number"": 10, ""currency"": ""港币"", ""sentence"": ""兹逢航便，付港币拾元正，至时查收，以充茶果之需。"", ""is_primary_candidate"": true, ""source_field"": ""body_clean""}]",旧历闰七月初九日、九月一号（1949），外洋郑炳存、郑惠英寄潮汕细姨母大人；外洋郑炳存、郑惠英；潮汕细姨母大人；郑炳存、郑惠英；细姨母；兄；弟；儿；妹；广东侨乡；海外；港币拾元；港币；family_affection；remittance；home_building；潮汕；广东；元；尊前；查收；福安；旧历；七月；初九；九月；一号；外洋；郑炳存；郑惠英；姨母；侨乡；拾元；family；affection；home；building；启者；敬启者；比维动定；咸宜；疏道候；抱歉；殊多；此次；家慈；回梓；跋涉；风尘；安抵；梓里；面叙；然甥；及家；慈和；取事少；决断；时加；斟酌；定时；贵府；同观；免为；他人；未悉；家中；之田；田契；清楚；屋宅；修整；可询；详覆；至表；弟兄；进炎；进锐现；近况；如何；兹逢
CSQP-SFHC-TEXT-144,144,九月十日（民国），外洋省斌寄潮汕克能侄,pdf_pages=187；book_pages=158,1,high,0,"克能侄台鉴：
    启者，八日汕轮抵暹，得接来函，备悉种种。愚时目前暹中状况非常棘手，向之所商切宜致意，虽其中有不惬处，可暂抹煞，藉作栖迟，然后徐行他图，未为不可，此亦一时权宜之策也。其他下看，乃你未局无聊之举，愚意方拟修函，今忽有十月南下之讯用，是不免有踌躇姑搁之望，惟所拟行期，亦殊快速，不卜你自己只身，抑或有与所偕，甚未明亮。但此中事事谋之更佳，舍之则诚可惜，谅亦表全此意否？鳌兄弟之老正顺剧，自八月未损失已属不赀，然作生理而亏本，原无足怪，演剧而输，亦则太不该矣。即此，顺询
近好

省斌泐    九月十日","克能侄台鉴：
启者，八日汕轮抵暹，得接来函，备悉种种。愚时目前暹中状况非常棘手，向之所商切宜致意，虽其中有不惬处，可暂抹煞，藉作栖迟，然后徐行他图，未为不可，此亦一时权宜之策也。其他下看，乃你未局无聊之举，愚意方拟修函，今忽有十月南下之讯用，是不免有踌躇姑搁之望，惟所拟行期，亦殊快速，不卜你自己只身，抑或有与所偕，甚未明亮。但此中事事谋之更佳，舍之则诚可惜，谅亦表全此意否？鳌兄弟之老正顺剧，自八月未损失已属不赀，然作生理而亏本，原无足怪，演剧而输，亦则太不该矣。即此，顺询
近好

省斌泐 九月十日","克能侄台鉴：
启者，八日汕轮抵暹，得接来函，备悉种种。愚时目前暹中状况非常棘手，向之所商切宜致意，虽其中有不惬处，可暂抹煞，藉作栖迟，然后徐行他图，未为不可，此亦一时权宜之策也。其他下看，乃你未局无聊之举，愚意方拟修函，今忽有十月南下之讯用，是不免有踌躇姑搁之望，惟所拟行期，亦殊快速，不卜你自己只身，抑或有与所偕，甚未明亮。但此中事事谋之更佳，舍之则诚可惜，谅亦表全此意否？鳌兄弟之老正顺剧，自八月未损失已属不赀，然作生理而亏本，原无足怪，演剧而输，亦则太不该矣。即此，顺询
近好

省斌泐 九月十日","启者，八日汕轮抵暹，得接来函，备悉种种。愚时目前暹中状况非常棘手，向之所商切宜致意，虽其中有不惬处，可暂抹煞，藉作栖迟，然后徐行他图，未为不可，此亦一时权宜之策也。其他下看，乃你未局无聊之举，愚意方拟修函，今忽有十月南下之讯用，是不免有踌躇姑搁之望，惟所拟行期，亦殊快速，不卜你自己只身，抑或有与所偕，甚未明亮。但此中事事谋之更佳，舍之则诚可惜，谅亦表全此意否？鳌兄弟之老正顺剧，自八月未损失已属不赀，然作生理而亏本，原无足怪，演剧而输，亦则太不该矣。即此，顺询
近好
省斌泐 九月十日",251,4,9,外洋省斌,潮汕克能侄,,nephew_or_niece,uncle_nephew_or_nephew_kin,兄；弟；侄；姑,潮汕克能侄；克能侄；免有踌躇姑；鳌兄弟,台鉴,,海外,广东侨乡,海外,广东侨乡,潮汕->广东侨乡；暹->泰国,海外 -> 广东侨乡,1,海外；广东侨乡；泰国,九月十日（民国）,,,,九月,十日,solar,民国,medium,,,,,,,,0,克能侄台鉴：,启者，八日汕轮抵暹，得接来函，备悉种种。,,"启者，八日汕轮抵暹，得接来函，备悉种种。愚时目前暹中状况非常棘手，向之所商切宜致意，虽其中有不惬处，可暂抹煞，藉作栖迟，然后徐行他图，未为不可，此亦一时权宜之策也。其他下看，乃你未局无聊之举，愚意方拟修函，今忽有十月南下之讯用，是不免有踌躇姑搁之望，惟所拟行期，亦殊快速，不卜你自己只身，抑或有与所偕，甚未明亮。但此中事事谋之更佳，舍之则诚可惜，谅亦表全此意否？鳌兄弟之老正顺剧，自八月未损失已属不赀，然作生理而亏本，原无足怪，演剧而输，亦则太不该矣。即此，顺询
近好
省斌泐 九月十日",,,愚时目前暹中状况非常棘手，向之所商切宜致意，虽其中有不惬处，可暂抹煞，藉作栖迟，然后徐行他图，未为不可，此亦一时权宜之策也。,,,,,,0,0,0,1,0,0,0,0,0,0,1,instruction,instruction;home_building,启者；台鉴,启,台鉴,愚；弟,谅；惟,,,,不可,启者；台鉴；启；愚；弟；谅；惟,2,"克能侄台鉴：
启者，八日汕轮抵暹，得接来函，备悉种种。
愚时目前暹中状况非常棘手，向之所商切宜致意，虽其中有不惬处，可暂抹煞，藉作栖迟，然后徐行他图，未为不可，此亦一时权宜之策也。",克能侄台鉴：,,,,愚时目前暹中状况非常棘手，向之所商切宜致意，虽其中有不惬处，可暂抹煞，藉作栖迟，然后徐行他图，未为不可，此亦一时权宜之策也。,,sender=外洋省斌；recipient=潮汕克能侄；relationship=uncle_nephew_or_nephew_kin；date=九月十日（民国）；places=潮汕->广东侨乡；暹->泰国；kinship=兄；弟；侄；姑,"九月十日（民国），外洋省斌寄潮汕克能侄
外洋省斌
潮汕克能侄
九月十日（民国）
潮汕->广东侨乡；暹->泰国
instruction;home_building
启者，八日汕轮抵暹，得接来函，备悉种种。愚时目前暹中状况非常棘手，向之所商切宜致意，虽其中有不惬处，可暂抹煞，藉作栖迟，然后徐行他图，未为不可，此亦一时权宜之策也。其他下看，乃你未局无聊之举，愚意方拟修函，今忽有十月南下之讯用，是不免有踌躇姑搁之望，惟所拟行期，亦殊快速，不卜你自己只身，抑或有与所偕，甚未明亮。但此中事事谋之更佳，舍之则诚可惜，谅亦表全此意否？鳌兄弟之老正顺剧，自八月未损失已属不赀，然作生理而亏本，原无足怪，演剧而输，亦则太不该矣。即此，顺询
近好
省斌泐 九月十日",题名：九月十日（民国），外洋省斌寄潮汕克能侄；寄批人：外洋省斌；收批人：潮汕克能侄；日期：九月十日（民国）；主题：instruction;home_building；正文摘录：启者，八日汕轮抵暹，得接来函，备悉种种。愚时目前暹中状况非常棘手，向之所商切宜致意，虽其中有不惬处，可暂抹煞，藉作栖迟，然后徐行他图，未为不可，此亦一时权宜之策也。其他下看，乃你未局无聊之举，愚意方拟修函，今忽有十月南下之讯用，是不免有踌躇,九月十日（民国）,外洋省斌,潮汕克能侄,240,0,省斌,克能侄,兄,high,广东侨乡；泰国；海外,[],九月十日（民国），外洋省斌寄潮汕克能侄；外洋省斌；潮汕克能侄；省斌；克能侄；兄；弟；侄；姑；广东侨乡；泰国；海外；instruction；home_building；潮汕；广东；九月；十日；民国；外洋；克能；侨乡；home；building；启者；台鉴；八日；汕轮；抵暹；得接；来函；备悉；种种；愚时；目前；暹中；状况；非常；棘手；所商；切宜；致意；其中；惬处；可暂；抹煞；作栖迟；然后；徐行；他图；未为不可；一时；权宜之策；其他；未局；无聊；愚意；方拟；修函；今忽有；十月；南下；之讯用；不免；踌躇；姑搁；之望；惟所拟；行期；亦殊；快速；不卜；自己；只身；抑或；甚未；明亮；但此；事事；更佳
CSQP-SFHC-TEXT-145,145,（民国）外洋晓澄寄潮汕大姆（姊）,pdf_pages=188-190；book_pages=159-161,1,needs_review,1,"大妗（姊）大人收前：
    敬启者，近日贵体违和，想吉人天相，定获平安无事，未问先知也。联璧寄来银六十三元，计十三元交伊妇收用，五十元交家用，并鸭腩四只。此银信十四晚方带到，及弟由尊处回家，正知其事，所以登堂晤对之时，无从详述。兹特修函告知，谅亦深为欣慰也。余候面叙，肃此布达。顺请
福安

胞弟晓澄谨书","大妗（姊）大人收前：
敬启者，近日贵体违和，想吉人天相，定获平安无事，未问先知也。联璧寄来银六十三元，计十三元交伊妇收用，五十元交家用，并鸭腩四只。此银信十四晚方带到，及弟由尊处回家，正知其事，所以登堂晤对之时，无从详述。兹特修函告知，谅亦深为欣慰也。余候面叙，肃此布达。顺请
福安

胞弟晓澄谨书","大妗（姊）大人收前：
敬启者，近日贵体违和，想吉人天相，定获平安无事，未问先知也。联璧寄来银六十三元，计十三元交伊妇收用，五十元交家用，并鸭腩四只。此银信十四晚方带到，及弟由尊处回家，正知其事，所以登堂晤对之时，无从详述。兹特修函告知，谅亦深为欣慰也。余候面叙，肃此布达。顺请
福安

胞弟晓澄谨书","敬启者，近日贵体违和，想吉人天相，定获平安无事，未问先知也。联璧寄来银六十三元，计十三元交伊妇收用，五十元交家用，并鸭腩四只。此银信十四晚方带到，及弟由尊处回家，正知其事，所以登堂晤对之时，无从详述。兹特修函告知，谅亦深为欣慰也。余候面叙，肃此布达。顺请
福安
胞弟晓澄谨书",149,4,9,（民国）外洋晓澄,潮汕大姆（姊）,,sibling,sibling_or_same_generation_kin,弟；姊；妗,大妗；及弟；胞弟,大人,,海外,广东侨乡,海外,广东侨乡,潮汕->广东侨乡,海外 -> 广东侨乡,1,海外；广东侨乡,,,,,,,solar,民国,,银六十三元,六十三元,63,银元,,,联璧寄来银六十三元，计十三元交伊妇收用，五十元交家用，并鸭腩四只。,1,大妗（姊）大人收前：,敬启者，近日贵体违和，想吉人天相，定获平安无事，未问先知也。,敬启者，近日贵体违和，想吉人天相，定获平安无事，未问先知也。,"敬启者，近日贵体违和，想吉人天相，定获平安无事，未问先知也。联璧寄来银六十三元，计十三元交伊妇收用，五十元交家用，并鸭腩四只。此银信十四晚方带到，及弟由尊处回家，正知其事，所以登堂晤对之时，无从详述。兹特修函告知，谅亦深为欣慰也。余候面叙，肃此布达。顺请
福安
胞弟晓澄谨书",敬启者，近日贵体违和，想吉人天相，定获平安无事，未问先知也。,,,,,,,,0,1,1,0,0,0,0,0,0,0,1,safety_report,remittance;safety;home_building,启者,启,大人；福安,弟；谨,兹；谅,福安,,平安,,启者；启；大人；福安；弟；谨；兹；谅,2,"大妗（姊）大人收前：
敬启者，近日贵体违和，想吉人天相，定获平安无事，未问先知也。",大妗（姊）大人收前：,敬启者，近日贵体违和，想吉人天相，定获平安无事，未问先知也。,银六十三元,,,,sender=（民国）外洋晓澄；recipient=潮汕大姆（姊）；relationship=sibling_or_same_generation_kin；money=六十三元；currency=银元；places=潮汕->广东侨乡；kinship=弟；姊；妗,"（民国）外洋晓澄寄潮汕大姆（姊）
（民国）外洋晓澄
潮汕大姆（姊）
银六十三元
潮汕->广东侨乡
remittance;safety;home_building
敬启者，近日贵体违和，想吉人天相，定获平安无事，未问先知也。联璧寄来银六十三元，计十三元交伊妇收用，五十元交家用，并鸭腩四只。此银信十四晚方带到，及弟由尊处回家，正知其事，所以登堂晤对之时，无从详述。兹特修函告知，谅亦深为欣慰也。余候面叙，肃此布达。顺请
福安
胞弟晓澄谨书",题名：（民国）外洋晓澄寄潮汕大姆（姊）；寄批人：（民国）外洋晓澄；收批人：潮汕大姆（姊）；汇款：银六十三元；主题：remittance;safety;home_building；正文摘录：敬启者，近日贵体违和，想吉人天相，定获平安无事，未问先知也。联璧寄来银六十三元，计十三元交伊妇收用，五十元交家用，并鸭腩四只。此银信十四晚方带到，及弟由尊处回家，正知其事，所以登堂晤对之时，无从详述。兹特修函告知，谅亦深为欣慰也。余候面叙，,,（民国）外洋晓澄,潮汕大姆（姊）,135,0,晓澄,大姆,弟,high,广东侨乡；海外,"[{""record_id"": ""CSQP-SFHC-TEXT-145"", ""raw_text"": ""银六十三元"", ""amount_text"": ""六十三元"", ""amount_number"": 63, ""currency"": ""银元"", ""sentence"": ""联璧寄来银六十三元，计十三元交伊妇收用，五十元交家用，并鸭腩四只。"", ""is_primary_candidate"": true, ""source_field"": ""body_clean""}, {""record_id"": ""CSQP-SFHC-TEXT-145"", ""raw_text"": ""十三元"", ""amount_text"": ""十三元"", ""amount_number"": 13, ""currency"": ""元"", ""sentence"": ""联璧寄来银六十三元，计十三元交伊妇收用，五十元交家用，并鸭腩四只。"", ""is_primary_candidate"": false, ""source_field"": ""body_clean""}, {""record_id"": ""CSQP-SFHC-TEXT-145"", ""raw_text"": ""五十元"", ""amount_text"": ""五十元"", ""amount_number"": 50, ""currency"": ""元"", ""sentence"": ""联璧寄来银六十三元，计十三元交伊妇收用，五十元交家用，并鸭腩四只。"", ""is_primary_candidate"": false, ""source_field"": ""body_clean""}]",（民国）外洋晓澄寄潮汕大姆（姊）；（民国）外洋晓澄；潮汕大姆（姊）；晓澄；大姆；弟；姊；妗；广东侨乡；海外；银六十三元；银元；remittance；safety；home_building；潮汕；广东；银；元；福安；民国；外洋；侨乡；六十三；home；building；启者；敬启者；近日；体违；吉人天相；定获；平安无事；未问；先知；联璧；寄来；十三元；交伊妇；收用；五十元；家用；四只；此银信；十四；晚方；带到；及弟；尊处；回家；正知；其事；所以；登堂；晤对；无从；详述；兹特；修函；告知；深为；欣慰；余候；面叙；肃此；布达；顺请；胞弟；晓澄谨书
CSQP-SFHC-TEXT-146,146,庚寅年（1950）元月初九日，外洋父寄潮汕茂鉴吾儿,pdf_pages=191；book_pages=162,1,high,0,"茂鉴吾儿收读：
    来书收到，诸事详悉。所云家情费用浩繁，望家批提早多寄等情，你须念父在叻劳苦工作，每月辛（薪）金不外五十元而已，除洗衣之后，实仅四十余元，尽量寄为家批。而自己衣服等物，以及私费等等一无所着。如你信中所言，良心何在，你今年将三十，不求自给，终日游闲无度，翘首以待批款，未必始终若此，当宜省悟谋生，助父一臂之力，且为将来善计也。我之眼疾自南来至今，尚未治疗，拟于最近求治，医费若干，今尚未能预定，家中各事以及你之所为，我均洞悉。二女何非屡遭你之殴打，此何为欤？此后作事当宜谨慎自新，勿负我之嘱言。今寄去港币五十元，至时查收，以作家用。巧仙女儿，现在军港义标埔之厝屋，日间为人洗衣，每月仅赚十五元而已，你宜知之。余言后嘱，并问
近好

庚寅年元月初九日    父字","茂鉴吾儿收读：
来书收到，诸事详悉。所云家情费用浩繁，望家批提早多寄等情，你须念父在叻劳苦工作，每月辛（薪）金不外五十元而已，除洗衣之后，实仅四十余元，尽量寄为家批。而自己衣服等物，以及私费等等一无所着。如你信中所言，良心何在，你今年将三十，不求自给，终日游闲无度，翘首以待批款，未必始终若此，当宜省悟谋生，助父一臂之力，且为将来善计也。我之眼疾自南来至今，尚未治疗，拟于最近求治，医费若干，今尚未能预定，家中各事以及你之所为，我均洞悉。二女何非屡遭你之殴打，此何为欤？此后作事当宜谨慎自新，勿负我之嘱言。今寄去港币五十元，至时查收，以作家用。巧仙女儿，现在军港义标埔之厝屋，日间为人洗衣，每月仅赚十五元而已，你宜知之。余言后嘱，并问
近好

庚寅年元月初九日 父字","茂鉴吾儿收读：
来书收到，诸事详悉。所云家情费用浩繁，望家批提早多寄等情，你须念父在叻劳苦工作，每月辛（薪）金不外五十元而已，除洗衣之后，实仅四十余元，尽量寄为家批。而自己衣服等物，以及私费等等一无所着。如你信中所言，良心何在，你今年将三十，不求自给，终日游闲无度，翘首以待批款，未必始终若此，当宜省悟谋生，助父一臂之力，且为将来善计也。我之眼疾自南来至今，尚未治疗，拟于最近求治，医费若干，今尚未能预定，家中各事以及你之所为，我均洞悉。二女何非屡遭你之殴打，此何为欤？此后作事当宜谨慎自新，勿负我之嘱言。今寄去港币五十元，至时查收，以作家用。巧仙女儿，现在军港义标埔之厝屋，日间为人洗衣，每月仅赚十五元而已，你宜知之。余言后嘱，并问
近好

庚寅年元月初九日 父字","茂鉴吾儿收读：
来书收到，诸事详悉。所云家情费用浩繁，望家批提早多寄等情，你须念父在叻劳苦工作，每月辛（薪）金不外五十元而已，除洗衣之后，实仅四十余元，尽量寄为家批。而自己衣服等物，以及私费等等一无所着。如你信中所言，良心何在，你今年将三十，不求自给，终日游闲无度，翘首以待批款，未必始终若此，当宜省悟谋生，助父一臂之力，且为将来善计也。我之眼疾自南来至今，尚未治疗，拟于最近求治，医费若干，今尚未能预定，家中各事以及你之所为，我均洞悉。二女何非屡遭你之殴打，此何为欤？此后作事当宜谨慎自新，勿负我之嘱言。今寄去港币五十元，至时查收，以作家用。巧仙女儿，现在军港义标埔之厝屋，日间为人洗衣，每月仅赚十五元而已，你宜知之。余言后嘱，并问
近好",333,4,13,外洋父,潮汕茂鉴吾儿,,child,parent_to_child,儿,外洋父；汕茂鉴吾儿；茂鉴吾儿；你须念父；助父；巧仙女儿,,,海外,广东侨乡,海外,广东侨乡,潮汕->广东侨乡；叻->新加坡,海外 -> 广东侨乡,1,海外；广东侨乡；新加坡,庚寅年（1950）元月初九日,庚寅年元月初九日 父字,1950,1950,,初九日,lunar,干支或传统纪年,high,港币五十元,五十元,50,港币,今寄去港币五十元，至时查收，以作家用。；如你信中所言，良心何在，你今年将三十，不求自给，终日游闲无度，翘首以待批款，未必始终若此，当宜省悟谋生，助父一臂之力，且为将来善计也。,家用,今寄去港币五十元，至时查收，以作家用。,1,,,,"茂鉴吾儿收读：
来书收到，诸事详悉。所云家情费用浩繁，望家批提早多寄等情，你须念父在叻劳苦工作，每月辛（薪）金不外五十元而已，除洗衣之后，实仅四十余元，尽量寄为家批。而自己衣服等物，以及私费等等一无所着。如你信中所言，良心何在，你今年将三十，不求自给，终日游闲无度，翘首以待批款，未必始终若此，当宜省悟谋生，助父一臂之力，且为将来善计也。我之眼疾自南来至今，尚未治疗，拟于最近求治，医费若干，今尚未能预定，家中各事以及你之所为，我均洞悉。二女何非屡遭你之殴打，此何为欤？此后作事当宜谨慎自新，勿负我之嘱言。今寄去港币五十元，至时查收，以作家用。巧仙女儿，现在军港义标埔之厝屋，日间为人洗衣，每月仅赚十五元而已，你宜知之。余言后嘱，并问
近好",,茂鉴吾儿收读：；所云家情费用浩繁，望家批提早多寄等情，你须念父在叻劳苦工作，每月辛（薪）金不外五十元而已，除洗衣之后，实仅四十余元，尽量寄为家批。,所云家情费用浩繁，望家批提早多寄等情，你须念父在叻劳苦工作，每月辛（薪）金不外五十元而已，除洗衣之后，实仅四十余元，尽量寄为家批。；此后作事当宜谨慎自新，勿负我之嘱言。,,字,庚寅年元月初九日 父字,庚寅年元月初九日 父字,,1,1,0,1,1,1,0,0,0,0,1,instruction,family_affection;remittance;instruction;study;health;home_building,,,,儿；谨,,查收,寄去；查收,,须；嘱,儿；谨；查收,1,"今寄去港币五十元，至时查收，以作家用。；如你信中所言，良心何在，你今年将三十，不求自给，终日游闲无度，翘首以待批款，未必始终若此，当宜省悟谋生，助父一臂之力，且为将来善计也。
所云家情费用浩繁，望家批提早多寄等情，你须念父在叻劳苦工作，每月辛（薪）金不外五十元而已，除洗衣之后，实仅四十余元，尽量寄为家批。；此后作事当宜谨慎自新，勿负我之嘱言。
庚寅年元月初九日 父字",,,今寄去港币五十元，至时查收，以作家用。；如你信中所言，良心何在，你今年将三十，不求自给，终日游闲无度，翘首以待批款，未必始终若此，当宜省悟谋生，助父一臂之力，且为将来善计也。,茂鉴吾儿收读：；所云家情费用浩繁，望家批提早多寄等情，你须念父在叻劳苦工作，每月辛（薪）金不外五十元而已，除洗衣之后，实仅四十余元，尽量寄为家批。,所云家情费用浩繁，望家批提早多寄等情，你须念父在叻劳苦工作，每月辛（薪）金不外五十元而已，除洗衣之后，实仅四十余元，尽量寄为家批。；此后作事当宜谨慎自新，勿负我之嘱言。,庚寅年元月初九日 父字,sender=外洋父；recipient=潮汕茂鉴吾儿；relationship=parent_to_child；date=庚寅年（1950）元月初九日；money=五十元；currency=港币；places=潮汕->广东侨乡；叻->新加坡；kinship=儿,"庚寅年（1950）元月初九日，外洋父寄潮汕茂鉴吾儿
外洋父
潮汕茂鉴吾儿
庚寅年（1950）元月初九日
港币五十元
潮汕->广东侨乡；叻->新加坡
family_affection;remittance;instruction;study;health;home_building
茂鉴吾儿收读：
来书收到，诸事详悉。所云家情费用浩繁，望家批提早多寄等情，你须念父在叻劳苦工作，每月辛（薪）金不外五十元而已，除洗衣之后，实仅四十余元，尽量寄为家批。而自己衣服等物，以及私费等等一无所着。如你信中所言，良心何在，你今年将三十，不求自给，终日游闲无度，翘首以待批款，未必始终若此，当宜省悟谋生，助父一臂之力，且为将来善计也。我之眼疾自南来至今，尚未治疗，拟于最近求治，医费若干，今尚未能预定，家中各事以及你之所为，我均洞悉。二女何非屡遭你之殴打，此何为欤？此后作事当宜谨慎自新，勿负我之嘱言。今寄去港币五十元，至时查收，以作家用。巧仙女儿，现在军港义标埔之厝屋，日间为人洗衣，每月仅赚十五元而已，你宜知之。余言后嘱，并问
近好",题名：庚寅年（1950）元月初九日，外洋父寄潮汕茂鉴吾儿；寄批人：外洋父；收批人：潮汕茂鉴吾儿；日期：庚寅年（1950）元月初九日；汇款：港币五十元；主题：family_affection;remittance;instruction;study;health;home_building；正文摘录：茂鉴吾儿收读：来书收到，诸事详悉。所云家情费用浩繁，望家批提早多寄等情，你须念父在叻劳苦工作，每月辛（薪）金不外五十元而已，除洗衣之后，实仅四十余元，尽量寄为家批。而自己衣服等物，以及私费等等一无所着。如你信中所言，良心何在，你今年将三十，,庚寅年（1950）元月初九日,外洋父,潮汕茂鉴吾儿,318,0,外洋父,茂鉴,吾儿,medium,广东侨乡；新加坡；海外,"[{""record_id"": ""CSQP-SFHC-TEXT-146"", ""raw_text"": ""五十元"", ""amount_text"": ""五十元"", ""amount_number"": 50, ""currency"": ""元"", ""sentence"": ""所云家情费用浩繁，望家批提早多寄等情，你须念父在叻劳苦工作，每月辛（薪）金不外五十元而已，除洗衣之后，实仅四十余元，尽量寄为家批。"", ""is_primary_candidate"": false, ""source_field"": ""body_clean""}, {""record_id"": ""CSQP-SFHC-TEXT-146"", ""raw_text"": ""港币五十元"", ""amount_text"": ""五十元"", ""amount_number"": 50, ""currency"": ""港币"", ""sentence"": ""今寄去港币五十元，至时查收，以作家用。"", ""is_primary_candidate"": true, ""source_field"": ""body_clean""}, {""record_id"": ""CSQP-SFHC-TEXT-146"", ""raw_text"": ""十五元"", ""amount_text"": ""十五元"", ""amount_number"": 15, ""currency"": ""元"", ""sentence"": ""巧仙女儿，现在军港义标埔之厝屋，日间为人洗衣，每月仅赚十五元而已，你宜知之。"", ""is_primary_candidate"": false, ""source_field"": ""body_clean""}]",庚寅年（1950）元月初九日，外洋父寄潮汕茂鉴吾儿；外洋父；潮汕茂鉴吾儿；茂鉴；儿；吾儿；广东侨乡；新加坡；海外；港币五十元；港币；family_affection；remittance；instruction；study；health；home_building；潮汕；广东；元；查收；庚寅；月初；九日；外洋；父寄；鉴吾儿；侨乡；五十元；family；affection；home；building；收读；来书；收到；诸事；详悉；所云家情；费用；浩繁；望家批；提早；多寄等情；须念父；劳苦；工作；每月；金不外；而已；洗衣；之后；实仅；四十余；尽量；寄为；家批；自己；衣服；等物；私费；等等；一无所；信中；所言；良心何在；今年；三十；自给；终日；游闲；无度；翘首以待；批款；未必；始终；若此；当宜；省悟；谋生
CSQP-SFHC-TEXT-147,147,一九五○年元月廿日，叻强兴寄潮安南桂张君远吾儿,pdf_pages=192；book_pages=163,1,medium,0,"寄批人：叻强兴
收批人：潮安南桂张君远吾儿
批款：港币柒拾伍元
日期：一九五〇年元月廿日

贤妻收次：
    径启者，前函复信，各事概照领悉，祈免远挂。愚现仍居于妹处，操习园植，生活粗康，但对家庭一切，全赖爱卿从善聊（料）理，为愚感激无已。兹因批期之便，再附港币七十五元，至希查收是盼。手泐，并祝
时吉

愚强兴启
一九五〇年元月廿日","寄批人：叻强兴
收批人：潮安南桂张君远吾儿
批款：港币柒拾伍元
日期：一九五〇年元月廿日

贤妻收次：
径启者，前函复信，各事概照领悉，祈免远挂。愚现仍居于妹处，操习园植，生活粗康，但对家庭一切，全赖爱卿从善聊（料）理，为愚感激无已。兹因批期之便，再附港币七十五元，至希查收是盼。手泐，并祝
时吉

愚强兴启
一九五〇年元月廿日","贤妻收次：
径启者，前函复信，各事概照领悉，祈免远挂。愚现仍居于妹处，操习园植，生活粗康，但对家庭一切，全赖爱卿从善聊（料）理，为愚感激无已。兹因批期之便，再附港币七十五元，至希查收是盼。手泐，并祝
时吉

愚强兴启
一九五〇年元月廿日","贤妻收次：
径启者，前函复信，各事概照领悉，祈免远挂。愚现仍居于妹处，操习园植，生活粗康，但对家庭一切，全赖爱卿从善聊（料）理，为愚感激无已。兹因批期之便，再附港币七十五元，至希查收是盼。手泐，并祝
时吉",164,9,8,叻强兴,潮安南桂张君远吾儿,,child,parent_to_child,妻；贤妻；儿；妹,张君远吾儿；贤妻；现仍居于妹,,愚,新加坡,广东潮安,新加坡,广东潮安,安南->越南；潮安->广东潮安；叻->新加坡,新加坡 -> 广东潮安,1,新加坡；广东侨乡；越南,一九五〇年元月廿日,"愚强兴启
一九五〇年元月廿日",,,,,,,low,港币柒拾伍元,柒拾伍元,75,港币,兹因批期之便，再附港币七十五元，至希查收是盼。,,兹因批期之便，再附港币七十五元，至希查收是盼。,1,,径启者，前函复信，各事概照领悉，祈免远挂。,,"贤妻收次：
径启者，前函复信，各事概照领悉，祈免远挂。愚现仍居于妹处，操习园植，生活粗康，但对家庭一切，全赖爱卿从善聊（料）理，为愚感激无已。兹因批期之便，再附港币七十五元，至希查收是盼。手泐，并祝
时吉",,贤妻收次：,,,启,"愚强兴启
一九五〇年元月廿日",愚强兴启,,1,1,0,0,0,0,0,0,1,0,0,remittance,family_affection;remittance;marriage,启者,启,贤妻,愚,兹；祈,查收,查收,,,启者；启；贤妻；愚；兹；祈；查收,2,"径启者，前函复信，各事概照领悉，祈免远挂。
兹因批期之便，再附港币七十五元，至希查收是盼。
愚强兴启",径启者，前函复信，各事概照领悉，祈免远挂。,,兹因批期之便，再附港币七十五元，至希查收是盼。,贤妻收次：,,愚强兴启,sender=叻强兴；recipient=潮安南桂张君远吾儿；relationship=parent_to_child；date=一九五〇年元月廿日；money=柒拾伍元；currency=港币；places=安南->越南；潮安->广东潮安；叻->新加坡；kinship=妻；贤妻；儿；妹,"一九五○年元月廿日，叻强兴寄潮安南桂张君远吾儿
叻强兴
潮安南桂张君远吾儿
一九五〇年元月廿日
港币柒拾伍元
安南->越南；潮安->广东潮安；叻->新加坡
family_affection;remittance;marriage
贤妻收次：
径启者，前函复信，各事概照领悉，祈免远挂。愚现仍居于妹处，操习园植，生活粗康，但对家庭一切，全赖爱卿从善聊（料）理，为愚感激无已。兹因批期之便，再附港币七十五元，至希查收是盼。手泐，并祝
时吉",题名：一九五○年元月廿日，叻强兴寄潮安南桂张君远吾儿；寄批人：叻强兴；收批人：潮安南桂张君远吾儿；日期：一九五〇年元月廿日；汇款：港币柒拾伍元；主题：family_affection;remittance;marriage；正文摘录：贤妻收次：径启者，前函复信，各事概照领悉，祈免远挂。愚现仍居于妹处，操习园植，生活粗康，但对家庭一切，全赖爱卿从善聊（料）理，为愚感激无已。兹因批期之便，再附港币七十五元，至希查收是盼。手泐，并祝时吉,一九五○年元月廿日,叻强兴,潮安南桂张君远吾儿,100,0,强兴,张君远,妻,high,越南；广东潮安；新加坡,"[{""record_id"": ""CSQP-SFHC-TEXT-147"", ""raw_text"": ""港币柒拾伍元"", ""amount_text"": ""柒拾伍元"", ""amount_number"": 75, ""currency"": ""港币"", ""sentence"": ""批款：港币柒拾伍元"", ""is_primary_candidate"": true, ""source_field"": ""body_clean""}, {""record_id"": ""CSQP-SFHC-TEXT-147"", ""raw_text"": ""港币七十五元"", ""amount_text"": ""七十五元"", ""amount_number"": 75, ""currency"": ""港币"", ""sentence"": ""兹因批期之便，再附港币七十五元，至希查收是盼。"", ""is_primary_candidate"": false, ""source_field"": ""body_clean""}]",一九五○年元月廿日，叻强兴寄潮安南桂张君远吾儿；叻强兴；潮安南桂张君远吾儿；强兴；张君远；妻；贤妻；儿；妹；越南；广东潮安；新加坡；港币柒拾伍元；港币；family_affection；remittance；marriage；安南；潮安；广东；元；查收；一九五；元月；廿日；寄潮；桂张；君远吾儿；柒拾；伍元；family；affection；启者；收次；径启者；函复；各事概；照领；祈免；愚现；居于；妹处；操习；园植；生活；粗康；家庭；全赖；爱卿；从善；感激；批期；七十五；至希；手泐；并祝；时吉
CSQP-SFHC-TEXT-148,148,庚寅（1950）三月初九日，外洋父寄潮汕茂鉴吾儿,pdf_pages=193；book_pages=164,1,medium,0,"茂鉴吾儿收读：
    回批接到，诸事详悉。所云迁屋一事，我远隔异邦，未能解答，你等主意便可。惟倘欲迁居，则毗邻人家须欲和善，他事闲话，尤宜守口，免与邻右发生意气恶感等情。至过车轮回塘（唐）事，则候亲友直透【达】归旋，当照寄去。刻寄去港币陆拾元，至时查收，以应家情之需。余容后嘱。
近好

庚寅三月初九日    父字

另者，丽仙女儿，现年未悉有否入学读书，望便告我。","茂鉴吾儿收读：
回批接到，诸事详悉。所云迁屋一事，我远隔异邦，未能解答，你等主意便可。惟倘欲迁居，则毗邻人家须欲和善，他事闲话，尤宜守口，免与邻右发生意气恶感等情。至过车轮回塘（唐）事，则候亲友直透【达】归旋，当照寄去。刻寄去港币陆拾元，至时查收，以应家情之需。余容后嘱。
近好

庚寅三月初九日 父字

另者，丽仙女儿，现年未悉有否入学读书，望便告我。","茂鉴吾儿收读：
回批接到，诸事详悉。所云迁屋一事，我远隔异邦，未能解答，你等主意便可。惟倘欲迁居，则毗邻人家须欲和善，他事闲话，尤宜守口，免与邻右发生意气恶感等情。至过车轮回塘（唐）事，则候亲友直透【达】归旋，当照寄去。刻寄去港币陆拾元，至时查收，以应家情之需。余容后嘱。
近好

庚寅三月初九日 父字

另者，丽仙女儿，现年未悉有否入学读书，望便告我。","茂鉴吾儿收读：
回批接到，诸事详悉。所云迁屋一事，我远隔异邦，未能解答，你等主意便可。惟倘欲迁居，则毗邻人家须欲和善，他事闲话，尤宜守口，免与邻右发生意气恶感等情。至过车轮回塘（唐）事，则候亲友直透【达】归旋，当照寄去。刻寄去港币陆拾元，至时查收，以应家情之需。余容后嘱。
近好
另者，丽仙女儿，现年未悉有否入学读书，望便告我。",177,5,10,外洋父,潮汕茂鉴吾儿,,child,parent_to_child,儿,外洋父；汕茂鉴吾儿；茂鉴吾儿；丽仙女儿,,,海外,广东侨乡,海外,广东侨乡,潮汕->广东侨乡,海外 -> 广东侨乡,1,海外；广东侨乡,庚寅（1950）三月初九日,庚寅三月初九日 父字,1950,1950,三月,初九日,lunar,干支或传统纪年,high,港币陆拾元,陆拾元,60,港币,刻寄去港币陆拾元，至时查收，以应家情之需。；至过车轮回塘（唐）事，则候亲友直透【达】归旋，当照寄去。,,刻寄去港币陆拾元，至时查收，以应家情之需。,1,,,,"茂鉴吾儿收读：
回批接到，诸事详悉。所云迁屋一事，我远隔异邦，未能解答，你等主意便可。惟倘欲迁居，则毗邻人家须欲和善，他事闲话，尤宜守口，免与邻右发生意气恶感等情。至过车轮回塘（唐）事，则候亲友直透【达】归旋，当照寄去。刻寄去港币陆拾元，至时查收，以应家情之需。余容后嘱。
近好
另者，丽仙女儿，现年未悉有否入学读书，望便告我。",,茂鉴吾儿收读：；庚寅三月初九日 父字,惟倘欲迁居，则毗邻人家须欲和善，他事闲话，尤宜守口，免与邻右发生意气恶感等情。；余容后嘱。,,字,庚寅三月初九日 父字,庚寅三月初九日 父字,,1,1,0,1,1,0,1,0,0,0,1,instruction,family_affection;remittance;instruction;study;work;home_building,,,,儿,惟；容后,查收；容后,寄去；查收,,须；嘱,儿；惟；容后；查收,1,"刻寄去港币陆拾元，至时查收，以应家情之需。；至过车轮回塘（唐）事，则候亲友直透【达】归旋，当照寄去。
惟倘欲迁居，则毗邻人家须欲和善，他事闲话，尤宜守口，免与邻右发生意气恶感等情。；余容后嘱。
庚寅三月初九日 父字",,,刻寄去港币陆拾元，至时查收，以应家情之需。；至过车轮回塘（唐）事，则候亲友直透【达】归旋，当照寄去。,茂鉴吾儿收读：；庚寅三月初九日 父字,惟倘欲迁居，则毗邻人家须欲和善，他事闲话，尤宜守口，免与邻右发生意气恶感等情。；余容后嘱。,庚寅三月初九日 父字,sender=外洋父；recipient=潮汕茂鉴吾儿；relationship=parent_to_child；date=庚寅（1950）三月初九日；money=陆拾元；currency=港币；places=潮汕->广东侨乡；kinship=儿,"庚寅（1950）三月初九日，外洋父寄潮汕茂鉴吾儿
外洋父
潮汕茂鉴吾儿
庚寅（1950）三月初九日
港币陆拾元
潮汕->广东侨乡
family_affection;remittance;instruction;study;work;home_building
茂鉴吾儿收读：
回批接到，诸事详悉。所云迁屋一事，我远隔异邦，未能解答，你等主意便可。惟倘欲迁居，则毗邻人家须欲和善，他事闲话，尤宜守口，免与邻右发生意气恶感等情。至过车轮回塘（唐）事，则候亲友直透【达】归旋，当照寄去。刻寄去港币陆拾元，至时查收，以应家情之需。余容后嘱。
近好
另者，丽仙女儿，现年未悉有否入学读书，望便告我。",题名：庚寅（1950）三月初九日，外洋父寄潮汕茂鉴吾儿；寄批人：外洋父；收批人：潮汕茂鉴吾儿；日期：庚寅（1950）三月初九日；汇款：港币陆拾元；主题：family_affection;remittance;instruction;study;work;home_building；正文摘录：茂鉴吾儿收读：回批接到，诸事详悉。所云迁屋一事，我远隔异邦，未能解答，你等主意便可。惟倘欲迁居，则毗邻人家须欲和善，他事闲话，尤宜守口，免与邻右发生意气恶感等情。至过车轮回塘（唐）事，则候亲友直透【达】归旋，当照寄去。刻寄去港币陆拾元，至时,庚寅（1950）三月初九日,外洋父,潮汕茂鉴吾儿,161,0,外洋父,茂鉴,吾儿,medium,广东侨乡；海外,"[{""record_id"": ""CSQP-SFHC-TEXT-148"", ""raw_text"": ""港币陆拾元"", ""amount_text"": ""陆拾元"", ""amount_number"": 60, ""currency"": ""港币"", ""sentence"": ""刻寄去港币陆拾元，至时查收，以应家情之需。"", ""is_primary_candidate"": true, ""source_field"": ""body_clean""}]",庚寅（1950）三月初九日，外洋父寄潮汕茂鉴吾儿；外洋父；潮汕茂鉴吾儿；茂鉴；儿；吾儿；广东侨乡；海外；港币陆拾元；港币；family_affection；remittance；instruction；study；work；home_building；潮汕；广东；元；查收；容后；庚寅；三月初；九日；外洋；父寄；鉴吾儿；侨乡；拾元；family；affection；home；building；收读；回批；接到；诸事；详悉；所云迁；一事；远隔；异邦；未能；解答；主意；倘欲；迁居；毗邻；人家；和善；他事；闲话；尤宜守口；邻右；发生；意气；恶感；等情；至过；车轮；回塘；亲友；直透；归旋；当照；刻寄去；至时；应家情；余容；后嘱；近好；另者；丽仙；女儿；现年；未悉；有否；入学；读书；便告
CSQP-SFHC-TEXT-149,149,阴历四月初七日（1950），麻坡郑裕潮寄潮安南桂乡家慈亲大人,pdf_pages=194-195；book_pages=165-166,1,needs_review,1,"寄批人：麻坡郑裕潮
收批人：潮安南桂乡家慈亲大人
批款：港币伍拾元
日期：阴历四月初十日

慈亲大人膝下：
    敬禀者，此两次训谕均各拜领，男幸蒙福庇，客地稍安，地方方面也甚平静，祈勿锦念。男父自上年离叻后，迄今未接其只字，致双方消息无法通传。但以男父之才干，当能获平安，可请外祖母勿念。至于此次外祖母寿辰，男实忘记，苟非大人之提示，未免使男蒙负恩之罪，祈代致言外祖母，向其道歉，并请其有便，赐下合家之影相给男，作为留念是盼。廷立哥合家均吉，岳炎居于其店，廷立嫂特别爱护。至于彼等之家信，上月均曾奉上，谅已收到，可知培城之勇父，因自上年商业失败，家境日见困难，但培城年来身体日较高大，可转言瑞兰，致其免介。三姆付（附）来之信经照交妥，三姆与老姑母等想必均吉可知。有松叔与亿远、木深等近况如何，请顺笔示晓。兹达邮便，敬具寸草，外并港币伍拾元，至祈查收。内中请拨出捌元，奉与外祖母是奉。肃此奉候，敬请
万福

男裕潮谨禀    阴历四月初十日","寄批人：麻坡郑裕潮
收批人：潮安南桂乡家慈亲大人
批款：港币伍拾元
日期：阴历四月初十日

慈亲大人膝下：
敬禀者，此两次训谕均各拜领，男幸蒙福庇，客地稍安，地方方面也甚平静，祈勿锦念。男父自上年离叻后，迄今未接其只字，致双方消息无法通传。但以男父之才干，当能获平安，可请外祖母勿念。至于此次外祖母寿辰，男实忘记，苟非大人之提示，未免使男蒙负恩之罪，祈代致言外祖母，向其道歉，并请其有便，赐下合家之影相给男，作为留念是盼。廷立哥合家均吉，岳炎居于其店，廷立嫂特别爱护。至于彼等之家信，上月均曾奉上，谅已收到，可知培城之勇父，因自上年商业失败，家境日见困难，但培城年来身体日较高大，可转言瑞兰，致其免介。三姆付（附）来之信经照交妥，三姆与老姑母等想必均吉可知。有松叔与亿远、木深等近况如何，请顺笔示晓。兹达邮便，敬具寸草，外并港币伍拾元，至祈查收。内中请拨出捌元，奉与外祖母是奉。肃此奉候，敬请
万福

男裕潮谨禀 阴历四月初十日","慈亲大人膝下：
敬禀者，此两次训谕均各拜领，男幸蒙福庇，客地稍安，地方方面也甚平静，祈勿锦念。男父自上年离叻后，迄今未接其只字，致双方消息无法通传。但以男父之才干，当能获平安，可请外祖母勿念。至于此次外祖母寿辰，男实忘记，苟非大人之提示，未免使男蒙负恩之罪，祈代致言外祖母，向其道歉，并请其有便，赐下合家之影相给男，作为留念是盼。廷立哥合家均吉，岳炎居于其店，廷立嫂特别爱护。至于彼等之家信，上月均曾奉上，谅已收到，可知培城之勇父，因自上年商业失败，家境日见困难，但培城年来身体日较高大，可转言瑞兰，致其免介。三姆付（附）来之信经照交妥，三姆与老姑母等想必均吉可知。有松叔与亿远、木深等近况如何，请顺笔示晓。兹达邮便，敬具寸草，外并港币伍拾元，至祈查收。内中请拨出捌元，奉与外祖母是奉。肃此奉候，敬请
万福

男裕潮谨禀 阴历四月初十日","敬禀者，此两次训谕均各拜领，男幸蒙福庇，客地稍安，地方方面也甚平静，祈勿锦念。男父自上年离叻后，迄今未接其只字，致双方消息无法通传。但以男父之才干，当能获平安，可请外祖母勿念。至于此次外祖母寿辰，男实忘记，苟非大人之提示，未免使男蒙负恩之罪，祈代致言外祖母，向其道歉，并请其有便，赐下合家之影相给男，作为留念是盼。廷立哥合家均吉，岳炎居于其店，廷立嫂特别爱护。至于彼等之家信，上月均曾奉上，谅已收到，可知培城之勇父，因自上年商业失败，家境日见困难，但培城年来身体日较高大，可转言瑞兰，致其免介。三姆付（附）来之信经照交妥，三姆与老姑母等想必均吉可知。有松叔与亿远、木深等近况如何，请顺笔示晓。兹达邮便，敬具寸草，外并港币伍拾元，至祈查收。内中请拨出捌元，奉与外祖母是奉。肃此奉候，敬请
万福",414,8,14,麻坡郑裕潮,潮安南桂乡家慈亲大人,,parent,child_to_parent,慈亲；祖母；外祖母；嫂；男；叔；姑,男父；但以男父；可请外祖母；至于此次外祖母；祈代致言外祖母；廷立嫂；培城之勇父；三姆与老姑；有松叔；奉与外祖母,大人；膝下,,越南,广东潮安,越南,广东潮安,安南->越南；潮安->广东潮安,越南 -> 广东潮安,1,越南；广东侨乡,阴历四月初十日,,1950,1950,四月,初十日,lunar,西历,high,港币伍拾元,伍拾元,50,港币,兹达邮便，敬具寸草，外并港币伍拾元，至祈查收。,,三姆付（附）来之信经照交妥，三姆与老姑母等想必均吉可知。；兹达邮便，敬具寸草，外并港币伍拾元，至祈查收。,1,慈亲大人膝下：,敬禀者，此两次训谕均各拜领，男幸蒙福庇，客地稍安，地方方面也甚平静，祈勿锦念。,但以男父之才干，当能获平安，可请外祖母勿念。,"敬禀者，此两次训谕均各拜领，男幸蒙福庇，客地稍安，地方方面也甚平静，祈勿锦念。男父自上年离叻后，迄今未接其只字，致双方消息无法通传。但以男父之才干，当能获平安，可请外祖母勿念。至于此次外祖母寿辰，男实忘记，苟非大人之提示，未免使男蒙负恩之罪，祈代致言外祖母，向其道歉，并请其有便，赐下合家之影相给男，作为留念是盼。廷立哥合家均吉，岳炎居于其店，廷立嫂特别爱护。至于彼等之家信，上月均曾奉上，谅已收到，可知培城之勇父，因自上年商业失败，家境日见困难，但培城年来身体日较高大，可转言瑞兰，致其免介。三姆付（附）来之信经照交妥，三姆与老姑母等想必均吉可知。有松叔与亿远、木深等近况如何，请顺笔示晓。兹达邮便，敬具寸草，外并港币伍拾元，至祈查收。内中请拨出捌元，奉与外祖母是奉。肃此奉候，敬请
万福",但以男父之才干，当能获平安，可请外祖母勿念。,男父自上年离叻后，迄今未接其只字，致双方消息无法通传。；但以男父之才干，当能获平安，可请外祖母勿念。,,,,,,,1,1,1,0,0,1,0,0,0,0,0,health_care,family_affection;remittance;safety;health,敬禀者；禀者；膝下,谨禀；并请,大人；膝下,谨,兹；祈；谅；奉,敬禀者；膝下；勿念；祈查收；至祈查收；谨禀；查收,奉上；查收,平安；勿念,,敬禀者；禀者；膝下；谨禀；并请；大人；谨；兹；祈；谅；奉；勿念；祈查收；至祈查收；查收,3,"慈亲大人膝下：
敬禀者，此两次训谕均各拜领，男幸蒙福庇，客地稍安，地方方面也甚平静，祈勿锦念。
但以男父之才干，当能获平安，可请外祖母勿念。
兹达邮便，敬具寸草，外并港币伍拾元，至祈查收。",慈亲大人膝下：,但以男父之才干，当能获平安，可请外祖母勿念。,兹达邮便，敬具寸草，外并港币伍拾元，至祈查收。,男父自上年离叻后，迄今未接其只字，致双方消息无法通传。；但以男父之才干，当能获平安，可请外祖母勿念。,,,sender=麻坡郑裕潮；recipient=潮安南桂乡家慈亲大人；relationship=child_to_parent；date=阴历四月初十日；money=伍拾元；currency=港币；places=安南->越南；潮安->广东潮安；kinship=慈亲；祖母；外祖母；嫂；男；叔；姑,"阴历四月初七日（1950），麻坡郑裕潮寄潮安南桂乡家慈亲大人
麻坡郑裕潮
潮安南桂乡家慈亲大人
阴历四月初十日
港币伍拾元
安南->越南；潮安->广东潮安
family_affection;remittance;safety;health
敬禀者，此两次训谕均各拜领，男幸蒙福庇，客地稍安，地方方面也甚平静，祈勿锦念。男父自上年离叻后，迄今未接其只字，致双方消息无法通传。但以男父之才干，当能获平安，可请外祖母勿念。至于此次外祖母寿辰，男实忘记，苟非大人之提示，未免使男蒙负恩之罪，祈代致言外祖母，向其道歉，并请其有便，赐下合家之影相给男，作为留念是盼。廷立哥合家均吉，岳炎居于其店，廷立嫂特别爱护。至于彼等之家信，上月均曾奉上，谅已收到，可知培城之勇父，因自上年商业失败，家境日见困难，但培城年来身体日较高大，可转言瑞兰，致其免介。三姆付（附）来之信经照交妥，三姆与老姑母等想必均吉可知。有松叔与亿远、木深等近况如何，请顺笔示晓。兹达邮便，敬具寸草，外并港币伍拾元，至祈查收。内中请拨出捌元，奉与外祖母是奉。肃此奉候，敬请
万福",题名：阴历四月初七日（1950），麻坡郑裕潮寄潮安南桂乡家慈亲大人；寄批人：麻坡郑裕潮；收批人：潮安南桂乡家慈亲大人；日期：阴历四月初十日；汇款：港币伍拾元；主题：family_affection;remittance;safety;health；正文摘录：敬禀者，此两次训谕均各拜领，男幸蒙福庇，客地稍安，地方方面也甚平静，祈勿锦念。男父自上年离叻后，迄今未接其只字，致双方消息无法通传。但以男父之才干，当能获平安，可请外祖母勿念。至于此次外祖母寿辰，男实忘记，苟非大人之提示，未免使男蒙负恩之罪,阴历四月初七日（1950）,麻坡郑裕潮,潮安南桂乡家慈亲大人,344,0,麻坡郑裕潮,慈亲,慈亲,high,越南；广东潮安,"[{""record_id"": ""CSQP-SFHC-TEXT-149"", ""raw_text"": ""港币伍拾元"", ""amount_text"": ""伍拾元"", ""amount_number"": 50, ""currency"": ""港币"", ""sentence"": ""批款：港币伍拾元"", ""is_primary_candidate"": true, ""source_field"": ""body_clean""}, {""record_id"": ""CSQP-SFHC-TEXT-149"", ""raw_text"": ""港币伍拾元"", ""amount_text"": ""伍拾元"", ""amount_number"": 50, ""currency"": ""港币"", ""sentence"": ""兹达邮便，敬具寸草，外并港币伍拾元，至祈查收。"", ""is_primary_candidate"": false, ""source_field"": ""body_clean""}, {""record_id"": ""CSQP-SFHC-TEXT-149"", ""raw_text"": ""捌元"", ""amount_text"": ""捌元"", ""amount_number"": 8, ""currency"": ""元"", ""sentence"": ""内中请拨出捌元，奉与外祖母是奉。"", ""is_primary_candidate"": false, ""source_field"": ""body_clean""}]",阴历四月初七日（1950），麻坡郑裕潮寄潮安南桂乡家慈亲大人；麻坡郑裕潮；潮安南桂乡家慈亲大人；慈亲；祖母；外祖母；嫂；男；叔；姑；越南；广东潮安；港币伍拾元；港币；family_affection；remittance；safety；health；安南；潮安；广东；元；敬禀者；膝下；勿念；祈查收；至祈查收；谨禀；查收；阴历；四月；初七；麻坡；郑裕潮；寄潮；桂乡；家慈；伍拾；family；affection；禀者；至祈；两次；训谕；拜领；男幸；蒙福庇；稍安；地方；方面；平静；祈勿锦念；男父；上年；离叻；迄今；未接；双方；消息；无法；通传；才干；当能；平安；可请；至于；此次；寿辰；男实；忘记；苟非；提示；未免；男蒙；负恩之罪；祈代致；道歉；合家；之影；作为
CSQP-SFHC-TEXT-150,150,六月初六日、七月廿日（1950），叻宋树钊寄澄邑下蓬英弟,pdf_pages=196-198；book_pages=167-169,1,needs_review,1,"英弟：
    六月廿日的信，已于本月十一日收到，所说的一切亦皆明白。你能痛改前非，勤奋用功，阿兄是喜之不胜的。本来以你的年龄，现在是要初中毕业才对，因为沦陷，误了你的前程，所以现在才开始念一年级。这未始不是你的损失，所以你应当迎头赶上，以为亡羊补牢。同时更应明白你既从学，将来便是以学谋生，并非如劳力者可以用力为活，你既无力，又成不学无术的人，那么将来社会上崇高的地位，根本没有你的份儿。父母妻子也难以望你养活，就是连你自己的生活，恐怕也要发生问题。许【那】时非但乡党不齿，亲朋窃笑，成为社会上无可用处的人，而自己已是老大悲伤，噬脐莫及哩。所以我不但希望你，要实实在在的悔过，务求现实，不要徒学一些虚伪的前进新名词，同时更希望你默想勤学方面，深自想像（象）其善果如何，以及默想不勤学方面，想像（象）其恶果与影响如何，便能亲自觉悟，毋须他人絮絮不休，你祈猛省，毋忘为要。你的来书字迹，还是潦草欠佳，没有行间，须知写字最要的是行间要整齐，结构要有力，大小通篇如一。你以后可照吾所指令（令）你练的郑孝胥帖勤加练习，刻意临摹。不过要练字须明练字方法，要认真一帖，不可随便更换，写一字不好时，再写多一字，以至能逼肖为止，一划一撇，缓缓临摹，最忌贪快潦草，虚耗笔墨，你祈留心学习为要，因为书法有如人之衣冠，美书法犹如美衣冠一样，你非痛下工（功）夫不可。至于课程方面，犹以英文、国语、作文、算术四科为要科。犹（尤）其前两科乃属语言科，在谋生上更属重要，你至切切勤读用功，勿落人后，至要至要！此学期大考，各科成绩如何，覆信须要详为告知，届时暑假期间，可勿留汕，以省费用，回家温习书字要紧，祈知之。目前阅报载，曾闻浮陇乡有老母会成立后，被政府肃清，但不知当时，岂有乡愚妇女，受其愚骗否？以后对于汕间、乡间或家中有何事故，希为示及是盼，余不尽言，便当续叙。祝你
学业猛进
    以后如欲寄邮信，可照上址便妥。

兄树钊手泐    六月初六日，七月廿日寄","英弟：
六月廿日的信，已于本月十一日收到，所说的一切亦皆明白。你能痛改前非，勤奋用功，阿兄是喜之不胜的。本来以你的年龄，现在是要初中毕业才对，因为沦陷，误了你的前程，所以现在才开始念一年级。这未始不是你的损失，所以你应当迎头赶上，以为亡羊补牢。同时更应明白你既从学，将来便是以学谋生，并非如劳力者可以用力为活，你既无力，又成不学无术的人，那么将来社会上崇高的地位，根本没有你的份儿。父母妻子也难以望你养活，就是连你自己的生活，恐怕也要发生问题。许【那】时非但乡党不齿，亲朋窃笑，成为社会上无可用处的人，而自己已是老大悲伤，噬脐莫及哩。所以我不但希望你，要实实在在的悔过，务求现实，不要徒学一些虚伪的前进新名词，同时更希望你默想勤学方面，深自想像（象）其善果如何，以及默想不勤学方面，想像（象）其恶果与影响如何，便能亲自觉悟，毋须他人絮絮不休，你祈猛省，毋忘为要。你的来书字迹，还是潦草欠佳，没有行间，须知写字最要的是行间要整齐，结构要有力，大小通篇如一。你以后可照吾所指令（令）你练的郑孝胥帖勤加练习，刻意临摹。不过要练字须明练字方法，要认真一帖，不可随便更换，写一字不好时，再写多一字，以至能逼肖为止，一划一撇，缓缓临摹，最忌贪快潦草，虚耗笔墨，你祈留心学习为要，因为书法有如人之衣冠，美书法犹如美衣冠一样，你非痛下工（功）夫不可。至于课程方面，犹以英文、国语、作文、算术四科为要科。犹（尤）其前两科乃属语言科，在谋生上更属重要，你至切切勤读用功，勿落人后，至要至要！此学期大考，各科成绩如何，覆信须要详为告知，届时暑假期间，可勿留汕，以省费用，回家温习书字要紧，祈知之。目前阅报载，曾闻浮陇乡有老母会成立后，被政府肃清，但不知当时，岂有乡愚妇女，受其愚骗否？以后对于汕间、乡间或家中有何事故，希为示及是盼，余不尽言，便当续叙。祝你
学业猛进
以后如欲寄邮信，可照上址便妥。

兄树钊手泐 六月初六日，七月廿日寄","英弟：
六月廿日的信，已于本月十一日收到，所说的一切亦皆明白。你能痛改前非，勤奋用功，阿兄是喜之不胜的。本来以你的年龄，现在是要初中毕业才对，因为沦陷，误了你的前程，所以现在才开始念一年级。这未始不是你的损失，所以你应当迎头赶上，以为亡羊补牢。同时更应明白你既从学，将来便是以学谋生，并非如劳力者可以用力为活，你既无力，又成不学无术的人，那么将来社会上崇高的地位，根本没有你的份儿。父母妻子也难以望你养活，就是连你自己的生活，恐怕也要发生问题。许【那】时非但乡党不齿，亲朋窃笑，成为社会上无可用处的人，而自己已是老大悲伤，噬脐莫及哩。所以我不但希望你，要实实在在的悔过，务求现实，不要徒学一些虚伪的前进新名词，同时更希望你默想勤学方面，深自想像（象）其善果如何，以及默想不勤学方面，想像（象）其恶果与影响如何，便能亲自觉悟，毋须他人絮絮不休，你祈猛省，毋忘为要。你的来书字迹，还是潦草欠佳，没有行间，须知写字最要的是行间要整齐，结构要有力，大小通篇如一。你以后可照吾所指令（令）你练的郑孝胥帖勤加练习，刻意临摹。不过要练字须明练字方法，要认真一帖，不可随便更换，写一字不好时，再写多一字，以至能逼肖为止，一划一撇，缓缓临摹，最忌贪快潦草，虚耗笔墨，你祈留心学习为要，因为书法有如人之衣冠，美书法犹如美衣冠一样，你非痛下工（功）夫不可。至于课程方面，犹以英文、国语、作文、算术四科为要科。犹（尤）其前两科乃属语言科，在谋生上更属重要，你至切切勤读用功，勿落人后，至要至要！此学期大考，各科成绩如何，覆信须要详为告知，届时暑假期间，可勿留汕，以省费用，回家温习书字要紧，祈知之。目前阅报载，曾闻浮陇乡有老母会成立后，被政府肃清，但不知当时，岂有乡愚妇女，受其愚骗否？以后对于汕间、乡间或家中有何事故，希为示及是盼，余不尽言，便当续叙。祝你
学业猛进
以后如欲寄邮信，可照上址便妥。

兄树钊手泐 六月初六日，七月廿日寄","英弟：
六月廿日的信，已于本月十一日收到，所说的一切亦皆明白。你能痛改前非，勤奋用功，阿兄是喜之不胜的。本来以你的年龄，现在是要初中毕业才对，因为沦陷，误了你的前程，所以现在才开始念一年级。这未始不是你的损失，所以你应当迎头赶上，以为亡羊补牢。同时更应明白你既从学，将来便是以学谋生，并非如劳力者可以用力为活，你既无力，又成不学无术的人，那么将来社会上崇高的地位，根本没有你的份儿。父母妻子也难以望你养活，就是连你自己的生活，恐怕也要发生问题。许【那】时非但乡党不齿，亲朋窃笑，成为社会上无可用处的人，而自己已是老大悲伤，噬脐莫及哩。所以我不但希望你，要实实在在的悔过，务求现实，不要徒学一些虚伪的前进新名词，同时更希望你默想勤学方面，深自想像（象）其善果如何，以及默想不勤学方面，想像（象）其恶果与影响如何，便能亲自觉悟，毋须他人絮絮不休，你祈猛省，毋忘为要。你的来书字迹，还是潦草欠佳，没有行间，须知写字最要的是行间要整齐，结构要有力，大小通篇如一。你以后可照吾所指令（令）你练的郑孝胥帖勤加练习，刻意临摹。不过要练字须明练字方法，要认真一帖，不可随便更换，写一字不好时，再写多一字，以至能逼肖为止，一划一撇，缓缓临摹，最忌贪快潦草，虚耗笔墨，你祈留心学习为要，因为书法有如人之衣冠，美书法犹如美衣冠一样，你非痛下工（功）夫不可。至于课程方面，犹以英文、国语、作文、算术四科为要科。犹（尤）其前两科乃属语言科，在谋生上更属重要，你至切切勤读用功，勿落人后，至要至要！此学期大考，各科成绩如何，覆信须要详为告知，届时暑假期间，可勿留汕，以省费用，回家温习书字要紧，祈知之。目前阅报载，曾闻浮陇乡有老母会成立后，被政府肃清，但不知当时，岂有乡愚妇女，受其愚骗否？以后对于汕间、乡间或家中有何事故，希为示及是盼，余不尽言，便当续叙。祝你
学业猛进
以后如欲寄邮信，可照上址便妥。",807,5,21,叻宋树钊,澄邑下蓬英弟,,sibling,sibling_or_same_generation_kin,兄；弟；妻；儿,邑下蓬英弟；英弟；阿兄；有你的份儿；父母妻；陇乡有老母,,,新加坡,广东澄海,新加坡,广东澄海,澄邑->广东澄海；叻->新加坡,新加坡 -> 广东澄海,1,新加坡；广东侨乡,六月初六日、七月廿日（1950）,,1950,1950,六月,初六日,lunar,西历,high,,,,,,,,0,,,,"英弟：
六月廿日的信，已于本月十一日收到，所说的一切亦皆明白。你能痛改前非，勤奋用功，阿兄是喜之不胜的。本来以你的年龄，现在是要初中毕业才对，因为沦陷，误了你的前程，所以现在才开始念一年级。这未始不是你的损失，所以你应当迎头赶上，以为亡羊补牢。同时更应明白你既从学，将来便是以学谋生，并非如劳力者可以用力为活，你既无力，又成不学无术的人，那么将来社会上崇高的地位，根本没有你的份儿。父母妻子也难以望你养活，就是连你自己的生活，恐怕也要发生问题。许【那】时非但乡党不齿，亲朋窃笑，成为社会上无可用处的人，而自己已是老大悲伤，噬脐莫及哩。所以我不但希望你，要实实在在的悔过，务求现实，不要徒学一些虚伪的前进新名词，同时更希望你默想勤学方面，深自想像（象）其善果如何，以及默想不勤学方面，想像（象）其恶果与影响如何，便能亲自觉悟，毋须他人絮絮不休，你祈猛省，毋忘为要。你的来书字迹，还是潦草欠佳，没有行间，须知写字最要的是行间要整齐，结构要有力，大小通篇如一。你以后可照吾所指令（令）你练的郑孝胥帖勤加练习，刻意临摹。不过要练字须明练字方法，要认真一帖，不可随便更换，写一字不好时，再写多一字，以至能逼肖为止，一划一撇，缓缓临摹，最忌贪快潦草，虚耗笔墨，你祈留心学习为要，因为书法有如人之衣冠，美书法犹如美衣冠一样，你非痛下工（功）夫不可。至于课程方面，犹以英文、国语、作文、算术四科为要科。犹（尤）其前两科乃属语言科，在谋生上更属重要，你至切切勤读用功，勿落人后，至要至要！此学期大考，各科成绩如何，覆信须要详为告知，届时暑假期间，可勿留汕，以省费用，回家温习书字要紧，祈知之。目前阅报载，曾闻浮陇乡有老母会成立后，被政府肃清，但不知当时，岂有乡愚妇女，受其愚骗否？以后对于汕间、乡间或家中有何事故，希为示及是盼，余不尽言，便当续叙。祝你
学业猛进
以后如欲寄邮信，可照上址便妥。",,同时更应明白你既从学，将来便是以学谋生，并非如劳力者可以用力为活，你既无力，又成不学无术的人，那么将来社会上崇高的地位，根本没有你的份儿。；父母妻子也难以望你养活，就是连你自己的生活，恐怕也要发生问题。,所以我不但希望你，要实实在在的悔过，务求现实，不要徒学一些虚伪的前进新名词，同时更希望你默想勤学方面，深自想像（象）其善果如何，以及默想不勤学方面，想像（象）其恶果与影响如何，便能亲自觉悟，毋须他人絮絮不休，你祈猛省，毋忘为要。；你的来书字迹，还是潦草欠佳，没有行间，须知写字最要的是行间要整齐，结构要有力，大小通篇如一。,,,,,,1,0,0,1,1,0,0,1,1,1,0,instruction,family_affection;instruction;study;debt;marriage;funeral,,,,愚；儿；弟,祈；不胜；毋须,,,,须；不可,愚；儿；弟；祈；不胜；毋须,2,所以我不但希望你，要实实在在的悔过，务求现实，不要徒学一些虚伪的前进新名词，同时更希望你默想勤学方面，深自想像（象）其善果如何，以及默想不勤学方面，想像（象）其恶果与影响如何，便能亲自觉悟，毋须他人絮絮不休，你祈猛省，毋忘为要。；你的来书字迹，还是潦草欠佳，没有行间，须知写字最要的是行间要整齐，结构要有力，大小通篇如一。,,,,同时更应明白你既从学，将来便是以学谋生，并非如劳力者可以用力为活，你既无力，又成不学无术的人，那么将来社会上崇高的地位，根本没有你的份儿。；父母妻子也难以望你养活，就是连你自己的生活，恐怕也要发生问题。,所以我不但希望你，要实实在在的悔过，务求现实，不要徒学一些虚伪的前进新名词，同时更希望你默想勤学方面，深自想像（象）其善果如何，以及默想不勤学方面，想像（象）其恶果与影响如何，便能亲自觉悟，毋须他人絮絮不休，你祈猛省，毋忘为要。；你的来书字迹，还是潦草欠佳，没有行间，须知写字最要的是行间要整齐，结构要有力，大小通篇如一。,,sender=叻宋树钊；recipient=澄邑下蓬英弟；relationship=sibling_or_same_generation_kin；date=六月初六日、七月廿日（1950）；places=澄邑->广东澄海；叻->新加坡；kinship=兄；弟；妻；儿,"六月初六日、七月廿日（1950），叻宋树钊寄澄邑下蓬英弟
叻宋树钊
澄邑下蓬英弟
六月初六日、七月廿日（1950）
澄邑->广东澄海；叻->新加坡
family_affection;instruction;study;debt;marriage;funeral
英弟：
六月廿日的信，已于本月十一日收到，所说的一切亦皆明白。你能痛改前非，勤奋用功，阿兄是喜之不胜的。本来以你的年龄，现在是要初中毕业才对，因为沦陷，误了你的前程，所以现在才开始念一年级。这未始不是你的损失，所以你应当迎头赶上，以为亡羊补牢。同时更应明白你既从学，将来便是以学谋生，并非如劳力者可以用力为活，你既无力，又成不学无术的人，那么将来社会上崇高的地位，根本没有你的份儿。父母妻子也难以望你养活，就是连你自己的生活，恐怕也要发生问题。许【那】时非但乡党不齿，亲朋窃笑，成为社会上无可用处的人，而自己已是老大悲伤，噬脐莫及哩。所以我不但希望你，要实实在在的悔过，务求现实，不要徒学一些虚伪的前进新名词，同时更希望你默想勤学方面，深自想像（象）其善果如何，以及默想不勤学方面，想像（象）其恶果与影响如何，便能亲自觉悟，毋须他人絮絮不休，你祈猛省，毋忘为要。你的来书字迹，还是潦草欠佳，没有行间，须知写字最要的是行间要整齐，结构要有力，大小通篇如一。你以后可照吾所指令（令）你练的郑孝胥帖勤加练习，刻意临摹。不过要练字须明练字方法，要认真一帖，不可随便更换，写一字不好时，再写多一字，以至能逼肖为止，一划一撇，缓缓临摹，最忌贪快潦草，虚耗笔墨，你祈留心学习为要，因为书法有如人之衣冠，美书法犹如美衣冠一样，你非痛下工（功）夫不可。至于课程方面，犹以英文、国语、作文、算术四科为要科。犹（尤）其前两科乃属语言科，在谋生上更属重要，你至切切勤读用功，勿落人后，至要至要！此学期大考，各科成绩如何，覆信须要详为告知，届时暑假期间，可勿留汕，以省费用，回家温习书字要紧，祈知之。目前阅报载，曾闻浮陇乡有老母会成立后，被政府肃清，但不知当时，岂有乡愚妇女，受其愚骗否？以后对于汕间、乡间或家中有何事故，希为示及是盼，余不尽言，便当续叙。祝你
学业猛进
以后如欲寄邮信，可照上址便妥。",题名：六月初六日、七月廿日（1950），叻宋树钊寄澄邑下蓬英弟；寄批人：叻宋树钊；收批人：澄邑下蓬英弟；日期：六月初六日、七月廿日（1950）；主题：family_affection;instruction;study;debt;marriage;funeral；正文摘录：英弟：六月廿日的信，已于本月十一日收到，所说的一切亦皆明白。你能痛改前非，勤奋用功，阿兄是喜之不胜的。本来以你的年龄，现在是要初中毕业才对，因为沦陷，误了你的前程，所以现在才开始念一年级。这未始不是你的损失，所以你应当迎头赶上，以为亡羊补牢,六月初六日、七月廿日（1950）,叻宋树钊,澄邑下蓬英弟,785,0,宋树钊,下蓬英弟,妻,medium,广东澄海；新加坡,[],六月初六日、七月廿日（1950），叻宋树钊寄澄邑下蓬英弟；叻宋树钊；澄邑下蓬英弟；宋树钊；下蓬英弟；兄；弟；妻；儿；广东澄海；新加坡；family_affection；instruction；study；debt；marriage；funeral；澄海；澄邑；广东；六月；初六；七月；廿日；寄澄邑；下蓬；英弟；family；affection；不胜；毋须；本月；十一日；收到；所说；明白；痛改前非；勤奋；用功；阿兄；本来；年龄；现在；初中；毕业；因为；沦陷；前程；所以；开始；一年级；未始；不是；损失；应当；迎头赶上；以为；亡羊补牢；同时；更应；从学；将来；便是；以学；谋生；并非；劳力；可以；用力；为活；无力；不学无术；那么；社会；崇高；地位；根本；没有；份儿；父母
CSQP-SFHC-TEXT-151,151,（约1950）［叻宋树钊］寄［澄邑下蓬］英弟,pdf_pages=199-201；book_pages=170-172,1,needs_review,1,"学书要诀
姿势：坐正直，两肩平，胸张腹挺，右手握管，左手放于桌之左侧，所谓正心、正身、正纸即作书前最佳之态度也。
执笔：指实掌虚，为执笔之要法，指实则筋力均，掌虚则运用易，作楷书指距笔头约一寸以上，行书及草书宜稍远，执笔须坚，书写时五指齐用力，助之以肘腕，学时宜知之。
运腕：对运指言，运指作书，笔锋虽到，弱而无力，以腕运笔，身力易于奔赴腕间，使字体丰匀沉劲，此作书所以悬腕，为第一要务也。
意态：落笔作书，忌太肥，肥则质浊，又忌太瘦，瘦则形枯，必也骨肉并有，方圆互用，乃为上乘。楷书似文人，草书如武将，行书介乎二者之间，此不可不知也。
临摹：临摹为二事，前者系放帖于桌，或悬于壁间，视其字势之行运，通其笔画之疏密，专心对临，传其神情妙处。后者则用透明薄纸，覆于帖上，摹字之点画位置，尽肖之，但摹书易得位置，而多失笔意，临书多得笔意，而多失位置。摹易立，临易进，摹求形质，临求精神，初学宜双管齐下也。
鉴赏：悬名书于壁，或乘暇取帖鉴赏其字，超逸高致之风度，威武不屈之精神，藉资陶冶，亦聊以增进书法之见识也。
英弟：以上乃学书所必要知的方法，你可照此法细心研究，刻意用功，久而久之，自有进步之日，你祈勉之。

书信应以简洁通顺为本，拖泥带水是要不得的。书中有×符号的是应该删去的，他如不能通信漏一通字，批评写作，批许闻之一定快乐，应该多一快字。练字最要的是行间要正，结构要佳，初学书一划一撇，都应缓缓照样临摹，潦草不得，方有进步。非至楷书有相当基础，始可学快，不然，定徒耗纸笔，永无进步的。例如你书中精神的神字，劳动者的劳字，过得好的好字，活泼的泼字，想吾兄的想字，与兄字亦字等，完全不成字体。写字是以写得好为佳，并不是以写得快为快，你应该要矫正此弊为要。
    兹将各字校正如左：精神劳好泼想兄亦，精神劳好泼想兄亦。
    写字是应该要练好楷书之后，始可学草的，祈知注意为要。","学书要诀
姿势：坐正直，两肩平，胸张腹挺，右手握管，左手放于桌之左侧，所谓正心、正身、正纸即作书前最佳之态度也。
执笔：指实掌虚，为执笔之要法，指实则筋力均，掌虚则运用易，作楷书指距笔头约一寸以上，行书及草书宜稍远，执笔须坚，书写时五指齐用力，助之以肘腕，学时宜知之。
运腕：对运指言，运指作书，笔锋虽到，弱而无力，以腕运笔，身力易于奔赴腕间，使字体丰匀沉劲，此作书所以悬腕，为第一要务也。
意态：落笔作书，忌太肥，肥则质浊，又忌太瘦，瘦则形枯，必也骨肉并有，方圆互用，乃为上乘。楷书似文人，草书如武将，行书介乎二者之间，此不可不知也。
临摹：临摹为二事，前者系放帖于桌，或悬于壁间，视其字势之行运，通其笔画之疏密，专心对临，传其神情妙处。后者则用透明薄纸，覆于帖上，摹字之点画位置，尽肖之，但摹书易得位置，而多失笔意，临书多得笔意，而多失位置。摹易立，临易进，摹求形质，临求精神，初学宜双管齐下也。
鉴赏：悬名书于壁，或乘暇取帖鉴赏其字，超逸高致之风度，威武不屈之精神，藉资陶冶，亦聊以增进书法之见识也。
英弟：以上乃学书所必要知的方法，你可照此法细心研究，刻意用功，久而久之，自有进步之日，你祈勉之。

书信应以简洁通顺为本，拖泥带水是要不得的。书中有×符号的是应该删去的，他如不能通信漏一通字，批评写作，批许闻之一定快乐，应该多一快字。练字最要的是行间要正，结构要佳，初学书一划一撇，都应缓缓照样临摹，潦草不得，方有进步。非至楷书有相当基础，始可学快，不然，定徒耗纸笔，永无进步的。例如你书中精神的神字，劳动者的劳字，过得好的好字，活泼的泼字，想吾兄的想字，与兄字亦字等，完全不成字体。写字是以写得好为佳，并不是以写得快为快，你应该要矫正此弊为要。
兹将各字校正如左：精神劳好泼想兄亦，精神劳好泼想兄亦。
写字是应该要练好楷书之后，始可学草的，祈知注意为要。","学书要诀
姿势：坐正直，两肩平，胸张腹挺，右手握管，左手放于桌之左侧，所谓正心、正身、正纸即作书前最佳之态度也。
执笔：指实掌虚，为执笔之要法，指实则筋力均，掌虚则运用易，作楷书指距笔头约一寸以上，行书及草书宜稍远，执笔须坚，书写时五指齐用力，助之以肘腕，学时宜知之。
运腕：对运指言，运指作书，笔锋虽到，弱而无力，以腕运笔，身力易于奔赴腕间，使字体丰匀沉劲，此作书所以悬腕，为第一要务也。
意态：落笔作书，忌太肥，肥则质浊，又忌太瘦，瘦则形枯，必也骨肉并有，方圆互用，乃为上乘。楷书似文人，草书如武将，行书介乎二者之间，此不可不知也。
临摹：临摹为二事，前者系放帖于桌，或悬于壁间，视其字势之行运，通其笔画之疏密，专心对临，传其神情妙处。后者则用透明薄纸，覆于帖上，摹字之点画位置，尽肖之，但摹书易得位置，而多失笔意，临书多得笔意，而多失位置。摹易立，临易进，摹求形质，临求精神，初学宜双管齐下也。
鉴赏：悬名书于壁，或乘暇取帖鉴赏其字，超逸高致之风度，威武不屈之精神，藉资陶冶，亦聊以增进书法之见识也。
英弟：以上乃学书所必要知的方法，你可照此法细心研究，刻意用功，久而久之，自有进步之日，你祈勉之。

书信应以简洁通顺为本，拖泥带水是要不得的。书中有×符号的是应该删去的，他如不能通信漏一通字，批评写作，批许闻之一定快乐，应该多一快字。练字最要的是行间要正，结构要佳，初学书一划一撇，都应缓缓照样临摹，潦草不得，方有进步。非至楷书有相当基础，始可学快，不然，定徒耗纸笔，永无进步的。例如你书中精神的神字，劳动者的劳字，过得好的好字，活泼的泼字，想吾兄的想字，与兄字亦字等，完全不成字体。写字是以写得好为佳，并不是以写得快为快，你应该要矫正此弊为要。
兹将各字校正如左：精神劳好泼想兄亦，精神劳好泼想兄亦。
写字是应该要练好楷书之后，始可学草的，祈知注意为要。","学书要诀
姿势：坐正直，两肩平，胸张腹挺，右手握管，左手放于桌之左侧，所谓正心、正身、正纸即作书前最佳之态度也。
执笔：指实掌虚，为执笔之要法，指实则筋力均，掌虚则运用易，作楷书指距笔头约一寸以上，行书及草书宜稍远，执笔须坚，书写时五指齐用力，助之以肘腕，学时宜知之。
运腕：对运指言，运指作书，笔锋虽到，弱而无力，以腕运笔，身力易于奔赴腕间，使字体丰匀沉劲，此作书所以悬腕，为第一要务也。
意态：落笔作书，忌太肥，肥则质浊，又忌太瘦，瘦则形枯，必也骨肉并有，方圆互用，乃为上乘。楷书似文人，草书如武将，行书介乎二者之间，此不可不知也。
临摹：临摹为二事，前者系放帖于桌，或悬于壁间，视其字势之行运，通其笔画之疏密，专心对临，传其神情妙处。后者则用透明薄纸，覆于帖上，摹字之点画位置，尽肖之，但摹书易得位置，而多失笔意，临书多得笔意，而多失位置。摹易立，临易进，摹求形质，临求精神，初学宜双管齐下也。
鉴赏：悬名书于壁，或乘暇取帖鉴赏其字，超逸高致之风度，威武不屈之精神，藉资陶冶，亦聊以增进书法之见识也。
英弟：以上乃学书所必要知的方法，你可照此法细心研究，刻意用功，久而久之，自有进步之日，你祈勉之。
书信应以简洁通顺为本，拖泥带水是要不得的。书中有×符号的是应该删去的，他如不能通信漏一通字，批评写作，批许闻之一定快乐，应该多一快字。练字最要的是行间要正，结构要佳，初学书一划一撇，都应缓缓照样临摹，潦草不得，方有进步。非至楷书有相当基础，始可学快，不然，定徒耗纸笔，永无进步的。例如你书中精神的神字，劳动者的劳字，过得好的好字，活泼的泼字，想吾兄的想字，与兄字亦字等，完全不成字体。写字是以写得好为佳，并不是以写得快为快，你应该要矫正此弊为要。
兹将各字校正如左：精神劳好泼想兄亦，精神劳好泼想兄亦。
写字是应该要练好楷书之后，始可学草的，祈知注意为要。",782,11,19,（约1950）［叻宋树钊］,［澄邑下蓬］英弟,,sibling,sibling_or_same_generation_kin,兄；弟,英弟；想吾兄；与兄；劳好泼想兄,,,新加坡,广东澄海,新加坡,广东澄海,澄邑->广东澄海,新加坡 -> 广东澄海,1,新加坡；广东侨乡,,,,,,,solar,,,,,,,,,,0,,,,"学书要诀
姿势：坐正直，两肩平，胸张腹挺，右手握管，左手放于桌之左侧，所谓正心、正身、正纸即作书前最佳之态度也。
执笔：指实掌虚，为执笔之要法，指实则筋力均，掌虚则运用易，作楷书指距笔头约一寸以上，行书及草书宜稍远，执笔须坚，书写时五指齐用力，助之以肘腕，学时宜知之。
运腕：对运指言，运指作书，笔锋虽到，弱而无力，以腕运笔，身力易于奔赴腕间，使字体丰匀沉劲，此作书所以悬腕，为第一要务也。
意态：落笔作书，忌太肥，肥则质浊，又忌太瘦，瘦则形枯，必也骨肉并有，方圆互用，乃为上乘。楷书似文人，草书如武将，行书介乎二者之间，此不可不知也。
临摹：临摹为二事，前者系放帖于桌，或悬于壁间，视其字势之行运，通其笔画之疏密，专心对临，传其神情妙处。后者则用透明薄纸，覆于帖上，摹字之点画位置，尽肖之，但摹书易得位置，而多失笔意，临书多得笔意，而多失位置。摹易立，临易进，摹求形质，临求精神，初学宜双管齐下也。
鉴赏：悬名书于壁，或乘暇取帖鉴赏其字，超逸高致之风度，威武不屈之精神，藉资陶冶，亦聊以增进书法之见识也。
英弟：以上乃学书所必要知的方法，你可照此法细心研究，刻意用功，久而久之，自有进步之日，你祈勉之。
书信应以简洁通顺为本，拖泥带水是要不得的。书中有×符号的是应该删去的，他如不能通信漏一通字，批评写作，批许闻之一定快乐，应该多一快字。练字最要的是行间要正，结构要佳，初学书一划一撇，都应缓缓照样临摹，潦草不得，方有进步。非至楷书有相当基础，始可学快，不然，定徒耗纸笔，永无进步的。例如你书中精神的神字，劳动者的劳字，过得好的好字，活泼的泼字，想吾兄的想字，与兄字亦字等，完全不成字体。写字是以写得好为佳，并不是以写得快为快，你应该要矫正此弊为要。
兹将各字校正如左：精神劳好泼想兄亦，精神劳好泼想兄亦。
写字是应该要练好楷书之后，始可学草的，祈知注意为要。",,,执笔：指实掌虚，为执笔之要法，指实则筋力均，掌虚则运用易，作楷书指距笔头约一寸以上，行书及草书宜稍远，执笔须坚，书写时五指齐用力，助之以肘腕，学时宜知之。；楷书似文人，草书如武将，行书介乎二者之间，此不可不知也。,,,,,,0,0,0,1,0,0,0,0,0,1,0,instruction,instruction;funeral,,,,弟,兹；祈,,,,须；不可,弟；兹；祈,1,执笔：指实掌虚，为执笔之要法，指实则筋力均，掌虚则运用易，作楷书指距笔头约一寸以上，行书及草书宜稍远，执笔须坚，书写时五指齐用力，助之以肘腕，学时宜知之。；楷书似文人，草书如武将，行书介乎二者之间，此不可不知也。,,,,,执笔：指实掌虚，为执笔之要法，指实则筋力均，掌虚则运用易，作楷书指距笔头约一寸以上，行书及草书宜稍远，执笔须坚，书写时五指齐用力，助之以肘腕，学时宜知之。；楷书似文人，草书如武将，行书介乎二者之间，此不可不知也。,,sender=（约1950）［叻宋树钊］；recipient=［澄邑下蓬］英弟；relationship=sibling_or_same_generation_kin；places=澄邑->广东澄海；kinship=兄；弟,"（约1950）［叻宋树钊］寄［澄邑下蓬］英弟
（约1950）［叻宋树钊］
［澄邑下蓬］英弟
澄邑->广东澄海
instruction;funeral
学书要诀
姿势：坐正直，两肩平，胸张腹挺，右手握管，左手放于桌之左侧，所谓正心、正身、正纸即作书前最佳之态度也。
执笔：指实掌虚，为执笔之要法，指实则筋力均，掌虚则运用易，作楷书指距笔头约一寸以上，行书及草书宜稍远，执笔须坚，书写时五指齐用力，助之以肘腕，学时宜知之。
运腕：对运指言，运指作书，笔锋虽到，弱而无力，以腕运笔，身力易于奔赴腕间，使字体丰匀沉劲，此作书所以悬腕，为第一要务也。
意态：落笔作书，忌太肥，肥则质浊，又忌太瘦，瘦则形枯，必也骨肉并有，方圆互用，乃为上乘。楷书似文人，草书如武将，行书介乎二者之间，此不可不知也。
临摹：临摹为二事，前者系放帖于桌，或悬于壁间，视其字势之行运，通其笔画之疏密，专心对临，传其神情妙处。后者则用透明薄纸，覆于帖上，摹字之点画位置，尽肖之，但摹书易得位置，而多失笔意，临书多得笔意，而多失位置。摹易立，临易进，摹求形质，临求精神，初学宜双管齐下也。
鉴赏：悬名书于壁，或乘暇取帖鉴赏其字，超逸高致之风度，威武不屈之精神，藉资陶冶，亦聊以增进书法之见识也。
英弟：以上乃学书所必要知的方法，你可照此法细心研究，刻意用功，久而久之，自有进步之日，你祈勉之。
书信应以简洁通顺为本，拖泥带水是要不得的。书中有×符号的是应该删去的，他如不能通信漏一通字，批评写作，批许闻之一定快乐，应该多一快字。练字最要的是行间要正，结构要佳，初学书一划一撇，都应缓缓照样临摹，潦草不得，方有进步。非至楷书有相当基础，始可学快，不然，定徒耗纸笔，永无进步的。例如你书中精神的神字，劳动者的劳字，过得好的好字，活泼的泼字，想吾兄的想字，与兄字亦字等，完全不成字体。写字是以写得好为佳，并不是以写得快为快，你应该要矫正此弊为要。
兹将各字校正如左：精神劳好泼想兄亦，精神劳好泼想兄亦。
写字是应该要练好楷书之后，始可学草的，祈知注意为要。",题名：（约1950）［叻宋树钊］寄［澄邑下蓬］英弟；寄批人：（约1950）［叻宋树钊］；收批人：［澄邑下蓬］英弟；主题：instruction;funeral；正文摘录：学书要诀姿势：坐正直，两肩平，胸张腹挺，右手握管，左手放于桌之左侧，所谓正心、正身、正纸即作书前最佳之态度也。执笔：指实掌虚，为执笔之要法，指实则筋力均，掌虚则运用易，作楷书指距笔头约一寸以上，行书及草书宜稍远，执笔须坚，书写时五指齐用力，,,（约1950）［叻宋树钊］,［澄邑下蓬］英弟,771,0,（约1950）［叻宋树钊］,英弟,兄,medium,广东澄海；新加坡,[],（约1950）［叻宋树钊］寄［澄邑下蓬］英弟；（约1950）［叻宋树钊］；［澄邑下蓬］英弟；英弟；兄；弟；广东澄海；新加坡；instruction；funeral；澄海；澄邑；广东；宋树钊；下蓬；学书；要诀；姿势；正直；两肩；胸张；右手；握管；左手；放于；左侧；所谓；正身；正纸；作书前；最佳；态度；执笔；指实；掌虚；之要；实则；筋力；掌虚则；运用；楷书；指距；笔头；一寸；以上；行书；草书；稍远；须坚；书写；五指；用力；助之以；肘腕；时宜；知之；运腕；对运；指言；运指；作书；笔锋；虽到；无力；以腕；运笔；身力；易于；奔赴；腕间；字体；丰匀；沉劲；此作书；所以；悬腕；第一；要务；意态；落笔
CSQP-SFHC-TEXT-152,152,六月十一日（1950），叻廖仕禄寄潮安大寨家慈亲大人,pdf_pages=202；book_pages=173,1,medium,0,"寄批人：叻廖仕禄
收批人：潮安大寨家慈亲大人
批款：港币壹佰元
日期：六月十一日

慈亲大人尊前：
    谨禀者，久违慈颜，时深远念。昨接来谕，知悉大人玉体违和，不胜念甚，想定必吉人天相，早占勿药之喜。儿媳远别重洋，未获晨昏定省，请大人恕儿媳不孝之罪。刻逢轮船返国之便，奉上港币壹佰元，以作应用。小儿潮锦，未卜刻下痊愈否？切为请医调治。余候后禀。专此，顺请
福安

叻儿仕禄谨禀
六月十一日","寄批人：叻廖仕禄
收批人：潮安大寨家慈亲大人
批款：港币壹佰元
日期：六月十一日

慈亲大人尊前：
谨禀者，久违慈颜，时深远念。昨接来谕，知悉大人玉体违和，不胜念甚，想定必吉人天相，早占勿药之喜。儿媳远别重洋，未获晨昏定省，请大人恕儿媳不孝之罪。刻逢轮船返国之便，奉上港币壹佰元，以作应用。小儿潮锦，未卜刻下痊愈否？切为请医调治。余候后禀。专此，顺请
福安

叻儿仕禄谨禀
六月十一日","慈亲大人尊前：
谨禀者，久违慈颜，时深远念。昨接来谕，知悉大人玉体违和，不胜念甚，想定必吉人天相，早占勿药之喜。儿媳远别重洋，未获晨昏定省，请大人恕儿媳不孝之罪。刻逢轮船返国之便，奉上港币壹佰元，以作应用。小儿潮锦，未卜刻下痊愈否？切为请医调治。余候后禀。专此，顺请
福安

叻儿仕禄谨禀
六月十一日","谨禀者，久违慈颜，时深远念。昨接来谕，知悉大人玉体违和，不胜念甚，想定必吉人天相，早占勿药之喜。儿媳远别重洋，未获晨昏定省，请大人恕儿媳不孝之罪。刻逢轮船返国之便，奉上港币壹佰元，以作应用。小儿潮锦，未卜刻下痊愈否？切为请医调治。余候后禀。专此，顺请
福安",192,9,12,叻廖仕禄,潮安大寨家慈亲大人,child,parent,child_to_parent,慈亲；儿；媳,儿媳；请大人恕儿；小儿；叻儿,大人；尊前,儿,新加坡,广东潮安,新加坡,广东潮安,潮安->广东潮安；大寨->广东潮安大寨；叻->新加坡,新加坡 -> 广东潮安,1,新加坡；广东侨乡,六月十一日,"叻儿仕禄谨禀
六月十一日",1950,1950,六月,十一日,solar,西历,high,港币壹佰元,壹佰元,100,港币,刻逢轮船返国之便，奉上港币壹佰元，以作应用。,,,1,慈亲大人尊前：,谨禀者，久违慈颜，时深远念。,,"谨禀者，久违慈颜，时深远念。昨接来谕，知悉大人玉体违和，不胜念甚，想定必吉人天相，早占勿药之喜。儿媳远别重洋，未获晨昏定省，请大人恕儿媳不孝之罪。刻逢轮船返国之便，奉上港币壹佰元，以作应用。小儿潮锦，未卜刻下痊愈否？切为请医调治。余候后禀。专此，顺请
福安",,儿媳远别重洋，未获晨昏定省，请大人恕儿媳不孝之罪。；小儿潮锦，未卜刻下痊愈否？,,,谨禀,"叻儿仕禄谨禀
六月十一日",叻儿仕禄谨禀,,1,1,0,0,0,0,0,0,1,0,0,family_affection,family_affection;remittance;marriage,禀者；尊前,谨禀,大人；尊前；福安,小儿；儿；谨,奉；不胜,尊前；谨禀；福安,奉上,,,禀者；尊前；谨禀；大人；福安；小儿；儿；谨；奉；不胜,3,"慈亲大人尊前：
谨禀者，久违慈颜，时深远念。
刻逢轮船返国之便，奉上港币壹佰元，以作应用。
叻儿仕禄谨禀",慈亲大人尊前：,,刻逢轮船返国之便，奉上港币壹佰元，以作应用。,儿媳远别重洋，未获晨昏定省，请大人恕儿媳不孝之罪。；小儿潮锦，未卜刻下痊愈否？,,叻儿仕禄谨禀,sender=叻廖仕禄；recipient=潮安大寨家慈亲大人；relationship=child_to_parent；date=六月十一日；money=壹佰元；currency=港币；places=潮安->广东潮安；大寨->广东潮安大寨；叻->新加坡；kinship=慈亲；儿；媳,"六月十一日（1950），叻廖仕禄寄潮安大寨家慈亲大人
叻廖仕禄
潮安大寨家慈亲大人
六月十一日
港币壹佰元
潮安->广东潮安；大寨->广东潮安大寨；叻->新加坡
family_affection;remittance;marriage
谨禀者，久违慈颜，时深远念。昨接来谕，知悉大人玉体违和，不胜念甚，想定必吉人天相，早占勿药之喜。儿媳远别重洋，未获晨昏定省，请大人恕儿媳不孝之罪。刻逢轮船返国之便，奉上港币壹佰元，以作应用。小儿潮锦，未卜刻下痊愈否？切为请医调治。余候后禀。专此，顺请
福安",题名：六月十一日（1950），叻廖仕禄寄潮安大寨家慈亲大人；寄批人：叻廖仕禄；收批人：潮安大寨家慈亲大人；日期：六月十一日；汇款：港币壹佰元；主题：family_affection;remittance;marriage；正文摘录：谨禀者，久违慈颜，时深远念。昨接来谕，知悉大人玉体违和，不胜念甚，想定必吉人天相，早占勿药之喜。儿媳远别重洋，未获晨昏定省，请大人恕儿媳不孝之罪。刻逢轮船返国之便，奉上港币壹佰元，以作应用。小儿潮锦，未卜刻下痊愈否？切为请医调治。余候后禀。,六月十一日（1950）,叻廖仕禄,潮安大寨家慈亲大人,127,0,廖仕禄,慈亲,慈亲,high,广东潮安；广东潮安大寨；新加坡,"[{""record_id"": ""CSQP-SFHC-TEXT-152"", ""raw_text"": ""港币壹佰元"", ""amount_text"": ""壹佰元"", ""amount_number"": 100, ""currency"": ""港币"", ""sentence"": ""批款：港币壹佰元"", ""is_primary_candidate"": true, ""source_field"": ""body_clean""}, {""record_id"": ""CSQP-SFHC-TEXT-152"", ""raw_text"": ""港币壹佰元"", ""amount_text"": ""壹佰元"", ""amount_number"": 100, ""currency"": ""港币"", ""sentence"": ""刻逢轮船返国之便，奉上港币壹佰元，以作应用。"", ""is_primary_candidate"": false, ""source_field"": ""body_clean""}]",六月十一日（1950），叻廖仕禄寄潮安大寨家慈亲大人；叻廖仕禄；潮安大寨家慈亲大人；廖仕禄；慈亲；儿；媳；广东潮安；广东潮安大寨；新加坡；港币壹佰元；港币；family_affection；remittance；marriage；潮安；大寨；广东；元；尊前；谨禀；福安；六月；十一日；家慈；壹佰元；family；affection；禀者；小儿；不胜；久违；慈颜；深远；昨接；知悉；玉体违；想定；吉人天相；早占勿药；之喜；儿媳；重洋；未获；晨昏定省；不孝；之罪；刻逢；轮船；返国；奉上；以作；应用；潮锦；未卜；刻下；痊愈；切为；请医；调治；余候；顺请
CSQP-SFHC-TEXT-153,153,阴历七月廿六日（1950），麻坡郑裕潮寄潮安县南桂乡家慈亲大人,pdf_pages=203-204；book_pages=174-175,1,needs_review,1,"寄批人：麻坡郑裕潮
收批人：潮安县南桂乡家慈亲大人
批款：港币伍拾元
日期：阴历七月廿六日

慈亲大人尊前膝下：
    敬禀者，久未致候，孺慕殊殷，敬维大人起居佳胜，请多纳福，为颂为祷。男荷蒙福庇，客地粗安，祈免锦注。迩来塘（唐）中，物价谅必已趋隐（稳）定。可知勇父日来，尚有批至家否？兹顺于此信内夹上一信，可请外祖母代寄给勇父，盖因现刻之回批，都有正副两封，男因恐大人缮写之困难，用特将欲寄与勇父之信，照样写成两张，其中用墨笔写者，可寄与勇父为慰。兹顺奉上港币伍拾元，至祈查收。肃此奉禀，敬请
金安

男郑裕潮谨上
阴历七月廿六日","寄批人：麻坡郑裕潮
收批人：潮安县南桂乡家慈亲大人
批款：港币伍拾元
日期：阴历七月廿六日

慈亲大人尊前膝下：
敬禀者，久未致候，孺慕殊殷，敬维大人起居佳胜，请多纳福，为颂为祷。男荷蒙福庇，客地粗安，祈免锦注。迩来塘（唐）中，物价谅必已趋隐（稳）定。可知勇父日来，尚有批至家否？兹顺于此信内夹上一信，可请外祖母代寄给勇父，盖因现刻之回批，都有正副两封，男因恐大人缮写之困难，用特将欲寄与勇父之信，照样写成两张，其中用墨笔写者，可寄与勇父为慰。兹顺奉上港币伍拾元，至祈查收。肃此奉禀，敬请
金安

男郑裕潮谨上
阴历七月廿六日","慈亲大人尊前膝下：
敬禀者，久未致候，孺慕殊殷，敬维大人起居佳胜，请多纳福，为颂为祷。男荷蒙福庇，客地粗安，祈免锦注。迩来塘（唐）中，物价谅必已趋隐（稳）定。可知勇父日来，尚有批至家否？兹顺于此信内夹上一信，可请外祖母代寄给勇父，盖因现刻之回批，都有正副两封，男因恐大人缮写之困难，用特将欲寄与勇父之信，照样写成两张，其中用墨笔写者，可寄与勇父为慰。兹顺奉上港币伍拾元，至祈查收。肃此奉禀，敬请
金安

男郑裕潮谨上
阴历七月廿六日","敬禀者，久未致候，孺慕殊殷，敬维大人起居佳胜，请多纳福，为颂为祷。男荷蒙福庇，客地粗安，祈免锦注。迩来塘（唐）中，物价谅必已趋隐（稳）定。可知勇父日来，尚有批至家否？兹顺于此信内夹上一信，可请外祖母代寄给勇父，盖因现刻之回批，都有正副两封，男因恐大人缮写之困难，用特将欲寄与勇父之信，照样写成两张，其中用墨笔写者，可寄与勇父为慰。兹顺奉上港币伍拾元，至祈查收。肃此奉禀，敬请
金安",263,9,11,麻坡郑裕潮,潮安县南桂乡家慈亲大人,child,parent,child_to_parent,慈亲；祖母；外祖母；男,可知勇父；可请外祖母；代寄给勇父；欲寄与勇父；可寄与勇父,大人；尊前；膝下,男,,广东潮安,,广东潮安,潮安->广东潮安,广东潮安,0,广东侨乡,阴历七月廿六日,"男郑裕潮谨上
阴历七月廿六日",1950,1950,七月,廿六日,solar,西历,high,港币伍拾元,伍拾元,50,港币,兹顺奉上港币伍拾元，至祈查收。,,兹顺奉上港币伍拾元，至祈查收。,1,慈亲大人尊前膝下：,敬禀者，久未致候，孺慕殊殷，敬维大人起居佳胜，请多纳福，为颂为祷。,敬禀者，久未致候，孺慕殊殷，敬维大人起居佳胜，请多纳福，为颂为祷。,"敬禀者，久未致候，孺慕殊殷，敬维大人起居佳胜，请多纳福，为颂为祷。男荷蒙福庇，客地粗安，祈免锦注。迩来塘（唐）中，物价谅必已趋隐（稳）定。可知勇父日来，尚有批至家否？兹顺于此信内夹上一信，可请外祖母代寄给勇父，盖因现刻之回批，都有正副两封，男因恐大人缮写之困难，用特将欲寄与勇父之信，照样写成两张，其中用墨笔写者，可寄与勇父为慰。兹顺奉上港币伍拾元，至祈查收。肃此奉禀，敬请
金安",敬禀者，久未致候，孺慕殊殷，敬维大人起居佳胜，请多纳福，为颂为祷。,可知勇父日来，尚有批至家否？；兹顺于此信内夹上一信，可请外祖母代寄给勇父，盖因现刻之回批，都有正副两封，男因恐大人缮写之困难，用特将欲寄与勇父之信，照样写成两张，其中用墨笔写者，可寄与勇父为慰。,,,谨上,"男郑裕潮谨上
阴历七月廿六日",男郑裕潮谨上,,1,1,0,0,0,0,0,0,0,0,0,family_affection,family_affection;remittance,敬禀者；禀者；尊前；膝下,谨上,大人；尊前；膝下；金安,谨,兹；祈；谅；荷；奉；盖,敬禀者；膝下；尊前；祈查收；至祈查收；查收；金安,奉上；查收,起居,,敬禀者；禀者；尊前；膝下；谨上；大人；金安；谨；兹；祈；谅；荷；奉；盖；祈查收；至祈查收；查收,3,"慈亲大人尊前膝下：
敬禀者，久未致候，孺慕殊殷，敬维大人起居佳胜，请多纳福，为颂为祷。
兹顺奉上港币伍拾元，至祈查收。
男郑裕潮谨上",慈亲大人尊前膝下：,敬禀者，久未致候，孺慕殊殷，敬维大人起居佳胜，请多纳福，为颂为祷。,兹顺奉上港币伍拾元，至祈查收。,可知勇父日来，尚有批至家否？；兹顺于此信内夹上一信，可请外祖母代寄给勇父，盖因现刻之回批，都有正副两封，男因恐大人缮写之困难，用特将欲寄与勇父之信，照样写成两张，其中用墨笔写者，可寄与勇父为慰。,,男郑裕潮谨上,sender=麻坡郑裕潮；recipient=潮安县南桂乡家慈亲大人；relationship=child_to_parent；date=阴历七月廿六日；money=伍拾元；currency=港币；places=潮安->广东潮安；kinship=慈亲；祖母；外祖母；男,"阴历七月廿六日（1950），麻坡郑裕潮寄潮安县南桂乡家慈亲大人
麻坡郑裕潮
潮安县南桂乡家慈亲大人
阴历七月廿六日
港币伍拾元
潮安->广东潮安
family_affection;remittance
敬禀者，久未致候，孺慕殊殷，敬维大人起居佳胜，请多纳福，为颂为祷。男荷蒙福庇，客地粗安，祈免锦注。迩来塘（唐）中，物价谅必已趋隐（稳）定。可知勇父日来，尚有批至家否？兹顺于此信内夹上一信，可请外祖母代寄给勇父，盖因现刻之回批，都有正副两封，男因恐大人缮写之困难，用特将欲寄与勇父之信，照样写成两张，其中用墨笔写者，可寄与勇父为慰。兹顺奉上港币伍拾元，至祈查收。肃此奉禀，敬请
金安",题名：阴历七月廿六日（1950），麻坡郑裕潮寄潮安县南桂乡家慈亲大人；寄批人：麻坡郑裕潮；收批人：潮安县南桂乡家慈亲大人；日期：阴历七月廿六日；汇款：港币伍拾元；主题：family_affection;remittance；正文摘录：敬禀者，久未致候，孺慕殊殷，敬维大人起居佳胜，请多纳福，为颂为祷。男荷蒙福庇，客地粗安，祈免锦注。迩来塘（唐）中，物价谅必已趋隐（稳）定。可知勇父日来，尚有批至家否？兹顺于此信内夹上一信，可请外祖母代寄给勇父，盖因现刻之回批，都有正副两封，,阴历七月廿六日（1950）,麻坡郑裕潮,潮安县南桂乡家慈亲大人,189,0,麻坡郑裕潮,慈亲,慈亲,high,广东潮安,"[{""record_id"": ""CSQP-SFHC-TEXT-153"", ""raw_text"": ""港币伍拾元"", ""amount_text"": ""伍拾元"", ""amount_number"": 50, ""currency"": ""港币"", ""sentence"": ""批款：港币伍拾元"", ""is_primary_candidate"": true, ""source_field"": ""body_clean""}, {""record_id"": ""CSQP-SFHC-TEXT-153"", ""raw_text"": ""港币伍拾元"", ""amount_text"": ""伍拾元"", ""amount_number"": 50, ""currency"": ""港币"", ""sentence"": ""兹顺奉上港币伍拾元，至祈查收。"", ""is_primary_candidate"": false, ""source_field"": ""body_clean""}]",阴历七月廿六日（1950），麻坡郑裕潮寄潮安县南桂乡家慈亲大人；麻坡郑裕潮；潮安县南桂乡家慈亲大人；慈亲；祖母；外祖母；男；广东潮安；港币伍拾元；港币；family_affection；remittance；潮安；广东；元；敬禀者；膝下；尊前；祈查收；至祈查收；查收；金安；阴历；七月；廿六日；麻坡；郑裕潮；潮安县；南桂乡；家慈；伍拾；family；affection；禀者；谨上；至祈；致候；慕殊；敬维；起居；佳胜；纳福；男荷；蒙福庇；客地；粗安；祈免；锦注；迩来；物价；谅必；趋隐；可知；勇父；日来；尚有；批至家否；顺于；此信；一信；可请；寄给；盖因；现刻；回批；正副；两封；男因；缮写；困难；用特；之信；照样；写成；两张；其中；墨笔；写者；为慰；顺奉
CSQP-SFHC-TEXT-154,154,庚年（1950）十一月初四日，外洋黄居禧寄潮汕岳母大人,pdf_pages=205-206；book_pages=176-177,1,needs_review,1,"岳母大人尊右：
    谨启者，久疏音候，不胜遥念，恭维大人福躬康泰，兴居咸祥为祝。婿自旅外，光阴荏苒，转瞬有年，每思在短时间内即回家园，莫如愿与心违，不克实践，良可浩叹耳。二三年来，只缘儿女绕膝，需费浩繁，致不能按时捷寄，殊深抱愧，知我者伏祈谅之。祥鉴内弟襄者，自合艾失败之后，即下曼哈（谷），图谋生涯，惟因职业难就，故又赋闲无职，去月间再由三老叔令其赴丕，与其帮理店务，未悉曾否呈告一切境遇。若斯良堪惋惜，惟冀大人勿以游子为怀，终有一日鹏程万里耳。婿等客中均托庇无恙，堪以告慰。来年间，或稍得意时，当偕令媛、小儿等一返家里省视大人起居。祈免遥挂为盼。外随港币叁拾元，至日查收。肃此奉禀，敬请
崇安

婿黄居禧谨上
庚年十一月初四日","岳母大人尊右：
谨启者，久疏音候，不胜遥念，恭维大人福躬康泰，兴居咸祥为祝。婿自旅外，光阴荏苒，转瞬有年，每思在短时间内即回家园，莫如愿与心违，不克实践，良可浩叹耳。二三年来，只缘儿女绕膝，需费浩繁，致不能按时捷寄，殊深抱愧，知我者伏祈谅之。祥鉴内弟襄者，自合艾失败之后，即下曼哈（谷），图谋生涯，惟因职业难就，故又赋闲无职，去月间再由三老叔令其赴丕，与其帮理店务，未悉曾否呈告一切境遇。若斯良堪惋惜，惟冀大人勿以游子为怀，终有一日鹏程万里耳。婿等客中均托庇无恙，堪以告慰。来年间，或稍得意时，当偕令媛、小儿等一返家里省视大人起居。祈免遥挂为盼。外随港币叁拾元，至日查收。肃此奉禀，敬请
崇安

婿黄居禧谨上
庚年十一月初四日","岳母大人尊右：
谨启者，久疏音候，不胜遥念，恭维大人福躬康泰，兴居咸祥为祝。婿自旅外，光阴荏苒，转瞬有年，每思在短时间内即回家园，莫如愿与心违，不克实践，良可浩叹耳。二三年来，只缘儿女绕膝，需费浩繁，致不能按时捷寄，殊深抱愧，知我者伏祈谅之。祥鉴内弟襄者，自合艾失败之后，即下曼哈（谷），图谋生涯，惟因职业难就，故又赋闲无职，去月间再由三老叔令其赴丕，与其帮理店务，未悉曾否呈告一切境遇。若斯良堪惋惜，惟冀大人勿以游子为怀，终有一日鹏程万里耳。婿等客中均托庇无恙，堪以告慰。来年间，或稍得意时，当偕令媛、小儿等一返家里省视大人起居。祈免遥挂为盼。外随港币叁拾元，至日查收。肃此奉禀，敬请
崇安

婿黄居禧谨上
庚年十一月初四日","谨启者，久疏音候，不胜遥念，恭维大人福躬康泰，兴居咸祥为祝。婿自旅外，光阴荏苒，转瞬有年，每思在短时间内即回家园，莫如愿与心违，不克实践，良可浩叹耳。二三年来，只缘儿女绕膝，需费浩繁，致不能按时捷寄，殊深抱愧，知我者伏祈谅之。祥鉴内弟襄者，自合艾失败之后，即下曼哈（谷），图谋生涯，惟因职业难就，故又赋闲无职，去月间再由三老叔令其赴丕，与其帮理店务，未悉曾否呈告一切境遇。若斯良堪惋惜，惟冀大人勿以游子为怀，终有一日鹏程万里耳。婿等客中均托庇无恙，堪以告慰。来年间，或稍得意时，当偕令媛、小儿等一返家里省视大人起居。祈免遥挂为盼。外随港币叁拾元，至日查收。肃此奉禀，敬请
崇安",313,5,14,外洋黄居禧,潮汕岳母大人,son_in_law,parent_in_law,son_in_law_to_parent_in_law,岳母；弟；儿；叔,潮汕岳母；岳母；只缘儿；祥鉴内弟；再由三老叔；小儿,大人,婿,海外,广东侨乡,海外,广东侨乡,潮汕->广东侨乡,海外 -> 广东侨乡,1,海外；广东侨乡,庚年（1950）十一月初四日,"婿黄居禧谨上
庚年十一月初四日",1950,1950,十一月,初四日,lunar,干支或传统纪年,high,港币叁拾元,叁拾元,30,港币,外随港币叁拾元，至日查收。,,外随港币叁拾元，至日查收。,1,岳母大人尊右：,谨启者，久疏音候，不胜遥念，恭维大人福躬康泰，兴居咸祥为祝。,来年间，或稍得意时，当偕令媛、小儿等一返家里省视大人起居。,"谨启者，久疏音候，不胜遥念，恭维大人福躬康泰，兴居咸祥为祝。婿自旅外，光阴荏苒，转瞬有年，每思在短时间内即回家园，莫如愿与心违，不克实践，良可浩叹耳。二三年来，只缘儿女绕膝，需费浩繁，致不能按时捷寄，殊深抱愧，知我者伏祈谅之。祥鉴内弟襄者，自合艾失败之后，即下曼哈（谷），图谋生涯，惟因职业难就，故又赋闲无职，去月间再由三老叔令其赴丕，与其帮理店务，未悉曾否呈告一切境遇。若斯良堪惋惜，惟冀大人勿以游子为怀，终有一日鹏程万里耳。婿等客中均托庇无恙，堪以告慰。来年间，或稍得意时，当偕令媛、小儿等一返家里省视大人起居。祈免遥挂为盼。外随港币叁拾元，至日查收。肃此奉禀，敬请
崇安",婿等客中均托庇无恙，堪以告慰。；来年间，或稍得意时，当偕令媛、小儿等一返家里省视大人起居。,岳母大人尊右：；二三年来，只缘儿女绕膝，需费浩繁，致不能按时捷寄，殊深抱愧，知我者伏祈谅之。,,,谨上,"婿黄居禧谨上
庚年十一月初四日",婿黄居禧谨上,,1,1,1,0,0,0,1,0,0,0,0,safety_report,family_affection;remittance;safety;work,启者,谨上；启；托,大人,小儿；儿；弟；谨,祈；谅；奉；惟；不胜,查收,查收,无恙；起居,,启者；谨上；启；托；大人；小儿；儿；弟；谨；祈；谅；奉；惟；不胜；查收,3,"岳母大人尊右：
谨启者，久疏音候，不胜遥念，恭维大人福躬康泰，兴居咸祥为祝。
婿等客中均托庇无恙，堪以告慰。；来年间，或稍得意时，当偕令媛、小儿等一返家里省视大人起居。
外随港币叁拾元，至日查收。
婿黄居禧谨上",岳母大人尊右：,婿等客中均托庇无恙，堪以告慰。；来年间，或稍得意时，当偕令媛、小儿等一返家里省视大人起居。,外随港币叁拾元，至日查收。,岳母大人尊右：；二三年来，只缘儿女绕膝，需费浩繁，致不能按时捷寄，殊深抱愧，知我者伏祈谅之。,,婿黄居禧谨上,sender=外洋黄居禧；recipient=潮汕岳母大人；relationship=son_in_law_to_parent_in_law；date=庚年（1950）十一月初四日；money=叁拾元；currency=港币；places=潮汕->广东侨乡；kinship=岳母；弟；儿；叔,"庚年（1950）十一月初四日，外洋黄居禧寄潮汕岳母大人
外洋黄居禧
潮汕岳母大人
庚年（1950）十一月初四日
港币叁拾元
潮汕->广东侨乡
family_affection;remittance;safety;work
谨启者，久疏音候，不胜遥念，恭维大人福躬康泰，兴居咸祥为祝。婿自旅外，光阴荏苒，转瞬有年，每思在短时间内即回家园，莫如愿与心违，不克实践，良可浩叹耳。二三年来，只缘儿女绕膝，需费浩繁，致不能按时捷寄，殊深抱愧，知我者伏祈谅之。祥鉴内弟襄者，自合艾失败之后，即下曼哈（谷），图谋生涯，惟因职业难就，故又赋闲无职，去月间再由三老叔令其赴丕，与其帮理店务，未悉曾否呈告一切境遇。若斯良堪惋惜，惟冀大人勿以游子为怀，终有一日鹏程万里耳。婿等客中均托庇无恙，堪以告慰。来年间，或稍得意时，当偕令媛、小儿等一返家里省视大人起居。祈免遥挂为盼。外随港币叁拾元，至日查收。肃此奉禀，敬请
崇安",题名：庚年（1950）十一月初四日，外洋黄居禧寄潮汕岳母大人；寄批人：外洋黄居禧；收批人：潮汕岳母大人；日期：庚年（1950）十一月初四日；汇款：港币叁拾元；主题：family_affection;remittance;safety;work；正文摘录：谨启者，久疏音候，不胜遥念，恭维大人福躬康泰，兴居咸祥为祝。婿自旅外，光阴荏苒，转瞬有年，每思在短时间内即回家园，莫如愿与心违，不克实践，良可浩叹耳。二三年来，只缘儿女绕膝，需费浩繁，致不能按时捷寄，殊深抱愧，知我者伏祈谅之。祥鉴内弟襄者，,庚年（1950）十一月初四日,外洋黄居禧,潮汕岳母大人,287,0,黄居禧,岳母,岳母,high,广东侨乡；海外,"[{""record_id"": ""CSQP-SFHC-TEXT-154"", ""raw_text"": ""港币叁拾元"", ""amount_text"": ""叁拾元"", ""amount_number"": 30, ""currency"": ""港币"", ""sentence"": ""外随港币叁拾元，至日查收。"", ""is_primary_candidate"": true, ""source_field"": ""body_clean""}]",庚年（1950）十一月初四日，外洋黄居禧寄潮汕岳母大人；外洋黄居禧；潮汕岳母大人；黄居禧；岳母；弟；儿；叔；广东侨乡；海外；港币叁拾元；港币；family_affection；remittance；safety；work；潮汕；广东；元；查收；庚年；十一月；初四；外洋；侨乡；拾元；family；affection；启者；谨上；小儿；不胜；谨启；疏音候；遥念；恭维；福躬；康泰；兴居；咸祥；旅外；光阴荏苒；转瞬；每思；短时间；内即；家园；如愿；心违；实践；良可；浩叹；二三年；只缘；儿女；绕膝；需费；浩繁；不能；按时；殊深；抱愧；知我者；祈谅；祥鉴；内弟；襄者；自合艾；失败；之后；即下；曼哈；图谋；生涯；惟因；职业；赋闲；无职；三老；叔令
CSQP-SFHC-TEXT-155,155,庚年（1950）十一月初八日，外洋姆寄潮汕二婶,pdf_pages=207；book_pages=178,1,high,0,"书呈
二婶收次：
    径启者，兹适年关在即，特修片函，藉资询候，幸托神天保佑，内外平安，略申告慰。窃自令婿炳桂抵叻之后，不久即生疾病，医药一概（概）损失，须在数佰元之度，该项乃由余及攀河所等为应付，是以家批少寄，即以此之故耳。但炳桂对此似不合意，反对余有怨言何也？至于礼熙侄儿来叻之后，营小生意，损失亦在四五佰之谱，该债迄今尚未清还，但礼熙侄以（已）于八月间荐人京果店任职，未知岂有寄项回家否？祈为示知，尤其攀河现时虽有营作，然为行情关系，生理【生意】寥寥，人息亦有所限。媳妇怀孕约在正月分娩，届时产男或女当再告知可也。兹逢顺便，外附港币三十六元，到祈查收。内计抹送诸人收为腰金，列于下：二婶拾四元，阿昌之子四元，谢渡流贞姨四元，清娇姑四元，才遂姆弍元，老添顺婶弍元，三婶弍元，惠来四婶四元，合共三十六元，祈照信分发乃盼。专此，并候
妆安

庚十一月初八日    姆寄","书呈
二婶收次：
径启者，兹适年关在即，特修片函，藉资询候，幸托神天保佑，内外平安，略申告慰。窃自令婿炳桂抵叻之后，不久即生疾病，医药一概（概）损失，须在数佰元之度，该项乃由余及攀河所等为应付，是以家批少寄，即以此之故耳。但炳桂对此似不合意，反对余有怨言何也？至于礼熙侄儿来叻之后，营小生意，损失亦在四五佰之谱，该债迄今尚未清还，但礼熙侄以（已）于八月间荐人京果店任职，未知岂有寄项回家否？祈为示知，尤其攀河现时虽有营作，然为行情关系，生理【生意】寥寥，人息亦有所限。媳妇怀孕约在正月分娩，届时产男或女当再告知可也。兹逢顺便，外附港币三十六元，到祈查收。内计抹送诸人收为腰金，列于下：二婶拾四元，阿昌之子四元，谢渡流贞姨四元，清娇姑四元，才遂姆弍元，老添顺婶弍元，三婶弍元，惠来四婶四元，合共三十六元，祈照信分发乃盼。专此，并候
妆安

庚十一月初八日 姆寄","书呈
二婶收次：
径启者，兹适年关在即，特修片函，藉资询候，幸托神天保佑，内外平安，略申告慰。窃自令婿炳桂抵叻之后，不久即生疾病，医药一概（概）损失，须在数佰元之度，该项乃由余及攀河所等为应付，是以家批少寄，即以此之故耳。但炳桂对此似不合意，反对余有怨言何也？至于礼熙侄儿来叻之后，营小生意，损失亦在四五佰之谱，该债迄今尚未清还，但礼熙侄以（已）于八月间荐人京果店任职，未知岂有寄项回家否？祈为示知，尤其攀河现时虽有营作，然为行情关系，生理【生意】寥寥，人息亦有所限。媳妇怀孕约在正月分娩，届时产男或女当再告知可也。兹逢顺便，外附港币三十六元，到祈查收。内计抹送诸人收为腰金，列于下：二婶拾四元，阿昌之子四元，谢渡流贞姨四元，清娇姑四元，才遂姆弍元，老添顺婶弍元，三婶弍元，惠来四婶四元，合共三十六元，祈照信分发乃盼。专此，并候
妆安

庚十一月初八日 姆寄","书呈
二婶收次：
径启者，兹适年关在即，特修片函，藉资询候，幸托神天保佑，内外平安，略申告慰。窃自令婿炳桂抵叻之后，不久即生疾病，医药一概（概）损失，须在数佰元之度，该项乃由余及攀河所等为应付，是以家批少寄，即以此之故耳。但炳桂对此似不合意，反对余有怨言何也？至于礼熙侄儿来叻之后，营小生意，损失亦在四五佰之谱，该债迄今尚未清还，但礼熙侄以（已）于八月间荐人京果店任职，未知岂有寄项回家否？祈为示知，尤其攀河现时虽有营作，然为行情关系，生理【生意】寥寥，人息亦有所限。媳妇怀孕约在正月分娩，届时产男或女当再告知可也。兹逢顺便，外附港币三十六元，到祈查收。内计抹送诸人收为腰金，列于下：二婶拾四元，阿昌之子四元，谢渡流贞姨四元，清娇姑四元，才遂姆弍元，老添顺婶弍元，三婶弍元，惠来四婶四元，合共三十六元，祈照信分发乃盼。专此，并候
妆安",379,5,13,外洋姆,潮汕二婶,,elder_relative,younger_to_elder_kin,儿；男；侄；媳；媳妇；婶；姑,潮汕二婶；二婶；至于礼熙侄；但礼熙侄；清娇姑；老添顺婶；三婶；惠来四婶,,,海外,广东侨乡,海外,广东侨乡,潮汕->广东侨乡；叻->新加坡,海外 -> 广东侨乡,1,海外；广东侨乡；新加坡,庚年（1950）十一月初八日,,1950,1950,十一月,初八日,lunar,干支或传统纪年,high,港币三十六元,三十六元,36,港币,兹逢顺便，外附港币三十六元，到祈查收。,,兹逢顺便，外附港币三十六元，到祈查收。,1,,径启者，兹适年关在即，特修片函，藉资询候，幸托神天保佑，内外平安，略申告慰。,径启者，兹适年关在即，特修片函，藉资询候，幸托神天保佑，内外平安，略申告慰。,"书呈
二婶收次：
径启者，兹适年关在即，特修片函，藉资询候，幸托神天保佑，内外平安，略申告慰。窃自令婿炳桂抵叻之后，不久即生疾病，医药一概（概）损失，须在数佰元之度，该项乃由余及攀河所等为应付，是以家批少寄，即以此之故耳。但炳桂对此似不合意，反对余有怨言何也？至于礼熙侄儿来叻之后，营小生意，损失亦在四五佰之谱，该债迄今尚未清还，但礼熙侄以（已）于八月间荐人京果店任职，未知岂有寄项回家否？祈为示知，尤其攀河现时虽有营作，然为行情关系，生理【生意】寥寥，人息亦有所限。媳妇怀孕约在正月分娩，届时产男或女当再告知可也。兹逢顺便，外附港币三十六元，到祈查收。内计抹送诸人收为腰金，列于下：二婶拾四元，阿昌之子四元，谢渡流贞姨四元，清娇姑四元，才遂姆弍元，老添顺婶弍元，三婶弍元，惠来四婶四元，合共三十六元，祈照信分发乃盼。专此，并候
妆安",径启者，兹适年关在即，特修片函，藉资询候，幸托神天保佑，内外平安，略申告慰。,至于礼熙侄儿来叻之后，营小生意，损失亦在四五佰之谱，该债迄今尚未清还，但礼熙侄以（已）于八月间荐人京果店任职，未知岂有寄项回家否？,窃自令婿炳桂抵叻之后，不久即生疾病，医药一概（概）损失，须在数佰元之度，该项乃由余及攀河所等为应付，是以家批少寄，即以此之故耳。；祈为示知，尤其攀河现时虽有营作，然为行情关系，生理【生意】寥寥，人息亦有所限。,,,,,,1,1,1,1,0,1,1,1,1,0,1,instruction,family_affection;remittance;safety;instruction;health;work;debt;marriage;home_building,启者,启；托,,儿,兹；祈,祈查收；查收,查收,平安,须；祈为,启者；启；托；儿；兹；祈；祈查收；查收,2,"径启者，兹适年关在即，特修片函，藉资询候，幸托神天保佑，内外平安，略申告慰。
兹逢顺便，外附港币三十六元，到祈查收。
窃自令婿炳桂抵叻之后，不久即生疾病，医药一概（概）损失，须在数佰元之度，该项乃由余及攀河所等为应付，是以家批少寄，即以此之故耳。；祈为示知，尤其攀河现时虽有营作，然为行情关系，生理【生意】寥寥，人息亦有所限。",径启者，兹适年关在即，特修片函，藉资询候，幸托神天保佑，内外平安，略申告慰。,径启者，兹适年关在即，特修片函，藉资询候，幸托神天保佑，内外平安，略申告慰。,兹逢顺便，外附港币三十六元，到祈查收。,至于礼熙侄儿来叻之后，营小生意，损失亦在四五佰之谱，该债迄今尚未清还，但礼熙侄以（已）于八月间荐人京果店任职，未知岂有寄项回家否？,窃自令婿炳桂抵叻之后，不久即生疾病，医药一概（概）损失，须在数佰元之度，该项乃由余及攀河所等为应付，是以家批少寄，即以此之故耳。；祈为示知，尤其攀河现时虽有营作，然为行情关系，生理【生意】寥寥，人息亦有所限。,,sender=外洋姆；recipient=潮汕二婶；relationship=younger_to_elder_kin；date=庚年（1950）十一月初八日；money=三十六元；currency=港币；places=潮汕->广东侨乡；叻->新加坡；kinship=儿；男；侄；媳；媳妇；婶；姑,"庚年（1950）十一月初八日，外洋姆寄潮汕二婶
外洋姆
潮汕二婶
庚年（1950）十一月初八日
港币三十六元
潮汕->广东侨乡；叻->新加坡
family_affection;remittance;safety;instruction;health;work;debt;marriage;home_building
书呈
二婶收次：
径启者，兹适年关在即，特修片函，藉资询候，幸托神天保佑，内外平安，略申告慰。窃自令婿炳桂抵叻之后，不久即生疾病，医药一概（概）损失，须在数佰元之度，该项乃由余及攀河所等为应付，是以家批少寄，即以此之故耳。但炳桂对此似不合意，反对余有怨言何也？至于礼熙侄儿来叻之后，营小生意，损失亦在四五佰之谱，该债迄今尚未清还，但礼熙侄以（已）于八月间荐人京果店任职，未知岂有寄项回家否？祈为示知，尤其攀河现时虽有营作，然为行情关系，生理【生意】寥寥，人息亦有所限。媳妇怀孕约在正月分娩，届时产男或女当再告知可也。兹逢顺便，外附港币三十六元，到祈查收。内计抹送诸人收为腰金，列于下：二婶拾四元，阿昌之子四元，谢渡流贞姨四元，清娇姑四元，才遂姆弍元，老添顺婶弍元，三婶弍元，惠来四婶四元，合共三十六元，祈照信分发乃盼。专此，并候
妆安",题名：庚年（1950）十一月初八日，外洋姆寄潮汕二婶；寄批人：外洋姆；收批人：潮汕二婶；日期：庚年（1950）十一月初八日；汇款：港币三十六元；主题：family_affection;remittance;safety;instruction;health;work;debt;marriage;home_building；正文摘录：书呈二婶收次：径启者，兹适年关在即，特修片函，藉资询候，幸托神天保佑，内外平安，略申告慰。窃自令婿炳桂抵叻之后，不久即生疾病，医药一概（概）损失，须在数佰元之度，该项乃由余及攀河所等为应付，是以家批少寄，即以此之故耳。但炳桂对此似不合意，反,庚年（1950）十一月初八日,外洋姆,潮汕二婶,364,0,外洋姆,二婶,儿,medium,广东侨乡；新加坡；海外,"[{""record_id"": ""CSQP-SFHC-TEXT-155"", ""raw_text"": ""佰元"", ""amount_text"": ""佰元"", ""amount_number"": 100, ""currency"": ""元"", ""sentence"": ""窃自令婿炳桂抵叻之后，不久即生疾病，医药一概（概）损失，须在数佰元之度，该项乃由余及攀河所等为应付，是以家批少寄，即以此之故耳。"", ""is_primary_candidate"": false, ""source_field"": ""body_clean""}, {""record_id"": ""CSQP-SFHC-TEXT-155"", ""raw_text"": ""港币三十六元"", ""amount_text"": ""三十六元"", ""amount_number"": 36, ""currency"": ""港币"", ""sentence"": ""兹逢顺便，外附港币三十六元，到祈查收。"", ""is_primary_candidate"": true, ""source_field"": ""body_clean""}, {""record_id"": ""CSQP-SFHC-TEXT-155"", ""raw_text"": ""拾四元"", ""amount_text"": ""拾四元"", ""amount_number"": 14, ""currency"": ""元"", ""sentence"": ""内计抹送诸人收为腰金，列于下：二婶拾四元，阿昌之子四元，谢渡流贞姨四元，清娇姑四元，才遂姆弍元，老添顺婶弍元，三婶弍元，惠来四婶四元，合共三十六元，祈照信分发乃盼。"", ""is_primary_candidate"": false, ""source_field"": ""body_clean""}, {""record_id"": ""CSQP-SFHC-TEXT-155"", ""raw_text"": ""四元"", ""amount_text"": ""四元"", ""amount_number"": 4, ""currency"": ""元"", ""sentence"": ""内计抹送诸人收为腰金，列于下：二婶拾四元，阿昌之子四元，谢渡流贞姨四元，清娇姑四元，才遂姆弍元，老添顺婶弍元，三婶弍元，惠来四婶四元，合共三十六元，祈照信分发乃盼。"", ""is_primary_candidate"": false, ""source_field"": ""body_clean""}, {""record_id"": ""CSQP-SFHC-TEXT-155"", ""raw_text"": ""弍元"", ""amount_text"": ""弍元"", ""amount_number"": 2, ""currency"": ""元"", ""sentence"": ""内计抹送诸人收为腰金，列于下：二婶拾四元，阿昌之子四元，谢渡流贞姨四元，清娇姑四元，才遂姆弍元，老添顺婶弍元，三婶弍元，惠来四婶四元，合共三十六元，祈照信分发乃盼。"", ""is_primary_candidate"": false, ""source_field"": ""body_clean""}, {""record_id"": ""CSQP-SFHC-TEXT-155"", ""raw_text"": ""三十六元"", ""amount_text"": ""三十六元"", ""amount_number"": 36, ""currency"": ""元"", ""sentence"": ""内计抹送诸人收为腰金，列于下：二婶拾四元，阿昌之子四元，谢渡流贞姨四元，清娇姑四元，才遂姆弍元，老添顺婶弍元，三婶弍元，惠来四婶四元，合共三十六元，祈照信分发乃盼。"", ""is_primary_candidate"": false, ""source_field"": ""body_clean""}]",庚年（1950）十一月初八日，外洋姆寄潮汕二婶；外洋姆；潮汕二婶；二婶；儿；男；侄；媳；媳妇；婶；姑；广东侨乡；新加坡；海外；港币三十六元；港币；family_affection；remittance；safety；instruction；health；work；debt；marriage；home_building；潮汕；广东；元；祈查收；查收；庚年；十一月；初八；外洋；侨乡；三十六；family；affection；home；building；启者；收次；径启者；兹适；年关；特修片；资询；幸托；神天；保佑；内外；平安；略申；告慰；自令婿；抵叻；之后；不久；即生；疾病；医药；一概；损失；数佰元；之度；该项；乃由余及；攀河；应付；以家；批少；以此；之故；但炳桂；对此；合意；反对；余有；怨言；至于
CSQP-SFHC-TEXT-156,156,庚（1951）十二月初九日，柔佛吴正标寄潮安鹤巢乡李再赐先生,pdf_pages=208；book_pages=179,1,high,0,"寄批人：柔佛吴正标
收批人：潮安鹳巢乡李再赐先生
批款：港币叁拾伍元
日期：庚十二月初九日

再赐娴兄台鉴：
    敬启者，久疏远候，不胜挂念，近祝玉体康健暨大妗、细姨等合家老少平安为颂。兹缘尔妹，于十二月初三日，得产弄璋，并祈转告以上各人为盼。今逢批局之便，外寄港币叁拾伍元，到时检收。内呈港币贰拾元，分交大妗、细姨收用，又抹伍元，交厝边侄儿收，余拾元望祈笑纳为荷。但未悉侄儿厝边岂在家中，或往独树乡姑母家中，刻下做何事业，祈便回音来知可也。此致，敬请
大安

另者，内夹影（相）片三张，照字分交，祈为惠存耳。
庚十二月初九日    愚吴正标缄","寄批人：柔佛吴正标
收批人：潮安鹳巢乡李再赐先生
批款：港币叁拾伍元
日期：庚十二月初九日

再赐娴兄台鉴：
敬启者，久疏远候，不胜挂念，近祝玉体康健暨大妗、细姨等合家老少平安为颂。兹缘尔妹，于十二月初三日，得产弄璋，并祈转告以上各人为盼。今逢批局之便，外寄港币叁拾伍元，到时检收。内呈港币贰拾元，分交大妗、细姨收用，又抹伍元，交厝边侄儿收，余拾元望祈笑纳为荷。但未悉侄儿厝边岂在家中，或往独树乡姑母家中，刻下做何事业，祈便回音来知可也。此致，敬请
大安

另者，内夹影（相）片三张，照字分交，祈为惠存耳。
庚十二月初九日 愚吴正标缄","再赐娴兄台鉴：
敬启者，久疏远候，不胜挂念，近祝玉体康健暨大妗、细姨等合家老少平安为颂。兹缘尔妹，于十二月初三日，得产弄璋，并祈转告以上各人为盼。今逢批局之便，外寄港币叁拾伍元，到时检收。内呈港币贰拾元，分交大妗、细姨收用，又抹伍元，交厝边侄儿收，余拾元望祈笑纳为荷。但未悉侄儿厝边岂在家中，或往独树乡姑母家中，刻下做何事业，祈便回音来知可也。此致，敬请
大安

另者，内夹影（相）片三张，照字分交，祈为惠存耳。
庚十二月初九日 愚吴正标缄","敬启者，久疏远候，不胜挂念，近祝玉体康健暨大妗、细姨等合家老少平安为颂。兹缘尔妹，于十二月初三日，得产弄璋，并祈转告以上各人为盼。今逢批局之便，外寄港币叁拾伍元，到时检收。内呈港币贰拾元，分交大妗、细姨收用，又抹伍元，交厝边侄儿收，余拾元望祈笑纳为荷。但未悉侄儿厝边岂在家中，或往独树乡姑母家中，刻下做何事业，祈便回音来知可也。此致，敬请
大安
另者，内夹影（相）片三张，照字分交，祈为惠存耳。",267,9,10,柔佛吴正标,潮安鹳巢乡李再赐先生,,sibling,sibling_or_same_generation_kin,兄；儿；侄；妹；姑；妗,再赐娴兄；康健暨大妗；兹缘尔妹；分交大妗；交厝边侄儿；但未悉侄儿；往独树乡姑,台鉴；先生,,,广东潮安,,广东潮安,潮安->广东潮安,广东潮安,0,广东侨乡,庚十二月初九日,庚十二月初九日 愚吴正标缄,1951,1951,十二月,初九日,lunar,干支或传统纪年,high,港币叁拾伍元,叁拾伍元,35,港币,,,内呈港币贰拾元，分交大妗、细姨收用，又抹伍元，交厝边侄儿收，余拾元望祈笑纳为荷。；另者，内夹影（相）片三张，照字分交，祈为惠存耳。,1,再赐娴兄台鉴：,敬启者，久疏远候，不胜挂念，近祝玉体康健暨大妗、细姨等合家老少平安为颂。,敬启者，久疏远候，不胜挂念，近祝玉体康健暨大妗、细姨等合家老少平安为颂。,"敬启者，久疏远候，不胜挂念，近祝玉体康健暨大妗、细姨等合家老少平安为颂。兹缘尔妹，于十二月初三日，得产弄璋，并祈转告以上各人为盼。今逢批局之便，外寄港币叁拾伍元，到时检收。内呈港币贰拾元，分交大妗、细姨收用，又抹伍元，交厝边侄儿收，余拾元望祈笑纳为荷。但未悉侄儿厝边岂在家中，或往独树乡姑母家中，刻下做何事业，祈便回音来知可也。此致，敬请
大安
另者，内夹影（相）片三张，照字分交，祈为惠存耳。",敬启者，久疏远候，不胜挂念，近祝玉体康健暨大妗、细姨等合家老少平安为颂。,敬启者，久疏远候，不胜挂念，近祝玉体康健暨大妗、细姨等合家老少平安为颂。；内呈港币贰拾元，分交大妗、细姨收用，又抹伍元，交厝边侄儿收，余拾元望祈笑纳为荷。,另者，内夹影（相）片三张，照字分交，祈为惠存耳。,此致，敬请,缄,庚十二月初九日 愚吴正标缄,庚十二月初九日 愚吴正标缄,,1,1,1,1,0,0,0,0,0,0,1,instruction,family_affection;remittance;safety;instruction;home_building,启者；台鉴,启；此致,台鉴,愚；儿,兹；祈；荷；不胜,,,平安,祈为,启者；台鉴；启；此致；愚；儿；兹；祈；荷；不胜,3,"再赐娴兄台鉴：
敬启者，久疏远候，不胜挂念，近祝玉体康健暨大妗、细姨等合家老少平安为颂。
另者，内夹影（相）片三张，照字分交，祈为惠存耳。
此致，敬请
庚十二月初九日 愚吴正标缄",再赐娴兄台鉴：,敬启者，久疏远候，不胜挂念，近祝玉体康健暨大妗、细姨等合家老少平安为颂。,港币叁拾伍元,敬启者，久疏远候，不胜挂念，近祝玉体康健暨大妗、细姨等合家老少平安为颂。；内呈港币贰拾元，分交大妗、细姨收用，又抹伍元，交厝边侄儿收，余拾元望祈笑纳为荷。,另者，内夹影（相）片三张，照字分交，祈为惠存耳。,此致，敬请；庚十二月初九日 愚吴正标缄,sender=柔佛吴正标；recipient=潮安鹳巢乡李再赐先生；relationship=sibling_or_same_generation_kin；date=庚十二月初九日；money=叁拾伍元；currency=港币；places=潮安->广东潮安；kinship=兄；儿；侄；妹；姑；妗,"庚（1951）十二月初九日，柔佛吴正标寄潮安鹤巢乡李再赐先生
柔佛吴正标
潮安鹳巢乡李再赐先生
庚十二月初九日
港币叁拾伍元
潮安->广东潮安
family_affection;remittance;safety;instruction;home_building
敬启者，久疏远候，不胜挂念，近祝玉体康健暨大妗、细姨等合家老少平安为颂。兹缘尔妹，于十二月初三日，得产弄璋，并祈转告以上各人为盼。今逢批局之便，外寄港币叁拾伍元，到时检收。内呈港币贰拾元，分交大妗、细姨收用，又抹伍元，交厝边侄儿收，余拾元望祈笑纳为荷。但未悉侄儿厝边岂在家中，或往独树乡姑母家中，刻下做何事业，祈便回音来知可也。此致，敬请
大安
另者，内夹影（相）片三张，照字分交，祈为惠存耳。",题名：庚（1951）十二月初九日，柔佛吴正标寄潮安鹤巢乡李再赐先生；寄批人：柔佛吴正标；收批人：潮安鹳巢乡李再赐先生；日期：庚十二月初九日；汇款：港币叁拾伍元；主题：family_affection;remittance;safety;instruction;home_building；正文摘录：敬启者，久疏远候，不胜挂念，近祝玉体康健暨大妗、细姨等合家老少平安为颂。兹缘尔妹，于十二月初三日，得产弄璋，并祈转告以上各人为盼。今逢批局之便，外寄港币叁拾伍元，到时检收。内呈港币贰拾元，分交大妗、细姨收用，又抹伍元，交厝边侄儿收，余拾元望,庚（1951）十二月初九日,柔佛吴正标,潮安鹤巢乡李再赐先生,195,0,柔佛吴正标,鹳巢乡李再赐,兄,high,广东潮安,"[{""record_id"": ""CSQP-SFHC-TEXT-156"", ""raw_text"": ""港币叁拾伍元"", ""amount_text"": ""叁拾伍元"", ""amount_number"": 35, ""currency"": ""港币"", ""sentence"": ""批款：港币叁拾伍元"", ""is_primary_candidate"": true, ""source_field"": ""body_clean""}, {""record_id"": ""CSQP-SFHC-TEXT-156"", ""raw_text"": ""港币叁拾伍元"", ""amount_text"": ""叁拾伍元"", ""amount_number"": 35, ""currency"": ""港币"", ""sentence"": ""今逢批局之便，外寄港币叁拾伍元，到时检收。"", ""is_primary_candidate"": false, ""source_field"": ""body_clean""}, {""record_id"": ""CSQP-SFHC-TEXT-156"", ""raw_text"": ""港币贰拾元"", ""amount_text"": ""贰拾元"", ""amount_number"": 20, ""currency"": ""港币"", ""sentence"": ""内呈港币贰拾元，分交大妗、细姨收用，又抹伍元，交厝边侄儿收，余拾元望祈笑纳为荷。"", ""is_primary_candidate"": false, ""source_field"": ""body_clean""}, {""record_id"": ""CSQP-SFHC-TEXT-156"", ""raw_text"": ""伍元"", ""amount_text"": ""伍元"", ""amount_number"": 5, ""currency"": ""元"", ""sentence"": ""内呈港币贰拾元，分交大妗、细姨收用，又抹伍元，交厝边侄儿收，余拾元望祈笑纳为荷。"", ""is_primary_candidate"": false, ""source_field"": ""body_clean""}, {""record_id"": ""CSQP-SFHC-TEXT-156"", ""raw_text"": ""拾元"", ""amount_text"": ""拾元"", ""amount_number"": 10, ""currency"": ""元"", ""sentence"": ""内呈港币贰拾元，分交大妗、细姨收用，又抹伍元，交厝边侄儿收，余拾元望祈笑纳为荷。"", ""is_primary_candidate"": false, ""source_field"": ""body_clean""}]",庚（1951）十二月初九日，柔佛吴正标寄潮安鹤巢乡李再赐先生；柔佛吴正标；潮安鹳巢乡李再赐先生；鹳巢乡李再赐；兄；儿；侄；妹；姑；妗；广东潮安；港币叁拾伍元；港币；family_affection；remittance；safety；instruction；home_building；潮安；广东；元；十二月；初九；柔佛；吴正标；鹤巢；先生；鹳巢；叁拾；伍元；family；affection；home；building；启者；台鉴；不胜；敬启者；疏远；挂念；近祝；玉体；康健；暨大；细姨；合家；老少；平安；缘尔妹；初三；得产；弄璋；转告；以上；各人；今逢；批局；外寄；检收；拾元；交大；交厝边；侄儿；望祈；笑纳；未悉；家中；或往；独树；姑母；刻下；做何；事业；祈便；回音；来知；大安；另者；夹影；三张
CSQP-SFHC-TEXT-157,157,三月十二日、二月初五日（1951），叻宋树钊寄汀（澄）邑下蓬家慈亲大人,pdf_pages=209；book_pages=180,1,high,0,"寄批人：叻宋树钊
收批人：汀邑下蓬家慈亲大人
批款：港币伍拾元
日期：三月十二日，二月初五日

慈亲大人膝下：
    敬禀者，叠接示谕，各情敬悉。此次树英来信，未稔系他自己写的，抑是仍系他人代拟否？男观他所列各科成绩，只是平平而已，惟对于英文一科，不但不及格而且甚劣。目下唐中虽不注重英文，但将来外出谋生，英文定非常重要的，切要嘱他用心学习。至于书法，更非苦心下工（功）夫不可，因为谋生上多用毛笔，钢笔定义适今，只要嘱他苦练为要。目前所付各物如有收到，希为示知。兹逢邮便，付去港币伍拾元，至时查收，作为家用可也。端此，敬请
金安

男树钊禀
三月十二日，二月初五日","寄批人：叻宋树钊
收批人：汀邑下蓬家慈亲大人
批款：港币伍拾元
日期：三月十二日，二月初五日

慈亲大人膝下：
敬禀者，叠接示谕，各情敬悉。此次树英来信，未稔系他自己写的，抑是仍系他人代拟否？男观他所列各科成绩，只是平平而已，惟对于英文一科，不但不及格而且甚劣。目下唐中虽不注重英文，但将来外出谋生，英文定非常重要的，切要嘱他用心学习。至于书法，更非苦心下工（功）夫不可，因为谋生上多用毛笔，钢笔定义适今，只要嘱他苦练为要。目前所付各物如有收到，希为示知。兹逢邮便，付去港币伍拾元，至时查收，作为家用可也。端此，敬请
金安

男树钊禀
三月十二日，二月初五日","慈亲大人膝下：
敬禀者，叠接示谕，各情敬悉。此次树英来信，未稔系他自己写的，抑是仍系他人代拟否？男观他所列各科成绩，只是平平而已，惟对于英文一科，不但不及格而且甚劣。目下唐中虽不注重英文，但将来外出谋生，英文定非常重要的，切要嘱他用心学习。至于书法，更非苦心下工（功）夫不可，因为谋生上多用毛笔，钢笔定义适今，只要嘱他苦练为要。目前所付各物如有收到，希为示知。兹逢邮便，付去港币伍拾元，至时查收，作为家用可也。端此，敬请
金安

男树钊禀
三月十二日，二月初五日","敬禀者，叠接示谕，各情敬悉。此次树英来信，未稔系他自己写的，抑是仍系他人代拟否？男观他所列各科成绩，只是平平而已，惟对于英文一科，不但不及格而且甚劣。目下唐中虽不注重英文，但将来外出谋生，英文定非常重要的，切要嘱他用心学习。至于书法，更非苦心下工（功）夫不可，因为谋生上多用毛笔，钢笔定义适今，只要嘱他苦练为要。目前所付各物如有收到，希为示知。兹逢邮便，付去港币伍拾元，至时查收，作为家用可也。端此，敬请
金安",279,9,12,叻宋树钊,汀邑下蓬家慈亲大人,child,parent,child_to_parent,慈亲；男,,大人；膝下,男,新加坡,广东澄海,新加坡,广东澄海,汀邑->广东澄海；叻->新加坡,新加坡 -> 广东澄海,1,新加坡；广东侨乡,三月十二日，二月初五日,"男树钊禀
三月十二日，二月初五日",1951,1951,三月,十二日,lunar,西历,high,港币伍拾元,伍拾元,50,港币,兹逢邮便，付去港币伍拾元，至时查收，作为家用可也。,家用,兹逢邮便，付去港币伍拾元，至时查收，作为家用可也。,1,慈亲大人膝下：,敬禀者，叠接示谕，各情敬悉。,,"敬禀者，叠接示谕，各情敬悉。此次树英来信，未稔系他自己写的，抑是仍系他人代拟否？男观他所列各科成绩，只是平平而已，惟对于英文一科，不但不及格而且甚劣。目下唐中虽不注重英文，但将来外出谋生，英文定非常重要的，切要嘱他用心学习。至于书法，更非苦心下工（功）夫不可，因为谋生上多用毛笔，钢笔定义适今，只要嘱他苦练为要。目前所付各物如有收到，希为示知。兹逢邮便，付去港币伍拾元，至时查收，作为家用可也。端此，敬请
金安",,,目下唐中虽不注重英文，但将来外出谋生，英文定非常重要的，切要嘱他用心学习。；至于书法，更非苦心下工（功）夫不可，因为谋生上多用毛笔，钢笔定义适今，只要嘱他苦练为要。,,,"男树钊禀
三月十二日，二月初五日",男树钊禀,,0,1,0,1,0,0,0,0,0,0,0,instruction,remittance;instruction,敬禀者；禀者；膝下,,大人；膝下；金安,,兹；惟,敬禀者；膝下；查收；金安,付去；查收,,嘱；不可,敬禀者；禀者；膝下；大人；金安；兹；惟；查收,2,"慈亲大人膝下：
敬禀者，叠接示谕，各情敬悉。
兹逢邮便，付去港币伍拾元，至时查收，作为家用可也。
目下唐中虽不注重英文，但将来外出谋生，英文定非常重要的，切要嘱他用心学习。；至于书法，更非苦心下工（功）夫不可，因为谋生上多用毛笔，钢笔定义适今，只要嘱他苦练为要。
男树钊禀",慈亲大人膝下：,,兹逢邮便，付去港币伍拾元，至时查收，作为家用可也。,,目下唐中虽不注重英文，但将来外出谋生，英文定非常重要的，切要嘱他用心学习。；至于书法，更非苦心下工（功）夫不可，因为谋生上多用毛笔，钢笔定义适今，只要嘱他苦练为要。,男树钊禀,sender=叻宋树钊；recipient=汀邑下蓬家慈亲大人；relationship=child_to_parent；date=三月十二日，二月初五日；money=伍拾元；currency=港币；places=汀邑->广东澄海；叻->新加坡；kinship=慈亲；男,"三月十二日、二月初五日（1951），叻宋树钊寄汀（澄）邑下蓬家慈亲大人
叻宋树钊
汀邑下蓬家慈亲大人
三月十二日，二月初五日
港币伍拾元
汀邑->广东澄海；叻->新加坡
remittance;instruction
敬禀者，叠接示谕，各情敬悉。此次树英来信，未稔系他自己写的，抑是仍系他人代拟否？男观他所列各科成绩，只是平平而已，惟对于英文一科，不但不及格而且甚劣。目下唐中虽不注重英文，但将来外出谋生，英文定非常重要的，切要嘱他用心学习。至于书法，更非苦心下工（功）夫不可，因为谋生上多用毛笔，钢笔定义适今，只要嘱他苦练为要。目前所付各物如有收到，希为示知。兹逢邮便，付去港币伍拾元，至时查收，作为家用可也。端此，敬请
金安",题名：三月十二日、二月初五日（1951），叻宋树钊寄汀（澄）邑下蓬家慈亲大人；寄批人：叻宋树钊；收批人：汀邑下蓬家慈亲大人；日期：三月十二日，二月初五日；汇款：港币伍拾元；主题：remittance;instruction；正文摘录：敬禀者，叠接示谕，各情敬悉。此次树英来信，未稔系他自己写的，抑是仍系他人代拟否？男观他所列各科成绩，只是平平而已，惟对于英文一科，不但不及格而且甚劣。目下唐中虽不注重英文，但将来外出谋生，英文定非常重要的，切要嘱他用心学习。至于书法，更非苦,三月十二日、二月初五日（1951）,叻宋树钊,汀（澄）邑下蓬家慈亲大人,204,0,宋树钊,慈亲,慈亲,high,新加坡；广东澄海,"[{""record_id"": ""CSQP-SFHC-TEXT-157"", ""raw_text"": ""港币伍拾元"", ""amount_text"": ""伍拾元"", ""amount_number"": 50, ""currency"": ""港币"", ""sentence"": ""批款：港币伍拾元"", ""is_primary_candidate"": true, ""source_field"": ""body_clean""}, {""record_id"": ""CSQP-SFHC-TEXT-157"", ""raw_text"": ""港币伍拾元"", ""amount_text"": ""伍拾元"", ""amount_number"": 50, ""currency"": ""港币"", ""sentence"": ""兹逢邮便，付去港币伍拾元，至时查收，作为家用可也。"", ""is_primary_candidate"": false, ""source_field"": ""body_clean""}]",三月十二日、二月初五日（1951），叻宋树钊寄汀（澄）邑下蓬家慈亲大人；叻宋树钊；汀邑下蓬家慈亲大人；宋树钊；慈亲；男；新加坡；广东澄海；港币伍拾元；港币；remittance；instruction；澄海；汀邑；广东；元；敬禀者；膝下；查收；金安；三月；十二日；二月；初五；下蓬；家慈；伍拾；禀者；叠接；示谕；各情；敬悉；此次；树英；来信；未稔；自己；抑是；仍系；他人；代拟否；男观；所列；各科；成绩；只是；平平；而已；对于；英文；一科；不但；不及格；而且；甚劣；目下；唐中；注重；将来；外出；谋生；非常；重要；切要；用心；学习；至于；书法；更非；苦心；下工；因为；多用；毛笔；钢笔；定义；适今；只要；苦练；目前
CSQP-SFHC-TEXT-158,158,一九五一四月六日，外洋宝泉寄潮汕戊谦兄,pdf_pages=210；book_pages=181,1,medium,0,"戊谦兄：
    分别以来，近况必好，梓中景况如何，便祈复知一二为盼。兹适邮便，特此致候。外并附上港币壹拾元，查收，以敬茶用。此上，并颂
台礼

弟宝泉上
一九五一四月六日

华侨归国后态度若何，请示。","戊谦兄：
分别以来，近况必好，梓中景况如何，便祈复知一二为盼。兹适邮便，特此致候。外并附上港币壹拾元，查收，以敬茶用。此上，并颂
台礼

弟宝泉上
一九五一四月六日

华侨归国后态度若何，请示。","戊谦兄：
分别以来，近况必好，梓中景况如何，便祈复知一二为盼。兹适邮便，特此致候。外并附上港币壹拾元，查收，以敬茶用。此上，并颂
台礼

弟宝泉上
一九五一四月六日

华侨归国后态度若何，请示。","戊谦兄：
分别以来，近况必好，梓中景况如何，便祈复知一二为盼。兹适邮便，特此致候。外并附上港币壹拾元，查收，以敬茶用。此上，并颂
台礼
华侨归国后态度若何，请示。",97,6,9,外洋宝泉,潮汕戊谦兄,sibling,sibling,sibling_or_same_generation_kin,兄；弟,潮汕戊谦兄；戊谦兄,,弟,海外,广东侨乡,海外,广东侨乡,潮汕->广东侨乡,海外 -> 广东侨乡,1,海外；广东侨乡,一九五一四月六日,"弟宝泉上
一九五一四月六日",,,一九五一四月,六日,,,medium,港币壹拾元,壹拾元,10,港币,外并附上港币壹拾元，查收，以敬茶用。,,外并附上港币壹拾元，查收，以敬茶用。,1,,,,"戊谦兄：
分别以来，近况必好，梓中景况如何，便祈复知一二为盼。兹适邮便，特此致候。外并附上港币壹拾元，查收，以敬茶用。此上，并颂
台礼
华侨归国后态度若何，请示。",,,,,,"弟宝泉上
一九五一四月六日",弟宝泉上,,0,1,0,0,0,0,0,0,0,0,0,remittance,remittance,,此致,,弟,兹；祈,查收,查收,,,此致；弟；兹；祈；查收,2,"外并附上港币壹拾元，查收，以敬茶用。
弟宝泉上",,,外并附上港币壹拾元，查收，以敬茶用。,,,弟宝泉上,sender=外洋宝泉；recipient=潮汕戊谦兄；relationship=sibling_or_same_generation_kin；date=一九五一四月六日；money=壹拾元；currency=港币；places=潮汕->广东侨乡；kinship=兄；弟,"一九五一四月六日，外洋宝泉寄潮汕戊谦兄
外洋宝泉
潮汕戊谦兄
一九五一四月六日
港币壹拾元
潮汕->广东侨乡
remittance
戊谦兄：
分别以来，近况必好，梓中景况如何，便祈复知一二为盼。兹适邮便，特此致候。外并附上港币壹拾元，查收，以敬茶用。此上，并颂
台礼
华侨归国后态度若何，请示。",题名：一九五一四月六日，外洋宝泉寄潮汕戊谦兄；寄批人：外洋宝泉；收批人：潮汕戊谦兄；日期：一九五一四月六日；汇款：港币壹拾元；主题：remittance；正文摘录：戊谦兄：分别以来，近况必好，梓中景况如何，便祈复知一二为盼。兹适邮便，特此致候。外并附上港币壹拾元，查收，以敬茶用。此上，并颂台礼华侨归国后态度若何，请示。,一九五一四月六日,外洋宝泉,潮汕戊谦兄,78,0,宝泉,戊谦兄,兄,high,广东侨乡；海外,"[{""record_id"": ""CSQP-SFHC-TEXT-158"", ""raw_text"": ""港币壹拾元"", ""amount_text"": ""壹拾元"", ""amount_number"": 10, ""currency"": ""港币"", ""sentence"": ""外并附上港币壹拾元，查收，以敬茶用。"", ""is_primary_candidate"": true, ""source_field"": ""body_clean""}]",一九五一四月六日，外洋宝泉寄潮汕戊谦兄；外洋宝泉；潮汕戊谦兄；宝泉；戊谦兄；兄；弟；广东侨乡；海外；港币壹拾元；港币；remittance；潮汕；广东；元；查收；一九五；四月；六日；外洋；侨乡；拾元；分别；以来；近况；必好；梓中；景况；如何；祈复知；一二；适邮便；特此；致候；附上；敬茶；此上；并颂；台礼；华侨；归国；态度；若何；请示
CSQP-SFHC-TEXT-159,159,辛（1951）五月初三日，外洋强兴寄潮汕御卿贤妻,pdf_pages=211；book_pages=182,1,medium,0,"字达
御卿贤妻收次：
    顷间接阅回批，各事暨悉，对于需要用物，候有亲返梓，自当寄去。关于摄影一层，如永六叔在最近要南返，可备搭他带来为妥。俺家各项所务，愚确尽知，祈免厚望。兹再顺批期之便，付上港币壹佰元，至希查收。内祈抹五元，送复源孙儿收用，余者以应家用，二地平安。手此，顺祝
近安

愚强兴手书
辛五月初三日","字达
御卿贤妻收次：
顷间接阅回批，各事暨悉，对于需要用物，候有亲返梓，自当寄去。关于摄影一层，如永六叔在最近要南返，可备搭他带来为妥。俺家各项所务，愚确尽知，祈免厚望。兹再顺批期之便，付上港币壹佰元，至希查收。内祈抹五元，送复源孙儿收用，余者以应家用，二地平安。手此，顺祝
近安

愚强兴手书
辛五月初三日","字达
御卿贤妻收次：
顷间接阅回批，各事暨悉，对于需要用物，候有亲返梓，自当寄去。关于摄影一层，如永六叔在最近要南返，可备搭他带来为妥。俺家各项所务，愚确尽知，祈免厚望。兹再顺批期之便，付上港币壹佰元，至希查收。内祈抹五元，送复源孙儿收用，余者以应家用，二地平安。手此，顺祝
近安

愚强兴手书
辛五月初三日","字达
御卿贤妻收次：
顷间接阅回批，各事暨悉，对于需要用物，候有亲返梓，自当寄去。关于摄影一层，如永六叔在最近要南返，可备搭他带来为妥。俺家各项所务，愚确尽知，祈免厚望。兹再顺批期之便，付上港币壹佰元，至希查收。内祈抹五元，送复源孙儿收用，余者以应家用，二地平安。手此，顺祝
近安",154,6,11,外洋强兴,潮汕御卿贤妻,,spouse,spouse_to_spouse,妻；贤妻；儿；孙；叔,汕御卿贤妻；御卿贤妻；如永六叔；送复源孙儿,贤妻,愚,海外,广东侨乡,海外,广东侨乡,潮汕->广东侨乡,海外 -> 广东侨乡,1,海外；广东侨乡,辛（1951）五月初三日,"愚强兴手书
辛五月初三日",1951,1951,五月,初三日,lunar,干支或传统纪年,high,港币壹佰元,壹佰元,100,港币,兹再顺批期之便，付上港币壹佰元，至希查收。；顷间接阅回批，各事暨悉，对于需要用物，候有亲返梓，自当寄去。,,兹再顺批期之便，付上港币壹佰元，至希查收。；内祈抹五元，送复源孙儿收用，余者以应家用，二地平安。,1,,,内祈抹五元，送复源孙儿收用，余者以应家用，二地平安。,"字达
御卿贤妻收次：
顷间接阅回批，各事暨悉，对于需要用物，候有亲返梓，自当寄去。关于摄影一层，如永六叔在最近要南返，可备搭他带来为妥。俺家各项所务，愚确尽知，祈免厚望。兹再顺批期之便，付上港币壹佰元，至希查收。内祈抹五元，送复源孙儿收用，余者以应家用，二地平安。手此，顺祝
近安",内祈抹五元，送复源孙儿收用，余者以应家用，二地平安。,御卿贤妻收次：；内祈抹五元，送复源孙儿收用，余者以应家用，二地平安。,,,手书,"愚强兴手书
辛五月初三日",愚强兴手书,,1,1,1,0,0,0,0,0,1,0,0,safety_report,family_affection;remittance;safety;marriage,,手书,贤妻,愚；儿；俺,兹；祈,查收,寄去；查收,平安,,手书；贤妻；愚；儿；俺；兹；祈；查收,2,"内祈抹五元，送复源孙儿收用，余者以应家用，二地平安。
兹再顺批期之便，付上港币壹佰元，至希查收。；顷间接阅回批，各事暨悉，对于需要用物，候有亲返梓，自当寄去。
愚强兴手书",,内祈抹五元，送复源孙儿收用，余者以应家用，二地平安。,兹再顺批期之便，付上港币壹佰元，至希查收。；顷间接阅回批，各事暨悉，对于需要用物，候有亲返梓，自当寄去。,御卿贤妻收次：；内祈抹五元，送复源孙儿收用，余者以应家用，二地平安。,,愚强兴手书,sender=外洋强兴；recipient=潮汕御卿贤妻；relationship=spouse_to_spouse；date=辛（1951）五月初三日；money=壹佰元；currency=港币；places=潮汕->广东侨乡；kinship=妻；贤妻；儿；孙；叔,"辛（1951）五月初三日，外洋强兴寄潮汕御卿贤妻
外洋强兴
潮汕御卿贤妻
辛（1951）五月初三日
港币壹佰元
潮汕->广东侨乡
family_affection;remittance;safety;marriage
字达
御卿贤妻收次：
顷间接阅回批，各事暨悉，对于需要用物，候有亲返梓，自当寄去。关于摄影一层，如永六叔在最近要南返，可备搭他带来为妥。俺家各项所务，愚确尽知，祈免厚望。兹再顺批期之便，付上港币壹佰元，至希查收。内祈抹五元，送复源孙儿收用，余者以应家用，二地平安。手此，顺祝
近安",题名：辛（1951）五月初三日，外洋强兴寄潮汕御卿贤妻；寄批人：外洋强兴；收批人：潮汕御卿贤妻；日期：辛（1951）五月初三日；汇款：港币壹佰元；主题：family_affection;remittance;safety;marriage；正文摘录：字达御卿贤妻收次：顷间接阅回批，各事暨悉，对于需要用物，候有亲返梓，自当寄去。关于摄影一层，如永六叔在最近要南返，可备搭他带来为妥。俺家各项所务，愚确尽知，祈免厚望。兹再顺批期之便，付上港币壹佰元，至希查收。内祈抹五元，送复源孙儿收用，余者,辛（1951）五月初三日,外洋强兴,潮汕御卿贤妻,137,0,强兴,御卿,妻,high,广东侨乡；海外,"[{""record_id"": ""CSQP-SFHC-TEXT-159"", ""raw_text"": ""港币壹佰元"", ""amount_text"": ""壹佰元"", ""amount_number"": 100, ""currency"": ""港币"", ""sentence"": ""兹再顺批期之便，付上港币壹佰元，至希查收。"", ""is_primary_candidate"": true, ""source_field"": ""body_clean""}, {""record_id"": ""CSQP-SFHC-TEXT-159"", ""raw_text"": ""五元"", ""amount_text"": ""五元"", ""amount_number"": 5, ""currency"": ""元"", ""sentence"": ""内祈抹五元，送复源孙儿收用，余者以应家用，二地平安。"", ""is_primary_candidate"": false, ""source_field"": ""body_clean""}]",辛（1951）五月初三日，外洋强兴寄潮汕御卿贤妻；外洋强兴；潮汕御卿贤妻；强兴；御卿；妻；贤妻；儿；孙；叔；广东侨乡；海外；港币壹佰元；港币；family_affection；remittance；safety；marriage；潮汕；广东；元；查收；五月；初三；外洋；侨乡；壹佰元；family；affection；手书；字达；收次；间接；阅回批；各事；暨悉；对于；需要；用物；候有；亲返；自当；关于；摄影；一层；如永六叔；最近；南返；可备；带来；俺家；各项；所务；愚确；尽知；祈免；厚望；批期；至希；内祈；五元；送复源；孙儿；余者；以应；家用；二地；平安；手此；顺祝；近安
CSQP-SFHC-TEXT-160,160,辛（1952）十二月十九日，香港永绵寄澄海县上华区高永彭先生,pdf_pages=212；book_pages=183,1,high,0,"寄批人：香高永绵
收批人：澄海县上华区高永彭先生
批款：港币肆拾元
日期：辛十二月十九日

母亲大人膝下：
    敬禀者，久疏禀候，请为原宥。忆男离家已满两年，对于做人职务各节，均赖父亲指导，不致行错迷途，略足告慰耳。至于男明春职业问题，刻虽尚未决定，然自料不致彷徨，无所依栖，须静候十日后过年之时自知分晓，然后禀知，请免挂念。兹奉上港币四十元，计奉上祖母大人、外祖母大人、并大人暨夏塘姑娘各伍元，丽妹、彭弟、宽弟各给弍元，以为年关腰金之喜，余存十四元以为家中之用，余后禀。肃此，敬请
福安

男永绵谨禀
辛十二月十九日","寄批人：香高永绵
收批人：澄海县上华区高永彭先生
批款：港币肆拾元
日期：辛十二月十九日

母亲大人膝下：
敬禀者，久疏禀候，请为原宥。忆男离家已满两年，对于做人职务各节，均赖父亲指导，不致行错迷途，略足告慰耳。至于男明春职业问题，刻虽尚未决定，然自料不致彷徨，无所依栖，须静候十日后过年之时自知分晓，然后禀知，请免挂念。兹奉上港币四十元，计奉上祖母大人、外祖母大人、并大人暨夏塘姑娘各伍元，丽妹、彭弟、宽弟各给弍元，以为年关腰金之喜，余存十四元以为家中之用，余后禀。肃此，敬请
福安

男永绵谨禀
辛十二月十九日","母亲大人膝下：
敬禀者，久疏禀候，请为原宥。忆男离家已满两年，对于做人职务各节，均赖父亲指导，不致行错迷途，略足告慰耳。至于男明春职业问题，刻虽尚未决定，然自料不致彷徨，无所依栖，须静候十日后过年之时自知分晓，然后禀知，请免挂念。兹奉上港币四十元，计奉上祖母大人、外祖母大人、并大人暨夏塘姑娘各伍元，丽妹、彭弟、宽弟各给弍元，以为年关腰金之喜，余存十四元以为家中之用，余后禀。肃此，敬请
福安

男永绵谨禀
辛十二月十九日","敬禀者，久疏禀候，请为原宥。忆男离家已满两年，对于做人职务各节，均赖父亲指导，不致行错迷途，略足告慰耳。至于男明春职业问题，刻虽尚未决定，然自料不致彷徨，无所依栖，须静候十日后过年之时自知分晓，然后禀知，请免挂念。兹奉上港币四十元，计奉上祖母大人、外祖母大人、并大人暨夏塘姑娘各伍元，丽妹、彭弟、宽弟各给弍元，以为年关腰金之喜，余存十四元以为家中之用，余后禀。肃此，敬请
福安",257,9,9,香高永绵,澄海县上华区高永彭先生,child,parent,child_to_parent,母亲；父亲；祖母；外祖母；弟；男；妹；姑,均赖父；计奉上祖母；外祖母；人暨夏塘姑；丽妹；彭弟；宽弟,大人；膝下；先生,男,香港,广东澄海,香港,广东澄海,香港；澄海->广东澄海,香港 -> 广东澄海,1,香港；广东侨乡,辛十二月十九日,"男永绵谨禀
辛十二月十九日",1952,1952,十二月,十九日,solar,干支或传统纪年,high,港币肆拾元,肆拾元,40,港币,兹奉上港币四十元，计奉上祖母大人、外祖母大人、并大人暨夏塘姑娘各伍元，丽妹、彭弟、宽弟各给弍元，以为年关腰金之喜，余存十四元以为家中之用，余后禀。,家用,,1,母亲大人膝下：,敬禀者，久疏禀候，请为原宥。,福安,"敬禀者，久疏禀候，请为原宥。忆男离家已满两年，对于做人职务各节，均赖父亲指导，不致行错迷途，略足告慰耳。至于男明春职业问题，刻虽尚未决定，然自料不致彷徨，无所依栖，须静候十日后过年之时自知分晓，然后禀知，请免挂念。兹奉上港币四十元，计奉上祖母大人、外祖母大人、并大人暨夏塘姑娘各伍元，丽妹、彭弟、宽弟各给弍元，以为年关腰金之喜，余存十四元以为家中之用，余后禀。肃此，敬请
福安",,母亲大人膝下：；忆男离家已满两年，对于做人职务各节，均赖父亲指导，不致行错迷途，略足告慰耳。,至于男明春职业问题，刻虽尚未决定，然自料不致彷徨，无所依栖，须静候十日后过年之时自知分晓，然后禀知，请免挂念。,,谨禀,"男永绵谨禀
辛十二月十九日",男永绵谨禀,,1,1,0,1,0,0,1,0,0,0,0,instruction,family_affection;remittance;instruction;work,敬禀者；禀者；膝下,谨禀,大人；膝下；福安,弟；谨,兹；奉,敬禀者；膝下；谨禀；福安,奉上,,须,敬禀者；禀者；膝下；谨禀；大人；福安；弟；谨；兹；奉,3,"母亲大人膝下：
敬禀者，久疏禀候，请为原宥。
兹奉上港币四十元，计奉上祖母大人、外祖母大人、并大人暨夏塘姑娘各伍元，丽妹、彭弟、宽弟各给弍元，以为年关腰金之喜，余存十四元以为家中之用，余后禀。
至于男明春职业问题，刻虽尚未决定，然自料不致彷徨，无所依栖，须静候十日后过年之时自知分晓，然后禀知，请免挂念。
男永绵谨禀",母亲大人膝下：,,兹奉上港币四十元，计奉上祖母大人、外祖母大人、并大人暨夏塘姑娘各伍元，丽妹、彭弟、宽弟各给弍元，以为年关腰金之喜，余存十四元以为家中之用，余后禀。,母亲大人膝下：；忆男离家已满两年，对于做人职务各节，均赖父亲指导，不致行错迷途，略足告慰耳。,至于男明春职业问题，刻虽尚未决定，然自料不致彷徨，无所依栖，须静候十日后过年之时自知分晓，然后禀知，请免挂念。,男永绵谨禀,sender=香高永绵；recipient=澄海县上华区高永彭先生；relationship=child_to_parent；date=辛十二月十九日；money=肆拾元；currency=港币；places=香港；澄海->广东澄海；kinship=母亲；父亲；祖母；外祖母；弟；男；妹；姑,"辛（1952）十二月十九日，香港永绵寄澄海县上华区高永彭先生
香高永绵
澄海县上华区高永彭先生
辛十二月十九日
港币肆拾元
香港；澄海->广东澄海
family_affection;remittance;instruction;work
敬禀者，久疏禀候，请为原宥。忆男离家已满两年，对于做人职务各节，均赖父亲指导，不致行错迷途，略足告慰耳。至于男明春职业问题，刻虽尚未决定，然自料不致彷徨，无所依栖，须静候十日后过年之时自知分晓，然后禀知，请免挂念。兹奉上港币四十元，计奉上祖母大人、外祖母大人、并大人暨夏塘姑娘各伍元，丽妹、彭弟、宽弟各给弍元，以为年关腰金之喜，余存十四元以为家中之用，余后禀。肃此，敬请
福安",题名：辛（1952）十二月十九日，香港永绵寄澄海县上华区高永彭先生；寄批人：香高永绵；收批人：澄海县上华区高永彭先生；日期：辛十二月十九日；汇款：港币肆拾元；主题：family_affection;remittance;instruction;work；正文摘录：敬禀者，久疏禀候，请为原宥。忆男离家已满两年，对于做人职务各节，均赖父亲指导，不致行错迷途，略足告慰耳。至于男明春职业问题，刻虽尚未决定，然自料不致彷徨，无所依栖，须静候十日后过年之时自知分晓，然后禀知，请免挂念。兹奉上港币四十元，计奉上祖,辛（1952）十二月十九日,香港永绵,澄海县上华区高永彭先生,187,0,高永绵,县上华区高永彭,父亲,high,香港；广东澄海,"[{""record_id"": ""CSQP-SFHC-TEXT-160"", ""raw_text"": ""港币肆拾元"", ""amount_text"": ""肆拾元"", ""amount_number"": 40, ""currency"": ""港币"", ""sentence"": ""批款：港币肆拾元"", ""is_primary_candidate"": true, ""source_field"": ""body_clean""}, {""record_id"": ""CSQP-SFHC-TEXT-160"", ""raw_text"": ""港币四十元"", ""amount_text"": ""四十元"", ""amount_number"": 40, ""currency"": ""港币"", ""sentence"": ""兹奉上港币四十元，计奉上祖母大人、外祖母大人、并大人暨夏塘姑娘各伍元，丽妹、彭弟、宽弟各给弍元，以为年关腰金之喜，余存十四元以为家中之用，余后禀。"", ""is_primary_candidate"": false, ""source_field"": ""body_clean""}, {""record_id"": ""CSQP-SFHC-TEXT-160"", ""raw_text"": ""伍元"", ""amount_text"": ""伍元"", ""amount_number"": 5, ""currency"": ""元"", ""sentence"": ""兹奉上港币四十元，计奉上祖母大人、外祖母大人、并大人暨夏塘姑娘各伍元，丽妹、彭弟、宽弟各给弍元，以为年关腰金之喜，余存十四元以为家中之用，余后禀。"", ""is_primary_candidate"": false, ""source_field"": ""body_clean""}, {""record_id"": ""CSQP-SFHC-TEXT-160"", ""raw_text"": ""弍元"", ""amount_text"": ""弍元"", ""amount_number"": 2, ""currency"": ""元"", ""sentence"": ""兹奉上港币四十元，计奉上祖母大人、外祖母大人、并大人暨夏塘姑娘各伍元，丽妹、彭弟、宽弟各给弍元，以为年关腰金之喜，余存十四元以为家中之用，余后禀。"", ""is_primary_candidate"": false, ""source_field"": ""body_clean""}, {""record_id"": ""CSQP-SFHC-TEXT-160"", ""raw_text"": ""十四元"", ""amount_text"": ""十四元"", ""amount_number"": 14, ""currency"": ""元"", ""sentence"": ""兹奉上港币四十元，计奉上祖母大人、外祖母大人、并大人暨夏塘姑娘各伍元，丽妹、彭弟、宽弟各给弍元，以为年关腰金之喜，余存十四元以为家中之用，余后禀。"", ""is_primary_candidate"": false, ""source_field"": ""body_clean""}]",辛（1952）十二月十九日，香港永绵寄澄海县上华区高永彭先生；香高永绵；澄海县上华区高永彭先生；高永绵；县上华区高永彭；母亲；父亲；祖母；外祖母；弟；男；妹；姑；香港；广东澄海；港币肆拾元；港币；family_affection；remittance；instruction；work；澄海；广东；元；敬禀者；膝下；谨禀；福安；十二月；十九日；永绵；澄海县；上华区；高永；彭先生；县上；华区；高永彭；拾元；family；affection；禀者；禀候；原宥；离家；已满；两年；对于；做人；职务；各节；均赖；指导；不致；行错；迷途；略足；告慰；至于；明春；职业；问题；尚未；决定；自料；彷徨；无所；依栖；静候；十日；过年；自知；分晓；然后；禀知；请免；挂念；四十元；计奉；暨夏塘
CSQP-SFHC-TEXT-161,161,壬（1952）六月十五日，星［新加坡］宋璧初寄澄邑樟林宋南梅先生,pdf_pages=213；book_pages=184,1,high,0,"寄批人：星宋璧初
收批人：澄邑樟林宋南梅先生
批款：港币四拾元
日期：壬六月十五日

慈亲大人尊前：
    膝下敬禀者，前日回音，询问长子炎汉事，但他前在银行任职，每月辛（薪）金不过港银二百元而已，因未再升，所以（以）自动辞职，刻在店内帮手。次子炎发，刻下学习修理风车。幼子炎福读书，顺为告知。幸喜两地平安，不胜欣慰。今承羽便，奉上港币四拾元正，到希查收。内计伍元母亲大人收启，又计拾元侄女芬收启，计伍元南梅弟妇收启，余存之款，交南梅弟妇帮为伙食之需。顺此，并候
福安

儿宋璧初顿
壬六月十五日","寄批人：星宋璧初
收批人：澄邑樟林宋南梅先生
批款：港币四拾元
日期：壬六月十五日

慈亲大人尊前：
膝下敬禀者，前日回音，询问长子炎汉事，但他前在银行任职，每月辛（薪）金不过港银二百元而已，因未再升，所以（以）自动辞职，刻在店内帮手。次子炎发，刻下学习修理风车。幼子炎福读书，顺为告知。幸喜两地平安，不胜欣慰。今承羽便，奉上港币四拾元正，到希查收。内计伍元母亲大人收启，又计拾元侄女芬收启，计伍元南梅弟妇收启，余存之款，交南梅弟妇帮为伙食之需。顺此，并候
福安

儿宋璧初顿
壬六月十五日","慈亲大人尊前：
膝下敬禀者，前日回音，询问长子炎汉事，但他前在银行任职，每月辛（薪）金不过港银二百元而已，因未再升，所以（以）自动辞职，刻在店内帮手。次子炎发，刻下学习修理风车。幼子炎福读书，顺为告知。幸喜两地平安，不胜欣慰。今承羽便，奉上港币四拾元正，到希查收。内计伍元母亲大人收启，又计拾元侄女芬收启，计伍元南梅弟妇收启，余存之款，交南梅弟妇帮为伙食之需。顺此，并候
福安

儿宋璧初顿
壬六月十五日","膝下敬禀者，前日回音，询问长子炎汉事，但他前在银行任职，每月辛（薪）金不过港银二百元而已，因未再升，所以（以）自动辞职，刻在店内帮手。次子炎发，刻下学习修理风车。幼子炎福读书，顺为告知。幸喜两地平安，不胜欣慰。今承羽便，奉上港币四拾元正，到希查收。内计伍元母亲大人收启，又计拾元侄女芬收启，计伍元南梅弟妇收启，余存之款，交南梅弟妇帮为伙食之需。顺此，并候
福安",245,9,11,星宋璧初,澄邑樟林宋南梅先生,child,parent,child_to_parent,慈亲；母亲；弟；儿；侄,内计伍元母；又计拾元侄；伍元南梅弟；交南梅弟,大人；尊前；先生,儿,新加坡,广东澄海,新加坡,广东澄海,新加坡；澄邑->广东澄海,新加坡 -> 广东澄海,1,新加坡；广东侨乡,壬六月十五日,"儿宋璧初顿
壬六月十五日",1952,1952,六月,十五日,lunar,干支或传统纪年,high,港币四拾元,四拾元,40,港币,今承羽便，奉上港币四拾元正，到希查收。,,今承羽便，奉上港币四拾元正，到希查收。；内计伍元母亲大人收启，又计拾元侄女芬收启，计伍元南梅弟妇收启，余存之款，交南梅弟妇帮为伙食之需。,1,慈亲大人尊前：,膝下敬禀者，前日回音，询问长子炎汉事，但他前在银行任职，每月辛（薪）金不过港银二百元而已，因未再升，所以（以）自动辞职，刻在店内帮手。,幸喜两地平安，不胜欣慰。,"膝下敬禀者，前日回音，询问长子炎汉事，但他前在银行任职，每月辛（薪）金不过港银二百元而已，因未再升，所以（以）自动辞职，刻在店内帮手。次子炎发，刻下学习修理风车。幼子炎福读书，顺为告知。幸喜两地平安，不胜欣慰。今承羽便，奉上港币四拾元正，到希查收。内计伍元母亲大人收启，又计拾元侄女芬收启，计伍元南梅弟妇收启，余存之款，交南梅弟妇帮为伙食之需。顺此，并候
福安",幸喜两地平安，不胜欣慰。,内计伍元母亲大人收启，又计拾元侄女芬收启，计伍元南梅弟妇收启，余存之款，交南梅弟妇帮为伙食之需。；儿宋璧初顿,,顺此，并候,顿,"儿宋璧初顿
壬六月十五日",儿宋璧初顿,,1,1,1,0,1,0,1,0,0,0,1,study,family_affection;remittance;safety;study;work;home_building,敬禀者；禀者；尊前；膝下,启,大人；尊前；膝下；福安,儿；弟,奉；承；不胜,敬禀者；膝下；尊前；查收；福安,奉上；查收,平安,,敬禀者；禀者；尊前；膝下；启；大人；福安；儿；弟；奉；承；不胜；查收,3,"慈亲大人尊前：
膝下敬禀者，前日回音，询问长子炎汉事，但他前在银行任职，每月辛（薪）金不过港银二百元而已，因未再升，所以（以）自动辞职，刻在店内帮手。
幸喜两地平安，不胜欣慰。
今承羽便，奉上港币四拾元正，到希查收。
顺此，并候
儿宋璧初顿",慈亲大人尊前：,幸喜两地平安，不胜欣慰。,今承羽便，奉上港币四拾元正，到希查收。,内计伍元母亲大人收启，又计拾元侄女芬收启，计伍元南梅弟妇收启，余存之款，交南梅弟妇帮为伙食之需。；儿宋璧初顿,,顺此，并候；儿宋璧初顿,sender=星宋璧初；recipient=澄邑樟林宋南梅先生；relationship=child_to_parent；date=壬六月十五日；money=四拾元；currency=港币；places=新加坡；澄邑->广东澄海；kinship=慈亲；母亲；弟；儿；侄,"壬（1952）六月十五日，星［新加坡］宋璧初寄澄邑樟林宋南梅先生
星宋璧初
澄邑樟林宋南梅先生
壬六月十五日
港币四拾元
新加坡；澄邑->广东澄海
family_affection;remittance;safety;study;work;home_building
膝下敬禀者，前日回音，询问长子炎汉事，但他前在银行任职，每月辛（薪）金不过港银二百元而已，因未再升，所以（以）自动辞职，刻在店内帮手。次子炎发，刻下学习修理风车。幼子炎福读书，顺为告知。幸喜两地平安，不胜欣慰。今承羽便，奉上港币四拾元正，到希查收。内计伍元母亲大人收启，又计拾元侄女芬收启，计伍元南梅弟妇收启，余存之款，交南梅弟妇帮为伙食之需。顺此，并候
福安",题名：壬（1952）六月十五日，星［新加坡］宋璧初寄澄邑樟林宋南梅先生；寄批人：星宋璧初；收批人：澄邑樟林宋南梅先生；日期：壬六月十五日；汇款：港币四拾元；主题：family_affection;remittance;safety;study;work;home_building；正文摘录：膝下敬禀者，前日回音，询问长子炎汉事，但他前在银行任职，每月辛（薪）金不过港银二百元而已，因未再升，所以（以）自动辞职，刻在店内帮手。次子炎发，刻下学习修理风车。幼子炎福读书，顺为告知。幸喜两地平安，不胜欣慰。今承羽便，奉上港币四拾元正，到,壬（1952）六月十五日,星［新加坡］宋璧初,澄邑樟林宋南梅先生,179,0,星宋璧初,樟林宋南梅,母亲,high,新加坡；广东澄海,"[{""record_id"": ""CSQP-SFHC-TEXT-161"", ""raw_text"": ""港币四拾元"", ""amount_text"": ""四拾元"", ""amount_number"": 40, ""currency"": ""港币"", ""sentence"": ""批款：港币四拾元"", ""is_primary_candidate"": true, ""source_field"": ""body_clean""}, {""record_id"": ""CSQP-SFHC-TEXT-161"", ""raw_text"": ""银二百元"", ""amount_text"": ""二百元"", ""amount_number"": 200, ""currency"": ""银元"", ""sentence"": ""膝下敬禀者，前日回音，询问长子炎汉事，但他前在银行任职，每月辛（薪）金不过港银二百元而已，因未再升，所以（以）自动辞职，刻在店内帮手。"", ""is_primary_candidate"": false, ""source_field"": ""body_clean""}, {""record_id"": ""CSQP-SFHC-TEXT-161"", ""raw_text"": ""港币四拾元"", ""amount_text"": ""四拾元"", ""amount_number"": 40, ""currency"": ""港币"", ""sentence"": ""今承羽便，奉上港币四拾元正，到希查收。"", ""is_primary_candidate"": false, ""source_field"": ""body_clean""}, {""record_id"": ""CSQP-SFHC-TEXT-161"", ""raw_text"": ""伍元"", ""amount_text"": ""伍元"", ""amount_number"": 5, ""currency"": ""元"", ""sentence"": ""内计伍元母亲大人收启，又计拾元侄女芬收启，计伍元南梅弟妇收启，余存之款，交南梅弟妇帮为伙食之需。"", ""is_primary_candidate"": false, ""source_field"": ""body_clean""}, {""record_id"": ""CSQP-SFHC-TEXT-161"", ""raw_text"": ""拾元"", ""amount_text"": ""拾元"", ""amount_number"": 10, ""currency"": ""元"", ""sentence"": ""内计伍元母亲大人收启，又计拾元侄女芬收启，计伍元南梅弟妇收启，余存之款，交南梅弟妇帮为伙食之需。"", ""is_primary_candidate"": false, ""source_field"": ""body_clean""}]",壬（1952）六月十五日，星［新加坡］宋璧初寄澄邑樟林宋南梅先生；星宋璧初；澄邑樟林宋南梅先生；樟林宋南梅；慈亲；母亲；弟；儿；侄；新加坡；广东澄海；港币四拾元；港币；family_affection；remittance；safety；study；work；home_building；澄海；澄邑；广东；银；元；敬禀者；膝下；尊前；查收；福安；六月；十五日；宋璧初；寄澄邑；樟林；宋南梅；先生；星宋；拾元；family；affection；home；building；禀者；不胜；前日；回音；询问；长子；炎汉事；银行；任职；每月；不过；港银；二百元；而已；因未；再升；所以；自动；辞职；帮手；次子；炎发；刻下；学习；修理；风车；幼子；炎福；读书；顺为；告知；幸喜；两地；平安；欣慰；今承羽；奉上；内计
CSQP-SFHC-TEXT-162,162,一九五三年元月廿八日，叻坡陈镜梅寄潮汕妙姿姻姊、家国姻弟,pdf_pages=214；book_pages=185,1,high,0,"妙婆姻姊、家国姻弟如晤：
    径启者，昨天接读日前所示回音，内详等情均以（已）藉悉。幸托神天保祐（佑），两地平安，喜之胜也。惟对于二儿健康，愚望尽力持携，是之至感耳。但欠下债主之项，容待稍有人息，当即如数奉赵，定无误焉。今特邮便，寄上香港银式拾元正，若祈到时，照为查收，呈送与姻姊弟二位作为腰金之用，区区微仪，务希哂纳乃荷。另外，暗汇上香港银捌拾元正，至时亦劳照收，留作二儿日常之费耳。专此致陈，余容后申。此致，顺祝
近好

一九五三年元月廿八日
叻坡陈镜海泐","妙婆姻姊、家国姻弟如晤：
径启者，昨天接读日前所示回音，内详等情均以（已）藉悉。幸托神天保祐（佑），两地平安，喜之胜也。惟对于二儿健康，愚望尽力持携，是之至感耳。但欠下债主之项，容待稍有人息，当即如数奉赵，定无误焉。今特邮便，寄上香港银式拾元正，若祈到时，照为查收，呈送与姻姊弟二位作为腰金之用，区区微仪，务希哂纳乃荷。另外，暗汇上香港银捌拾元正，至时亦劳照收，留作二儿日常之费耳。专此致陈，余容后申。此致，顺祝
近好

一九五三年元月廿八日
叻坡陈镜海泐","妙婆姻姊、家国姻弟如晤：
径启者，昨天接读日前所示回音，内详等情均以（已）藉悉。幸托神天保祐（佑），两地平安，喜之胜也。惟对于二儿健康，愚望尽力持携，是之至感耳。但欠下债主之项，容待稍有人息，当即如数奉赵，定无误焉。今特邮便，寄上香港银式拾元正，若祈到时，照为查收，呈送与姻姊弟二位作为腰金之用，区区微仪，务希哂纳乃荷。另外，暗汇上香港银捌拾元正，至时亦劳照收，留作二儿日常之费耳。专此致陈，余容后申。此致，顺祝
近好

一九五三年元月廿八日
叻坡陈镜海泐","径启者，昨天接读日前所示回音，内详等情均以（已）藉悉。幸托神天保祐（佑），两地平安，喜之胜也。惟对于二儿健康，愚望尽力持携，是之至感耳。但欠下债主之项，容待稍有人息，当即如数奉赵，定无误焉。今特邮便，寄上香港银式拾元正，若祈到时，照为查收，呈送与姻姊弟二位作为腰金之用，区区微仪，务希哂纳乃荷。另外，暗汇上香港银捌拾元正，至时亦劳照收，留作二儿日常之费耳。专此致陈，余容后申。此致，顺祝
近好",228,5,12,叻坡陈镜梅,潮汕妙姿姻姊、家国姻弟,,sibling,sibling_or_same_generation_kin,弟；儿；姊,汕妙姿姻姊；家国姻弟；妙婆姻姊；惟对于二儿；呈送与姻姊；留作二儿,,,新加坡,广东侨乡,新加坡,广东侨乡,叻坡->新加坡；香港；潮汕->广东侨乡；叻->新加坡,新加坡 -> 广东侨乡,1,新加坡；广东侨乡；香港,一九五三年元月廿八日,"叻坡陈镜海泐
一九五三年元月廿八日",,,,廿八日,,,low,银式拾元,式拾元,20,银元,今特邮便，寄上香港银式拾元正，若祈到时，照为查收，呈送与姻姊弟二位作为腰金之用，区区微仪，务希哂纳乃荷。；另外，暗汇上香港银捌拾元正，至时亦劳照收，留作二儿日常之费耳。,,今特邮便，寄上香港银式拾元正，若祈到时，照为查收，呈送与姻姊弟二位作为腰金之用，区区微仪，务希哂纳乃荷。；另外，暗汇上香港银捌拾元正，至时亦劳照收，留作二儿日常之费耳。,1,妙婆姻姊、家国姻弟如晤：,径启者，昨天接读日前所示回音，内详等情均以（已）藉悉。,幸托神天保祐（佑），两地平安，喜之胜也。,"径启者，昨天接读日前所示回音，内详等情均以（已）藉悉。幸托神天保祐（佑），两地平安，喜之胜也。惟对于二儿健康，愚望尽力持携，是之至感耳。但欠下债主之项，容待稍有人息，当即如数奉赵，定无误焉。今特邮便，寄上香港银式拾元正，若祈到时，照为查收，呈送与姻姊弟二位作为腰金之用，区区微仪，务希哂纳乃荷。另外，暗汇上香港银捌拾元正，至时亦劳照收，留作二儿日常之费耳。专此致陈，余容后申。此致，顺祝
近好",幸托神天保祐（佑），两地平安，喜之胜也。,惟对于二儿健康，愚望尽力持携，是之至感耳。；另外，暗汇上香港银捌拾元正，至时亦劳照收，留作二儿日常之费耳。,,专此致陈，余容后申。,泐,"叻坡陈镜海泐
一九五三年元月廿八日",叻坡陈镜海泐,,1,1,1,0,1,0,0,1,0,0,0,safety_report,family_affection;remittance;safety;study;debt,启者,启；托；此致,,愚；儿；弟,祈；荷；奉；惟；容后,查收；容后,寄上；汇上；查收,平安,,启者；启；托；此致；愚；儿；弟；祈；荷；奉；惟；容后；查收,3,"妙婆姻姊、家国姻弟如晤：
径启者，昨天接读日前所示回音，内详等情均以（已）藉悉。
幸托神天保祐（佑），两地平安，喜之胜也。
今特邮便，寄上香港银式拾元正，若祈到时，照为查收，呈送与姻姊弟二位作为腰金之用，区区微仪，务希哂纳乃荷。；另外，暗汇上香港银捌拾元正，至时亦劳照收，留作二儿日常之费耳。
专此致陈，余容后申。
叻坡陈镜海泐",妙婆姻姊、家国姻弟如晤：,幸托神天保祐（佑），两地平安，喜之胜也。,今特邮便，寄上香港银式拾元正，若祈到时，照为查收，呈送与姻姊弟二位作为腰金之用，区区微仪，务希哂纳乃荷。；另外，暗汇上香港银捌拾元正，至时亦劳照收，留作二儿日常之费耳。,惟对于二儿健康，愚望尽力持携，是之至感耳。；另外，暗汇上香港银捌拾元正，至时亦劳照收，留作二儿日常之费耳。,,专此致陈，余容后申。；叻坡陈镜海泐,sender=叻坡陈镜梅；recipient=潮汕妙姿姻姊、家国姻弟；relationship=sibling_or_same_generation_kin；date=一九五三年元月廿八日；money=式拾元；currency=银元；places=叻坡->新加坡；香港；潮汕->广东侨乡；叻->新加坡；kinship=弟；儿；姊,"一九五三年元月廿八日，叻坡陈镜梅寄潮汕妙姿姻姊、家国姻弟
叻坡陈镜梅
潮汕妙姿姻姊、家国姻弟
一九五三年元月廿八日
银式拾元
叻坡->新加坡；香港；潮汕->广东侨乡；叻->新加坡
family_affection;remittance;safety;study;debt
径启者，昨天接读日前所示回音，内详等情均以（已）藉悉。幸托神天保祐（佑），两地平安，喜之胜也。惟对于二儿健康，愚望尽力持携，是之至感耳。但欠下债主之项，容待稍有人息，当即如数奉赵，定无误焉。今特邮便，寄上香港银式拾元正，若祈到时，照为查收，呈送与姻姊弟二位作为腰金之用，区区微仪，务希哂纳乃荷。另外，暗汇上香港银捌拾元正，至时亦劳照收，留作二儿日常之费耳。专此致陈，余容后申。此致，顺祝
近好",题名：一九五三年元月廿八日，叻坡陈镜梅寄潮汕妙姿姻姊、家国姻弟；寄批人：叻坡陈镜梅；收批人：潮汕妙姿姻姊、家国姻弟；日期：一九五三年元月廿八日；汇款：银式拾元；主题：family_affection;remittance;safety;study;debt；正文摘录：径启者，昨天接读日前所示回音，内详等情均以（已）藉悉。幸托神天保祐（佑），两地平安，喜之胜也。惟对于二儿健康，愚望尽力持携，是之至感耳。但欠下债主之项，容待稍有人息，当即如数奉赵，定无误焉。今特邮便，寄上香港银式拾元正，若祈到时，照为查收，,一九五三年元月廿八日,叻坡陈镜梅,潮汕妙姿姻姊、家国姻弟,195,0,陈镜梅,妙姿姻姊、家国姻弟,弟,high,新加坡；广东侨乡；香港,"[{""record_id"": ""CSQP-SFHC-TEXT-162"", ""raw_text"": ""银式拾元"", ""amount_text"": ""式拾元"", ""amount_number"": 20, ""currency"": ""银元"", ""sentence"": ""今特邮便，寄上香港银式拾元正，若祈到时，照为查收，呈送与姻姊弟二位作为腰金之用，区区微仪，务希哂纳乃荷。"", ""is_primary_candidate"": true, ""source_field"": ""body_clean""}, {""record_id"": ""CSQP-SFHC-TEXT-162"", ""raw_text"": ""银捌拾元"", ""amount_text"": ""捌拾元"", ""amount_number"": 80, ""currency"": ""银元"", ""sentence"": ""另外，暗汇上香港银捌拾元正，至时亦劳照收，留作二儿日常之费耳。"", ""is_primary_candidate"": false, ""source_field"": ""body_clean""}]",一九五三年元月廿八日，叻坡陈镜梅寄潮汕妙姿姻姊、家国姻弟；叻坡陈镜梅；潮汕妙姿姻姊、家国姻弟；陈镜梅；妙姿姻姊、家国姻弟；弟；儿；姊；新加坡；广东侨乡；香港；银式拾元；银元；family_affection；remittance；safety；study；debt；叻坡；潮汕；广东；银；元；查收；容后；一九五三年；元月；廿八日；妙姿姻；家国；姻弟；侨乡；银式；拾元；family；affection；启者；径启者；昨天；接读；日前；所示；回音；内详；情均；幸托神；天保；两地；平安；喜之胜；对于；二儿；健康；愚望；尽力；持携；感耳；欠下；债主；之项；容待；有人；当即；如数；奉赵；无误；今特；邮便；寄上；祈到；照为；呈送；与姻；姊弟；二位；作为；腰金；之用；区区；微仪
CSQP-SFHC-TEXT-163,163,癸（1953）三月初七日，越姚丁南寄潮安南桂区家慈亲大人,pdf_pages=215；book_pages=186,1,medium,0,"寄批人：越姚丁南
收批人：潮安南桂区家慈亲大人
批款：港币捌拾元
日期：癸三月初七日

慈亲大人膝下：
    敬禀者，是月得接教谕，跪诵之后，各嘱藉已领悉，免介。刻值大轮转国之便，恭具寸草，外并港币捌拾元正，至时查收，以家情之需。幸天之佑，二地均安。余言后禀。敬请
福安

儿丁南谨上
癸三月初七日","寄批人：越姚丁南
收批人：潮安南桂区家慈亲大人
批款：港币捌拾元
日期：癸三月初七日

慈亲大人膝下：
敬禀者，是月得接教谕，跪诵之后，各嘱藉已领悉，免介。刻值大轮转国之便，恭具寸草，外并港币捌拾元正，至时查收，以家情之需。幸天之佑，二地均安。余言后禀。敬请
福安

儿丁南谨上
癸三月初七日","慈亲大人膝下：
敬禀者，是月得接教谕，跪诵之后，各嘱藉已领悉，免介。刻值大轮转国之便，恭具寸草，外并港币捌拾元正，至时查收，以家情之需。幸天之佑，二地均安。余言后禀。敬请
福安

儿丁南谨上
癸三月初七日","敬禀者，是月得接教谕，跪诵之后，各嘱藉已领悉，免介。刻值大轮转国之便，恭具寸草，外并港币捌拾元正，至时查收，以家情之需。幸天之佑，二地均安。余言后禀。敬请
福安",146,9,9,越姚丁南,潮安南桂区家慈亲大人,child,parent,child_to_parent,慈亲；儿,,大人；膝下,儿,越南,广东潮安,越南,广东潮安,安南->越南；潮安->广东潮安,越南 -> 广东潮安,1,越南；广东侨乡,癸三月初七日,"儿丁南谨上
癸三月初七日",1953,1953,三月,初七日,lunar,干支或传统纪年,high,港币捌拾元,捌拾元,80,港币,刻值大轮转国之便，恭具寸草，外并港币捌拾元正，至时查收，以家情之需。,,刻值大轮转国之便，恭具寸草，外并港币捌拾元正，至时查收，以家情之需。,1,慈亲大人膝下：,敬禀者，是月得接教谕，跪诵之后，各嘱藉已领悉，免介。,福安,"敬禀者，是月得接教谕，跪诵之后，各嘱藉已领悉，免介。刻值大轮转国之便，恭具寸草，外并港币捌拾元正，至时查收，以家情之需。幸天之佑，二地均安。余言后禀。敬请
福安",,儿丁南谨上,敬禀者，是月得接教谕，跪诵之后，各嘱藉已领悉，免介。,,谨上,"儿丁南谨上
癸三月初七日",儿丁南谨上,,1,1,0,1,0,0,0,0,0,0,0,instruction,family_affection;remittance;instruction,敬禀者；禀者；膝下,谨上,大人；膝下；福安,儿；谨,,敬禀者；膝下；查收；福安,查收,,嘱,敬禀者；禀者；膝下；谨上；大人；福安；儿；谨；查收,2,"慈亲大人膝下：
敬禀者，是月得接教谕，跪诵之后，各嘱藉已领悉，免介。
刻值大轮转国之便，恭具寸草，外并港币捌拾元正，至时查收，以家情之需。
儿丁南谨上",慈亲大人膝下：,,刻值大轮转国之便，恭具寸草，外并港币捌拾元正，至时查收，以家情之需。,儿丁南谨上,敬禀者，是月得接教谕，跪诵之后，各嘱藉已领悉，免介。,儿丁南谨上,sender=越姚丁南；recipient=潮安南桂区家慈亲大人；relationship=child_to_parent；date=癸三月初七日；money=捌拾元；currency=港币；places=安南->越南；潮安->广东潮安；kinship=慈亲；儿,"癸（1953）三月初七日，越姚丁南寄潮安南桂区家慈亲大人
越姚丁南
潮安南桂区家慈亲大人
癸三月初七日
港币捌拾元
安南->越南；潮安->广东潮安
family_affection;remittance;instruction
敬禀者，是月得接教谕，跪诵之后，各嘱藉已领悉，免介。刻值大轮转国之便，恭具寸草，外并港币捌拾元正，至时查收，以家情之需。幸天之佑，二地均安。余言后禀。敬请
福安",题名：癸（1953）三月初七日，越姚丁南寄潮安南桂区家慈亲大人；寄批人：越姚丁南；收批人：潮安南桂区家慈亲大人；日期：癸三月初七日；汇款：港币捌拾元；主题：family_affection;remittance;instruction；正文摘录：敬禀者，是月得接教谕，跪诵之后，各嘱藉已领悉，免介。刻值大轮转国之便，恭具寸草，外并港币捌拾元正，至时查收，以家情之需。幸天之佑，二地均安。余言后禀。敬请福安,癸（1953）三月初七日,越姚丁南,潮安南桂区家慈亲大人,79,0,姚丁南,慈亲,慈亲,high,越南；广东潮安,"[{""record_id"": ""CSQP-SFHC-TEXT-163"", ""raw_text"": ""港币捌拾元"", ""amount_text"": ""捌拾元"", ""amount_number"": 80, ""currency"": ""港币"", ""sentence"": ""批款：港币捌拾元"", ""is_primary_candidate"": true, ""source_field"": ""body_clean""}, {""record_id"": ""CSQP-SFHC-TEXT-163"", ""raw_text"": ""港币捌拾元"", ""amount_text"": ""捌拾元"", ""amount_number"": 80, ""currency"": ""港币"", ""sentence"": ""刻值大轮转国之便，恭具寸草，外并港币捌拾元正，至时查收，以家情之需。"", ""is_primary_candidate"": false, ""source_field"": ""body_clean""}]",癸（1953）三月初七日，越姚丁南寄潮安南桂区家慈亲大人；越姚丁南；潮安南桂区家慈亲大人；姚丁南；慈亲；儿；越南；广东潮安；港币捌拾元；港币；family_affection；remittance；instruction；安南；潮安；广东；元；敬禀者；膝下；查收；福安；三月初；七日；寄潮；桂区；家慈；拾元；family；affection；禀者；谨上；教谕；跪诵；之后；各嘱；领悉；免介；刻值；轮转；国之便；恭具；寸草；至时；以家情；幸天；之佑；二地；余言
CSQP-SFHC-TEXT-164,164,一九五三年三月初九日，叻坡陈镜梅寄潮汕家国姻弟、妙姿姻姊,pdf_pages=216；book_pages=187,1,high,0,"家国姻弟、妙婆姻姊如见：
    敬启者，兹于接读上月所赐回音，内详等情经以（已）聆悉。述及去年代为借下之项者，本当原璧奉赵，以清手续。缘于刻之市情冷淡，取赚甚难，故致迟迟未能寄还，殊深抱歉耳。惟容商况好转之际，有利可得之时，自知如数奉还，决无负误也。望其愿（原）谅是荷。然其二子，恳请尽力代为照顾，乃所至憾焉。今特逢邮之便，寄上香港银壹佰元正，到时查收，作给儿子之费用也。专此致陈，余候后申。即请，并祝
时好

一九五三年三月初九日    叻坡陈镜海泐","家国姻弟、妙婆姻姊如见：
敬启者，兹于接读上月所赐回音，内详等情经以（已）聆悉。述及去年代为借下之项者，本当原璧奉赵，以清手续。缘于刻之市情冷淡，取赚甚难，故致迟迟未能寄还，殊深抱歉耳。惟容商况好转之际，有利可得之时，自知如数奉还，决无负误也。望其愿（原）谅是荷。然其二子，恳请尽力代为照顾，乃所至憾焉。今特逢邮之便，寄上香港银壹佰元正，到时查收，作给儿子之费用也。专此致陈，余候后申。即请，并祝
时好

一九五三年三月初九日 叻坡陈镜海泐","家国姻弟、妙婆姻姊如见：
敬启者，兹于接读上月所赐回音，内详等情经以（已）聆悉。述及去年代为借下之项者，本当原璧奉赵，以清手续。缘于刻之市情冷淡，取赚甚难，故致迟迟未能寄还，殊深抱歉耳。惟容商况好转之际，有利可得之时，自知如数奉还，决无负误也。望其愿（原）谅是荷。然其二子，恳请尽力代为照顾，乃所至憾焉。今特逢邮之便，寄上香港银壹佰元正，到时查收，作给儿子之费用也。专此致陈，余候后申。即请，并祝
时好

一九五三年三月初九日 叻坡陈镜海泐","家国姻弟、妙婆姻姊如见：
敬启者，兹于接读上月所赐回音，内详等情经以（已）聆悉。述及去年代为借下之项者，本当原璧奉赵，以清手续。缘于刻之市情冷淡，取赚甚难，故致迟迟未能寄还，殊深抱歉耳。惟容商况好转之际，有利可得之时，自知如数奉还，决无负误也。望其愿（原）谅是荷。然其二子，恳请尽力代为照顾，乃所至憾焉。今特逢邮之便，寄上香港银壹佰元正，到时查收，作给儿子之费用也。专此致陈，余候后申。即请，并祝
时好",220,4,12,叻坡陈镜梅,潮汕家国姻弟、妙姿姻姊,,sibling,sibling_or_same_generation_kin,弟；儿；姊,汕家国姻弟；妙姿姻姊；家国姻弟；妙婆姻姊；作给儿,,,新加坡,广东侨乡,新加坡,广东侨乡,叻坡->新加坡；香港；潮汕->广东侨乡；叻->新加坡,新加坡 -> 广东侨乡,1,新加坡；广东侨乡；香港,一九五三年三月初九日,一九五三年三月初九日 叻坡陈镜海泐,,,三月,初九日,lunar,,medium,银壹佰元,壹佰元,100,银元,今特逢邮之便，寄上香港银壹佰元正，到时查收，作给儿子之费用也。,,今特逢邮之便，寄上香港银壹佰元正，到时查收，作给儿子之费用也。,1,,敬启者，兹于接读上月所赐回音，内详等情经以（已）聆悉。,,"家国姻弟、妙婆姻姊如见：
敬启者，兹于接读上月所赐回音，内详等情经以（已）聆悉。述及去年代为借下之项者，本当原璧奉赵，以清手续。缘于刻之市情冷淡，取赚甚难，故致迟迟未能寄还，殊深抱歉耳。惟容商况好转之际，有利可得之时，自知如数奉还，决无负误也。望其愿（原）谅是荷。然其二子，恳请尽力代为照顾，乃所至憾焉。今特逢邮之便，寄上香港银壹佰元正，到时查收，作给儿子之费用也。专此致陈，余候后申。即请，并祝
时好",,今特逢邮之便，寄上香港银壹佰元正，到时查收，作给儿子之费用也。,,专此致陈，余候后申。,泐,一九五三年三月初九日 叻坡陈镜海泐,一九五三年三月初九日 叻坡陈镜海泐,,1,1,0,0,1,0,0,1,0,0,0,debt,family_affection;remittance;study;debt,启者,启；此致,,儿；弟,兹；谅；荷；奉；惟,查收,寄上；查收,,,启者；启；此致；儿；弟；兹；谅；荷；奉；惟；查收,3,"敬启者，兹于接读上月所赐回音，内详等情经以（已）聆悉。
今特逢邮之便，寄上香港银壹佰元正，到时查收，作给儿子之费用也。
专此致陈，余候后申。
一九五三年三月初九日 叻坡陈镜海泐",敬启者，兹于接读上月所赐回音，内详等情经以（已）聆悉。,,今特逢邮之便，寄上香港银壹佰元正，到时查收，作给儿子之费用也。,今特逢邮之便，寄上香港银壹佰元正，到时查收，作给儿子之费用也。,,专此致陈，余候后申。；一九五三年三月初九日 叻坡陈镜海泐,sender=叻坡陈镜梅；recipient=潮汕家国姻弟、妙姿姻姊；relationship=sibling_or_same_generation_kin；date=一九五三年三月初九日；money=壹佰元；currency=银元；places=叻坡->新加坡；香港；潮汕->广东侨乡；叻->新加坡；kinship=弟；儿；姊,"一九五三年三月初九日，叻坡陈镜梅寄潮汕家国姻弟、妙姿姻姊
叻坡陈镜梅
潮汕家国姻弟、妙姿姻姊
一九五三年三月初九日
银壹佰元
叻坡->新加坡；香港；潮汕->广东侨乡；叻->新加坡
family_affection;remittance;study;debt
家国姻弟、妙婆姻姊如见：
敬启者，兹于接读上月所赐回音，内详等情经以（已）聆悉。述及去年代为借下之项者，本当原璧奉赵，以清手续。缘于刻之市情冷淡，取赚甚难，故致迟迟未能寄还，殊深抱歉耳。惟容商况好转之际，有利可得之时，自知如数奉还，决无负误也。望其愿（原）谅是荷。然其二子，恳请尽力代为照顾，乃所至憾焉。今特逢邮之便，寄上香港银壹佰元正，到时查收，作给儿子之费用也。专此致陈，余候后申。即请，并祝
时好",题名：一九五三年三月初九日，叻坡陈镜梅寄潮汕家国姻弟、妙姿姻姊；寄批人：叻坡陈镜梅；收批人：潮汕家国姻弟、妙姿姻姊；日期：一九五三年三月初九日；汇款：银壹佰元；主题：family_affection;remittance;study;debt；正文摘录：家国姻弟、妙婆姻姊如见：敬启者，兹于接读上月所赐回音，内详等情经以（已）聆悉。述及去年代为借下之项者，本当原璧奉赵，以清手续。缘于刻之市情冷淡，取赚甚难，故致迟迟未能寄还，殊深抱歉耳。惟容商况好转之际，有利可得之时，自知如数奉还，决无负误也,一九五三年三月初九日,叻坡陈镜梅,潮汕家国姻弟、妙姿姻姊,199,0,陈镜梅,家国姻弟、妙姿姻姊,弟,medium,新加坡；广东侨乡；香港,"[{""record_id"": ""CSQP-SFHC-TEXT-164"", ""raw_text"": ""银壹佰元"", ""amount_text"": ""壹佰元"", ""amount_number"": 100, ""currency"": ""银元"", ""sentence"": ""今特逢邮之便，寄上香港银壹佰元正，到时查收，作给儿子之费用也。"", ""is_primary_candidate"": true, ""source_field"": ""body_clean""}]",一九五三年三月初九日，叻坡陈镜梅寄潮汕家国姻弟、妙姿姻姊；叻坡陈镜梅；潮汕家国姻弟、妙姿姻姊；陈镜梅；家国姻弟、妙姿姻姊；弟；儿；姊；新加坡；广东侨乡；香港；银壹佰元；银元；family_affection；remittance；study；debt；叻坡；潮汕；广东；银；元；查收；一九五三年；三月初；九日；家国；姻弟；妙姿姻；侨乡；family；affection；启者；妙婆姻；如见；敬启者；兹于；接读；回音；内详；情经；聆悉；述及；年代；借下；项者；本当；原璧；奉赵；以清；手续；缘于；市情；冷淡；甚难；故致；迟迟；未能；殊深；抱歉；惟容；商况；好转；之际；有利；可得；之时；自知；如数奉还；决无；负误；其愿；其二；恳请；尽力；代为；照顾；至憾；今特逢；邮之便
CSQP-SFHC-TEXT-165,165,一九五三年十二月廿九日，外洋攀河寄潮汕慈亲大人,pdf_pages=217；book_pages=188,1,medium,0,"慈亲大人膝下：
    谨禀者，刻适邮便，奉上港币伍拾元，到请检收，充作家用。炳贵姻弟于本月拾玖日购樟北旋，谅必水陆康庄，早经安抵家里矣。肃此致禀。跪禀
金安

儿攀河叩
公历一九五三年十二月廿九日","慈亲大人膝下：
谨禀者，刻适邮便，奉上港币伍拾元，到请检收，充作家用。炳贵姻弟于本月拾玖日购樟北旋，谅必水陆康庄，早经安抵家里矣。肃此致禀。跪禀
金安

儿攀河叩
公历一九五三年十二月廿九日","慈亲大人膝下：
谨禀者，刻适邮便，奉上港币伍拾元，到请检收，充作家用。炳贵姻弟于本月拾玖日购樟北旋，谅必水陆康庄，早经安抵家里矣。肃此致禀。跪禀
金安

儿攀河叩
公历一九五三年十二月廿九日","谨禀者，刻适邮便，奉上港币伍拾元，到请检收，充作家用。炳贵姻弟于本月拾玖日购樟北旋，谅必水陆康庄，早经安抵家里矣。肃此致禀。跪禀
金安
儿攀河叩
公历一九五三年十二月廿九日",95,5,8,外洋攀河,潮汕慈亲大人,,parent,child_to_parent,慈亲；弟；儿,炳贵姻弟,大人；膝下,,海外,广东侨乡,海外,广东侨乡,潮汕->广东侨乡,海外 -> 广东侨乡,1,海外；广东侨乡,一九五三年十二月廿九日,,,,十二月,廿九日,,,medium,港币伍拾元,伍拾元,50,港币,谨禀者，刻适邮便，奉上港币伍拾元，到请检收，充作家用。,家用,,1,慈亲大人膝下：,谨禀者，刻适邮便，奉上港币伍拾元，到请检收，充作家用。,,"谨禀者，刻适邮便，奉上港币伍拾元，到请检收，充作家用。炳贵姻弟于本月拾玖日购樟北旋，谅必水陆康庄，早经安抵家里矣。肃此致禀。跪禀
金安
儿攀河叩
公历一九五三年十二月廿九日",,儿攀河叩,,肃此致禀。,,,,,1,1,0,0,0,0,0,0,0,0,0,remittance,family_affection;remittance,禀者；膝下,谨禀；此致,大人；膝下；金安,儿；弟；叩；谨,谅；奉,膝下；谨禀；金安,奉上,,,禀者；膝下；谨禀；此致；大人；金安；儿；弟；叩；谨；谅；奉,3,"慈亲大人膝下：
谨禀者，刻适邮便，奉上港币伍拾元，到请检收，充作家用。
肃此致禀。",慈亲大人膝下：,,谨禀者，刻适邮便，奉上港币伍拾元，到请检收，充作家用。,儿攀河叩,,肃此致禀。,sender=外洋攀河；recipient=潮汕慈亲大人；relationship=child_to_parent；date=一九五三年十二月廿九日；money=伍拾元；currency=港币；places=潮汕->广东侨乡；kinship=慈亲；弟；儿,"一九五三年十二月廿九日，外洋攀河寄潮汕慈亲大人
外洋攀河
潮汕慈亲大人
一九五三年十二月廿九日
港币伍拾元
潮汕->广东侨乡
family_affection;remittance
谨禀者，刻适邮便，奉上港币伍拾元，到请检收，充作家用。炳贵姻弟于本月拾玖日购樟北旋，谅必水陆康庄，早经安抵家里矣。肃此致禀。跪禀
金安
儿攀河叩
公历一九五三年十二月廿九日",题名：一九五三年十二月廿九日，外洋攀河寄潮汕慈亲大人；寄批人：外洋攀河；收批人：潮汕慈亲大人；日期：一九五三年十二月廿九日；汇款：港币伍拾元；主题：family_affection;remittance；正文摘录：谨禀者，刻适邮便，奉上港币伍拾元，到请检收，充作家用。炳贵姻弟于本月拾玖日购樟北旋，谅必水陆康庄，早经安抵家里矣。肃此致禀。跪禀金安儿攀河叩公历一九五三年十二月廿九日,一九五三年十二月廿九日,外洋攀河,潮汕慈亲大人,83,0,攀河,慈亲,慈亲,high,广东侨乡；海外,"[{""record_id"": ""CSQP-SFHC-TEXT-165"", ""raw_text"": ""港币伍拾元"", ""amount_text"": ""伍拾元"", ""amount_number"": 50, ""currency"": ""港币"", ""sentence"": ""谨禀者，刻适邮便，奉上港币伍拾元，到请检收，充作家用。"", ""is_primary_candidate"": true, ""source_field"": ""body_clean""}]",一九五三年十二月廿九日，外洋攀河寄潮汕慈亲大人；外洋攀河；潮汕慈亲大人；攀河；慈亲；弟；儿；广东侨乡；海外；港币伍拾元；港币；family_affection；remittance；潮汕；广东；元；膝下；谨禀；金安；一九五三年；十二月；廿九日；外洋；侨乡；伍拾；family；affection；禀者；刻适；邮便；奉上；检收；作家；炳贵；姻弟；本月；拾玖日；购樟北旋；谅必；水陆；康庄；早经；安抵；家里；儿攀河；公历
CSQP-SFHC-TEXT-166,166,一九五四年元月十五日，叻陈祥兰寄潮安秋溪陈炎梅先生,pdf_pages=218；book_pages=189,1,medium,0,"寄批人：叻陈禅兰
收批人：潮安秋溪陈炎梅先生
批款：港币伍拾元
日期：一九五四年元月十五日

炎梅吾弟收鉴：
    迳（径）启者，兹接来信，藉悉一切，甚慰也。年终岁暮，恭维新春，弟台合宅欢乐，诸事合想，为祝为颂。今适值航期之便，付呈港币伍拾元，至时查收，聊作春耕之急需。姐旅叻粗安，祈免远注。端此，顺祝
春安

公元一九五四年元月十五日    叻愚姐陈禅兰托","寄批人：叻陈禅兰
收批人：潮安秋溪陈炎梅先生
批款：港币伍拾元
日期：一九五四年元月十五日

炎梅吾弟收鉴：
迳（径）启者，兹接来信，藉悉一切，甚慰也。年终岁暮，恭维新春，弟台合宅欢乐，诸事合想，为祝为颂。今适值航期之便，付呈港币伍拾元，至时查收，聊作春耕之急需。姐旅叻粗安，祈免远注。端此，顺祝
春安

公元一九五四年元月十五日 叻愚姐陈禅兰托","炎梅吾弟收鉴：
迳（径）启者，兹接来信，藉悉一切，甚慰也。年终岁暮，恭维新春，弟台合宅欢乐，诸事合想，为祝为颂。今适值航期之便，付呈港币伍拾元，至时查收，聊作春耕之急需。姐旅叻粗安，祈免远注。端此，顺祝
春安

公元一九五四年元月十五日 叻愚姐陈禅兰托","炎梅吾弟收鉴：
迳（径）启者，兹接来信，藉悉一切，甚慰也。年终岁暮，恭维新春，弟台合宅欢乐，诸事合想，为祝为颂。今适值航期之便，付呈港币伍拾元，至时查收，聊作春耕之急需。姐旅叻粗安，祈免远注。端此，顺祝
春安",173,8,8,叻陈禅兰,潮安秋溪陈炎梅先生,,social_or_business_contact,social_or_business,弟；姐,炎梅吾弟；叻愚姐,先生,愚,新加坡,广东潮安,新加坡,广东潮安,潮安->广东潮安；叻->新加坡,新加坡 -> 广东潮安,1,新加坡；广东侨乡,一九五四年元月十五日,公元一九五四年元月十五日 叻愚姐陈禅兰托,,,,十五日,,,low,港币伍拾元,伍拾元,50,港币,今适值航期之便，付呈港币伍拾元，至时查收，聊作春耕之急需。,,今适值航期之便，付呈港币伍拾元，至时查收，聊作春耕之急需。,1,,迳（径）启者，兹接来信，藉悉一切，甚慰也。,,"炎梅吾弟收鉴：
迳（径）启者，兹接来信，藉悉一切，甚慰也。年终岁暮，恭维新春，弟台合宅欢乐，诸事合想，为祝为颂。今适值航期之便，付呈港币伍拾元，至时查收，聊作春耕之急需。姐旅叻粗安，祈免远注。端此，顺祝
春安",,,,,托,公元一九五四年元月十五日 叻愚姐陈禅兰托,公元一九五四年元月十五日 叻愚姐陈禅兰托,,0,1,0,0,0,0,0,0,0,0,0,remittance,remittance,启者,启；托,,愚；弟,兹；祈；甚慰,查收,查收,,,启者；启；托；愚；弟；兹；祈；甚慰；查收,2,"迳（径）启者，兹接来信，藉悉一切，甚慰也。
今适值航期之便，付呈港币伍拾元，至时查收，聊作春耕之急需。
公元一九五四年元月十五日 叻愚姐陈禅兰托",迳（径）启者，兹接来信，藉悉一切，甚慰也。,,今适值航期之便，付呈港币伍拾元，至时查收，聊作春耕之急需。,,,公元一九五四年元月十五日 叻愚姐陈禅兰托,sender=叻陈禅兰；recipient=潮安秋溪陈炎梅先生；relationship=social_or_business；date=一九五四年元月十五日；money=伍拾元；currency=港币；places=潮安->广东潮安；叻->新加坡；kinship=弟；姐,"一九五四年元月十五日，叻陈祥兰寄潮安秋溪陈炎梅先生
叻陈禅兰
潮安秋溪陈炎梅先生
一九五四年元月十五日
港币伍拾元
潮安->广东潮安；叻->新加坡
remittance
炎梅吾弟收鉴：
迳（径）启者，兹接来信，藉悉一切，甚慰也。年终岁暮，恭维新春，弟台合宅欢乐，诸事合想，为祝为颂。今适值航期之便，付呈港币伍拾元，至时查收，聊作春耕之急需。姐旅叻粗安，祈免远注。端此，顺祝
春安",题名：一九五四年元月十五日，叻陈祥兰寄潮安秋溪陈炎梅先生；寄批人：叻陈禅兰；收批人：潮安秋溪陈炎梅先生；日期：一九五四年元月十五日；汇款：港币伍拾元；主题：remittance；正文摘录：炎梅吾弟收鉴：迳（径）启者，兹接来信，藉悉一切，甚慰也。年终岁暮，恭维新春，弟台合宅欢乐，诸事合想，为祝为颂。今适值航期之便，付呈港币伍拾元，至时查收，聊作春耕之急需。姐旅叻粗安，祈免远注。端此，顺祝春安,一九五四年元月十五日,叻陈祥兰,潮安秋溪陈炎梅先生,102,0,陈禅兰,秋溪陈炎梅,弟,high,广东潮安；新加坡,"[{""record_id"": ""CSQP-SFHC-TEXT-166"", ""raw_text"": ""港币伍拾元"", ""amount_text"": ""伍拾元"", ""amount_number"": 50, ""currency"": ""港币"", ""sentence"": ""批款：港币伍拾元"", ""is_primary_candidate"": true, ""source_field"": ""body_clean""}, {""record_id"": ""CSQP-SFHC-TEXT-166"", ""raw_text"": ""港币伍拾元"", ""amount_text"": ""伍拾元"", ""amount_number"": 50, ""currency"": ""港币"", ""sentence"": ""今适值航期之便，付呈港币伍拾元，至时查收，聊作春耕之急需。"", ""is_primary_candidate"": false, ""source_field"": ""body_clean""}]",一九五四年元月十五日，叻陈祥兰寄潮安秋溪陈炎梅先生；叻陈禅兰；潮安秋溪陈炎梅先生；陈禅兰；秋溪陈炎梅；弟；姐；广东潮安；新加坡；港币伍拾元；港币；remittance；潮安；广东；元；查收；一九五四年；元月；十五日；陈祥兰；秋溪；陈炎梅；先生；伍拾；启者；甚慰；炎梅吾弟；收鉴；兹接；来信；年终；岁暮；恭维；新春；弟台；合宅；欢乐；诸事；合想；适值；航期；至时；聊作；春耕；急需；姐旅；粗安；祈免；远注；端此；顺祝；春安
CSQP-SFHC-TEXT-167,167,一九五四年二月初六日，叻廖仕泉寄潮安第七区家慈亲大人,pdf_pages=219；book_pages=190,1,medium,0,"寄批人：叻廖仕泉
收批人：潮安第七区家慈亲大人
批款：港币肆拾元
日期：一九五四年二月初六日

慈亲大人尊前：
    膝下敬启者，于本月初接到回批，拜读之后，各情谨悉。俺前年所培种之柑，收获之数目，算是不少，甚喜。因轮之便，寄去港币肆拾元，到日收人，以助家情之需。余容后禀，肃此敬请。并祝
健安

五四，二月初六日
儿仕泉上","寄批人：叻廖仕泉
收批人：潮安第七区家慈亲大人
批款：港币肆拾元
日期：一九五四年二月初六日

慈亲大人尊前：
膝下敬启者，于本月初接到回批，拜读之后，各情谨悉。俺前年所培种之柑，收获之数目，算是不少，甚喜。因轮之便，寄去港币肆拾元，到日收人，以助家情之需。余容后禀，肃此敬请。并祝
健安

五四，二月初六日
儿仕泉上","慈亲大人尊前：
膝下敬启者，于本月初接到回批，拜读之后，各情谨悉。俺前年所培种之柑，收获之数目，算是不少，甚喜。因轮之便，寄去港币肆拾元，到日收人，以助家情之需。余容后禀，肃此敬请。并祝
健安

五四，二月初六日
儿仕泉上","膝下敬启者，于本月初接到回批，拜读之后，各情谨悉。俺前年所培种之柑，收获之数目，算是不少，甚喜。因轮之便，寄去港币肆拾元，到日收人，以助家情之需。余容后禀，肃此敬请。并祝
健安",159,9,9,叻廖仕泉,潮安第七区家慈亲大人,child,parent,child_to_parent,慈亲；儿,,大人；尊前,儿,新加坡,广东潮安,新加坡,广东潮安,潮安->广东潮安；叻->新加坡,新加坡 -> 广东潮安,1,新加坡；广东侨乡,一九五四年二月初六日,"儿仕泉上
五四，二月初六日",,,二月,初六日,lunar,,medium,港币肆拾元,肆拾元,40,港币,因轮之便，寄去港币肆拾元，到日收人，以助家情之需。,,,1,慈亲大人尊前：,膝下敬启者，于本月初接到回批，拜读之后，各情谨悉。,,"膝下敬启者，于本月初接到回批，拜读之后，各情谨悉。俺前年所培种之柑，收获之数目，算是不少，甚喜。因轮之便，寄去港币肆拾元，到日收人，以助家情之需。余容后禀，肃此敬请。并祝
健安",,儿仕泉上,,,,"儿仕泉上
五四，二月初六日",儿仕泉上,,1,1,0,0,1,0,0,0,0,0,0,remittance,family_affection;remittance;study,启者；尊前；膝下,启,大人；尊前；膝下,儿；谨；俺,容后,膝下；尊前；容后,寄去,,,启者；尊前；膝下；启；大人；儿；谨；俺；容后,2,"慈亲大人尊前：
膝下敬启者，于本月初接到回批，拜读之后，各情谨悉。
因轮之便，寄去港币肆拾元，到日收人，以助家情之需。
儿仕泉上",慈亲大人尊前：,,因轮之便，寄去港币肆拾元，到日收人，以助家情之需。,儿仕泉上,,儿仕泉上,sender=叻廖仕泉；recipient=潮安第七区家慈亲大人；relationship=child_to_parent；date=一九五四年二月初六日；money=肆拾元；currency=港币；places=潮安->广东潮安；叻->新加坡；kinship=慈亲；儿,"一九五四年二月初六日，叻廖仕泉寄潮安第七区家慈亲大人
叻廖仕泉
潮安第七区家慈亲大人
一九五四年二月初六日
港币肆拾元
潮安->广东潮安；叻->新加坡
family_affection;remittance;study
膝下敬启者，于本月初接到回批，拜读之后，各情谨悉。俺前年所培种之柑，收获之数目，算是不少，甚喜。因轮之便，寄去港币肆拾元，到日收人，以助家情之需。余容后禀，肃此敬请。并祝
健安",题名：一九五四年二月初六日，叻廖仕泉寄潮安第七区家慈亲大人；寄批人：叻廖仕泉；收批人：潮安第七区家慈亲大人；日期：一九五四年二月初六日；汇款：港币肆拾元；主题：family_affection;remittance;study；正文摘录：膝下敬启者，于本月初接到回批，拜读之后，各情谨悉。俺前年所培种之柑，收获之数目，算是不少，甚喜。因轮之便，寄去港币肆拾元，到日收人，以助家情之需。余容后禀，肃此敬请。并祝健安,一九五四年二月初六日,叻廖仕泉,潮安第七区家慈亲大人,87,0,廖仕泉,慈亲,慈亲,high,广东潮安；新加坡,"[{""record_id"": ""CSQP-SFHC-TEXT-167"", ""raw_text"": ""港币肆拾元"", ""amount_text"": ""肆拾元"", ""amount_number"": 40, ""currency"": ""港币"", ""sentence"": ""批款：港币肆拾元"", ""is_primary_candidate"": true, ""source_field"": ""body_clean""}, {""record_id"": ""CSQP-SFHC-TEXT-167"", ""raw_text"": ""港币肆拾元"", ""amount_text"": ""肆拾元"", ""amount_number"": 40, ""currency"": ""港币"", ""sentence"": ""因轮之便，寄去港币肆拾元，到日收人，以助家情之需。"", ""is_primary_candidate"": false, ""source_field"": ""body_clean""}]",一九五四年二月初六日，叻廖仕泉寄潮安第七区家慈亲大人；叻廖仕泉；潮安第七区家慈亲大人；廖仕泉；慈亲；儿；广东潮安；新加坡；港币肆拾元；港币；family_affection；remittance；study；潮安；广东；元；膝下；尊前；容后；一九五四年；二月；初六；第七；家慈；拾元；family；affection；启者；敬启者；于本；月初；接到；回批；拜读；之后；各情；谨悉；前年；所培种；收获；数目；算是；不少；甚喜；因轮；收人；以助家情；余容；肃此；并祝；健安
CSQP-SFHC-TEXT-168,168,一九五四年十一月十日，叻张乾兴寄潮安西洋乡张君远吾儿,pdf_pages=220；book_pages=191,1,medium,0,"寄批人：叻张乾兴
收批人：潮安西洋乡张君远吾儿
批款：港币柒拾伍元
日期：一九五四年十一月十日

贤荆清览：
    去日接来家信，知家中安宁，甚慰。关于你之来叻问题，请勿动火气，苟若凡事，如能俺之所求，天下岂有可怜人之众，所以余希望你静心忍耐，本年底政府自有办法覆俺。昨天再有去函催问，如何尚未接到回音，姑无论如何，定欲尽力做去，勿介。兹付去柒拾伍元，查收家用，余言后信再申。专此，并祝
闺安不一

张乾兴上
一九五四年十一月十日，即十月十五日","寄批人：叻张乾兴
收批人：潮安西洋乡张君远吾儿
批款：港币柒拾伍元
日期：一九五四年十一月十日

贤荆清览：
去日接来家信，知家中安宁，甚慰。关于你之来叻问题，请勿动火气，苟若凡事，如能俺之所求，天下岂有可怜人之众，所以余希望你静心忍耐，本年底政府自有办法覆俺。昨天再有去函催问，如何尚未接到回音，姑无论如何，定欲尽力做去，勿介。兹付去柒拾伍元，查收家用，余言后信再申。专此，并祝
闺安不一

张乾兴上
一九五四年十一月十日，即十月十五日","贤荆清览：
去日接来家信，知家中安宁，甚慰。关于你之来叻问题，请勿动火气，苟若凡事，如能俺之所求，天下岂有可怜人之众，所以余希望你静心忍耐，本年底政府自有办法覆俺。昨天再有去函催问，如何尚未接到回音，姑无论如何，定欲尽力做去，勿介。兹付去柒拾伍元，查收家用，余言后信再申。专此，并祝
闺安不一

张乾兴上
一九五四年十一月十日，即十月十五日","贤荆清览：
去日接来家信，知家中安宁，甚慰。关于你之来叻问题，请勿动火气，苟若凡事，如能俺之所求，天下岂有可怜人之众，所以余希望你静心忍耐，本年底政府自有办法覆俺。昨天再有去函催问，如何尚未接到回音，姑无论如何，定欲尽力做去，勿介。兹付去柒拾伍元，查收家用，余言后信再申。专此，并祝
闺安不一
一九五四年十一月十日，即十月十五日",219,9,9,叻张乾兴,潮安西洋乡张君远吾儿,,child,parent_to_child,儿；姑,张君远吾儿,,,新加坡,广东潮安,新加坡,广东潮安,潮安->广东潮安；西洋乡->广东侨乡西洋乡；叻->新加坡,新加坡 -> 广东潮安,1,新加坡；广东侨乡,一九五四年十一月十日,张乾兴上,,,十一月,十日,,,medium,港币柒拾伍元,柒拾伍元,75,港币,兹付去柒拾伍元，查收家用，余言后信再申。,家用,兹付去柒拾伍元，查收家用，余言后信再申。,1,,,,"贤荆清览：
去日接来家信，知家中安宁，甚慰。关于你之来叻问题，请勿动火气，苟若凡事，如能俺之所求，天下岂有可怜人之众，所以余希望你静心忍耐，本年底政府自有办法覆俺。昨天再有去函催问，如何尚未接到回音，姑无论如何，定欲尽力做去，勿介。兹付去柒拾伍元，查收家用，余言后信再申。专此，并祝
闺安不一
一九五四年十一月十日，即十月十五日",,去日接来家信，知家中安宁，甚慰。,,,,张乾兴上,张乾兴上,,1,1,0,0,0,0,0,0,0,0,0,remittance,family_affection;remittance,,,,俺,兹；甚慰,查收；不一,付去；查收,,,俺；兹；甚慰；查收；不一,2,"兹付去柒拾伍元，查收家用，余言后信再申。
张乾兴上",,,兹付去柒拾伍元，查收家用，余言后信再申。,去日接来家信，知家中安宁，甚慰。,,张乾兴上,sender=叻张乾兴；recipient=潮安西洋乡张君远吾儿；relationship=parent_to_child；date=一九五四年十一月十日；money=柒拾伍元；currency=港币；places=潮安->广东潮安；西洋乡->广东侨乡西洋乡；叻->新加坡；kinship=儿；姑,"一九五四年十一月十日，叻张乾兴寄潮安西洋乡张君远吾儿
叻张乾兴
潮安西洋乡张君远吾儿
一九五四年十一月十日
港币柒拾伍元
潮安->广东潮安；西洋乡->广东侨乡西洋乡；叻->新加坡
family_affection;remittance
贤荆清览：
去日接来家信，知家中安宁，甚慰。关于你之来叻问题，请勿动火气，苟若凡事，如能俺之所求，天下岂有可怜人之众，所以余希望你静心忍耐，本年底政府自有办法覆俺。昨天再有去函催问，如何尚未接到回音，姑无论如何，定欲尽力做去，勿介。兹付去柒拾伍元，查收家用，余言后信再申。专此，并祝
闺安不一
一九五四年十一月十日，即十月十五日",题名：一九五四年十一月十日，叻张乾兴寄潮安西洋乡张君远吾儿；寄批人：叻张乾兴；收批人：潮安西洋乡张君远吾儿；日期：一九五四年十一月十日；汇款：港币柒拾伍元；主题：family_affection;remittance；正文摘录：贤荆清览：去日接来家信，知家中安宁，甚慰。关于你之来叻问题，请勿动火气，苟若凡事，如能俺之所求，天下岂有可怜人之众，所以余希望你静心忍耐，本年底政府自有办法覆俺。昨天再有去函催问，如何尚未接到回音，姑无论如何，定欲尽力做去，勿介。兹付去柒拾,一九五四年十一月十日,叻张乾兴,潮安西洋乡张君远吾儿,161,0,张乾兴,张君远,吾儿,medium,广东潮安；广东侨乡西洋乡；新加坡,"[{""record_id"": ""CSQP-SFHC-TEXT-168"", ""raw_text"": ""港币柒拾伍元"", ""amount_text"": ""柒拾伍元"", ""amount_number"": 75, ""currency"": ""港币"", ""sentence"": ""批款：港币柒拾伍元"", ""is_primary_candidate"": true, ""source_field"": ""body_clean""}, {""record_id"": ""CSQP-SFHC-TEXT-168"", ""raw_text"": ""柒拾伍元"", ""amount_text"": ""柒拾伍元"", ""amount_number"": 75, ""currency"": ""元"", ""sentence"": ""兹付去柒拾伍元，查收家用，余言后信再申。"", ""is_primary_candidate"": false, ""source_field"": ""body_clean""}]",一九五四年十一月十日，叻张乾兴寄潮安西洋乡张君远吾儿；叻张乾兴；潮安西洋乡张君远吾儿；张乾兴；张君远；儿；姑；吾儿；广东潮安；广东侨乡西洋乡；新加坡；港币柒拾伍元；港币；family_affection；remittance；潮安；西洋乡；广东；广东侨乡；元；查收；不一；一九五四年；十一月；十日；西洋；张君；远吾儿；侨乡；柒拾；伍元；family；affection；甚慰；荆清览；接来；家信；家中；安宁；关于；问题；请勿；火气；苟若；凡事；如能；所求；天下；可怜；人之众；所以；希望；静心；忍耐；年底；政府；自有办法；昨天；再有；去函；催问；如何；尚未；接到；回音；无论如何；定欲；尽力；勿介；兹付；家用；余言；后信；并祝；闺安不一；十月；十五日
CSQP-SFHC-TEXT-169,169,旧完月（十二月）十八日（1955），外洋锦邓寄潮汕锦娥吾姊；甲午年（1955）完月（十二月）十八日，外洋瑞香寄潮汕姑母大人,pdf_pages=221-222；book_pages=192-193,1,high,1,"锦娥吾姊如见：
    久未通信，谅卜为念。但因在外少获厚利人手，况又弟家眷嘴类日多，遂此负担日益繁重，故到唐批少寄，幸希原恕。至关吾儿培松，今已年逾长大，未明年来，及至迩近学作何事业，并目下住址在何处，祈吾姊示知。兹顺便付上港币叁拾元，内计抹给吾儿培松五元收用，男奉送吾义母五元，以作茶果之需，余遗廿元，以供作吾姐家用之要。此请
平安

胞弟锦邓
旧完月十八日上言

姑母大人尊前：
    晚禀者，久疏奉候，倏忽十余年矣。惟向禄禄平康，遂致音问鲜通，愿内外两地平安，是侄女喜之望也。顷承便寄港币弍拾元，至祈收入。内计抹五元，奉送祖母大人，再抹五元，送交家母大人收用，并五元给胞弟树彪收用，余遗五元，以供大人茶品之需，尚希笑纳多多。即此，余容后申。晚请
福安

侄女瑞香上言
甲午年完月十八日","锦娥吾姊如见：
久未通信，谅卜为念。但因在外少获厚利人手，况又弟家眷嘴类日多，遂此负担日益繁重，故到唐批少寄，幸希原恕。至关吾儿培松，今已年逾长大，未明年来，及至迩近学作何事业，并目下住址在何处，祈吾姊示知。兹顺便付上港币叁拾元，内计抹给吾儿培松五元收用，男奉送吾义母五元，以作茶果之需，余遗廿元，以供作吾姐家用之要。此请
平安

胞弟锦邓
旧完月十八日上言

姑母大人尊前：
晚禀者，久疏奉候，倏忽十余年矣。惟向禄禄平康，遂致音问鲜通，愿内外两地平安，是侄女喜之望也。顷承便寄港币弍拾元，至祈收入。内计抹五元，奉送祖母大人，再抹五元，送交家母大人收用，并五元给胞弟树彪收用，余遗五元，以供大人茶品之需，尚希笑纳多多。即此，余容后申。晚请
福安

侄女瑞香上言
甲午年完月十八日","锦娥吾姊如见：
久未通信，谅卜为念。但因在外少获厚利人手，况又弟家眷嘴类日多，遂此负担日益繁重，故到唐批少寄，幸希原恕。至关吾儿培松，今已年逾长大，未明年来，及至迩近学作何事业，并目下住址在何处，祈吾姊示知。兹顺便付上港币叁拾元，内计抹给吾儿培松五元收用，男奉送吾义母五元，以作茶果之需，余遗廿元，以供作吾姐家用之要。此请
平安

胞弟锦邓
旧完月十八日上言

姑母大人尊前：
晚禀者，久疏奉候，倏忽十余年矣。惟向禄禄平康，遂致音问鲜通，愿内外两地平安，是侄女喜之望也。顷承便寄港币弍拾元，至祈收入。内计抹五元，奉送祖母大人，再抹五元，送交家母大人收用，并五元给胞弟树彪收用，余遗五元，以供大人茶品之需，尚希笑纳多多。即此，余容后申。晚请
福安

侄女瑞香上言
甲午年完月十八日","锦娥吾姊如见：
久未通信，谅卜为念。但因在外少获厚利人手，况又弟家眷嘴类日多，遂此负担日益繁重，故到唐批少寄，幸希原恕。至关吾儿培松，今已年逾长大，未明年来，及至迩近学作何事业，并目下住址在何处，祈吾姊示知。兹顺便付上港币叁拾元，内计抹给吾儿培松五元收用，男奉送吾义母五元，以作茶果之需，余遗廿元，以供作吾姐家用之要。此请
平安
胞弟锦邓
姑母大人尊前：
晚禀者，久疏奉候，倏忽十余年矣。惟向禄禄平康，遂致音问鲜通，愿内外两地平安，是侄女喜之望也。顷承便寄港币弍拾元，至祈收入。内计抹五元，奉送祖母大人，再抹五元，送交家母大人收用，并五元给胞弟树彪收用，余遗五元，以供大人茶品之需，尚希笑纳多多。即此，余容后申。晚请
福安",339,10,19,外洋锦邓寄潮汕锦娥吾姊；甲午年（1955）完月（十二月）十八日，外洋瑞香,潮汕姑母大人,sibling,elder_relative,sibling_or_same_generation_kin,祖母；弟；儿；男；侄；姊；姐；姑,汕锦娥吾姊；潮汕姑母；锦娥吾姊；况又弟；至关吾儿；祈吾姊；计抹给吾儿；奉送吾义母；以供作吾姐；胞弟；姑母；是侄,大人,侄,海外,广东侨乡,海外,广东侨乡,潮汕->广东侨乡,海外 -> 广东侨乡,1,海外；广东侨乡,旧完月（十二月）十八日（1955）,"侄女瑞香上言
甲午年完月十八日",1955,1955,十二月,十八日,solar,干支或传统纪年,high,港币叁拾元,叁拾元,30,港币,兹顺便付上港币叁拾元，内计抹给吾儿培松五元收用，男奉送吾义母五元，以作茶果之需，余遗廿元，以供作吾姐家用之要。；内计抹五元，奉送祖母大人，再抹五元，送交家母大人收用，并五元给胞弟树彪收用，余遗五元，以供大人茶品之需，尚希笑纳多多。,家用；茶果；分抹,兹顺便付上港币叁拾元，内计抹给吾儿培松五元收用，男奉送吾义母五元，以作茶果之需，余遗廿元，以供作吾姐家用之要。；内计抹五元，奉送祖母大人，再抹五元，送交家母大人收用，并五元给胞弟树彪收用，余遗五元，以供大人茶品之需，尚希笑纳多多。,1,,,平安,"锦娥吾姊如见：
久未通信，谅卜为念。但因在外少获厚利人手，况又弟家眷嘴类日多，遂此负担日益繁重，故到唐批少寄，幸希原恕。至关吾儿培松，今已年逾长大，未明年来，及至迩近学作何事业，并目下住址在何处，祈吾姊示知。兹顺便付上港币叁拾元，内计抹给吾儿培松五元收用，男奉送吾义母五元，以作茶果之需，余遗廿元，以供作吾姐家用之要。此请
平安
胞弟锦邓
姑母大人尊前：
晚禀者，久疏奉候，倏忽十余年矣。惟向禄禄平康，遂致音问鲜通，愿内外两地平安，是侄女喜之望也。顷承便寄港币弍拾元，至祈收入。内计抹五元，奉送祖母大人，再抹五元，送交家母大人收用，并五元给胞弟树彪收用，余遗五元，以供大人茶品之需，尚希笑纳多多。即此，余容后申。晚请
福安",平安；惟向禄禄平康，遂致音问鲜通，愿内外两地平安，是侄女喜之望也。,至关吾儿培松，今已年逾长大，未明年来，及至迩近学作何事业，并目下住址在何处，祈吾姊示知。；兹顺便付上港币叁拾元，内计抹给吾儿培松五元收用，男奉送吾义母五元，以作茶果之需，余遗廿元，以供作吾姐家用之要。,,,上言,"侄女瑞香上言
甲午年完月十八日",侄女瑞香上言,,1,1,1,0,0,0,0,0,0,0,0,safety_report,family_affection;remittance;safety,禀者；尊前,,大人；尊前；福安,儿；弟,兹；祈；谅；奉；承；惟；容后,尊前；福安；容后,,平安,,禀者；尊前；大人；福安；儿；弟；兹；祈；谅；奉；承；惟；容后,3,"平安；惟向禄禄平康，遂致音问鲜通，愿内外两地平安，是侄女喜之望也。
兹顺便付上港币叁拾元，内计抹给吾儿培松五元收用，男奉送吾义母五元，以作茶果之需，余遗廿元，以供作吾姐家用之要。；内计抹五元，奉送祖母大人，再抹五元，送交家母大人收用，并五元给胞弟树彪收用，余遗五元，以供大人茶品之需，尚希笑纳多多。
侄女瑞香上言",,平安；惟向禄禄平康，遂致音问鲜通，愿内外两地平安，是侄女喜之望也。,兹顺便付上港币叁拾元，内计抹给吾儿培松五元收用，男奉送吾义母五元，以作茶果之需，余遗廿元，以供作吾姐家用之要。；内计抹五元，奉送祖母大人，再抹五元，送交家母大人收用，并五元给胞弟树彪收用，余遗五元，以供大人茶品之需，尚希笑纳多多。,至关吾儿培松，今已年逾长大，未明年来，及至迩近学作何事业，并目下住址在何处，祈吾姊示知。；兹顺便付上港币叁拾元，内计抹给吾儿培松五元收用，男奉送吾义母五元，以作茶果之需，余遗廿元，以供作吾姐家用之要。,,侄女瑞香上言,sender=外洋锦邓寄潮汕锦娥吾姊；甲午年（1955）完月（十二月）十八日，外洋瑞香；recipient=潮汕姑母大人；relationship=sibling_or_same_generation_kin；date=旧完月（十二月）十八日（1955）；money=叁拾元；currency=港币；places=潮汕->广东侨乡；kinship=祖母；弟；儿；男；侄；姊；姐；姑,"旧完月（十二月）十八日（1955），外洋锦邓寄潮汕锦娥吾姊；甲午年（1955）完月（十二月）十八日，外洋瑞香寄潮汕姑母大人
外洋锦邓寄潮汕锦娥吾姊；甲午年（1955）完月（十二月）十八日，外洋瑞香
潮汕姑母大人
旧完月（十二月）十八日（1955）
港币叁拾元
潮汕->广东侨乡
family_affection;remittance;safety
锦娥吾姊如见：
久未通信，谅卜为念。但因在外少获厚利人手，况又弟家眷嘴类日多，遂此负担日益繁重，故到唐批少寄，幸希原恕。至关吾儿培松，今已年逾长大，未明年来，及至迩近学作何事业，并目下住址在何处，祈吾姊示知。兹顺便付上港币叁拾元，内计抹给吾儿培松五元收用，男奉送吾义母五元，以作茶果之需，余遗廿元，以供作吾姐家用之要。此请
平安
胞弟锦邓
姑母大人尊前：
晚禀者，久疏奉候，倏忽十余年矣。惟向禄禄平康，遂致音问鲜通，愿内外两地平安，是侄女喜之望也。顷承便寄港币弍拾元，至祈收入。内计抹五元，奉送祖母大人，再抹五元，送交家母大人收用，并五元给胞弟树彪收用，余遗五元，以供大人茶品之需，尚希笑纳多多。即此，余容后申。晚请
福安",题名：旧完月（十二月）十八日（1955），外洋锦邓寄潮汕锦娥吾姊；甲午年（1955）完月（十二月）十八日，外洋瑞香寄潮汕姑母大人；寄批人：外洋锦邓寄潮汕锦娥吾姊；甲午年（1955）完月（十二月）十八日，外洋瑞香；收批人：潮汕姑母大人；日期：旧完月（十二月）十八日（1955）；汇款：港币叁拾元；主题：family_affection;remittance;safety；正文摘录：锦娥吾姊如见：久未通信，谅卜为念。但因在外少获厚利人手，况又弟家眷嘴类日多，遂此负担日益繁重，故到唐批少寄，幸希原恕。至关吾儿培松，今已年逾长大，未明年来，及至迩近学作何事业，并目下住址在何处，祈吾姊示知。兹顺便付上港币叁拾元，内计抹给吾儿,旧完月（十二月）十八日（1955）,,,305,0,锦邓寄潮汕锦娥吾姊；甲午年完月十八日，外洋瑞香,姑母,祖母,high,广东侨乡；海外,"[{""record_id"": ""CSQP-SFHC-TEXT-169"", ""raw_text"": ""港币叁拾元"", ""amount_text"": ""叁拾元"", ""amount_number"": 30, ""currency"": ""港币"", ""sentence"": ""兹顺便付上港币叁拾元，内计抹给吾儿培松五元收用，男奉送吾义母五元，以作茶果之需，余遗廿元，以供作吾姐家用之要。"", ""is_primary_candidate"": true, ""source_field"": ""body_clean""}, {""record_id"": ""CSQP-SFHC-TEXT-169"", ""raw_text"": ""五元"", ""amount_text"": ""五元"", ""amount_number"": 5, ""currency"": ""元"", ""sentence"": ""兹顺便付上港币叁拾元，内计抹给吾儿培松五元收用，男奉送吾义母五元，以作茶果之需，余遗廿元，以供作吾姐家用之要。"", ""is_primary_candidate"": false, ""source_field"": ""body_clean""}, {""record_id"": ""CSQP-SFHC-TEXT-169"", ""raw_text"": ""廿元"", ""amount_text"": ""廿元"", ""amount_number"": 20, ""currency"": ""元"", ""sentence"": ""兹顺便付上港币叁拾元，内计抹给吾儿培松五元收用，男奉送吾义母五元，以作茶果之需，余遗廿元，以供作吾姐家用之要。"", ""is_primary_candidate"": false, ""source_field"": ""body_clean""}, {""record_id"": ""CSQP-SFHC-TEXT-169"", ""raw_text"": ""港币弍拾元"", ""amount_text"": ""弍拾元"", ""amount_number"": 20, ""currency"": ""港币"", ""sentence"": ""顷承便寄港币弍拾元，至祈收入。"", ""is_primary_candidate"": false, ""source_field"": ""body_clean""}, {""record_id"": ""CSQP-SFHC-TEXT-169"", ""raw_text"": ""五元"", ""amount_text"": ""五元"", ""amount_number"": 5, ""currency"": ""元"", ""sentence"": ""内计抹五元，奉送祖母大人，再抹五元，送交家母大人收用，并五元给胞弟树彪收用，余遗五元，以供大人茶品之需，尚希笑纳多多。"", ""is_primary_candidate"": false, ""source_field"": ""body_clean""}]",旧完月（十二月）十八日（1955），外洋锦邓寄潮汕锦娥吾姊；甲午年（1955）完月（十二月）十八日，外洋瑞香寄潮汕姑母大人；外洋锦邓寄潮汕锦娥吾姊；甲午年（1955）完月（十二月）十八日，外洋瑞香；潮汕姑母大人；锦邓寄潮汕锦娥吾姊；甲午年完月十八日，外洋瑞香；姑母；祖母；弟；儿；男；侄；姊；姐；姑；广东侨乡；海外；港币叁拾元；港币；family_affection；remittance；safety；潮汕；广东；元；尊前；福安；容后；十二月；十八日；外洋；锦邓；锦娥；甲午年；完月；瑞香；侨乡；拾元；family；affection；禀者；如见；通信；谅卜为；在外；少获；厚利；人手；况又弟；家眷；嘴类；负担；日益；繁重；故到；唐批；幸希原；至关；培松；长大；明年；及至；近学；作何；事业；目下；住址；何处；祈吾姊示；顺便；内计；五元；奉送；义母；以作；茶果；遗廿元；以供；作吾姐
CSQP-SFHC-TEXT-170,170,55年5月1日，外洋木辉寄潮汕慈亲大人,pdf_pages=223；book_pages=194,1,medium,0,"慈亲大人尊前：
    呈上二十元，查收应用。敬禀者，来信各事知悉，此间行情过苦，以致家批稀寄，倘有利可取，当多寄，请大人勿挂念是盼。专此，叩请
福安

儿木辉
55年5月1日","慈亲大人尊前：
呈上二十元，查收应用。敬禀者，来信各事知悉，此间行情过苦，以致家批稀寄，倘有利可取，当多寄，请大人勿挂念是盼。专此，叩请
福安

儿木辉
55年5月1日","慈亲大人尊前：
呈上二十元，查收应用。敬禀者，来信各事知悉，此间行情过苦，以致家批稀寄，倘有利可取，当多寄，请大人勿挂念是盼。专此，叩请
福安

儿木辉
55年5月1日","呈上二十元，查收应用。敬禀者，来信各事知悉，此间行情过苦，以致家批稀寄，倘有利可取，当多寄，请大人勿挂念是盼。专此，叩请
福安
儿木辉
55年5月1日",84,5,7,外洋木辉,潮汕慈亲大人,,parent,child_to_parent,慈亲；儿,,大人；尊前,,海外,广东侨乡,海外,广东侨乡,潮汕->广东侨乡,海外 -> 广东侨乡,1,海外；广东侨乡,55年5月1日,,,,,1日,,,low,二十元,二十元,20,元,呈上二十元，查收应用。,,呈上二十元，查收应用。,1,慈亲大人尊前：,敬禀者，来信各事知悉，此间行情过苦，以致家批稀寄，倘有利可取，当多寄，请大人勿挂念是盼。,福安,"呈上二十元，查收应用。敬禀者，来信各事知悉，此间行情过苦，以致家批稀寄，倘有利可取，当多寄，请大人勿挂念是盼。专此，叩请
福安
儿木辉
55年5月1日",,儿木辉,,,,,,,1,1,0,0,0,0,0,0,0,0,0,family_affection,family_affection;remittance,敬禀者；禀者；尊前,,大人；尊前；福安,儿；叩,,敬禀者；尊前；查收；福安,查收,,,敬禀者；禀者；尊前；大人；福安；儿；叩；查收,2,"慈亲大人尊前：
敬禀者，来信各事知悉，此间行情过苦，以致家批稀寄，倘有利可取，当多寄，请大人勿挂念是盼。
呈上二十元，查收应用。",慈亲大人尊前：,,呈上二十元，查收应用。,儿木辉,,,sender=外洋木辉；recipient=潮汕慈亲大人；relationship=child_to_parent；date=55年5月1日；money=二十元；currency=元；places=潮汕->广东侨乡；kinship=慈亲；儿,"55年5月1日，外洋木辉寄潮汕慈亲大人
外洋木辉
潮汕慈亲大人
55年5月1日
二十元
潮汕->广东侨乡
family_affection;remittance
呈上二十元，查收应用。敬禀者，来信各事知悉，此间行情过苦，以致家批稀寄，倘有利可取，当多寄，请大人勿挂念是盼。专此，叩请
福安
儿木辉
55年5月1日",题名：55年5月1日，外洋木辉寄潮汕慈亲大人；寄批人：外洋木辉；收批人：潮汕慈亲大人；日期：55年5月1日；汇款：二十元；主题：family_affection;remittance；正文摘录：呈上二十元，查收应用。敬禀者，来信各事知悉，此间行情过苦，以致家批稀寄，倘有利可取，当多寄，请大人勿挂念是盼。专此，叩请福安儿木辉55年5月1日,55年5月1日,外洋木辉,潮汕慈亲大人,72,0,木辉,慈亲,慈亲,high,广东侨乡；海外,"[{""record_id"": ""CSQP-SFHC-TEXT-170"", ""raw_text"": ""二十元"", ""amount_text"": ""二十元"", ""amount_number"": 20, ""currency"": ""元"", ""sentence"": ""呈上二十元，查收应用。"", ""is_primary_candidate"": true, ""source_field"": ""body_clean""}]",55年5月1日，外洋木辉寄潮汕慈亲大人；外洋木辉；潮汕慈亲大人；木辉；慈亲；儿；广东侨乡；海外；二十元；元；family_affection；remittance；潮汕；广东；敬禀者；尊前；查收；福安；外洋；侨乡；family；affection；禀者；应用；来信；各事；知悉；此间；行情；过苦；以致；家批；有利；可取；当多；挂念；叩请；儿木辉
CSQP-SFHC-TEXT-171,171,一九五五年十二月十四日，外洋御泰寄潮汕岳母大人,pdf_pages=224；book_pages=195,1,high,0,"岳母大人膝下：
    敬禀者，令爱在汕趁（乘）大宝安轮南来，业经于十月三十日，水陆一路平安，安抵星洲，希免锦念耳。兹逢批期之便，奉上港币伍拾元，到时查收。内计四十元交还令爱来叻所借欠，余存之十元，作为大人茶品之需。区区之意，聊表寸身（心），望祈笑纳乃荷。另外，对于祖先忌际（祭），无须过虑，叻中自有际（祭）拜，希免介耳。肃此，并祝
金安

婚御泰叩禀
一九五五年十二月十四日","岳母大人膝下：
敬禀者，令爱在汕趁（乘）大宝安轮南来，业经于十月三十日，水陆一路平安，安抵星洲，希免锦念耳。兹逢批期之便，奉上港币伍拾元，到时查收。内计四十元交还令爱来叻所借欠，余存之十元，作为大人茶品之需。区区之意，聊表寸身（心），望祈笑纳乃荷。另外，对于祖先忌际（祭），无须过虑，叻中自有际（祭）拜，希免介耳。肃此，并祝
金安

婚御泰叩禀
一九五五年十二月十四日","岳母大人膝下：
敬禀者，令爱在汕趁（乘）大宝安轮南来，业经于十月三十日，水陆一路平安，安抵星洲，希免锦念耳。兹逢批期之便，奉上港币伍拾元，到时查收。内计四十元交还令爱来叻所借欠，余存之十元，作为大人茶品之需。区区之意，聊表寸身（心），望祈笑纳乃荷。另外，对于祖先忌际（祭），无须过虑，叻中自有际（祭）拜，希免介耳。肃此，并祝
金安

婚御泰叩禀
一九五五年十二月十四日","敬禀者，令爱在汕趁（乘）大宝安轮南来，业经于十月三十日，水陆一路平安，安抵星洲，希免锦念耳。兹逢批期之便，奉上港币伍拾元，到时查收。内计四十元交还令爱来叻所借欠，余存之十元，作为大人茶品之需。区区之意，聊表寸身（心），望祈笑纳乃荷。另外，对于祖先忌际（祭），无须过虑，叻中自有际（祭）拜，希免介耳。肃此，并祝
金安",184,5,10,外洋御泰,潮汕岳母大人,,parent_in_law,son_in_law_to_parent_in_law,岳母,潮汕岳母；岳母,大人；膝下,,海外,广东侨乡,海外,广东侨乡,星洲->新加坡；潮汕->广东侨乡；叻->新加坡,海外 -> 广东侨乡,1,海外；广东侨乡；新加坡,一九五五年十二月十四日,"婚御泰叩禀
一九五五年十二月十四日",,,十二月,十四日,,,medium,港币伍拾元,伍拾元,50,港币,兹逢批期之便，奉上港币伍拾元，到时查收。,,兹逢批期之便，奉上港币伍拾元，到时查收。；内计四十元交还令爱来叻所借欠，余存之十元，作为大人茶品之需。,1,岳母大人膝下：,敬禀者，令爱在汕趁（乘）大宝安轮南来，业经于十月三十日，水陆一路平安，安抵星洲，希免锦念耳。,敬禀者，令爱在汕趁（乘）大宝安轮南来，业经于十月三十日，水陆一路平安，安抵星洲，希免锦念耳。,"敬禀者，令爱在汕趁（乘）大宝安轮南来，业经于十月三十日，水陆一路平安，安抵星洲，希免锦念耳。兹逢批期之便，奉上港币伍拾元，到时查收。内计四十元交还令爱来叻所借欠，余存之十元，作为大人茶品之需。区区之意，聊表寸身（心），望祈笑纳乃荷。另外，对于祖先忌际（祭），无须过虑，叻中自有际（祭）拜，希免介耳。肃此，并祝
金安",敬禀者，令爱在汕趁（乘）大宝安轮南来，业经于十月三十日，水陆一路平安，安抵星洲，希免锦念耳。,岳母大人膝下：,另外，对于祖先忌际（祭），无须过虑，叻中自有际（祭）拜，希免介耳。,,,"婚御泰叩禀
一九五五年十二月十四日",婚御泰叩禀,,1,1,1,1,0,0,0,1,1,1,0,instruction,family_affection;remittance;safety;instruction;debt;marriage;funeral,敬禀者；禀者；膝下,,大人；膝下；金安,叩,兹；祈；荷；奉,敬禀者；膝下；查收；金安,奉上；查收,平安,须,敬禀者；禀者；膝下；大人；金安；叩；兹；祈；荷；奉；查收,3,"岳母大人膝下：
敬禀者，令爱在汕趁（乘）大宝安轮南来，业经于十月三十日，水陆一路平安，安抵星洲，希免锦念耳。
兹逢批期之便，奉上港币伍拾元，到时查收。
另外，对于祖先忌际（祭），无须过虑，叻中自有际（祭）拜，希免介耳。
婚御泰叩禀",岳母大人膝下：,敬禀者，令爱在汕趁（乘）大宝安轮南来，业经于十月三十日，水陆一路平安，安抵星洲，希免锦念耳。,兹逢批期之便，奉上港币伍拾元，到时查收。,岳母大人膝下：,另外，对于祖先忌际（祭），无须过虑，叻中自有际（祭）拜，希免介耳。,婚御泰叩禀,sender=外洋御泰；recipient=潮汕岳母大人；relationship=son_in_law_to_parent_in_law；date=一九五五年十二月十四日；money=伍拾元；currency=港币；places=星洲->新加坡；潮汕->广东侨乡；叻->新加坡；kinship=岳母,"一九五五年十二月十四日，外洋御泰寄潮汕岳母大人
外洋御泰
潮汕岳母大人
一九五五年十二月十四日
港币伍拾元
星洲->新加坡；潮汕->广东侨乡；叻->新加坡
family_affection;remittance;safety;instruction;debt;marriage;funeral
敬禀者，令爱在汕趁（乘）大宝安轮南来，业经于十月三十日，水陆一路平安，安抵星洲，希免锦念耳。兹逢批期之便，奉上港币伍拾元，到时查收。内计四十元交还令爱来叻所借欠，余存之十元，作为大人茶品之需。区区之意，聊表寸身（心），望祈笑纳乃荷。另外，对于祖先忌际（祭），无须过虑，叻中自有际（祭）拜，希免介耳。肃此，并祝
金安",题名：一九五五年十二月十四日，外洋御泰寄潮汕岳母大人；寄批人：外洋御泰；收批人：潮汕岳母大人；日期：一九五五年十二月十四日；汇款：港币伍拾元；主题：family_affection;remittance;safety;instruction;debt;marriage;funeral；正文摘录：敬禀者，令爱在汕趁（乘）大宝安轮南来，业经于十月三十日，水陆一路平安，安抵星洲，希免锦念耳。兹逢批期之便，奉上港币伍拾元，到时查收。内计四十元交还令爱来叻所借欠，余存之十元，作为大人茶品之需。区区之意，聊表寸身（心），望祈笑纳乃荷。另外，对,一九五五年十二月十四日,外洋御泰,潮汕岳母大人,156,0,御泰,岳母,岳母,high,广东侨乡；新加坡；海外,"[{""record_id"": ""CSQP-SFHC-TEXT-171"", ""raw_text"": ""港币伍拾元"", ""amount_text"": ""伍拾元"", ""amount_number"": 50, ""currency"": ""港币"", ""sentence"": ""兹逢批期之便，奉上港币伍拾元，到时查收。"", ""is_primary_candidate"": true, ""source_field"": ""body_clean""}, {""record_id"": ""CSQP-SFHC-TEXT-171"", ""raw_text"": ""四十元"", ""amount_text"": ""四十元"", ""amount_number"": 40, ""currency"": ""元"", ""sentence"": ""内计四十元交还令爱来叻所借欠，余存之十元，作为大人茶品之需。"", ""is_primary_candidate"": false, ""source_field"": ""body_clean""}, {""record_id"": ""CSQP-SFHC-TEXT-171"", ""raw_text"": ""十元"", ""amount_text"": ""十元"", ""amount_number"": 10, ""currency"": ""元"", ""sentence"": ""内计四十元交还令爱来叻所借欠，余存之十元，作为大人茶品之需。"", ""is_primary_candidate"": false, ""source_field"": ""body_clean""}]",一九五五年十二月十四日，外洋御泰寄潮汕岳母大人；外洋御泰；潮汕岳母大人；御泰；岳母；广东侨乡；新加坡；海外；港币伍拾元；港币；family_affection；remittance；safety；instruction；debt；marriage；funeral；星洲；潮汕；广东；元；敬禀者；膝下；查收；金安；一九五五年；十二月；十四日；外洋；侨乡；伍拾；family；affection；禀者；令爱；宝安；轮南；业经；十月；三十日；水陆；一路平安；安抵；希免；锦念；兹逢；批期；奉上；内计；四十元；交还；余存；十元；作为；茶品；区区；之意；聊表；寸身；望祈；笑纳；乃荷；另外；对于；祖先；忌际；无须；过虑；自有；介耳；肃此；并祝
CSQP-SFHC-TEXT-172,172,一九五六年元月廿四日，外洋潘贤伟寄潮汕树荣,pdf_pages=225-226；book_pages=196-197,1,high,0,"家树荣吾兄台鉴：
    敬启者，久违修章问候，抱歉殊深，望勿见责。近来贵体定必康健，起居百吉，为颂为祝也。兹逢空邮之便，寄上一信，外并港币壹佰元正，至祈检收。内计抹出二十元，交前陇母姨收用，又抹出二十元，交木德兄收用，又抹出十元，交瑞裕嫂收用，又抹出十元，交声荣弟收用，余者四十元，以应吾兄之需用。弟等在外托庇平安，望免介念也。手此，余言后申。并祝
台安

弟潘贤伟顿
一九五六年元月廿四日","家树荣吾兄台鉴：
敬启者，久违修章问候，抱歉殊深，望勿见责。近来贵体定必康健，起居百吉，为颂为祝也。兹逢空邮之便，寄上一信，外并港币壹佰元正，至祈检收。内计抹出二十元，交前陇母姨收用，又抹出二十元，交木德兄收用，又抹出十元，交瑞裕嫂收用，又抹出十元，交声荣弟收用，余者四十元，以应吾兄之需用。弟等在外托庇平安，望免介念也。手此，余言后申。并祝
台安

弟潘贤伟顿
一九五六年元月廿四日","家树荣吾兄台鉴：
敬启者，久违修章问候，抱歉殊深，望勿见责。近来贵体定必康健，起居百吉，为颂为祝也。兹逢空邮之便，寄上一信，外并港币壹佰元正，至祈检收。内计抹出二十元，交前陇母姨收用，又抹出二十元，交木德兄收用，又抹出十元，交瑞裕嫂收用，又抹出十元，交声荣弟收用，余者四十元，以应吾兄之需用。弟等在外托庇平安，望免介念也。手此，余言后申。并祝
台安

弟潘贤伟顿
一九五六年元月廿四日","敬启者，久违修章问候，抱歉殊深，望勿见责。近来贵体定必康健，起居百吉，为颂为祝也。兹逢空邮之便，寄上一信，外并港币壹佰元正，至祈检收。内计抹出二十元，交前陇母姨收用，又抹出二十元，交木德兄收用，又抹出十元，交瑞裕嫂收用，又抹出十元，交声荣弟收用，余者四十元，以应吾兄之需用。弟等在外托庇平安，望免介念也。手此，余言后申。并祝
台安",192,5,11,外洋潘贤伟,潮汕树荣,sibling,sibling,sibling_or_same_generation_kin,嫂；兄；弟,家树荣吾兄；交前陇母；交木德兄；交瑞裕嫂；交声荣弟；以应吾兄,台鉴,弟,海外,广东侨乡,海外,广东侨乡,潮汕->广东侨乡,海外 -> 广东侨乡,1,海外；广东侨乡,一九五六年元月廿四日,"弟潘贤伟顿
一九五六年元月廿四日",,,,廿四日,,,low,港币壹佰元,壹佰元,100,港币,兹逢空邮之便，寄上一信，外并港币壹佰元正，至祈检收。,,内计抹出二十元，交前陇母姨收用，又抹出二十元，交木德兄收用，又抹出十元，交瑞裕嫂收用，又抹出十元，交声荣弟收用，余者四十元，以应吾兄之需用。,1,家树荣吾兄台鉴：,敬启者，久违修章问候，抱歉殊深，望勿见责。,近来贵体定必康健，起居百吉，为颂为祝也。,"敬启者，久违修章问候，抱歉殊深，望勿见责。近来贵体定必康健，起居百吉，为颂为祝也。兹逢空邮之便，寄上一信，外并港币壹佰元正，至祈检收。内计抹出二十元，交前陇母姨收用，又抹出二十元，交木德兄收用，又抹出十元，交瑞裕嫂收用，又抹出十元，交声荣弟收用，余者四十元，以应吾兄之需用。弟等在外托庇平安，望免介念也。手此，余言后申。并祝
台安",近来贵体定必康健，起居百吉，为颂为祝也。；弟等在外托庇平安，望免介念也。,内计抹出二十元，交前陇母姨收用，又抹出二十元，交木德兄收用，又抹出十元，交瑞裕嫂收用，又抹出十元，交声荣弟收用，余者四十元，以应吾兄之需用。,,,顿,"弟潘贤伟顿
一九五六年元月廿四日",弟潘贤伟顿,,1,1,1,0,0,0,0,0,0,0,1,safety_report,family_affection;remittance;safety;home_building,启者；台鉴,启；托,台鉴,弟,兹；祈,,寄上,平安；起居,,启者；台鉴；启；托；弟；兹；祈,2,"家树荣吾兄台鉴：
敬启者，久违修章问候，抱歉殊深，望勿见责。
近来贵体定必康健，起居百吉，为颂为祝也。；弟等在外托庇平安，望免介念也。
兹逢空邮之便，寄上一信，外并港币壹佰元正，至祈检收。
弟潘贤伟顿",家树荣吾兄台鉴：,近来贵体定必康健，起居百吉，为颂为祝也。；弟等在外托庇平安，望免介念也。,兹逢空邮之便，寄上一信，外并港币壹佰元正，至祈检收。,内计抹出二十元，交前陇母姨收用，又抹出二十元，交木德兄收用，又抹出十元，交瑞裕嫂收用，又抹出十元，交声荣弟收用，余者四十元，以应吾兄之需用。,,弟潘贤伟顿,sender=外洋潘贤伟；recipient=潮汕树荣；relationship=sibling_or_same_generation_kin；date=一九五六年元月廿四日；money=壹佰元；currency=港币；places=潮汕->广东侨乡；kinship=嫂；兄；弟,"一九五六年元月廿四日，外洋潘贤伟寄潮汕树荣
外洋潘贤伟
潮汕树荣
一九五六年元月廿四日
港币壹佰元
潮汕->广东侨乡
family_affection;remittance;safety;home_building
敬启者，久违修章问候，抱歉殊深，望勿见责。近来贵体定必康健，起居百吉，为颂为祝也。兹逢空邮之便，寄上一信，外并港币壹佰元正，至祈检收。内计抹出二十元，交前陇母姨收用，又抹出二十元，交木德兄收用，又抹出十元，交瑞裕嫂收用，又抹出十元，交声荣弟收用，余者四十元，以应吾兄之需用。弟等在外托庇平安，望免介念也。手此，余言后申。并祝
台安",题名：一九五六年元月廿四日，外洋潘贤伟寄潮汕树荣；寄批人：外洋潘贤伟；收批人：潮汕树荣；日期：一九五六年元月廿四日；汇款：港币壹佰元；主题：family_affection;remittance;safety;home_building；正文摘录：敬启者，久违修章问候，抱歉殊深，望勿见责。近来贵体定必康健，起居百吉，为颂为祝也。兹逢空邮之便，寄上一信，外并港币壹佰元正，至祈检收。内计抹出二十元，交前陇母姨收用，又抹出二十元，交木德兄收用，又抹出十元，交瑞裕嫂收用，又抹出十元，交声荣弟,一九五六年元月廿四日,外洋潘贤伟,潮汕树荣,164,0,潘贤伟,树荣,兄,high,广东侨乡；海外,"[{""record_id"": ""CSQP-SFHC-TEXT-172"", ""raw_text"": ""港币壹佰元"", ""amount_text"": ""壹佰元"", ""amount_number"": 100, ""currency"": ""港币"", ""sentence"": ""兹逢空邮之便，寄上一信，外并港币壹佰元正，至祈检收。"", ""is_primary_candidate"": true, ""source_field"": ""body_clean""}, {""record_id"": ""CSQP-SFHC-TEXT-172"", ""raw_text"": ""二十元"", ""amount_text"": ""二十元"", ""amount_number"": 20, ""currency"": ""元"", ""sentence"": ""内计抹出二十元，交前陇母姨收用，又抹出二十元，交木德兄收用，又抹出十元，交瑞裕嫂收用，又抹出十元，交声荣弟收用，余者四十元，以应吾兄之需用。"", ""is_primary_candidate"": false, ""source_field"": ""body_clean""}, {""record_id"": ""CSQP-SFHC-TEXT-172"", ""raw_text"": ""十元"", ""amount_text"": ""十元"", ""amount_number"": 10, ""currency"": ""元"", ""sentence"": ""内计抹出二十元，交前陇母姨收用，又抹出二十元，交木德兄收用，又抹出十元，交瑞裕嫂收用，又抹出十元，交声荣弟收用，余者四十元，以应吾兄之需用。"", ""is_primary_candidate"": false, ""source_field"": ""body_clean""}, {""record_id"": ""CSQP-SFHC-TEXT-172"", ""raw_text"": ""四十元"", ""amount_text"": ""四十元"", ""amount_number"": 40, ""currency"": ""元"", ""sentence"": ""内计抹出二十元，交前陇母姨收用，又抹出二十元，交木德兄收用，又抹出十元，交瑞裕嫂收用，又抹出十元，交声荣弟收用，余者四十元，以应吾兄之需用。"", ""is_primary_candidate"": false, ""source_field"": ""body_clean""}]",一九五六年元月廿四日，外洋潘贤伟寄潮汕树荣；外洋潘贤伟；潮汕树荣；潘贤伟；树荣；嫂；兄；弟；广东侨乡；海外；港币壹佰元；港币；family_affection；remittance；safety；home_building；潮汕；广东；元；一九五六年；元月；廿四日；外洋；侨乡；壹佰元；family；affection；home；building；启者；台鉴；敬启者；久违；修章；问候；抱歉；殊深；见责；近来；贵体；定必；康健；起居；百吉；兹逢；空邮；寄上；一信；至祈；检收；内计；二十元；交前；陇母；姨收用；交木德兄；收用；十元；交瑞裕嫂；交声；荣弟；余者；四十元；以应；吾兄；需用；弟等；在外；托庇；平安；望免；介念；手此；余言；后申；并祝；台安
CSQP-SFHC-TEXT-173,173,一九五六年丙申四月廿八日，叻谢琴音寄潮安鹤巢乡李再赐先生,pdf_pages=227；book_pages=198,1,medium,0,"寄批人：叻谢琴音
收批人：潮安鹳巢乡李再赐先生
批款：港币壹拾元
日期：一九五六年四月廿八日

妺夫青睐：
    启者，久未通候，至为念也，遥维合家平安，为颂为祷。愚旅叻中，亦各平善，请祈免挂。兹逢邮便，呈来港币银壹拾元正，到请检收，藉作茶茗之需可也，特此告达。余无别言，顺祝
近佳

妹谢琴音敬上
公元一九五六年丙申四月廿八日","寄批人：叻谢琴音
收批人：潮安鹳巢乡李再赐先生
批款：港币壹拾元
日期：一九五六年四月廿八日

妺夫青睐：
启者，久未通候，至为念也，遥维合家平安，为颂为祷。愚旅叻中，亦各平善，请祈免挂。兹逢邮便，呈来港币银壹拾元正，到请检收，藉作茶茗之需可也，特此告达。余无别言，顺祝
近佳

妹谢琴音敬上
公元一九五六年丙申四月廿八日","妺夫青睐：
启者，久未通候，至为念也，遥维合家平安，为颂为祷。愚旅叻中，亦各平善，请祈免挂。兹逢邮便，呈来港币银壹拾元正，到请检收，藉作茶茗之需可也，特此告达。余无别言，顺祝
近佳

妹谢琴音敬上
公元一九五六年丙申四月廿八日","妺夫青睐：
启者，久未通候，至为念也，遥维合家平安，为颂为祷。愚旅叻中，亦各平善，请祈免挂。兹逢邮便，呈来港币银壹拾元正，到请检收，藉作茶茗之需可也，特此告达。余无别言，顺祝
近佳
公元一九五六年丙申四月廿八日",161,9,8,叻谢琴音,潮安鹳巢乡李再赐先生,,social_or_business_contact,social_or_business,妹,,先生,,新加坡,广东潮安,新加坡,广东潮安,潮安->广东潮安；叻->新加坡,新加坡 -> 广东潮安,1,新加坡；广东侨乡,一九五六年四月廿八日,妹谢琴音敬上,,,四月,廿八日,,,medium,港币壹拾元,壹拾元,10,港币,兹逢邮便，呈来港币银壹拾元正，到请检收，藉作茶茗之需可也，特此告达。,,,1,,启者，久未通候，至为念也，遥维合家平安，为颂为祷。,启者，久未通候，至为念也，遥维合家平安，为颂为祷。,"妺夫青睐：
启者，久未通候，至为念也，遥维合家平安，为颂为祷。愚旅叻中，亦各平善，请祈免挂。兹逢邮便，呈来港币银壹拾元正，到请检收，藉作茶茗之需可也，特此告达。余无别言，顺祝
近佳
公元一九五六年丙申四月廿八日",启者，久未通候，至为念也，遥维合家平安，为颂为祷。,启者，久未通候，至为念也，遥维合家平安，为颂为祷。,,,敬上,妹谢琴音敬上,妹谢琴音敬上,,1,1,1,0,0,0,0,0,0,0,0,family_affection,family_affection;remittance;safety,启者,启,,愚,兹；祈,,,平安,,启者；启；愚；兹；祈,2,"启者，久未通候，至为念也，遥维合家平安，为颂为祷。
兹逢邮便，呈来港币银壹拾元正，到请检收，藉作茶茗之需可也，特此告达。
妹谢琴音敬上",启者，久未通候，至为念也，遥维合家平安，为颂为祷。,启者，久未通候，至为念也，遥维合家平安，为颂为祷。,兹逢邮便，呈来港币银壹拾元正，到请检收，藉作茶茗之需可也，特此告达。,启者，久未通候，至为念也，遥维合家平安，为颂为祷。,,妹谢琴音敬上,sender=叻谢琴音；recipient=潮安鹳巢乡李再赐先生；relationship=social_or_business；date=一九五六年四月廿八日；money=壹拾元；currency=港币；places=潮安->广东潮安；叻->新加坡；kinship=妹,"一九五六年丙申四月廿八日，叻谢琴音寄潮安鹤巢乡李再赐先生
叻谢琴音
潮安鹳巢乡李再赐先生
一九五六年四月廿八日
港币壹拾元
潮安->广东潮安；叻->新加坡
family_affection;remittance;safety
妺夫青睐：
启者，久未通候，至为念也，遥维合家平安，为颂为祷。愚旅叻中，亦各平善，请祈免挂。兹逢邮便，呈来港币银壹拾元正，到请检收，藉作茶茗之需可也，特此告达。余无别言，顺祝
近佳
公元一九五六年丙申四月廿八日",题名：一九五六年丙申四月廿八日，叻谢琴音寄潮安鹤巢乡李再赐先生；寄批人：叻谢琴音；收批人：潮安鹳巢乡李再赐先生；日期：一九五六年四月廿八日；汇款：港币壹拾元；主题：family_affection;remittance;safety；正文摘录：妺夫青睐：启者，久未通候，至为念也，遥维合家平安，为颂为祷。愚旅叻中，亦各平善，请祈免挂。兹逢邮便，呈来港币银壹拾元正，到请检收，藉作茶茗之需可也，特此告达。余无别言，顺祝近佳公元一九五六年丙申四月廿八日,一九五六年丙申四月廿八日,叻谢琴音,潮安鹤巢乡李再赐先生,102,0,谢琴音,鹳巢乡李再赐,妹,medium,广东潮安；新加坡,"[{""record_id"": ""CSQP-SFHC-TEXT-173"", ""raw_text"": ""港币壹拾元"", ""amount_text"": ""壹拾元"", ""amount_number"": 10, ""currency"": ""港币"", ""sentence"": ""批款：港币壹拾元"", ""is_primary_candidate"": true, ""source_field"": ""body_clean""}, {""record_id"": ""CSQP-SFHC-TEXT-173"", ""raw_text"": ""银壹拾元"", ""amount_text"": ""壹拾元"", ""amount_number"": 10, ""currency"": ""银元"", ""sentence"": ""兹逢邮便，呈来港币银壹拾元正，到请检收，藉作茶茗之需可也，特此告达。"", ""is_primary_candidate"": false, ""source_field"": ""body_clean""}]",一九五六年丙申四月廿八日，叻谢琴音寄潮安鹤巢乡李再赐先生；叻谢琴音；潮安鹳巢乡李再赐先生；谢琴音；鹳巢乡李再赐；妹；广东潮安；新加坡；港币壹拾元；港币；family_affection；remittance；safety；潮安；广东；银；元；一九五六年；丙申；四月；廿八日；琴音；鹤巢；先生；鹳巢；拾元；family；affection；启者；青睐；未通；遥维；合家；平安；愚旅；各平善；祈免；兹逢；邮便；呈来；银壹；检收；作茶；特此；告达；余无别；顺祝；近佳；公元
CSQP-SFHC-TEXT-174,174,1957年7月28日，外洋正贤、遂心寄潮汕岳母大人,pdf_pages=228；book_pages=199,1,high,0,"岳母亲大人尊前：
    敬启者，前接来函，各情详悉，知玉体安康，家中均各平安，慰之。婚等于隆合家大小托福粗安，勿介。兹者是次所寄，刘延藩君之什物一件，均已收到，顺此告慰。今逢便时，付上港币叁拾元正，到祈查收，内中抹五元交大姨之用，又抹五元交溪东姨之用，余存弍拾元，作大人之费用可也。而对素娥之事情，可免为介，婚当代他（她）帮助一切就是。专此，敬请
福安

婚正贤、女遂芯合禀
1957.7.28","岳母亲大人尊前：
敬启者，前接来函，各情详悉，知玉体安康，家中均各平安，慰之。婚等于隆合家大小托福粗安，勿介。兹者是次所寄，刘延藩君之什物一件，均已收到，顺此告慰。今逢便时，付上港币叁拾元正，到祈查收，内中抹五元交大姨之用，又抹五元交溪东姨之用，余存弍拾元，作大人之费用可也。而对素娥之事情，可免为介，婚当代他（她）帮助一切就是。专此，敬请
福安

婚正贤、女遂芯合禀
1957.7.28","岳母亲大人尊前：
敬启者，前接来函，各情详悉，知玉体安康，家中均各平安，慰之。婚等于隆合家大小托福粗安，勿介。兹者是次所寄，刘延藩君之什物一件，均已收到，顺此告慰。今逢便时，付上港币叁拾元正，到祈查收，内中抹五元交大姨之用，又抹五元交溪东姨之用，余存弍拾元，作大人之费用可也。而对素娥之事情，可免为介，婚当代他（她）帮助一切就是。专此，敬请
福安

婚正贤、女遂芯合禀
1957.7.28","敬启者，前接来函，各情详悉，知玉体安康，家中均各平安，慰之。婚等于隆合家大小托福粗安，勿介。兹者是次所寄，刘延藩君之什物一件，均已收到，顺此告慰。今逢便时，付上港币叁拾元正，到祈查收，内中抹五元交大姨之用，又抹五元交溪东姨之用，余存弍拾元，作大人之费用可也。而对素娥之事情，可免为介，婚当代他（她）帮助一切就是。专此，敬请
福安
1957.7.28",194,5,10,外洋正贤、遂心,潮汕岳母大人,,parent_in_law,son_in_law_to_parent_in_law,母亲；岳母,潮汕岳母；岳母,大人；尊前,,海外,广东侨乡,海外,广东侨乡,潮汕->广东侨乡,海外 -> 广东侨乡,1,海外；广东侨乡,1957年7月28日,婚正贤、女遂芯合禀,1957,1957,,28日,solar,西历,high,港币叁拾元,叁拾元,30,港币,今逢便时，付上港币叁拾元正，到祈查收，内中抹五元交大姨之用，又抹五元交溪东姨之用，余存弍拾元，作大人之费用可也。,分抹,今逢便时，付上港币叁拾元正，到祈查收，内中抹五元交大姨之用，又抹五元交溪东姨之用，余存弍拾元，作大人之费用可也。,1,岳母亲大人尊前：,敬启者，前接来函，各情详悉，知玉体安康，家中均各平安，慰之。,敬启者，前接来函，各情详悉，知玉体安康，家中均各平安，慰之。,"敬启者，前接来函，各情详悉，知玉体安康，家中均各平安，慰之。婚等于隆合家大小托福粗安，勿介。兹者是次所寄，刘延藩君之什物一件，均已收到，顺此告慰。今逢便时，付上港币叁拾元正，到祈查收，内中抹五元交大姨之用，又抹五元交溪东姨之用，余存弍拾元，作大人之费用可也。而对素娥之事情，可免为介，婚当代他（她）帮助一切就是。专此，敬请
福安
1957.7.28",敬启者，前接来函，各情详悉，知玉体安康，家中均各平安，慰之。,岳母亲大人尊前：；敬启者，前接来函，各情详悉，知玉体安康，家中均各平安，慰之。,,,,婚正贤、女遂芯合禀,婚正贤、女遂芯合禀,,1,1,1,0,0,1,0,0,1,0,0,health_care,family_affection;remittance;safety;health;marriage,启者；尊前,启；托,大人；尊前；福安,,兹；祈,尊前；祈查收；查收；福安,查收,平安,,启者；尊前；启；托；大人；福安；兹；祈；祈查收；查收,3,"岳母亲大人尊前：
敬启者，前接来函，各情详悉，知玉体安康，家中均各平安，慰之。
今逢便时，付上港币叁拾元正，到祈查收，内中抹五元交大姨之用，又抹五元交溪东姨之用，余存弍拾元，作大人之费用可也。
婚正贤、女遂芯合禀",岳母亲大人尊前：,敬启者，前接来函，各情详悉，知玉体安康，家中均各平安，慰之。,今逢便时，付上港币叁拾元正，到祈查收，内中抹五元交大姨之用，又抹五元交溪东姨之用，余存弍拾元，作大人之费用可也。,岳母亲大人尊前：；敬启者，前接来函，各情详悉，知玉体安康，家中均各平安，慰之。,,婚正贤、女遂芯合禀,sender=外洋正贤、遂心；recipient=潮汕岳母大人；relationship=son_in_law_to_parent_in_law；date=1957年7月28日；money=叁拾元；currency=港币；places=潮汕->广东侨乡；kinship=母亲；岳母,"1957年7月28日，外洋正贤、遂心寄潮汕岳母大人
外洋正贤、遂心
潮汕岳母大人
1957年7月28日
港币叁拾元
潮汕->广东侨乡
family_affection;remittance;safety;health;marriage
敬启者，前接来函，各情详悉，知玉体安康，家中均各平安，慰之。婚等于隆合家大小托福粗安，勿介。兹者是次所寄，刘延藩君之什物一件，均已收到，顺此告慰。今逢便时，付上港币叁拾元正，到祈查收，内中抹五元交大姨之用，又抹五元交溪东姨之用，余存弍拾元，作大人之费用可也。而对素娥之事情，可免为介，婚当代他（她）帮助一切就是。专此，敬请
福安
1957.7.28",题名：1957年7月28日，外洋正贤、遂心寄潮汕岳母大人；寄批人：外洋正贤、遂心；收批人：潮汕岳母大人；日期：1957年7月28日；汇款：港币叁拾元；主题：family_affection;remittance;safety;health;marriage；正文摘录：敬启者，前接来函，各情详悉，知玉体安康，家中均各平安，慰之。婚等于隆合家大小托福粗安，勿介。兹者是次所寄，刘延藩君之什物一件，均已收到，顺此告慰。今逢便时，付上港币叁拾元正，到祈查收，内中抹五元交大姨之用，又抹五元交溪东姨之用，余存弍拾元，,1957年7月28日,外洋正贤、遂心,潮汕岳母大人,172,0,正贤、遂心,岳母,母亲,high,广东侨乡；海外,"[{""record_id"": ""CSQP-SFHC-TEXT-174"", ""raw_text"": ""港币叁拾元"", ""amount_text"": ""叁拾元"", ""amount_number"": 30, ""currency"": ""港币"", ""sentence"": ""今逢便时，付上港币叁拾元正，到祈查收，内中抹五元交大姨之用，又抹五元交溪东姨之用，余存弍拾元，作大人之费用可也。"", ""is_primary_candidate"": true, ""source_field"": ""body_clean""}, {""record_id"": ""CSQP-SFHC-TEXT-174"", ""raw_text"": ""五元"", ""amount_text"": ""五元"", ""amount_number"": 5, ""currency"": ""元"", ""sentence"": ""今逢便时，付上港币叁拾元正，到祈查收，内中抹五元交大姨之用，又抹五元交溪东姨之用，余存弍拾元，作大人之费用可也。"", ""is_primary_candidate"": false, ""source_field"": ""body_clean""}, {""record_id"": ""CSQP-SFHC-TEXT-174"", ""raw_text"": ""弍拾元"", ""amount_text"": ""弍拾元"", ""amount_number"": 20, ""currency"": ""元"", ""sentence"": ""今逢便时，付上港币叁拾元正，到祈查收，内中抹五元交大姨之用，又抹五元交溪东姨之用，余存弍拾元，作大人之费用可也。"", ""is_primary_candidate"": false, ""source_field"": ""body_clean""}]",1957年7月28日，外洋正贤、遂心寄潮汕岳母大人；外洋正贤、遂心；潮汕岳母大人；正贤、遂心；岳母；母亲；广东侨乡；海外；港币叁拾元；港币；family_affection；remittance；safety；health；marriage；潮汕；广东；元；尊前；祈查收；查收；福安；外洋；正贤；遂心；侨乡；拾元；family；affection；启者；敬启者；前接；来函；各情；详悉；玉体；安康；家中；平安；等于；合家；大小；托福；粗安；勿介；兹者；刘延藩；什物；一件；收到；告慰；今逢；内中；五元；大姨；之用；交溪；东姨；余存；费用；对素；事情；可免；为介；当代；帮助；就是；1957.7
CSQP-SFHC-TEXT-175,175,一九五七年，叻郑奕江寄汕头华侨中学校郑万里吾儿,pdf_pages=229；book_pages=200,0,metadata_only,1,"寄批人：叻郑奕江
收批人：汕头华侨中学校郑万里吾儿
批款：港币贰拾元
日期：一九五七年

【仅见寄批人、收批人、批款、日期，未见正文录文】","寄批人：叻郑奕江
收批人：汕头华侨中学校郑万里吾儿
批款：港币贰拾元
日期：一九五七年",,,43,4,0,叻郑奕江,汕头华侨中学校郑万里吾儿,,child,parent_to_child,儿,郑万里吾儿,,,新加坡,广东汕头,新加坡,广东汕头,汕头->广东汕头；叻->新加坡,新加坡 -> 广东汕头,1,新加坡；广东侨乡,一九五七年,,,,,,,,low,港币贰拾元,贰拾元,20,港币,,,,1,,,,,,,,,,,,,1,1,0,0,0,0,0,0,0,0,0,remittance,family_affection;remittance,,,,,,,,,,,0,,,,港币贰拾元,,,,sender=叻郑奕江；recipient=汕头华侨中学校郑万里吾儿；relationship=parent_to_child；date=一九五七年；money=贰拾元；currency=港币；places=汕头->广东汕头；叻->新加坡；kinship=儿,"一九五七年，叻郑奕江寄汕头华侨中学校郑万里吾儿
叻郑奕江
汕头华侨中学校郑万里吾儿
一九五七年
港币贰拾元
汕头->广东汕头；叻->新加坡
family_affection;remittance",题名：一九五七年，叻郑奕江寄汕头华侨中学校郑万里吾儿；寄批人：叻郑奕江；收批人：汕头华侨中学校郑万里吾儿；日期：一九五七年；汇款：港币贰拾元；主题：family_affection;remittance,一九五七年,叻郑奕江,汕头华侨中学校郑万里吾儿,0,0,郑奕江,华侨中学校郑万里,吾儿,medium,广东汕头；新加坡,"[{""record_id"": ""CSQP-SFHC-TEXT-175"", ""raw_text"": ""港币贰拾元"", ""amount_text"": ""贰拾元"", ""amount_number"": 20, ""currency"": ""港币"", ""sentence"": ""批款：港币贰拾元"", ""is_primary_candidate"": true, ""source_field"": ""body_clean""}]",一九五七年，叻郑奕江寄汕头华侨中学校郑万里吾儿；叻郑奕江；汕头华侨中学校郑万里吾儿；郑奕江；华侨中学校郑万里；儿；吾儿；广东汕头；新加坡；港币贰拾元；港币；family_affection；remittance；汕头；广东；元；一九五七年；华侨；学校；万里；拾元；family；affection
CSQP-SFHC-TEXT-176,176,一九五八年三月五日，外洋黄居禧寄潮汕岳母大人,pdf_pages=230；book_pages=201,1,medium,0,"岳母大人侍右：
    敬启者，腊鼓已催残冬去，梅萼初送新春来。际兹人间岁改，大地春回，恭维大人献岁于兹，福与日增，德随年邵，为祝为颂。婚客中长幼咸安，堪以报达，兹值批期，特辍数行，藉以致候。随函伍拾元，伏祈检收为盼。肃此奉闻，敬请
福安

婚黄居禧拜上
一九五八年三月五日，正月十六","岳母大人侍右：
敬启者，腊鼓已催残冬去，梅萼初送新春来。际兹人间岁改，大地春回，恭维大人献岁于兹，福与日增，德随年邵，为祝为颂。婚客中长幼咸安，堪以报达，兹值批期，特辍数行，藉以致候。随函伍拾元，伏祈检收为盼。肃此奉闻，敬请
福安

婚黄居禧拜上
一九五八年三月五日，正月十六","岳母大人侍右：
敬启者，腊鼓已催残冬去，梅萼初送新春来。际兹人间岁改，大地春回，恭维大人献岁于兹，福与日增，德随年邵，为祝为颂。婚客中长幼咸安，堪以报达，兹值批期，特辍数行，藉以致候。随函伍拾元，伏祈检收为盼。肃此奉闻，敬请
福安

婚黄居禧拜上
一九五八年三月五日，正月十六","敬启者，腊鼓已催残冬去，梅萼初送新春来。际兹人间岁改，大地春回，恭维大人献岁于兹，福与日增，德随年邵，为祝为颂。婚客中长幼咸安，堪以报达，兹值批期，特辍数行，藉以致候。随函伍拾元，伏祈检收为盼。肃此奉闻，敬请
福安",138,5,9,外洋黄居禧,潮汕岳母大人,,parent_in_law,son_in_law_to_parent_in_law,岳母,潮汕岳母；岳母,大人,,海外,广东侨乡,海外,广东侨乡,潮汕->广东侨乡,海外 -> 广东侨乡,1,海外；广东侨乡,一九五八年三月五日,"婚黄居禧拜上
一九五八年三月五日，正月十六",,,三月,五日,,,medium,伍拾元,伍拾元,50,元,,,,1,岳母大人侍右：,敬启者，腊鼓已催残冬去，梅萼初送新春来。,福安,"敬启者，腊鼓已催残冬去，梅萼初送新春来。际兹人间岁改，大地春回，恭维大人献岁于兹，福与日增，德随年邵，为祝为颂。婚客中长幼咸安，堪以报达，兹值批期，特辍数行，藉以致候。随函伍拾元，伏祈检收为盼。肃此奉闻，敬请
福安",,岳母大人侍右：,,,拜上,"婚黄居禧拜上
一九五八年三月五日，正月十六",婚黄居禧拜上,,1,1,0,0,0,0,0,0,1,0,0,marriage,family_affection;remittance;marriage,启者,拜上；启,大人；福安,,兹；祈；奉,福安,,,,启者；拜上；启；大人；福安；兹；祈；奉,2,"岳母大人侍右：
敬启者，腊鼓已催残冬去，梅萼初送新春来。
婚黄居禧拜上",岳母大人侍右：,,伍拾元,岳母大人侍右：,,婚黄居禧拜上,sender=外洋黄居禧；recipient=潮汕岳母大人；relationship=son_in_law_to_parent_in_law；date=一九五八年三月五日；money=伍拾元；currency=元；places=潮汕->广东侨乡；kinship=岳母,"一九五八年三月五日，外洋黄居禧寄潮汕岳母大人
外洋黄居禧
潮汕岳母大人
一九五八年三月五日
伍拾元
潮汕->广东侨乡
family_affection;remittance;marriage
敬启者，腊鼓已催残冬去，梅萼初送新春来。际兹人间岁改，大地春回，恭维大人献岁于兹，福与日增，德随年邵，为祝为颂。婚客中长幼咸安，堪以报达，兹值批期，特辍数行，藉以致候。随函伍拾元，伏祈检收为盼。肃此奉闻，敬请
福安",题名：一九五八年三月五日，外洋黄居禧寄潮汕岳母大人；寄批人：外洋黄居禧；收批人：潮汕岳母大人；日期：一九五八年三月五日；汇款：伍拾元；主题：family_affection;remittance;marriage；正文摘录：敬启者，腊鼓已催残冬去，梅萼初送新春来。际兹人间岁改，大地春回，恭维大人献岁于兹，福与日增，德随年邵，为祝为颂。婚客中长幼咸安，堪以报达，兹值批期，特辍数行，藉以致候。随函伍拾元，伏祈检收为盼。肃此奉闻，敬请福安,一九五八年三月五日,外洋黄居禧,潮汕岳母大人,106,0,黄居禧,岳母,岳母,high,广东侨乡；海外,"[{""record_id"": ""CSQP-SFHC-TEXT-176"", ""raw_text"": ""伍拾元"", ""amount_text"": ""伍拾元"", ""amount_number"": 50, ""currency"": ""元"", ""sentence"": ""随函伍拾元，伏祈检收为盼。"", ""is_primary_candidate"": true, ""source_field"": ""body_clean""}]",一九五八年三月五日，外洋黄居禧寄潮汕岳母大人；外洋黄居禧；潮汕岳母大人；黄居禧；岳母；广东侨乡；海外；伍拾元；元；family_affection；remittance；marriage；潮汕；广东；福安；一九五八年；三月；五日；外洋；侨乡；伍拾；family；affection；启者；拜上；敬启者；腊鼓；残冬；梅萼；新春；人间；大地春回；恭维；献岁；日增；随年；婚客；长幼；咸安；堪以；报达；兹值；批期；特辍；数行；以致；随函；伏祈；检收；肃此；奉闻
CSQP-SFHC-TEXT-177,177,一九五八年十月十四日，外洋杰民寄潮汕丘氏吾妻,pdf_pages=231；book_pages=202,1,high,0,"丘氏我妻：
    接儿女来信，知家中老少安宁，我心甚慰。我在叻坡各事如常，不用远念。近来我入息甚微，以致不能多寄一点，以付应用。此次声良完婚，声友、婉君升学，各项费用现时无银寄回，使我心中十分难过，在无办法之中，你们可暂挪贷应用，再候将来，待我设法寄还。一切以俭为本，不可太过开销，以免欠债太多，无法应还之误，是为至要。兹付去人民币三十六元二角七分，至请查收，以付应用，余候后寄。此问
时佳

夫杰民寄
一九五八年十月十四日","丘氏我妻：
接儿女来信，知家中老少安宁，我心甚慰。我在叻坡各事如常，不用远念。近来我入息甚微，以致不能多寄一点，以付应用。此次声良完婚，声友、婉君升学，各项费用现时无银寄回，使我心中十分难过，在无办法之中，你们可暂挪贷应用，再候将来，待我设法寄还。一切以俭为本，不可太过开销，以免欠债太多，无法应还之误，是为至要。兹付去人民币三十六元二角七分，至请查收，以付应用，余候后寄。此问
时佳

夫杰民寄
一九五八年十月十四日","丘氏我妻：
接儿女来信，知家中老少安宁，我心甚慰。我在叻坡各事如常，不用远念。近来我入息甚微，以致不能多寄一点，以付应用。此次声良完婚，声友、婉君升学，各项费用现时无银寄回，使我心中十分难过，在无办法之中，你们可暂挪贷应用，再候将来，待我设法寄还。一切以俭为本，不可太过开销，以免欠债太多，无法应还之误，是为至要。兹付去人民币三十六元二角七分，至请查收，以付应用，余候后寄。此问
时佳

夫杰民寄
一九五八年十月十四日","丘氏我妻：
接儿女来信，知家中老少安宁，我心甚慰。我在叻坡各事如常，不用远念。近来我入息甚微，以致不能多寄一点，以付应用。此次声良完婚，声友、婉君升学，各项费用现时无银寄回，使我心中十分难过，在无办法之中，你们可暂挪贷应用，再候将来，待我设法寄还。一切以俭为本，不可太过开销，以免欠债太多，无法应还之误，是为至要。兹付去人民币三十六元二角七分，至请查收，以付应用，余候后寄。此问
时佳
夫杰民寄",209,5,11,外洋杰民,潮汕丘氏吾妻,,spouse,spouse_to_spouse,妻；儿,汕丘氏吾妻；丘氏我妻；接儿,,,海外,广东侨乡,海外,广东侨乡,叻坡->新加坡；潮汕->广东侨乡；叻->新加坡,海外 -> 广东侨乡,1,海外；广东侨乡；新加坡,一九五八年十月十四日,一九五八年十月十四日,,,十月,十四日,,,medium,币三十六元,三十六元,36,元,兹付去人民币三十六元二角七分，至请查收，以付应用，余候后寄。,,兹付去人民币三十六元二角七分，至请查收，以付应用，余候后寄。,1,,,,"丘氏我妻：
接儿女来信，知家中老少安宁，我心甚慰。我在叻坡各事如常，不用远念。近来我入息甚微，以致不能多寄一点，以付应用。此次声良完婚，声友、婉君升学，各项费用现时无银寄回，使我心中十分难过，在无办法之中，你们可暂挪贷应用，再候将来，待我设法寄还。一切以俭为本，不可太过开销，以免欠债太多，无法应还之误，是为至要。兹付去人民币三十六元二角七分，至请查收，以付应用，余候后寄。此问
时佳
夫杰民寄",,丘氏我妻：；接儿女来信，知家中老少安宁，我心甚慰。,一切以俭为本，不可太过开销，以免欠债太多，无法应还之误，是为至要。,此问,,一九五八年十月十四日,,,1,1,0,1,1,0,0,1,1,0,0,instruction,family_affection;remittance;instruction;study;debt;marriage,,此问,,儿,兹；甚慰,查收,付去；查收,,不可,此问；儿；兹；甚慰；查收,2,"兹付去人民币三十六元二角七分，至请查收，以付应用，余候后寄。
一切以俭为本，不可太过开销，以免欠债太多，无法应还之误，是为至要。
此问",,,兹付去人民币三十六元二角七分，至请查收，以付应用，余候后寄。,丘氏我妻：；接儿女来信，知家中老少安宁，我心甚慰。,一切以俭为本，不可太过开销，以免欠债太多，无法应还之误，是为至要。,此问,sender=外洋杰民；recipient=潮汕丘氏吾妻；relationship=spouse_to_spouse；date=一九五八年十月十四日；money=三十六元；currency=元；places=叻坡->新加坡；潮汕->广东侨乡；叻->新加坡；kinship=妻；儿,"一九五八年十月十四日，外洋杰民寄潮汕丘氏吾妻
外洋杰民
潮汕丘氏吾妻
一九五八年十月十四日
币三十六元
叻坡->新加坡；潮汕->广东侨乡；叻->新加坡
family_affection;remittance;instruction;study;debt;marriage
丘氏我妻：
接儿女来信，知家中老少安宁，我心甚慰。我在叻坡各事如常，不用远念。近来我入息甚微，以致不能多寄一点，以付应用。此次声良完婚，声友、婉君升学，各项费用现时无银寄回，使我心中十分难过，在无办法之中，你们可暂挪贷应用，再候将来，待我设法寄还。一切以俭为本，不可太过开销，以免欠债太多，无法应还之误，是为至要。兹付去人民币三十六元二角七分，至请查收，以付应用，余候后寄。此问
时佳
夫杰民寄",题名：一九五八年十月十四日，外洋杰民寄潮汕丘氏吾妻；寄批人：外洋杰民；收批人：潮汕丘氏吾妻；日期：一九五八年十月十四日；汇款：币三十六元；主题：family_affection;remittance;instruction;study;debt;marriage；正文摘录：丘氏我妻：接儿女来信，知家中老少安宁，我心甚慰。我在叻坡各事如常，不用远念。近来我入息甚微，以致不能多寄一点，以付应用。此次声良完婚，声友、婉君升学，各项费用现时无银寄回，使我心中十分难过，在无办法之中，你们可暂挪贷应用，再候将来，待我设法,一九五八年十月十四日,外洋杰民,潮汕丘氏吾妻,194,0,杰民,丘氏吾妻,妻,medium,广东侨乡；新加坡；海外,"[{""record_id"": ""CSQP-SFHC-TEXT-177"", ""raw_text"": ""币三十六元"", ""amount_text"": ""三十六元"", ""amount_number"": 36, ""currency"": ""元"", ""sentence"": ""兹付去人民币三十六元二角七分，至请查收，以付应用，余候后寄。"", ""is_primary_candidate"": true, ""source_field"": ""body_clean""}, {""record_id"": ""CSQP-SFHC-TEXT-177"", ""raw_text"": ""二角"", ""amount_text"": ""二角"", ""amount_number"": 2, ""currency"": ""角"", ""sentence"": ""兹付去人民币三十六元二角七分，至请查收，以付应用，余候后寄。"", ""is_primary_candidate"": false, ""source_field"": ""body_clean""}]",一九五八年十月十四日，外洋杰民寄潮汕丘氏吾妻；外洋杰民；潮汕丘氏吾妻；杰民；丘氏吾妻；妻；儿；广东侨乡；新加坡；海外；币三十六元；元；family_affection；remittance；instruction；study；debt；marriage；叻坡；潮汕；广东；银；查收；一九五八年；十月；十四日；外洋；丘氏；吾妻；侨乡；三十六；family；affection；此问；甚慰；儿女；来信；家中；老少；安宁；我心；各事；如常；不用；远念；近来；我入息；甚微；以致；不能；一点；以付；应用；此次；声良；完婚；声友；婉君；升学；各项；费用；现时；无银；寄回；心中；十分；难过；办法；之中；你们；可暂；挪贷；再候；将来；设法；以俭为；太过；开销；以免；欠债
CSQP-SFHC-TEXT-178,178,一九五九年元月廿六日，外洋潘贤伟寄潮汕家贤保吾兄,pdf_pages=232-233；book_pages=203-204,1,high,0,"家贤保吾兄如晤：
    敬启者，转瞬之间，忽已（已）数月，未有致函问候，殊深抱歉。兹值大地回春，万象更新，春光明媚，桃李争艳之时，恭维吾兄诸凡遂心，与时俱进。刻逢空邮之便，外寄港币壹佰元正，至祈检收。内抹出十元，交前陇母姨收，另抹十元，交木德兄收用，另抹十元交声荣弟收用，信到之日，祈照字分送了布，余者七十元，以供吾兄之需。幸蒙神天保佑，两地平安，喜之胜也，余言后申。谨此，并祝
春安

潘贤伟顿
一九五九年元月廿六日","家贤保吾兄如晤：
敬启者，转瞬之间，忽已（已）数月，未有致函问候，殊深抱歉。兹值大地回春，万象更新，春光明媚，桃李争艳之时，恭维吾兄诸凡遂心，与时俱进。刻逢空邮之便，外寄港币壹佰元正，至祈检收。内抹出十元，交前陇母姨收，另抹十元，交木德兄收用，另抹十元交声荣弟收用，信到之日，祈照字分送了布，余者七十元，以供吾兄之需。幸蒙神天保佑，两地平安，喜之胜也，余言后申。谨此，并祝
春安

潘贤伟顿
一九五九年元月廿六日","家贤保吾兄如晤：
敬启者，转瞬之间，忽已（已）数月，未有致函问候，殊深抱歉。兹值大地回春，万象更新，春光明媚，桃李争艳之时，恭维吾兄诸凡遂心，与时俱进。刻逢空邮之便，外寄港币壹佰元正，至祈检收。内抹出十元，交前陇母姨收，另抹十元，交木德兄收用，另抹十元交声荣弟收用，信到之日，祈照字分送了布，余者七十元，以供吾兄之需。幸蒙神天保佑，两地平安，喜之胜也，余言后申。谨此，并祝
春安

潘贤伟顿
一九五九年元月廿六日","敬启者，转瞬之间，忽已（已）数月，未有致函问候，殊深抱歉。兹值大地回春，万象更新，春光明媚，桃李争艳之时，恭维吾兄诸凡遂心，与时俱进。刻逢空邮之便，外寄港币壹佰元正，至祈检收。内抹出十元，交前陇母姨收，另抹十元，交木德兄收用，另抹十元交声荣弟收用，信到之日，祈照字分送了布，余者七十元，以供吾兄之需。幸蒙神天保佑，两地平安，喜之胜也，余言后申。谨此，并祝
春安",206,5,10,外洋潘贤伟,潮汕家贤保吾兄,,sibling,sibling_or_same_generation_kin,兄；弟,家贤保吾兄；恭维吾兄；交前陇母；交木德兄；元交声荣弟；以供吾兄,,,海外,广东侨乡,海外,广东侨乡,潮汕->广东侨乡,海外 -> 广东侨乡,1,海外；广东侨乡,一九五九年元月廿六日,"潘贤伟顿
一九五九年元月廿六日",,,,廿六日,,,low,港币壹佰元,壹佰元,100,港币,,,内抹出十元，交前陇母姨收，另抹十元，交木德兄收用，另抹十元交声荣弟收用，信到之日，祈照字分送了布，余者七十元，以供吾兄之需。,1,家贤保吾兄如晤：,敬启者，转瞬之间，忽已（已）数月，未有致函问候，殊深抱歉。,幸蒙神天保佑，两地平安，喜之胜也，余言后申。,"敬启者，转瞬之间，忽已（已）数月，未有致函问候，殊深抱歉。兹值大地回春，万象更新，春光明媚，桃李争艳之时，恭维吾兄诸凡遂心，与时俱进。刻逢空邮之便，外寄港币壹佰元正，至祈检收。内抹出十元，交前陇母姨收，另抹十元，交木德兄收用，另抹十元交声荣弟收用，信到之日，祈照字分送了布，余者七十元，以供吾兄之需。幸蒙神天保佑，两地平安，喜之胜也，余言后申。谨此，并祝
春安",幸蒙神天保佑，两地平安，喜之胜也，余言后申。,内抹出十元，交前陇母姨收，另抹十元，交木德兄收用，另抹十元交声荣弟收用，信到之日，祈照字分送了布，余者七十元，以供吾兄之需。,,,顿,"潘贤伟顿
一九五九年元月廿六日",潘贤伟顿,,1,1,1,0,0,0,0,0,0,0,0,safety_report,family_affection;remittance;safety,启者,启,,弟；谨,兹；祈,,,平安,,启者；启；弟；谨；兹；祈,2,"家贤保吾兄如晤：
敬启者，转瞬之间，忽已（已）数月，未有致函问候，殊深抱歉。
幸蒙神天保佑，两地平安，喜之胜也，余言后申。
潘贤伟顿",家贤保吾兄如晤：,幸蒙神天保佑，两地平安，喜之胜也，余言后申。,港币壹佰元,内抹出十元，交前陇母姨收，另抹十元，交木德兄收用，另抹十元交声荣弟收用，信到之日，祈照字分送了布，余者七十元，以供吾兄之需。,,潘贤伟顿,sender=外洋潘贤伟；recipient=潮汕家贤保吾兄；relationship=sibling_or_same_generation_kin；date=一九五九年元月廿六日；money=壹佰元；currency=港币；places=潮汕->广东侨乡；kinship=兄；弟,"一九五九年元月廿六日，外洋潘贤伟寄潮汕家贤保吾兄
外洋潘贤伟
潮汕家贤保吾兄
一九五九年元月廿六日
港币壹佰元
潮汕->广东侨乡
family_affection;remittance;safety
敬启者，转瞬之间，忽已（已）数月，未有致函问候，殊深抱歉。兹值大地回春，万象更新，春光明媚，桃李争艳之时，恭维吾兄诸凡遂心，与时俱进。刻逢空邮之便，外寄港币壹佰元正，至祈检收。内抹出十元，交前陇母姨收，另抹十元，交木德兄收用，另抹十元交声荣弟收用，信到之日，祈照字分送了布，余者七十元，以供吾兄之需。幸蒙神天保佑，两地平安，喜之胜也，余言后申。谨此，并祝
春安",题名：一九五九年元月廿六日，外洋潘贤伟寄潮汕家贤保吾兄；寄批人：外洋潘贤伟；收批人：潮汕家贤保吾兄；日期：一九五九年元月廿六日；汇款：港币壹佰元；主题：family_affection;remittance;safety；正文摘录：敬启者，转瞬之间，忽已（已）数月，未有致函问候，殊深抱歉。兹值大地回春，万象更新，春光明媚，桃李争艳之时，恭维吾兄诸凡遂心，与时俱进。刻逢空邮之便，外寄港币壹佰元正，至祈检收。内抹出十元，交前陇母姨收，另抹十元，交木德兄收用，另抹十元交声荣,一九五九年元月廿六日,外洋潘贤伟,潮汕家贤保吾兄,179,0,潘贤伟,家贤保吾兄,兄,high,广东侨乡；海外,"[{""record_id"": ""CSQP-SFHC-TEXT-178"", ""raw_text"": ""港币壹佰元"", ""amount_text"": ""壹佰元"", ""amount_number"": 100, ""currency"": ""港币"", ""sentence"": ""刻逢空邮之便，外寄港币壹佰元正，至祈检收。"", ""is_primary_candidate"": true, ""source_field"": ""body_clean""}, {""record_id"": ""CSQP-SFHC-TEXT-178"", ""raw_text"": ""十元"", ""amount_text"": ""十元"", ""amount_number"": 10, ""currency"": ""元"", ""sentence"": ""内抹出十元，交前陇母姨收，另抹十元，交木德兄收用，另抹十元交声荣弟收用，信到之日，祈照字分送了布，余者七十元，以供吾兄之需。"", ""is_primary_candidate"": false, ""source_field"": ""body_clean""}, {""record_id"": ""CSQP-SFHC-TEXT-178"", ""raw_text"": ""七十元"", ""amount_text"": ""七十元"", ""amount_number"": 70, ""currency"": ""元"", ""sentence"": ""内抹出十元，交前陇母姨收，另抹十元，交木德兄收用，另抹十元交声荣弟收用，信到之日，祈照字分送了布，余者七十元，以供吾兄之需。"", ""is_primary_candidate"": false, ""source_field"": ""body_clean""}]",一九五九年元月廿六日，外洋潘贤伟寄潮汕家贤保吾兄；外洋潘贤伟；潮汕家贤保吾兄；潘贤伟；家贤保吾兄；兄；弟；广东侨乡；海外；港币壹佰元；港币；family_affection；remittance；safety；潮汕；广东；元；一九五九年；元月；廿六日；外洋；家贤保；吾兄；侨乡；壹佰元；family；affection；启者；敬启者；转瞬之间；数月；未有；致函；问候；殊深；抱歉；兹值；大地回春；万象更新；春光明媚；李争艳；恭维；诸凡；遂心；与时俱进；刻逢；空邮；外寄；至祈；检收；内抹出；十元；交前；陇母；姨收；交木德兄；收用；交声；荣弟；信到；祈照；分送；余者；七十；以供；幸蒙神天；保佑；两地；平安；喜之胜；余言；后申；谨此；并祝；春安
CSQP-SFHC-TEXT-179,179,己（1959）三月廿九日，叻张旭秋寄潮安南桂郑淑坚先生,pdf_pages=234；book_pages=205,1,medium,0,"寄批人：叻张旭秋
收批人：潮安南桂郑淑坚先生
批款：港币陆拾元
日期：己三月廿九日

慈亲大人纳福：
    敬禀者，昨天得读家书，种情详悉。且喜内外长幼平安，极慰。侨望亲友来叻经有面晤，所讨“西林片”最好有标纸寄来为样更妥，因此间有一药片名“盘尼西林片”，究竟系此药否？恐防买错，祈为示知，以便买付。但“西林片”系治何病，亦宜示知，以便推（推）测把握也。刻附港币陆拾元，至请查收应用。妥后示知，此【致】
金安

己三月廿九日
儿张旭秋泐","寄批人：叻张旭秋
收批人：潮安南桂郑淑坚先生
批款：港币陆拾元
日期：己三月廿九日

慈亲大人纳福：
敬禀者，昨天得读家书，种情详悉。且喜内外长幼平安，极慰。侨望亲友来叻经有面晤，所讨“西林片”最好有标纸寄来为样更妥，因此间有一药片名“盘尼西林片”，究竟系此药否？恐防买错，祈为示知，以便买付。但“西林片”系治何病，亦宜示知，以便推（推）测把握也。刻附港币陆拾元，至请查收应用。妥后示知，此【致】
金安

己三月廿九日
儿张旭秋泐","慈亲大人纳福：
敬禀者，昨天得读家书，种情详悉。且喜内外长幼平安，极慰。侨望亲友来叻经有面晤，所讨“西林片”最好有标纸寄来为样更妥，因此间有一药片名“盘尼西林片”，究竟系此药否？恐防买错，祈为示知，以便买付。但“西林片”系治何病，亦宜示知，以便推（推）测把握也。刻附港币陆拾元，至请查收应用。妥后示知，此【致】
金安

己三月廿九日
儿张旭秋泐","敬禀者，昨天得读家书，种情详悉。且喜内外长幼平安，极慰。侨望亲友来叻经有面晤，所讨“西林片”最好有标纸寄来为样更妥，因此间有一药片名“盘尼西林片”，究竟系此药否？恐防买错，祈为示知，以便买付。但“西林片”系治何病，亦宜示知，以便推（推）测把握也。刻附港币陆拾元，至请查收应用。妥后示知，此【致】
金安",215,9,11,叻张旭秋,潮安南桂郑淑坚先生,child,parent,child_to_parent,慈亲；儿,,大人；先生,儿,新加坡,广东潮安,新加坡,广东潮安,安南->越南；潮安->广东潮安；叻->新加坡,新加坡 -> 广东潮安,1,新加坡；广东侨乡；越南,己三月廿九日,"儿张旭秋泐
己三月廿九日",1959,1959,三月,廿九日,solar,干支或传统纪年,high,港币陆拾元,陆拾元,60,港币,刻附港币陆拾元，至请查收应用。,,刻附港币陆拾元，至请查收应用。,1,慈亲大人纳福：,敬禀者，昨天得读家书，种情详悉。,且喜内外长幼平安，极慰。,"敬禀者，昨天得读家书，种情详悉。且喜内外长幼平安，极慰。侨望亲友来叻经有面晤，所讨“西林片”最好有标纸寄来为样更妥，因此间有一药片名“盘尼西林片”，究竟系此药否？恐防买错，祈为示知，以便买付。但“西林片”系治何病，亦宜示知，以便推（推）测把握也。刻附港币陆拾元，至请查收应用。妥后示知，此【致】
金安",且喜内外长幼平安，极慰。,儿张旭秋泐,恐防买错，祈为示知，以便买付。,,泐,"儿张旭秋泐
己三月廿九日",儿张旭秋泐,,1,1,1,1,1,1,0,0,0,0,0,instruction,family_affection;remittance;safety;instruction;study;health,敬禀者；禀者,,大人；金安,儿,祈,敬禀者；查收；金安,查收,平安,祈为,敬禀者；禀者；大人；金安；儿；祈；查收,2,"慈亲大人纳福：
敬禀者，昨天得读家书，种情详悉。
且喜内外长幼平安，极慰。
刻附港币陆拾元，至请查收应用。
恐防买错，祈为示知，以便买付。
儿张旭秋泐",慈亲大人纳福：,且喜内外长幼平安，极慰。,刻附港币陆拾元，至请查收应用。,儿张旭秋泐,恐防买错，祈为示知，以便买付。,儿张旭秋泐,sender=叻张旭秋；recipient=潮安南桂郑淑坚先生；relationship=child_to_parent；date=己三月廿九日；money=陆拾元；currency=港币；places=安南->越南；潮安->广东潮安；叻->新加坡；kinship=慈亲；儿,"己（1959）三月廿九日，叻张旭秋寄潮安南桂郑淑坚先生
叻张旭秋
潮安南桂郑淑坚先生
己三月廿九日
港币陆拾元
安南->越南；潮安->广东潮安；叻->新加坡
family_affection;remittance;safety;instruction;study;health
敬禀者，昨天得读家书，种情详悉。且喜内外长幼平安，极慰。侨望亲友来叻经有面晤，所讨“西林片”最好有标纸寄来为样更妥，因此间有一药片名“盘尼西林片”，究竟系此药否？恐防买错，祈为示知，以便买付。但“西林片”系治何病，亦宜示知，以便推（推）测把握也。刻附港币陆拾元，至请查收应用。妥后示知，此【致】
金安",题名：己（1959）三月廿九日，叻张旭秋寄潮安南桂郑淑坚先生；寄批人：叻张旭秋；收批人：潮安南桂郑淑坚先生；日期：己三月廿九日；汇款：港币陆拾元；主题：family_affection;remittance;safety;instruction;study;health；正文摘录：敬禀者，昨天得读家书，种情详悉。且喜内外长幼平安，极慰。侨望亲友来叻经有面晤，所讨“西林片”最好有标纸寄来为样更妥，因此间有一药片名“盘尼西林片”，究竟系此药否？恐防买错，祈为示知，以便买付。但“西林片”系治何病，亦宜示知，以便推（推）测把,己（1959）三月廿九日,叻张旭秋,潮安南桂郑淑坚先生,149,0,张旭秋,郑淑坚,慈亲,high,越南；广东潮安；新加坡,"[{""record_id"": ""CSQP-SFHC-TEXT-179"", ""raw_text"": ""港币陆拾元"", ""amount_text"": ""陆拾元"", ""amount_number"": 60, ""currency"": ""港币"", ""sentence"": ""批款：港币陆拾元"", ""is_primary_candidate"": true, ""source_field"": ""body_clean""}, {""record_id"": ""CSQP-SFHC-TEXT-179"", ""raw_text"": ""港币陆拾元"", ""amount_text"": ""陆拾元"", ""amount_number"": 60, ""currency"": ""港币"", ""sentence"": ""刻附港币陆拾元，至请查收应用。"", ""is_primary_candidate"": false, ""source_field"": ""body_clean""}]",己（1959）三月廿九日，叻张旭秋寄潮安南桂郑淑坚先生；叻张旭秋；潮安南桂郑淑坚先生；张旭秋；郑淑坚；慈亲；儿；越南；广东潮安；新加坡；港币陆拾元；港币；family_affection；remittance；safety；instruction；study；health；安南；潮安；广东；元；敬禀者；查收；金安；三月；廿九日；张旭；秋寄潮；先生；拾元；family；affection；禀者；昨天；得读；家书；种情；详悉；内外；长幼；平安；极慰；侨望；亲友；经有；面晤；所讨；西林；最好；标纸；寄来；为样；因此；药片；盘尼西林；究竟；系此；药否；恐防；买错；祈为；示知；以便；买付；系治何；宜示；把握；刻附；应用；妥后
CSQP-SFHC-TEXT-180,180,壬寅年（1962）八月十八日，叻成子梅寄潮汕慈座大人,pdf_pages=235；book_pages=206,1,medium,0,"慈亲大人膝下：
    敬禀者，前日接示谕，跪读之余，诸事领悉。比维大人，近来玉体康健，老少平安，诸事合想，儿等之远颂耳。因今年来，家批少寄，乃因近来无事可做，望勿挂念为荷。二地平安，慰之可也。敬祝
合家平安

儿成子梅托
1962.9.16；壬寅年，八，十八日寄

通信处：咳（实）叻蔗兰武吉河水门口112号交。","慈亲大人膝下：
敬禀者，前日接示谕，跪读之余，诸事领悉。比维大人，近来玉体康健，老少平安，诸事合想，儿等之远颂耳。因今年来，家批少寄，乃因近来无事可做，望勿挂念为荷。二地平安，慰之可也。敬祝
合家平安

儿成子梅托
1962.9.16；壬寅年，八，十八日寄

通信处：咳（实）叻蔗兰武吉河水门口112号交。","慈亲大人膝下：
敬禀者，前日接示谕，跪读之余，诸事领悉。比维大人，近来玉体康健，老少平安，诸事合想，儿等之远颂耳。因今年来，家批少寄，乃因近来无事可做，望勿挂念为荷。二地平安，慰之可也。敬祝
合家平安

儿成子梅托
1962.9.16；壬寅年，八，十八日寄

通信处：咳（实）叻蔗兰武吉河水门口112号交。","敬禀者，前日接示谕，跪读之余，诸事领悉。比维大人，近来玉体康健，老少平安，诸事合想，儿等之远颂耳。因今年来，家批少寄，乃因近来无事可做，望勿挂念为荷。二地平安，慰之可也。敬祝
合家平安
通信处：咳（实）叻蔗兰武吉河水门口112号交。",153,6,11,叻成子梅,潮汕慈座大人,child,parent,child_to_parent,慈亲；儿,,大人；膝下,儿,新加坡,广东侨乡,新加坡,广东侨乡,潮汕->广东侨乡；叻->新加坡,新加坡 -> 广东侨乡,1,新加坡；广东侨乡,壬寅年（1962）八月十八日,儿成子梅托,1962,1962,八月,十八日,solar,干支或传统纪年,high,,,,,,,通信处：咳（实）叻蔗兰武吉河水门口112号交。,0,慈亲大人膝下：,敬禀者，前日接示谕，跪读之余，诸事领悉。,比维大人，近来玉体康健，老少平安，诸事合想，儿等之远颂耳。,"敬禀者，前日接示谕，跪读之余，诸事领悉。比维大人，近来玉体康健，老少平安，诸事合想，儿等之远颂耳。因今年来，家批少寄，乃因近来无事可做，望勿挂念为荷。二地平安，慰之可也。敬祝
合家平安
通信处：咳（实）叻蔗兰武吉河水门口112号交。",比维大人，近来玉体康健，老少平安，诸事合想，儿等之远颂耳。；二地平安，慰之可也。,比维大人，近来玉体康健，老少平安，诸事合想，儿等之远颂耳。；合家平安,,,托,儿成子梅托,儿成子梅托,,1,0,1,0,1,0,0,0,0,0,0,family_affection,family_affection;safety;study,敬禀者；禀者；膝下,托,大人；膝下,儿,荷,敬禀者；膝下,,平安,,敬禀者；禀者；膝下；托；大人；儿；荷,2,"慈亲大人膝下：
敬禀者，前日接示谕，跪读之余，诸事领悉。
比维大人，近来玉体康健，老少平安，诸事合想，儿等之远颂耳。；二地平安，慰之可也。
儿成子梅托",慈亲大人膝下：,比维大人，近来玉体康健，老少平安，诸事合想，儿等之远颂耳。；二地平安，慰之可也。,,比维大人，近来玉体康健，老少平安，诸事合想，儿等之远颂耳。；合家平安,,儿成子梅托,sender=叻成子梅；recipient=潮汕慈座大人；relationship=child_to_parent；date=壬寅年（1962）八月十八日；places=潮汕->广东侨乡；叻->新加坡；kinship=慈亲；儿,"壬寅年（1962）八月十八日，叻成子梅寄潮汕慈座大人
叻成子梅
潮汕慈座大人
壬寅年（1962）八月十八日
潮汕->广东侨乡；叻->新加坡
family_affection;safety;study
敬禀者，前日接示谕，跪读之余，诸事领悉。比维大人，近来玉体康健，老少平安，诸事合想，儿等之远颂耳。因今年来，家批少寄，乃因近来无事可做，望勿挂念为荷。二地平安，慰之可也。敬祝
合家平安
通信处：咳（实）叻蔗兰武吉河水门口112号交。",题名：壬寅年（1962）八月十八日，叻成子梅寄潮汕慈座大人；寄批人：叻成子梅；收批人：潮汕慈座大人；日期：壬寅年（1962）八月十八日；主题：family_affection;safety;study；正文摘录：敬禀者，前日接示谕，跪读之余，诸事领悉。比维大人，近来玉体康健，老少平安，诸事合想，儿等之远颂耳。因今年来，家批少寄，乃因近来无事可做，望勿挂念为荷。二地平安，慰之可也。敬祝合家平安通信处：咳（实）叻蔗兰武吉河水门口112号交。,壬寅年（1962）八月十八日,叻成子梅,潮汕慈座大人,114,0,成子梅,慈座,慈亲,high,广东侨乡；新加坡,[],壬寅年（1962）八月十八日，叻成子梅寄潮汕慈座大人；叻成子梅；潮汕慈座大人；成子梅；慈座；慈亲；儿；广东侨乡；新加坡；family_affection；safety；study；潮汕；广东；敬禀者；膝下；壬寅；八月；十八日；侨乡；family；affection；禀者；前日；接示；跪读；之余；诸事；领悉；比维；近来；玉体；康健；老少；平安；合想；远颂；今年；批少；乃因；无事；挂念；二地；敬祝；合家；通信处；蔗兰；武吉；河水；门口
CSQP-SFHC-TEXT-181,181,一九六三年十一月廿二日，暹罗［泰国］许金乾寄汀（澄）樟籍乡母亲,pdf_pages=236；book_pages=207,1,high,0,"寄批人：暹罗许金乾
收批人：汀樟藉乡母亲
批款：港币壹佰元
日期：一九六三年十一月廿二日

慈亲大人：
    敬禀者，回示拜悉，知大人偶染微恙，幸吉人天相，已占勿药，闻之不胜牵挂，但愿神天庇佑，康快如恒，是为至祷。儿一家五口生活费用，支出浩繁，收支失克平衡，若无友侪相扶持，实难以支撑。是次奉上之款项，也移挪于友人，虽负担艰巨，但急于需用，也责无旁贷，唯望新机来临，以改困极，为表近况，特为告明，请大人免为远念，一切儿自有法应付，请保重玉体为要。兹奉上港币壹佰元正，到请查收，覆慰。专此，敬请
福安

儿金乾叩上
一九六三年十一月廿二日","寄批人：暹罗许金乾
收批人：汀樟藉乡母亲
批款：港币壹佰元
日期：一九六三年十一月廿二日

慈亲大人：
敬禀者，回示拜悉，知大人偶染微恙，幸吉人天相，已占勿药，闻之不胜牵挂，但愿神天庇佑，康快如恒，是为至祷。儿一家五口生活费用，支出浩繁，收支失克平衡，若无友侪相扶持，实难以支撑。是次奉上之款项，也移挪于友人，虽负担艰巨，但急于需用，也责无旁贷，唯望新机来临，以改困极，为表近况，特为告明，请大人免为远念，一切儿自有法应付，请保重玉体为要。兹奉上港币壹佰元正，到请查收，覆慰。专此，敬请
福安

儿金乾叩上
一九六三年十一月廿二日","慈亲大人：
敬禀者，回示拜悉，知大人偶染微恙，幸吉人天相，已占勿药，闻之不胜牵挂，但愿神天庇佑，康快如恒，是为至祷。儿一家五口生活费用，支出浩繁，收支失克平衡，若无友侪相扶持，实难以支撑。是次奉上之款项，也移挪于友人，虽负担艰巨，但急于需用，也责无旁贷，唯望新机来临，以改困极，为表近况，特为告明，请大人免为远念，一切儿自有法应付，请保重玉体为要。兹奉上港币壹佰元正，到请查收，覆慰。专此，敬请
福安

儿金乾叩上
一九六三年十一月廿二日","敬禀者，回示拜悉，知大人偶染微恙，幸吉人天相，已占勿药，闻之不胜牵挂，但愿神天庇佑，康快如恒，是为至祷。儿一家五口生活费用，支出浩繁，收支失克平衡，若无友侪相扶持，实难以支撑。是次奉上之款项，也移挪于友人，虽负担艰巨，但急于需用，也责无旁贷，唯望新机来临，以改困极，为表近况，特为告明，请大人免为远念，一切儿自有法应付，请保重玉体为要。兹奉上港币壹佰元正，到请查收，覆慰。专此，敬请
福安",265,9,9,暹罗许金乾,汀樟藉乡母亲,child,parent,child_to_parent,慈亲；母亲；儿,汀樟藉乡母；一切儿,大人,儿,泰国,,泰国,,暹罗->泰国；泰国；暹->泰国,泰国,0,泰国,一九六三年十一月廿二日,"儿金乾叩上
一九六三年十一月廿二日",,,十一月,廿二日,,,medium,港币壹佰元,壹佰元,100,港币,兹奉上港币壹佰元正，到请查收，覆慰。,,兹奉上港币壹佰元正，到请查收，覆慰。,1,慈亲大人：,敬禀者，回示拜悉，知大人偶染微恙，幸吉人天相，已占勿药，闻之不胜牵挂，但愿神天庇佑，康快如恒，是为至祷。,福安,"敬禀者，回示拜悉，知大人偶染微恙，幸吉人天相，已占勿药，闻之不胜牵挂，但愿神天庇佑，康快如恒，是为至祷。儿一家五口生活费用，支出浩繁，收支失克平衡，若无友侪相扶持，实难以支撑。是次奉上之款项，也移挪于友人，虽负担艰巨，但急于需用，也责无旁贷，唯望新机来临，以改困极，为表近况，特为告明，请大人免为远念，一切儿自有法应付，请保重玉体为要。兹奉上港币壹佰元正，到请查收，覆慰。专此，敬请
福安",,儿一家五口生活费用，支出浩繁，收支失克平衡，若无友侪相扶持，实难以支撑。；是次奉上之款项，也移挪于友人，虽负担艰巨，但急于需用，也责无旁贷，唯望新机来临，以改困极，为表近况，特为告明，请大人免为远念，一切儿自有法应付，请保重玉体为要。,,,叩上,"儿金乾叩上
一九六三年十一月廿二日",儿金乾叩上,,1,1,0,0,0,1,0,0,0,0,0,health_care,family_affection;remittance;health,敬禀者；禀者,叩上,大人；福安,儿；叩,兹；奉；不胜,敬禀者；叩上；查收；福安,奉上；查收,,,敬禀者；禀者；叩上；大人；福安；儿；叩；兹；奉；不胜；查收,3,"慈亲大人：
敬禀者，回示拜悉，知大人偶染微恙，幸吉人天相，已占勿药，闻之不胜牵挂，但愿神天庇佑，康快如恒，是为至祷。
兹奉上港币壹佰元正，到请查收，覆慰。
儿金乾叩上",慈亲大人：,,兹奉上港币壹佰元正，到请查收，覆慰。,儿一家五口生活费用，支出浩繁，收支失克平衡，若无友侪相扶持，实难以支撑。；是次奉上之款项，也移挪于友人，虽负担艰巨，但急于需用，也责无旁贷，唯望新机来临，以改困极，为表近况，特为告明，请大人免为远念，一切儿自有法应付，请保重玉体为要。,,儿金乾叩上,sender=暹罗许金乾；recipient=汀樟藉乡母亲；relationship=child_to_parent；date=一九六三年十一月廿二日；money=壹佰元；currency=港币；places=暹罗->泰国；泰国；暹->泰国；kinship=慈亲；母亲；儿,"一九六三年十一月廿二日，暹罗［泰国］许金乾寄汀（澄）樟籍乡母亲
暹罗许金乾
汀樟藉乡母亲
一九六三年十一月廿二日
港币壹佰元
暹罗->泰国；泰国；暹->泰国
family_affection;remittance;health
敬禀者，回示拜悉，知大人偶染微恙，幸吉人天相，已占勿药，闻之不胜牵挂，但愿神天庇佑，康快如恒，是为至祷。儿一家五口生活费用，支出浩繁，收支失克平衡，若无友侪相扶持，实难以支撑。是次奉上之款项，也移挪于友人，虽负担艰巨，但急于需用，也责无旁贷，唯望新机来临，以改困极，为表近况，特为告明，请大人免为远念，一切儿自有法应付，请保重玉体为要。兹奉上港币壹佰元正，到请查收，覆慰。专此，敬请
福安",题名：一九六三年十一月廿二日，暹罗［泰国］许金乾寄汀（澄）樟籍乡母亲；寄批人：暹罗许金乾；收批人：汀樟藉乡母亲；日期：一九六三年十一月廿二日；汇款：港币壹佰元；主题：family_affection;remittance;health；正文摘录：敬禀者，回示拜悉，知大人偶染微恙，幸吉人天相，已占勿药，闻之不胜牵挂，但愿神天庇佑，康快如恒，是为至祷。儿一家五口生活费用，支出浩繁，收支失克平衡，若无友侪相扶持，实难以支撑。是次奉上之款项，也移挪于友人，虽负担艰巨，但急于需用，也责无旁贷,一九六三年十一月廿二日,暹罗［泰国］许金乾,汀（澄）樟籍乡母亲,193,0,许金乾,汀樟藉乡母亲,母亲,high,泰国,"[{""record_id"": ""CSQP-SFHC-TEXT-181"", ""raw_text"": ""港币壹佰元"", ""amount_text"": ""壹佰元"", ""amount_number"": 100, ""currency"": ""港币"", ""sentence"": ""批款：港币壹佰元"", ""is_primary_candidate"": true, ""source_field"": ""body_clean""}, {""record_id"": ""CSQP-SFHC-TEXT-181"", ""raw_text"": ""港币壹佰元"", ""amount_text"": ""壹佰元"", ""amount_number"": 100, ""currency"": ""港币"", ""sentence"": ""兹奉上港币壹佰元正，到请查收，覆慰。"", ""is_primary_candidate"": false, ""source_field"": ""body_clean""}]",一九六三年十一月廿二日，暹罗［泰国］许金乾寄汀（澄）樟籍乡母亲；暹罗许金乾；汀樟藉乡母亲；许金乾；慈亲；母亲；儿；泰国；港币壹佰元；港币；family_affection；remittance；health；暹罗；元；敬禀者；叩上；查收；福安；一九六三年；十一月；廿二日；樟籍；壹佰元；family；affection；禀者；不胜；回示；拜悉；知大；人偶；微恙；吉人天相；勿药；牵挂；但愿；神天；庇佑；康快；如恒；至祷；一家；五口；生活费用；支出；浩繁；收支；失克；平衡；若无友；侪相；扶持；难以；支撑；款项；移挪；友人；负担；艰巨；急于；需用；责无旁贷；唯望；新机；来临；以改；困极；为表；近况；特为；告明；免为；远念；自有；应付；保重；玉体；覆慰
CSQP-SFHC-TEXT-182,182,一九六四年五月十三日，陈其岳寄潮安鳌头洋东乡母亲大人,pdf_pages=237；book_pages=208,1,medium,0,"寄批人：陈其岳
收批人：潮安鳌头洋东乡母亲大人
批款：港币柒拾伍元
日期：一九六四年五月十三日

母亲大人尊前：
    敬禀者，兹逢羽便，寄上港币柒拾伍元，至时查收，以作家用可也。内述家情拮据等情，俱各详悉，且候有厚利，当自厚寄，请勿远志（念）。志鹏、立华头病需饮莲叶汤，自然全（痊）愈，无容深挂，如能早眠早起，工作效率自能迅速，则头痛也可减少也。肃此告禀。顺祝
福安

一九六四年五月十三日
其岳上","寄批人：陈其岳
收批人：潮安鳌头洋东乡母亲大人
批款：港币柒拾伍元
日期：一九六四年五月十三日

母亲大人尊前：
敬禀者，兹逢羽便，寄上港币柒拾伍元，至时查收，以作家用可也。内述家情拮据等情，俱各详悉，且候有厚利，当自厚寄，请勿远志（念）。志鹏、立华头病需饮莲叶汤，自然全（痊）愈，无容深挂，如能早眠早起，工作效率自能迅速，则头痛也可减少也。肃此告禀。顺祝
福安

一九六四年五月十三日
其岳上","母亲大人尊前：
敬禀者，兹逢羽便，寄上港币柒拾伍元，至时查收，以作家用可也。内述家情拮据等情，俱各详悉，且候有厚利，当自厚寄，请勿远志（念）。志鹏、立华头病需饮莲叶汤，自然全（痊）愈，无容深挂，如能早眠早起，工作效率自能迅速，则头痛也可减少也。肃此告禀。顺祝
福安

一九六四年五月十三日
其岳上","敬禀者，兹逢羽便，寄上港币柒拾伍元，至时查收，以作家用可也。内述家情拮据等情，俱各详悉，且候有厚利，当自厚寄，请勿远志（念）。志鹏、立华头病需饮莲叶汤，自然全（痊）愈，无容深挂，如能早眠早起，工作效率自能迅速，则头痛也可减少也。肃此告禀。顺祝
福安",197,9,9,陈其岳,潮安鳌头洋东乡母亲大人,,parent,child_to_parent,母亲,头洋东乡母,大人；尊前,,,广东潮安,,广东潮安,潮安->广东潮安,广东潮安,0,广东侨乡,一九六四年五月十三日,"其岳上
一九六四年五月十三日",,,五月,十三日,,,medium,港币柒拾伍元,柒拾伍元,75,港币,敬禀者，兹逢羽便，寄上港币柒拾伍元，至时查收，以作家用可也。,家用,敬禀者，兹逢羽便，寄上港币柒拾伍元，至时查收，以作家用可也。,1,母亲大人尊前：,敬禀者，兹逢羽便，寄上港币柒拾伍元，至时查收，以作家用可也。,福安,"敬禀者，兹逢羽便，寄上港币柒拾伍元，至时查收，以作家用可也。内述家情拮据等情，俱各详悉，且候有厚利，当自厚寄，请勿远志（念）。志鹏、立华头病需饮莲叶汤，自然全（痊）愈，无容深挂，如能早眠早起，工作效率自能迅速，则头痛也可减少也。肃此告禀。顺祝
福安",,母亲大人尊前：,,,,"其岳上
一九六四年五月十三日",其岳上,,1,1,0,0,0,1,0,0,0,0,0,health_care,family_affection;remittance;health,敬禀者；禀者；尊前,,大人；尊前；福安,,兹,敬禀者；尊前；查收；福安,寄上；查收,,,敬禀者；禀者；尊前；大人；福安；兹；查收,2,"母亲大人尊前：
敬禀者，兹逢羽便，寄上港币柒拾伍元，至时查收，以作家用可也。
其岳上",母亲大人尊前：,,敬禀者，兹逢羽便，寄上港币柒拾伍元，至时查收，以作家用可也。,母亲大人尊前：,,其岳上,sender=陈其岳；recipient=潮安鳌头洋东乡母亲大人；relationship=child_to_parent；date=一九六四年五月十三日；money=柒拾伍元；currency=港币；places=潮安->广东潮安；kinship=母亲,"一九六四年五月十三日，陈其岳寄潮安鳌头洋东乡母亲大人
陈其岳
潮安鳌头洋东乡母亲大人
一九六四年五月十三日
港币柒拾伍元
潮安->广东潮安
family_affection;remittance;health
敬禀者，兹逢羽便，寄上港币柒拾伍元，至时查收，以作家用可也。内述家情拮据等情，俱各详悉，且候有厚利，当自厚寄，请勿远志（念）。志鹏、立华头病需饮莲叶汤，自然全（痊）愈，无容深挂，如能早眠早起，工作效率自能迅速，则头痛也可减少也。肃此告禀。顺祝
福安",题名：一九六四年五月十三日，陈其岳寄潮安鳌头洋东乡母亲大人；寄批人：陈其岳；收批人：潮安鳌头洋东乡母亲大人；日期：一九六四年五月十三日；汇款：港币柒拾伍元；主题：family_affection;remittance;health；正文摘录：敬禀者，兹逢羽便，寄上港币柒拾伍元，至时查收，以作家用可也。内述家情拮据等情，俱各详悉，且候有厚利，当自厚寄，请勿远志（念）。志鹏、立华头病需饮莲叶汤，自然全（痊）愈，无容深挂，如能早眠早起，工作效率自能迅速，则头痛也可减少也。肃此告禀。顺,一九六四年五月十三日,陈其岳,潮安鳌头洋东乡母亲大人,123,0,陈其岳,鳌头洋东乡母亲,母亲,high,广东潮安,"[{""record_id"": ""CSQP-SFHC-TEXT-182"", ""raw_text"": ""港币柒拾伍元"", ""amount_text"": ""柒拾伍元"", ""amount_number"": 75, ""currency"": ""港币"", ""sentence"": ""批款：港币柒拾伍元"", ""is_primary_candidate"": true, ""source_field"": ""body_clean""}, {""record_id"": ""CSQP-SFHC-TEXT-182"", ""raw_text"": ""港币柒拾伍元"", ""amount_text"": ""柒拾伍元"", ""amount_number"": 75, ""currency"": ""港币"", ""sentence"": ""敬禀者，兹逢羽便，寄上港币柒拾伍元，至时查收，以作家用可也。"", ""is_primary_candidate"": false, ""source_field"": ""body_clean""}]",一九六四年五月十三日，陈其岳寄潮安鳌头洋东乡母亲大人；陈其岳；潮安鳌头洋东乡母亲大人；鳌头洋东乡母亲；母亲；广东潮安；港币柒拾伍元；港币；family_affection；remittance；health；潮安；广东；元；敬禀者；尊前；查收；福安；一九六四年；五月；十三日；鳌头；东乡；柒拾；伍元；family；affection；禀者；兹逢羽；寄上；至时；作家；内述；家情；拮据；等情；详悉；且候；厚利；当自厚；请勿；远志；志鹏；立华头；莲叶；自然；无容；深挂；如能；早眠；早起；工作效率；迅速；头痛；减少；肃此告；顺祝
CSQP-SFHC-TEXT-183,183,甲辰年（1964）十一月十一日，叻陈捷树寄潮安鳌头沈亚媛荆妻,pdf_pages=238；book_pages=209,1,medium,0,"寄批人：叻陈捷树
收批人：潮安鳌头沈亚噯荆妻
批款：港币伍拾元
日期：甲辰年十一月十一日

亚噯贤妻收次：
    兹逢便，外奉上港币伍拾元，至祈查收，以作家情之用。关于处（厝）屋修理好否，祈回信来知是要。叻中父子平安，免介。此致，并询
近佳

甲辰年十一月十一日
夫捷树启","寄批人：叻陈捷树
收批人：潮安鳌头沈亚噯荆妻
批款：港币伍拾元
日期：甲辰年十一月十一日

亚噯贤妻收次：
兹逢便，外奉上港币伍拾元，至祈查收，以作家情之用。关于处（厝）屋修理好否，祈回信来知是要。叻中父子平安，免介。此致，并询
近佳

甲辰年十一月十一日
夫捷树启","亚噯贤妻收次：
兹逢便，外奉上港币伍拾元，至祈查收，以作家情之用。关于处（厝）屋修理好否，祈回信来知是要。叻中父子平安，免介。此致，并询
近佳

甲辰年十一月十一日
夫捷树启","亚噯贤妻收次：
兹逢便，外奉上港币伍拾元，至祈查收，以作家情之用。关于处（厝）屋修理好否，祈回信来知是要。叻中父子平安，免介。此致，并询
近佳",133,9,8,叻陈捷树,潮安鳌头沈亚噯荆妻,husband,spouse,spouse_to_spouse,妻；荆妻；贤妻,沈亚噯荆妻；亚噯贤妻；叻中父,,夫,新加坡,广东潮安,新加坡,广东潮安,潮安->广东潮安；叻->新加坡,新加坡 -> 广东潮安,1,新加坡；广东侨乡,甲辰年十一月十一日,"夫捷树启
甲辰年十一月十一日",1964,1964,十一月,十一日,solar,干支或传统纪年,high,港币伍拾元,伍拾元,50,港币,兹逢便，外奉上港币伍拾元，至祈查收，以作家情之用。,,兹逢便，外奉上港币伍拾元，至祈查收，以作家情之用。,1,,,叻中父子平安，免介。,"亚噯贤妻收次：
兹逢便，外奉上港币伍拾元，至祈查收，以作家情之用。关于处（厝）屋修理好否，祈回信来知是要。叻中父子平安，免介。此致，并询
近佳",叻中父子平安，免介。,亚噯贤妻收次：；叻中父子平安，免介。,,此致，并询,启,"夫捷树启
甲辰年十一月十一日",夫捷树启,,1,1,1,0,0,0,0,0,1,0,1,safety_report,family_affection;remittance;safety;marriage;home_building,,启；此致,贤妻,,兹；祈；奉,祈查收；至祈查收；查收,奉上；查收,平安,,启；此致；贤妻；兹；祈；奉；祈查收；至祈查收；查收,2,"叻中父子平安，免介。
兹逢便，外奉上港币伍拾元，至祈查收，以作家情之用。
此致，并询
夫捷树启",,叻中父子平安，免介。,兹逢便，外奉上港币伍拾元，至祈查收，以作家情之用。,亚噯贤妻收次：；叻中父子平安，免介。,,此致，并询；夫捷树启,sender=叻陈捷树；recipient=潮安鳌头沈亚噯荆妻；relationship=spouse_to_spouse；date=甲辰年十一月十一日；money=伍拾元；currency=港币；places=潮安->广东潮安；叻->新加坡；kinship=妻；荆妻；贤妻,"甲辰年（1964）十一月十一日，叻陈捷树寄潮安鳌头沈亚媛荆妻
叻陈捷树
潮安鳌头沈亚噯荆妻
甲辰年十一月十一日
港币伍拾元
潮安->广东潮安；叻->新加坡
family_affection;remittance;safety;marriage;home_building
亚噯贤妻收次：
兹逢便，外奉上港币伍拾元，至祈查收，以作家情之用。关于处（厝）屋修理好否，祈回信来知是要。叻中父子平安，免介。此致，并询
近佳",题名：甲辰年（1964）十一月十一日，叻陈捷树寄潮安鳌头沈亚媛荆妻；寄批人：叻陈捷树；收批人：潮安鳌头沈亚噯荆妻；日期：甲辰年十一月十一日；汇款：港币伍拾元；主题：family_affection;remittance;safety;marriage;home_building；正文摘录：亚噯贤妻收次：兹逢便，外奉上港币伍拾元，至祈查收，以作家情之用。关于处（厝）屋修理好否，祈回信来知是要。叻中父子平安，免介。此致，并询近佳,甲辰年（1964）十一月十一日,叻陈捷树,潮安鳌头沈亚媛荆妻,69,0,陈捷树,鳌头沈亚噯荆妻,妻,high,广东潮安；新加坡,"[{""record_id"": ""CSQP-SFHC-TEXT-183"", ""raw_text"": ""港币伍拾元"", ""amount_text"": ""伍拾元"", ""amount_number"": 50, ""currency"": ""港币"", ""sentence"": ""批款：港币伍拾元"", ""is_primary_candidate"": true, ""source_field"": ""body_clean""}, {""record_id"": ""CSQP-SFHC-TEXT-183"", ""raw_text"": ""港币伍拾元"", ""amount_text"": ""伍拾元"", ""amount_number"": 50, ""currency"": ""港币"", ""sentence"": ""兹逢便，外奉上港币伍拾元，至祈查收，以作家情之用。"", ""is_primary_candidate"": false, ""source_field"": ""body_clean""}]",甲辰年（1964）十一月十一日，叻陈捷树寄潮安鳌头沈亚媛荆妻；叻陈捷树；潮安鳌头沈亚噯荆妻；陈捷树；鳌头沈亚噯荆妻；妻；荆妻；贤妻；广东潮安；新加坡；港币伍拾元；港币；family_affection；remittance；safety；marriage；home_building；潮安；广东；元；祈查收；至祈查收；查收；甲辰；十一月；十一日；陈捷；鳌头；沈亚媛；沈亚；伍拾；family；affection；home；building；至祈；收次；外奉；作家；之用；关于；修理；好否；回信；来知；父子；平安；免介；并询；近佳
CSQP-SFHC-TEXT-184,184,一九六六年一月七日，外洋振海寄潮汕外祖父母大人,pdf_pages=239；book_pages=210,1,needs_review,1,"外祖父母大人膝下：
    敬禀者，恭维新春迪吉，万事如意，近来工作可否忙碌，祖父年已高迈，虽应尽力为人民服务，但也不可操劳过度，恐有碍贵体，更觉念甚！家父托笔问安，顺此禀告。上次孙儿曾托向祖父要曾祖父之像。来谕说候有摄影。孙儿之意是，问赐家中过去留下的岂不就可。上日孙儿寄上两顶羊毛帽，未卜已接到否？寄上港币伍拾元正，奉呈曾祖父与祖父母作为腰金。另者，上祖父曾寄来 H3 说明书，孙儿买四□（罐）寄下，但被打（退）回至今许久，未知药力岂存，是否有效，望乞赐明。并在来谕之中，夹上证明须 H3 四□（罐），以便投寄。顺此，余言后禀。恭请
福安

孙儿振海呈
一九六六年一月七日（农历十二月十六日）","外祖父母大人膝下：
敬禀者，恭维新春迪吉，万事如意，近来工作可否忙碌，祖父年已高迈，虽应尽力为人民服务，但也不可操劳过度，恐有碍贵体，更觉念甚！家父托笔问安，顺此禀告。上次孙儿曾托向祖父要曾祖父之像。来谕说候有摄影。孙儿之意是，问赐家中过去留下的岂不就可。上日孙儿寄上两顶羊毛帽，未卜已接到否？寄上港币伍拾元正，奉呈曾祖父与祖父母作为腰金。另者，上祖父曾寄来 H3 说明书，孙儿买四□（罐）寄下，但被打（退）回至今许久，未知药力岂存，是否有效，望乞赐明。并在来谕之中，夹上证明须 H3 四□（罐），以便投寄。顺此，余言后禀。恭请
福安

孙儿振海呈
一九六六年一月七日（农历十二月十六日）","外祖父母大人膝下：
敬禀者，恭维新春迪吉，万事如意，近来工作可否忙碌，祖父年已高迈，虽应尽力为人民服务，但也不可操劳过度，恐有碍贵体，更觉念甚！家父托笔问安，顺此禀告。上次孙儿曾托向祖父要曾祖父之像。来谕说候有摄影。孙儿之意是，问赐家中过去留下的岂不就可。上日孙儿寄上两顶羊毛帽，未卜已接到否？寄上港币伍拾元正，奉呈曾祖父与祖父母作为腰金。另者，上祖父曾寄来 H3 说明书，孙儿买四□（罐）寄下，但被打（退）回至今许久，未知药力岂存，是否有效，望乞赐明。并在来谕之中，夹上证明须 H3 四□（罐），以便投寄。顺此，余言后禀。恭请
福安

孙儿振海呈
一九六六年一月七日（农历十二月十六日）","敬禀者，恭维新春迪吉，万事如意，近来工作可否忙碌，祖父年已高迈，虽应尽力为人民服务，但也不可操劳过度，恐有碍贵体，更觉念甚！家父托笔问安，顺此禀告。上次孙儿曾托向祖父要曾祖父之像。来谕说候有摄影。孙儿之意是，问赐家中过去留下的岂不就可。上日孙儿寄上两顶羊毛帽，未卜已接到否？寄上港币伍拾元正，奉呈曾祖父与祖父母作为腰金。另者，上祖父曾寄来 H3 说明书，孙儿买四□（罐）寄下，但被打（退）回至今许久，未知药力岂存，是否有效，望乞赐明。并在来谕之中，夹上证明须 H3 四□（罐），以便投寄。顺此，余言后禀。恭请
福安
孙儿振海呈",294,5,15,外洋振海,潮汕外祖父母大人,,grandparent,grandchild_to_grandparent,祖父；外祖父；外祖父母；儿；孙,潮汕外祖父；外祖父母；祖父；家父；上次孙儿；曾托向祖父；要曾祖父；孙儿；上日孙儿；奉呈曾祖父；与祖父母,大人；膝下,,海外,广东侨乡,海外,广东侨乡,潮汕->广东侨乡,海外 -> 广东侨乡,1,海外；广东侨乡,一九六六年一月七日,一九六六年一月七日（农历十二月十六日）,,,一月,七日,lunar,,medium,港币伍拾元,伍拾元,50,港币,寄上港币伍拾元正，奉呈曾祖父与祖父母作为腰金。；上日孙儿寄上两顶羊毛帽，未卜已接到否？,,,1,外祖父母大人膝下：,敬禀者，恭维新春迪吉，万事如意，近来工作可否忙碌，祖父年已高迈，虽应尽力为人民服务，但也不可操劳过度，恐有碍贵体，更觉念甚！,,"敬禀者，恭维新春迪吉，万事如意，近来工作可否忙碌，祖父年已高迈，虽应尽力为人民服务，但也不可操劳过度，恐有碍贵体，更觉念甚！家父托笔问安，顺此禀告。上次孙儿曾托向祖父要曾祖父之像。来谕说候有摄影。孙儿之意是，问赐家中过去留下的岂不就可。上日孙儿寄上两顶羊毛帽，未卜已接到否？寄上港币伍拾元正，奉呈曾祖父与祖父母作为腰金。另者，上祖父曾寄来 H3 说明书，孙儿买四□（罐）寄下，但被打（退）回至今许久，未知药力岂存，是否有效，望乞赐明。并在来谕之中，夹上证明须 H3 四□（罐），以便投寄。顺此，余言后禀。恭请
福安
孙儿振海呈",,外祖父母大人膝下：；敬禀者，恭维新春迪吉，万事如意，近来工作可否忙碌，祖父年已高迈，虽应尽力为人民服务，但也不可操劳过度，恐有碍贵体，更觉念甚！,敬禀者，恭维新春迪吉，万事如意，近来工作可否忙碌，祖父年已高迈，虽应尽力为人民服务，但也不可操劳过度，恐有碍贵体，更觉念甚！；并在来谕之中，夹上证明须 H3 四□（罐），以便投寄。,顺此，余言后禀。,,一九六六年一月七日（农历十二月十六日）,,,1,1,0,1,0,0,0,0,0,0,0,instruction,family_affection;remittance;instruction,敬禀者；禀者；膝下,托,大人；膝下；福安,儿,奉,敬禀者；膝下；福安,寄上,,须；不可,敬禀者；禀者；膝下；托；大人；福安；儿；奉,2,"外祖父母大人膝下：
敬禀者，恭维新春迪吉，万事如意，近来工作可否忙碌，祖父年已高迈，虽应尽力为人民服务，但也不可操劳过度，恐有碍贵体，更觉念甚！
寄上港币伍拾元正，奉呈曾祖父与祖父母作为腰金。；上日孙儿寄上两顶羊毛帽，未卜已接到否？
敬禀者，恭维新春迪吉，万事如意，近来工作可否忙碌，祖父年已高迈，虽应尽力为人民服务，但也不可操劳过度，恐有碍贵体，更觉念甚！；并在来谕之中，夹上证明须 H3 四□（罐），以便投寄。
顺此，余言后禀。",外祖父母大人膝下：,,寄上港币伍拾元正，奉呈曾祖父与祖父母作为腰金。；上日孙儿寄上两顶羊毛帽，未卜已接到否？,外祖父母大人膝下：；敬禀者，恭维新春迪吉，万事如意，近来工作可否忙碌，祖父年已高迈，虽应尽力为人民服务，但也不可操劳过度，恐有碍贵体，更觉念甚！,敬禀者，恭维新春迪吉，万事如意，近来工作可否忙碌，祖父年已高迈，虽应尽力为人民服务，但也不可操劳过度，恐有碍贵体，更觉念甚！；并在来谕之中，夹上证明须 H3 四□（罐），以便投寄。,顺此，余言后禀。,sender=外洋振海；recipient=潮汕外祖父母大人；relationship=grandchild_to_grandparent；date=一九六六年一月七日；money=伍拾元；currency=港币；places=潮汕->广东侨乡；kinship=祖父；外祖父；外祖父母；儿；孙,"一九六六年一月七日，外洋振海寄潮汕外祖父母大人
外洋振海
潮汕外祖父母大人
一九六六年一月七日
港币伍拾元
潮汕->广东侨乡
family_affection;remittance;instruction
敬禀者，恭维新春迪吉，万事如意，近来工作可否忙碌，祖父年已高迈，虽应尽力为人民服务，但也不可操劳过度，恐有碍贵体，更觉念甚！家父托笔问安，顺此禀告。上次孙儿曾托向祖父要曾祖父之像。来谕说候有摄影。孙儿之意是，问赐家中过去留下的岂不就可。上日孙儿寄上两顶羊毛帽，未卜已接到否？寄上港币伍拾元正，奉呈曾祖父与祖父母作为腰金。另者，上祖父曾寄来 H3 说明书，孙儿买四□（罐）寄下，但被打（退）回至今许久，未知药力岂存，是否有效，望乞赐明。并在来谕之中，夹上证明须 H3 四□（罐），以便投寄。顺此，余言后禀。恭请
福安
孙儿振海呈",题名：一九六六年一月七日，外洋振海寄潮汕外祖父母大人；寄批人：外洋振海；收批人：潮汕外祖父母大人；日期：一九六六年一月七日；汇款：港币伍拾元；主题：family_affection;remittance;instruction；正文摘录：敬禀者，恭维新春迪吉，万事如意，近来工作可否忙碌，祖父年已高迈，虽应尽力为人民服务，但也不可操劳过度，恐有碍贵体，更觉念甚！家父托笔问安，顺此禀告。上次孙儿曾托向祖父要曾祖父之像。来谕说候有摄影。孙儿之意是，问赐家中过去留下的岂不就可。上日,一九六六年一月七日,外洋振海,潮汕外祖父母大人,257,2,振海,外祖父母,祖父,high,广东侨乡；海外,"[{""record_id"": ""CSQP-SFHC-TEXT-184"", ""raw_text"": ""港币伍拾元"", ""amount_text"": ""伍拾元"", ""amount_number"": 50, ""currency"": ""港币"", ""sentence"": ""寄上港币伍拾元正，奉呈曾祖父与祖父母作为腰金。"", ""is_primary_candidate"": true, ""source_field"": ""body_clean""}]",一九六六年一月七日，外洋振海寄潮汕外祖父母大人；外洋振海；潮汕外祖父母大人；振海；外祖父母；祖父；外祖父；儿；孙；广东侨乡；海外；港币伍拾元；港币；family_affection；remittance；instruction；潮汕；广东；元；敬禀者；膝下；福安；一九六六年；一月；七日；外洋；侨乡；伍拾；family；affection；禀者；恭维；新春；迪吉；万事如意；近来；工作；可否；忙碌；高迈；虽应；尽力；人民；服务；操劳过度；恐有碍；贵体；觉念；家父；托笔；问安；禀告；上次；孙儿；曾托；曾祖父；之像；说候；摄影；之意；问赐；家中；过去；留下；寄上；两顶；羊毛；未卜；接到；元正；祖父母；作为；腰金；另者；曾寄来；H3；说明书；寄下；至今；许久
CSQP-SFHC-TEXT-185,185,一九六六年十月十二日，叻陈玩侨寄潮安鳌头乡陈广标先生,pdf_pages=240；book_pages=211,1,medium,0,"寄批人：叻陈玩娇
收批人：潮安鳌头乡陈广标先生
批款：港银伍拾元
日期：一九六六年十月十二日

慈亲大人尊前：
    敬禀者，兹逢航便，寄了港币伍拾元正，到祈查收。计肆拾元大人寿诞之敬，存拾元送去容妨，妥后示知。肃此，敬请
福安

女玩娇上
一九六六年十月十二日","寄批人：叻陈玩娇
收批人：潮安鳌头乡陈广标先生
批款：港银伍拾元
日期：一九六六年十月十二日

慈亲大人尊前：
敬禀者，兹逢航便，寄了港币伍拾元正，到祈查收。计肆拾元大人寿诞之敬，存拾元送去容妨，妥后示知。肃此，敬请
福安

女玩娇上
一九六六年十月十二日","慈亲大人尊前：
敬禀者，兹逢航便，寄了港币伍拾元正，到祈查收。计肆拾元大人寿诞之敬，存拾元送去容妨，妥后示知。肃此，敬请
福安

女玩娇上
一九六六年十月十二日","敬禀者，兹逢航便，寄了港币伍拾元正，到祈查收。计肆拾元大人寿诞之敬，存拾元送去容妨，妥后示知。肃此，敬请
福安",128,9,7,叻陈玩娇,潮安鳌头乡陈广标先生,,parent,child_to_parent,慈亲,,大人；尊前；先生,,新加坡,广东潮安,新加坡,广东潮安,潮安->广东潮安；叻->新加坡,新加坡 -> 广东潮安,1,新加坡；广东侨乡,一九六六年十月十二日,"女玩娇上
一九六六年十月十二日",,,十月,十二日,,,medium,港银伍拾元,伍拾元,50,银元,敬禀者，兹逢航便，寄了港币伍拾元正，到祈查收。,,敬禀者，兹逢航便，寄了港币伍拾元正，到祈查收。,1,慈亲大人尊前：,敬禀者，兹逢航便，寄了港币伍拾元正，到祈查收。,福安,"敬禀者，兹逢航便，寄了港币伍拾元正，到祈查收。计肆拾元大人寿诞之敬，存拾元送去容妨，妥后示知。肃此，敬请
福安",,,,,,"女玩娇上
一九六六年十月十二日",女玩娇上,,0,1,0,0,0,0,0,0,0,0,0,remittance,remittance,敬禀者；禀者；尊前,,大人；尊前；福安,,兹；祈,敬禀者；尊前；祈查收；查收；福安,查收,,,敬禀者；禀者；尊前；大人；福安；兹；祈；祈查收；查收,2,"慈亲大人尊前：
敬禀者，兹逢航便，寄了港币伍拾元正，到祈查收。
女玩娇上",慈亲大人尊前：,,敬禀者，兹逢航便，寄了港币伍拾元正，到祈查收。,,,女玩娇上,sender=叻陈玩娇；recipient=潮安鳌头乡陈广标先生；relationship=child_to_parent；date=一九六六年十月十二日；money=伍拾元；currency=银元；places=潮安->广东潮安；叻->新加坡；kinship=慈亲,"一九六六年十月十二日，叻陈玩侨寄潮安鳌头乡陈广标先生
叻陈玩娇
潮安鳌头乡陈广标先生
一九六六年十月十二日
港银伍拾元
潮安->广东潮安；叻->新加坡
remittance
敬禀者，兹逢航便，寄了港币伍拾元正，到祈查收。计肆拾元大人寿诞之敬，存拾元送去容妨，妥后示知。肃此，敬请
福安",题名：一九六六年十月十二日，叻陈玩侨寄潮安鳌头乡陈广标先生；寄批人：叻陈玩娇；收批人：潮安鳌头乡陈广标先生；日期：一九六六年十月十二日；汇款：港银伍拾元；主题：remittance；正文摘录：敬禀者，兹逢航便，寄了港币伍拾元正，到祈查收。计肆拾元大人寿诞之敬，存拾元送去容妨，妥后示知。肃此，敬请福安,一九六六年十月十二日,叻陈玩侨,潮安鳌头乡陈广标先生,54,0,陈玩娇,鳌头乡陈广标,慈亲,high,广东潮安；新加坡,"[{""record_id"": ""CSQP-SFHC-TEXT-185"", ""raw_text"": ""银伍拾元"", ""amount_text"": ""伍拾元"", ""amount_number"": 50, ""currency"": ""银元"", ""sentence"": ""批款：港银伍拾元"", ""is_primary_candidate"": true, ""source_field"": ""body_clean""}, {""record_id"": ""CSQP-SFHC-TEXT-185"", ""raw_text"": ""港币伍拾元"", ""amount_text"": ""伍拾元"", ""amount_number"": 50, ""currency"": ""港币"", ""sentence"": ""敬禀者，兹逢航便，寄了港币伍拾元正，到祈查收。"", ""is_primary_candidate"": false, ""source_field"": ""body_clean""}, {""record_id"": ""CSQP-SFHC-TEXT-185"", ""raw_text"": ""肆拾元"", ""amount_text"": ""肆拾元"", ""amount_number"": 40, ""currency"": ""元"", ""sentence"": ""计肆拾元大人寿诞之敬，存拾元送去容妨，妥后示知。"", ""is_primary_candidate"": false, ""source_field"": ""body_clean""}, {""record_id"": ""CSQP-SFHC-TEXT-185"", ""raw_text"": ""拾元"", ""amount_text"": ""拾元"", ""amount_number"": 10, ""currency"": ""元"", ""sentence"": ""计肆拾元大人寿诞之敬，存拾元送去容妨，妥后示知。"", ""is_primary_candidate"": false, ""source_field"": ""body_clean""}]",一九六六年十月十二日，叻陈玩侨寄潮安鳌头乡陈广标先生；叻陈玩娇；潮安鳌头乡陈广标先生；陈玩娇；鳌头乡陈广标；慈亲；广东潮安；新加坡；港银伍拾元；银元；remittance；潮安；广东；港币；银；元；敬禀者；尊前；祈查收；查收；福安；一九六六年；十月；十二日；陈玩侨；鳌头；陈广标；先生；港银；伍拾；禀者；兹逢；航便；元正；计肆；拾元；寿诞；之敬；送去；容妨；妥后；示知；肃此
CSQP-SFHC-TEXT-186,186,1967年5月12日，马来亚郑裕潮寄潮安县东凤乡家慈亲大人,pdf_pages=241-242；book_pages=212-213,1,high,0,"寄批人：马来亚郑裕潮
收批人：潮安县东风乡家慈亲大人
批款：港币柒拾伍元
日期：1967年5月12日

敬爱的母亲：
    你的来信收到了，知母亲因儿等的远离膝下而劳费神，儿等也以未能面领教益而更增儒慕。但愿苍天保佑，母亲多福多寿，身心康乐，将来合家能得团聚，畅叙天伦。承促寄像（相）片，儿本早就预订下月家批中呈上，既蒙关注，特先奉告，请不必挂念。镇潮表弟的婚期，已有择定日子吗？请母亲将来能提前些时候来信示知，儿自当寄一信，向旧（舅）父母贺喜，这是礼所必然。
    现在邮上港币七十五元，作为家用，请查收，其它的事下信再告。谨祝
万福

儿裕潮上
1967年5月12日","寄批人：马来亚郑裕潮
收批人：潮安县东风乡家慈亲大人
批款：港币柒拾伍元
日期：1967年5月12日

敬爱的母亲：
你的来信收到了，知母亲因儿等的远离膝下而劳费神，儿等也以未能面领教益而更增儒慕。但愿苍天保佑，母亲多福多寿，身心康乐，将来合家能得团聚，畅叙天伦。承促寄像（相）片，儿本早就预订下月家批中呈上，既蒙关注，特先奉告，请不必挂念。镇潮表弟的婚期，已有择定日子吗？请母亲将来能提前些时候来信示知，儿自当寄一信，向旧（舅）父母贺喜，这是礼所必然。
现在邮上港币七十五元，作为家用，请查收，其它的事下信再告。谨祝
万福

儿裕潮上
1967年5月12日","敬爱的母亲：
你的来信收到了，知母亲因儿等的远离膝下而劳费神，儿等也以未能面领教益而更增儒慕。但愿苍天保佑，母亲多福多寿，身心康乐，将来合家能得团聚，畅叙天伦。承促寄像（相）片，儿本早就预订下月家批中呈上，既蒙关注，特先奉告，请不必挂念。镇潮表弟的婚期，已有择定日子吗？请母亲将来能提前些时候来信示知，儿自当寄一信，向旧（舅）父母贺喜，这是礼所必然。
现在邮上港币七十五元，作为家用，请查收，其它的事下信再告。谨祝
万福

儿裕潮上
1967年5月12日","敬爱的母亲：
你的来信收到了，知母亲因儿等的远离膝下而劳费神，儿等也以未能面领教益而更增儒慕。但愿苍天保佑，母亲多福多寿，身心康乐，将来合家能得团聚，畅叙天伦。承促寄像（相）片，儿本早就预订下月家批中呈上，既蒙关注，特先奉告，请不必挂念。镇潮表弟的婚期，已有择定日子吗？请母亲将来能提前些时候来信示知，儿自当寄一信，向旧（舅）父母贺喜，这是礼所必然。
现在邮上港币七十五元，作为家用，请查收，其它的事下信再告。谨祝
万福
1967年5月12日",279,10,11,马来亚郑裕潮,潮安县东风乡家慈亲大人,child,parent,child_to_parent,慈亲；母亲；弟；儿,敬爱的母；知母亲因儿；镇潮表弟；请母；父母,大人,儿,,广东潮安,,广东潮安,潮安->广东潮安；东凤->广东潮安东凤,广东潮安,0,广东侨乡,1967年5月12日,儿裕潮上,1967,1967,,12日,solar,西历,high,港币柒拾伍元,柒拾伍元,75,港币,现在邮上港币七十五元，作为家用，请查收，其它的事下信再告。,家用,现在邮上港币七十五元，作为家用，请查收，其它的事下信再告。,1,,,,"敬爱的母亲：
你的来信收到了，知母亲因儿等的远离膝下而劳费神，儿等也以未能面领教益而更增儒慕。但愿苍天保佑，母亲多福多寿，身心康乐，将来合家能得团聚，畅叙天伦。承促寄像（相）片，儿本早就预订下月家批中呈上，既蒙关注，特先奉告，请不必挂念。镇潮表弟的婚期，已有择定日子吗？请母亲将来能提前些时候来信示知，儿自当寄一信，向旧（舅）父母贺喜，这是礼所必然。
现在邮上港币七十五元，作为家用，请查收，其它的事下信再告。谨祝
万福
1967年5月12日",,敬爱的母亲：；你的来信收到了，知母亲因儿等的远离膝下而劳费神，儿等也以未能面领教益而更增儒慕。,,,,儿裕潮上,儿裕潮上,,1,1,0,0,0,0,0,0,1,0,0,family_affection,family_affection;remittance;marriage,膝下,,膝下,儿；弟；谨,奉；承,膝下；查收,查收,,,膝下；儿；弟；谨；奉；承；查收,2,"现在邮上港币七十五元，作为家用，请查收，其它的事下信再告。
儿裕潮上",,,现在邮上港币七十五元，作为家用，请查收，其它的事下信再告。,敬爱的母亲：；你的来信收到了，知母亲因儿等的远离膝下而劳费神，儿等也以未能面领教益而更增儒慕。,,儿裕潮上,sender=马来亚郑裕潮；recipient=潮安县东风乡家慈亲大人；relationship=child_to_parent；date=1967年5月12日；money=柒拾伍元；currency=港币；places=潮安->广东潮安；东凤->广东潮安东凤；kinship=慈亲；母亲；弟；儿,"1967年5月12日，马来亚郑裕潮寄潮安县东凤乡家慈亲大人
马来亚郑裕潮
潮安县东风乡家慈亲大人
1967年5月12日
港币柒拾伍元
潮安->广东潮安；东凤->广东潮安东凤
family_affection;remittance;marriage
敬爱的母亲：
你的来信收到了，知母亲因儿等的远离膝下而劳费神，儿等也以未能面领教益而更增儒慕。但愿苍天保佑，母亲多福多寿，身心康乐，将来合家能得团聚，畅叙天伦。承促寄像（相）片，儿本早就预订下月家批中呈上，既蒙关注，特先奉告，请不必挂念。镇潮表弟的婚期，已有择定日子吗？请母亲将来能提前些时候来信示知，儿自当寄一信，向旧（舅）父母贺喜，这是礼所必然。
现在邮上港币七十五元，作为家用，请查收，其它的事下信再告。谨祝
万福
1967年5月12日",题名：1967年5月12日，马来亚郑裕潮寄潮安县东凤乡家慈亲大人；寄批人：马来亚郑裕潮；收批人：潮安县东风乡家慈亲大人；日期：1967年5月12日；汇款：港币柒拾伍元；主题：family_affection;remittance;marriage；正文摘录：敬爱的母亲：你的来信收到了，知母亲因儿等的远离膝下而劳费神，儿等也以未能面领教益而更增儒慕。但愿苍天保佑，母亲多福多寿，身心康乐，将来合家能得团聚，畅叙天伦。承促寄像（相）片，儿本早就预订下月家批中呈上，既蒙关注，特先奉告，请不必挂念。镇潮,1967年5月12日,马来亚郑裕潮,潮安县东凤乡家慈亲大人,217,0,马来亚郑裕潮,慈亲,母亲,high,广东潮安；广东潮安东凤,"[{""record_id"": ""CSQP-SFHC-TEXT-186"", ""raw_text"": ""港币柒拾伍元"", ""amount_text"": ""柒拾伍元"", ""amount_number"": 75, ""currency"": ""港币"", ""sentence"": ""批款：港币柒拾伍元"", ""is_primary_candidate"": true, ""source_field"": ""body_clean""}, {""record_id"": ""CSQP-SFHC-TEXT-186"", ""raw_text"": ""港币七十五元"", ""amount_text"": ""七十五元"", ""amount_number"": 75, ""currency"": ""港币"", ""sentence"": ""现在邮上港币七十五元，作为家用，请查收，其它的事下信再告。"", ""is_primary_candidate"": false, ""source_field"": ""body_clean""}]",1967年5月12日，马来亚郑裕潮寄潮安县东凤乡家慈亲大人；马来亚郑裕潮；潮安县东风乡家慈亲大人；慈亲；母亲；弟；儿；广东潮安；广东潮安东凤；港币柒拾伍元；港币；family_affection；remittance；marriage；潮安；东凤；广东；元；膝下；查收；马来亚；郑裕潮；潮安县；东凤乡；家慈；东风；柒拾；伍元；family；affection；敬爱；来信；收到；因儿；远离；而劳；费神；未能；面领；教益；增儒慕；但愿；苍天；保佑；多福；多寿；身心；康乐；将来；合家；能得；团聚；畅叙；天伦；承促；儿本；早就；预订；下月家；批中；既蒙；关注；特先；奉告；不必；挂念；镇潮；表弟；婚期；已有；择定；日子；前些时候；示知；儿自当；一信；父母；贺喜；必然；现在
CSQP-SFHC-TEXT-187,187,一九六八年九月八日，外洋振海寄潮汕外祖父母大人,pdf_pages=243-244；book_pages=214-215,1,high,0,"外祖父母大人尊前：
    敬禀者，于昨天孙儿寄上一信，谅已先收到。内中有笔胆二个，未卜是否能接到。适逢今天礼拜，是休息期，孙儿到父亲处，父亲正想写信与祖父母，故有孙儿代写。父亲言及因字眼生疏，又久未奉函问候，故更加无从下笔，望祖父母鉴谅。今特着孙儿奉寄此书信，拜问祖父母，福体安康，诸事胜常，并外寄港币壹佰元正，聊作祖父母烟果之资。顺此禀告，余容后禀。恭请
福安
孙儿振海上    一九六八年九月八日","外祖父母大人尊前：
敬禀者，于昨天孙儿寄上一信，谅已先收到。内中有笔胆二个，未卜是否能接到。适逢今天礼拜，是休息期，孙儿到父亲处，父亲正想写信与祖父母，故有孙儿代写。父亲言及因字眼生疏，又久未奉函问候，故更加无从下笔，望祖父母鉴谅。今特着孙儿奉寄此书信，拜问祖父母，福体安康，诸事胜常，并外寄港币壹佰元正，聊作祖父母烟果之资。顺此禀告，余容后禀。恭请
福安
孙儿振海上 一九六八年九月八日","外祖父母大人尊前：
敬禀者，于昨天孙儿寄上一信，谅已先收到。内中有笔胆二个，未卜是否能接到。适逢今天礼拜，是休息期，孙儿到父亲处，父亲正想写信与祖父母，故有孙儿代写。父亲言及因字眼生疏，又久未奉函问候，故更加无从下笔，望祖父母鉴谅。今特着孙儿奉寄此书信，拜问祖父母，福体安康，诸事胜常，并外寄港币壹佰元正，聊作祖父母烟果之资。顺此禀告，余容后禀。恭请
福安
孙儿振海上 一九六八年九月八日","敬禀者，于昨天孙儿寄上一信，谅已先收到。内中有笔胆二个，未卜是否能接到。适逢今天礼拜，是休息期，孙儿到父亲处，父亲正想写信与祖父母，故有孙儿代写。父亲言及因字眼生疏，又久未奉函问候，故更加无从下笔，望祖父母鉴谅。今特着孙儿奉寄此书信，拜问祖父母，福体安康，诸事胜常，并外寄港币壹佰元正，聊作祖父母烟果之资。顺此禀告，余容后禀。恭请
福安
孙儿振海上 一九六八年九月八日",194,4,10,外洋振海,潮汕外祖父母大人,,grandparent,grandchild_to_grandparent,父亲；祖父；外祖父；外祖父母；儿；孙,潮汕外祖父；外祖父母；于昨天孙儿；孙儿到父；想写信与祖父；故有孙儿；望祖父母；今特着孙儿；拜问祖父母；聊作祖父母；孙儿,大人；尊前,,海外,广东侨乡,海外,广东侨乡,潮汕->广东侨乡,海外 -> 广东侨乡,1,海外；广东侨乡,一九六八年九月八日,,,,九月,八日,,,medium,港币壹佰元,壹佰元,100,港币,今特着孙儿奉寄此书信，拜问祖父母，福体安康，诸事胜常，并外寄港币壹佰元正，聊作祖父母烟果之资。；敬禀者，于昨天孙儿寄上一信，谅已先收到。,,,1,外祖父母大人尊前：,敬禀者，于昨天孙儿寄上一信，谅已先收到。,,"敬禀者，于昨天孙儿寄上一信，谅已先收到。内中有笔胆二个，未卜是否能接到。适逢今天礼拜，是休息期，孙儿到父亲处，父亲正想写信与祖父母，故有孙儿代写。父亲言及因字眼生疏，又久未奉函问候，故更加无从下笔，望祖父母鉴谅。今特着孙儿奉寄此书信，拜问祖父母，福体安康，诸事胜常，并外寄港币壹佰元正，聊作祖父母烟果之资。顺此禀告，余容后禀。恭请
福安
孙儿振海上 一九六八年九月八日",,外祖父母大人尊前：；敬禀者，于昨天孙儿寄上一信，谅已先收到。,,顺此禀告，余容后禀。,,,,,1,1,0,0,0,1,0,0,0,0,0,health_care,family_affection;remittance;health,敬禀者；禀者；尊前,,大人；尊前；福安,儿,谅；奉；容后,敬禀者；尊前；福安；容后,寄上,,,敬禀者；禀者；尊前；大人；福安；儿；谅；奉；容后,2,"外祖父母大人尊前：
敬禀者，于昨天孙儿寄上一信，谅已先收到。
今特着孙儿奉寄此书信，拜问祖父母，福体安康，诸事胜常，并外寄港币壹佰元正，聊作祖父母烟果之资。；敬禀者，于昨天孙儿寄上一信，谅已先收到。
顺此禀告，余容后禀。",外祖父母大人尊前：,,今特着孙儿奉寄此书信，拜问祖父母，福体安康，诸事胜常，并外寄港币壹佰元正，聊作祖父母烟果之资。；敬禀者，于昨天孙儿寄上一信，谅已先收到。,外祖父母大人尊前：；敬禀者，于昨天孙儿寄上一信，谅已先收到。,,顺此禀告，余容后禀。,sender=外洋振海；recipient=潮汕外祖父母大人；relationship=grandchild_to_grandparent；date=一九六八年九月八日；money=壹佰元；currency=港币；places=潮汕->广东侨乡；kinship=父亲；祖父；外祖父；外祖父母；儿；孙,"一九六八年九月八日，外洋振海寄潮汕外祖父母大人
外洋振海
潮汕外祖父母大人
一九六八年九月八日
港币壹佰元
潮汕->广东侨乡
family_affection;remittance;health
敬禀者，于昨天孙儿寄上一信，谅已先收到。内中有笔胆二个，未卜是否能接到。适逢今天礼拜，是休息期，孙儿到父亲处，父亲正想写信与祖父母，故有孙儿代写。父亲言及因字眼生疏，又久未奉函问候，故更加无从下笔，望祖父母鉴谅。今特着孙儿奉寄此书信，拜问祖父母，福体安康，诸事胜常，并外寄港币壹佰元正，聊作祖父母烟果之资。顺此禀告，余容后禀。恭请
福安
孙儿振海上 一九六八年九月八日",题名：一九六八年九月八日，外洋振海寄潮汕外祖父母大人；寄批人：外洋振海；收批人：潮汕外祖父母大人；日期：一九六八年九月八日；汇款：港币壹佰元；主题：family_affection;remittance;health；正文摘录：敬禀者，于昨天孙儿寄上一信，谅已先收到。内中有笔胆二个，未卜是否能接到。适逢今天礼拜，是休息期，孙儿到父亲处，父亲正想写信与祖父母，故有孙儿代写。父亲言及因字眼生疏，又久未奉函问候，故更加无从下笔，望祖父母鉴谅。今特着孙儿奉寄此书信，拜问祖,一九六八年九月八日,外洋振海,潮汕外祖父母大人,181,0,振海,外祖父母,父亲,high,广东侨乡；海外,"[{""record_id"": ""CSQP-SFHC-TEXT-187"", ""raw_text"": ""港币壹佰元"", ""amount_text"": ""壹佰元"", ""amount_number"": 100, ""currency"": ""港币"", ""sentence"": ""今特着孙儿奉寄此书信，拜问祖父母，福体安康，诸事胜常，并外寄港币壹佰元正，聊作祖父母烟果之资。"", ""is_primary_candidate"": true, ""source_field"": ""body_clean""}]",一九六八年九月八日，外洋振海寄潮汕外祖父母大人；外洋振海；潮汕外祖父母大人；振海；外祖父母；父亲；祖父；外祖父；儿；孙；广东侨乡；海外；港币壹佰元；港币；family_affection；remittance；health；潮汕；广东；元；敬禀者；尊前；福安；容后；一九六八年；九月；八日；外洋；侨乡；壹佰元；family；affection；禀者；昨天；孙儿；寄上；一信；谅已；收到；内中；笔胆；二个；未卜；是否；接到；适逢；今天；礼拜；休息；正想；写信；祖父母；故有；代写；言及；字眼；生疏；问候；更加；无从；下笔；鉴谅；今特；奉寄此；书信；福体；安康；诸事；胜常；外寄；聊作；烟果；之资；禀告；余容；恭请；海上
CSQP-SFHC-TEXT-188,188,1972年1月25日，泰国黄璋发寄潮安秋溪都陈贤进姻兄,pdf_pages=245；book_pages=216,1,medium,0,"寄批人：泰国黄璋发
收款人：潮安秋溪都陈贤进姻兄
批款：港币叁佰元
日期：1972年1月25日

贤进姻兄如晤：
    启者，久未修书致候，抱歉殊深，恭维起居佳胜为祝。兹值新春于（伊）始，万象更新，恭祝阖宅平安为祝。兹逢航便，寄上港币叁佰元，内抹交二妗壹佰元，抹交贤宝姻兄壹佰元，至祈代为投交为盼，并代贤宝兄及二妗致候为盼。
近安
1972年1月25日    姻弟黄璋发寄","寄批人：泰国黄璋发
收款人：潮安秋溪都陈贤进姻兄
批款：港币叁佰元
日期：1972年1月25日

贤进姻兄如晤：
启者，久未修书致候，抱歉殊深，恭维起居佳胜为祝。兹值新春于（伊）始，万象更新，恭祝阖宅平安为祝。兹逢航便，寄上港币叁佰元，内抹交二妗壹佰元，抹交贤宝姻兄壹佰元，至祈代为投交为盼，并代贤宝兄及二妗致候为盼。
近安
1972年1月25日 姻弟黄璋发寄","贤进姻兄如晤：
启者，久未修书致候，抱歉殊深，恭维起居佳胜为祝。兹值新春于（伊）始，万象更新，恭祝阖宅平安为祝。兹逢航便，寄上港币叁佰元，内抹交二妗壹佰元，抹交贤宝姻兄壹佰元，至祈代为投交为盼，并代贤宝兄及二妗致候为盼。
近安
1972年1月25日 姻弟黄璋发寄","启者，久未修书致候，抱歉殊深，恭维起居佳胜为祝。兹值新春于（伊）始，万象更新，恭祝阖宅平安为祝。兹逢航便，寄上港币叁佰元，内抹交二妗壹佰元，抹交贤宝姻兄壹佰元，至祈代为投交为盼，并代贤宝兄及二妗致候为盼。
近安",180,8,6,泰国黄璋发,潮安秋溪都陈贤进姻兄,,sibling,sibling_or_same_generation_kin,兄；弟；妗,陈贤进姻兄；贤进姻兄；内抹交二妗；交贤宝姻兄；并代贤宝兄；及二妗；姻弟,,,泰国,广东潮安,泰国,广东潮安,泰国；潮安->广东潮安,泰国 -> 广东潮安,1,泰国；广东侨乡,1972年1月25日,,1972,1972,,25日,solar,西历,high,港币叁佰元,叁佰元,300,港币,兹逢航便，寄上港币叁佰元，内抹交二妗壹佰元，抹交贤宝姻兄壹佰元，至祈代为投交为盼，并代贤宝兄及二妗致候为盼。,分抹,兹逢航便，寄上港币叁佰元，内抹交二妗壹佰元，抹交贤宝姻兄壹佰元，至祈代为投交为盼，并代贤宝兄及二妗致候为盼。,1,贤进姻兄如晤：,启者，久未修书致候，抱歉殊深，恭维起居佳胜为祝。,启者，久未修书致候，抱歉殊深，恭维起居佳胜为祝。,"启者，久未修书致候，抱歉殊深，恭维起居佳胜为祝。兹值新春于（伊）始，万象更新，恭祝阖宅平安为祝。兹逢航便，寄上港币叁佰元，内抹交二妗壹佰元，抹交贤宝姻兄壹佰元，至祈代为投交为盼，并代贤宝兄及二妗致候为盼。
近安",启者，久未修书致候，抱歉殊深，恭维起居佳胜为祝。；兹值新春于（伊）始，万象更新，恭祝阖宅平安为祝。,,,,,,,,0,1,1,0,0,0,0,0,0,0,1,safety_report,remittance;safety;home_building,启者,启,,弟,兹；祈,,寄上,平安；起居,,启者；启；弟；兹；祈,2,"贤进姻兄如晤：
启者，久未修书致候，抱歉殊深，恭维起居佳胜为祝。
启者，久未修书致候，抱歉殊深，恭维起居佳胜为祝。；兹值新春于（伊）始，万象更新，恭祝阖宅平安为祝。
兹逢航便，寄上港币叁佰元，内抹交二妗壹佰元，抹交贤宝姻兄壹佰元，至祈代为投交为盼，并代贤宝兄及二妗致候为盼。",贤进姻兄如晤：,启者，久未修书致候，抱歉殊深，恭维起居佳胜为祝。；兹值新春于（伊）始，万象更新，恭祝阖宅平安为祝。,兹逢航便，寄上港币叁佰元，内抹交二妗壹佰元，抹交贤宝姻兄壹佰元，至祈代为投交为盼，并代贤宝兄及二妗致候为盼。,,,,sender=泰国黄璋发；recipient=潮安秋溪都陈贤进姻兄；relationship=sibling_or_same_generation_kin；date=1972年1月25日；money=叁佰元；currency=港币；places=泰国；潮安->广东潮安；kinship=兄；弟；妗,"1972年1月25日，泰国黄璋发寄潮安秋溪都陈贤进姻兄
泰国黄璋发
潮安秋溪都陈贤进姻兄
1972年1月25日
港币叁佰元
泰国；潮安->广东潮安
remittance;safety;home_building
启者，久未修书致候，抱歉殊深，恭维起居佳胜为祝。兹值新春于（伊）始，万象更新，恭祝阖宅平安为祝。兹逢航便，寄上港币叁佰元，内抹交二妗壹佰元，抹交贤宝姻兄壹佰元，至祈代为投交为盼，并代贤宝兄及二妗致候为盼。
近安",题名：1972年1月25日，泰国黄璋发寄潮安秋溪都陈贤进姻兄；寄批人：泰国黄璋发；收批人：潮安秋溪都陈贤进姻兄；日期：1972年1月25日；汇款：港币叁佰元；主题：remittance;safety;home_building；正文摘录：启者，久未修书致候，抱歉殊深，恭维起居佳胜为祝。兹值新春于（伊）始，万象更新，恭祝阖宅平安为祝。兹逢航便，寄上港币叁佰元，内抹交二妗壹佰元，抹交贤宝姻兄壹佰元，至祈代为投交为盼，并代贤宝兄及二妗致候为盼。近安,1972年1月25日,泰国黄璋发,潮安秋溪都陈贤进姻兄,104,0,黄璋发,秋溪都陈贤进姻兄,兄,high,泰国；广东潮安,"[{""record_id"": ""CSQP-SFHC-TEXT-188"", ""raw_text"": ""港币叁佰元"", ""amount_text"": ""叁佰元"", ""amount_number"": 300, ""currency"": ""港币"", ""sentence"": ""批款：港币叁佰元"", ""is_primary_candidate"": true, ""source_field"": ""body_clean""}, {""record_id"": ""CSQP-SFHC-TEXT-188"", ""raw_text"": ""港币叁佰元"", ""amount_text"": ""叁佰元"", ""amount_number"": 300, ""currency"": ""港币"", ""sentence"": ""兹逢航便，寄上港币叁佰元，内抹交二妗壹佰元，抹交贤宝姻兄壹佰元，至祈代为投交为盼，并代贤宝兄及二妗致候为盼。"", ""is_primary_candidate"": false, ""source_field"": ""body_clean""}, {""record_id"": ""CSQP-SFHC-TEXT-188"", ""raw_text"": ""壹佰元"", ""amount_text"": ""壹佰元"", ""amount_number"": 100, ""currency"": ""元"", ""sentence"": ""兹逢航便，寄上港币叁佰元，内抹交二妗壹佰元，抹交贤宝姻兄壹佰元，至祈代为投交为盼，并代贤宝兄及二妗致候为盼。"", ""is_primary_candidate"": false, ""source_field"": ""body_clean""}]",1972年1月25日，泰国黄璋发寄潮安秋溪都陈贤进姻兄；泰国黄璋发；潮安秋溪都陈贤进姻兄；黄璋发；秋溪都陈贤进姻兄；兄；弟；妗；泰国；广东潮安；港币叁佰元；港币；remittance；safety；home_building；潮安；广东；元；黄璋；秋溪；陈贤进；姻兄；叁佰元；home；building；启者；修书；致候；抱歉；殊深；恭维；起居；佳胜为；兹值；新春；万象更新；恭祝；平安；兹逢；航便；寄上；交二；壹佰元；交贤宝；至祈；代为；投交为；并代贤宝；兄及；近安
CSQP-SFHC-TEXT-189,189,一九七三年八月廿九日，外洋蓝松江寄潮汕绍浩兄台,pdf_pages=246；book_pages=217,1,high,0,"绍浩兄台如晤：
    启者，此次兄台买柑，言旋回国省亲，愚因贱务纠纭，未克欢送行旌，深引为怅，希在知己（己），定毋怪吾也。遥维兴居迪吉，谭第迎床，为祝为颂。弟此次有搭寄兄台之物回塘（唐），未有通讯给吾家慈及舍弟，请兄台到时费神，通知舍弟前来领取。如有可能的话，敢劳兄台代为送交更好，有费锦神，容日到叻时，自当面谢就是。兹寄香币肆拾元正，到时查收，以作兄台茶果之敬，尚希笑纳是幸。晨下乡形如何，有劳示慰是荷。专此敬达，肃请
近安
愚蓝松江手启
公元一九七三年八月廿九日，癸丑八月初二日拜三寄","绍浩兄台如晤：
启者，此次兄台买柑，言旋回国省亲，愚因贱务纠纭，未克欢送行旌，深引为怅，希在知己（己），定毋怪吾也。遥维兴居迪吉，谭第迎床，为祝为颂。弟此次有搭寄兄台之物回塘（唐），未有通讯给吾家慈及舍弟，请兄台到时费神，通知舍弟前来领取。如有可能的话，敢劳兄台代为送交更好，有费锦神，容日到叻时，自当面谢就是。兹寄香币肆拾元正，到时查收，以作兄台茶果之敬，尚希笑纳是幸。晨下乡形如何，有劳示慰是荷。专此敬达，肃请
近安
愚蓝松江手启
公元一九七三年八月廿九日，癸丑八月初二日拜三寄","绍浩兄台如晤：
启者，此次兄台买柑，言旋回国省亲，愚因贱务纠纭，未克欢送行旌，深引为怅，希在知己（己），定毋怪吾也。遥维兴居迪吉，谭第迎床，为祝为颂。弟此次有搭寄兄台之物回塘（唐），未有通讯给吾家慈及舍弟，请兄台到时费神，通知舍弟前来领取。如有可能的话，敢劳兄台代为送交更好，有费锦神，容日到叻时，自当面谢就是。兹寄香币肆拾元正，到时查收，以作兄台茶果之敬，尚希笑纳是幸。晨下乡形如何，有劳示慰是荷。专此敬达，肃请
近安
愚蓝松江手启
公元一九七三年八月廿九日，癸丑八月初二日拜三寄","启者，此次兄台买柑，言旋回国省亲，愚因贱务纠纭，未克欢送行旌，深引为怅，希在知己（己），定毋怪吾也。遥维兴居迪吉，谭第迎床，为祝为颂。弟此次有搭寄兄台之物回塘（唐），未有通讯给吾家慈及舍弟，请兄台到时费神，通知舍弟前来领取。如有可能的话，敢劳兄台代为送交更好，有费锦神，容日到叻时，自当面谢就是。兹寄香币肆拾元正，到时查收，以作兄台茶果之敬，尚希笑纳是幸。晨下乡形如何，有劳示慰是荷。专此敬达，肃请
近安",241,5,11,外洋蓝松江,潮汕绍浩兄台,,sibling,sibling_or_same_generation_kin,兄；弟,潮汕绍浩兄；绍浩兄；此次兄；次有搭寄兄；家慈及舍弟；请兄；通知舍弟；敢劳兄；以作兄,,愚,海外,广东侨乡,海外,广东侨乡,潮汕->广东侨乡,海外 -> 广东侨乡,1,海外；广东侨乡,一九七三年八月廿九日,愚蓝松江手启,,,八月,廿九日,,,medium,币肆拾元,肆拾元,40,元,兹寄香币肆拾元正，到时查收，以作兄台茶果之敬，尚希笑纳是幸。,茶果,如有可能的话，敢劳兄台代为送交更好，有费锦神，容日到叻时，自当面谢就是。；兹寄香币肆拾元正，到时查收，以作兄台茶果之敬，尚希笑纳是幸。,1,绍浩兄台如晤：,启者，此次兄台买柑，言旋回国省亲，愚因贱务纠纭，未克欢送行旌，深引为怅，希在知己（己），定毋怪吾也。,,"启者，此次兄台买柑，言旋回国省亲，愚因贱务纠纭，未克欢送行旌，深引为怅，希在知己（己），定毋怪吾也。遥维兴居迪吉，谭第迎床，为祝为颂。弟此次有搭寄兄台之物回塘（唐），未有通讯给吾家慈及舍弟，请兄台到时费神，通知舍弟前来领取。如有可能的话，敢劳兄台代为送交更好，有费锦神，容日到叻时，自当面谢就是。兹寄香币肆拾元正，到时查收，以作兄台茶果之敬，尚希笑纳是幸。晨下乡形如何，有劳示慰是荷。专此敬达，肃请
近安",,,,,启,愚蓝松江手启,愚蓝松江手启,,0,1,0,0,0,0,0,0,0,0,0,remittance,remittance,启者,启,,愚；弟,兹；荷,查收,查收,,,启者；启；愚；弟；兹；荷；查收,2,"绍浩兄台如晤：
启者，此次兄台买柑，言旋回国省亲，愚因贱务纠纭，未克欢送行旌，深引为怅，希在知己（己），定毋怪吾也。
兹寄香币肆拾元正，到时查收，以作兄台茶果之敬，尚希笑纳是幸。
愚蓝松江手启",绍浩兄台如晤：,,兹寄香币肆拾元正，到时查收，以作兄台茶果之敬，尚希笑纳是幸。,,,愚蓝松江手启,sender=外洋蓝松江；recipient=潮汕绍浩兄台；relationship=sibling_or_same_generation_kin；date=一九七三年八月廿九日；money=肆拾元；currency=元；places=潮汕->广东侨乡；kinship=兄；弟,"一九七三年八月廿九日，外洋蓝松江寄潮汕绍浩兄台
外洋蓝松江
潮汕绍浩兄台
一九七三年八月廿九日
币肆拾元
潮汕->广东侨乡
remittance
启者，此次兄台买柑，言旋回国省亲，愚因贱务纠纭，未克欢送行旌，深引为怅，希在知己（己），定毋怪吾也。遥维兴居迪吉，谭第迎床，为祝为颂。弟此次有搭寄兄台之物回塘（唐），未有通讯给吾家慈及舍弟，请兄台到时费神，通知舍弟前来领取。如有可能的话，敢劳兄台代为送交更好，有费锦神，容日到叻时，自当面谢就是。兹寄香币肆拾元正，到时查收，以作兄台茶果之敬，尚希笑纳是幸。晨下乡形如何，有劳示慰是荷。专此敬达，肃请
近安",题名：一九七三年八月廿九日，外洋蓝松江寄潮汕绍浩兄台；寄批人：外洋蓝松江；收批人：潮汕绍浩兄台；日期：一九七三年八月廿九日；汇款：币肆拾元；主题：remittance；正文摘录：启者，此次兄台买柑，言旋回国省亲，愚因贱务纠纭，未克欢送行旌，深引为怅，希在知己（己），定毋怪吾也。遥维兴居迪吉，谭第迎床，为祝为颂。弟此次有搭寄兄台之物回塘（唐），未有通讯给吾家慈及舍弟，请兄台到时费神，通知舍弟前来领取。如有可能的话，敢,一九七三年八月廿九日,外洋蓝松江,潮汕绍浩兄台,201,0,蓝松江,绍浩兄台,兄,high,广东侨乡；海外,"[{""record_id"": ""CSQP-SFHC-TEXT-189"", ""raw_text"": ""币肆拾元"", ""amount_text"": ""肆拾元"", ""amount_number"": 40, ""currency"": ""元"", ""sentence"": ""兹寄香币肆拾元正，到时查收，以作兄台茶果之敬，尚希笑纳是幸。"", ""is_primary_candidate"": true, ""source_field"": ""body_clean""}]",一九七三年八月廿九日，外洋蓝松江寄潮汕绍浩兄台；外洋蓝松江；潮汕绍浩兄台；蓝松江；绍浩兄台；兄；弟；广东侨乡；海外；币肆拾元；元；remittance；潮汕；广东；查收；一九七三年；八月；廿九日；外洋；松江；绍浩；兄台；侨乡；币肆；拾元；启者；此次；言旋；回国；省亲；愚因；贱务；纠纭；未克；欢送；深引；希在；知己；毋怪；遥维兴；居迪吉；谭第迎；之物；回塘；未有；通讯；家慈；舍弟；费神；通知；前来；领取；可能；的话；劳兄；代为；送交；更好；有费锦神；容日；当面；就是；香币；以作；茶果；之敬；尚希；笑纳；下乡；如何；有劳；示慰；专此；敬达；肃请；近安
CSQP-SFHC-TEXT-190,190,一九八五年元月廿一日，外洋邢树熙、陈婵珠寄潮汕岳双亲大人,pdf_pages=247-248；book_pages=218-219,1,high,0,"岳双亲大人尊前：
    敬禀者，去月曾付邮两封，念必收到，很久未收到手谕。凤光孙儿经于农历十一月廿六日完婚，本次婚事，草草而以（已），不请客，只做三桌（桌）请至亲，二老叔与亚燕，因居服未满百日，不能参与婚事。
    婚去年在丹木（即老电火局后面）购四层楼店屋一座，亚光本要在丹木新屋居住，由于该屋装修完毕，未满四个月，不宜迎娶。现在新桥路头老厝迎娶，可能居住四个月后，迁居新屋，亚光夫妇可能开春往香、台、暹旅行。
    兹由亚才汇上人民币壹佰伍拾元，到时查收。内抹伍十元，送与竹下老姑娘，又佩珠妹、府上二老婶各式拾元，余之大人收用。专此，敬请
福安
结婚像（相）片，候洗好由亚才寄下。
婚邢树熙、女陈婵珠仝谨上
公元一九八五年元月廿一日","岳双亲大人尊前：
敬禀者，去月曾付邮两封，念必收到，很久未收到手谕。凤光孙儿经于农历十一月廿六日完婚，本次婚事，草草而以（已），不请客，只做三桌（桌）请至亲，二老叔与亚燕，因居服未满百日，不能参与婚事。
婚去年在丹木（即老电火局后面）购四层楼店屋一座，亚光本要在丹木新屋居住，由于该屋装修完毕，未满四个月，不宜迎娶。现在新桥路头老厝迎娶，可能居住四个月后，迁居新屋，亚光夫妇可能开春往香、台、暹旅行。
兹由亚才汇上人民币壹佰伍拾元，到时查收。内抹伍十元，送与竹下老姑娘，又佩珠妹、府上二老婶各式拾元，余之大人收用。专此，敬请
福安
结婚像（相）片，候洗好由亚才寄下。
婚邢树熙、女陈婵珠仝谨上
公元一九八五年元月廿一日","岳双亲大人尊前：
敬禀者，去月曾付邮两封，念必收到，很久未收到手谕。凤光孙儿经于农历十一月廿六日完婚，本次婚事，草草而以（已），不请客，只做三桌（桌）请至亲，二老叔与亚燕，因居服未满百日，不能参与婚事。
婚去年在丹木（即老电火局后面）购四层楼店屋一座，亚光本要在丹木新屋居住，由于该屋装修完毕，未满四个月，不宜迎娶。现在新桥路头老厝迎娶，可能居住四个月后，迁居新屋，亚光夫妇可能开春往香、台、暹旅行。
兹由亚才汇上人民币壹佰伍拾元，到时查收。内抹伍十元，送与竹下老姑娘，又佩珠妹、府上二老婶各式拾元，余之大人收用。专此，敬请
福安
结婚像（相）片，候洗好由亚才寄下。
婚邢树熙、女陈婵珠仝谨上
公元一九八五年元月廿一日","敬禀者，去月曾付邮两封，念必收到，很久未收到手谕。凤光孙儿经于农历十一月廿六日完婚，本次婚事，草草而以（已），不请客，只做三桌（桌）请至亲，二老叔与亚燕，因居服未满百日，不能参与婚事。
婚去年在丹木（即老电火局后面）购四层楼店屋一座，亚光本要在丹木新屋居住，由于该屋装修完毕，未满四个月，不宜迎娶。现在新桥路头老厝迎娶，可能居住四个月后，迁居新屋，亚光夫妇可能开春往香、台、暹旅行。
兹由亚才汇上人民币壹佰伍拾元，到时查收。内抹伍十元，送与竹下老姑娘，又佩珠妹、府上二老婶各式拾元，余之大人收用。专此，敬请
福安
结婚像（相）片，候洗好由亚才寄下。
公元一九八五年元月廿一日",309,8,12,外洋邢树熙、陈婵珠,潮汕岳双亲大人,,parent,child_to_parent,双亲；儿；孙；妹；叔；婶；姑,凤光孙儿；二老叔；与竹下老姑；又佩珠妹；府上二老婶,大人；尊前,,海外,广东侨乡,海外,广东侨乡,潮汕->广东侨乡,海外 -> 广东侨乡,1,海外；广东侨乡,一九八五年元月廿一日,婚邢树熙、女陈婵珠仝谨上,,,,廿一日,,,low,币壹佰伍拾元,壹佰伍拾元,150,元,兹由亚才汇上人民币壹佰伍拾元，到时查收。,,兹由亚才汇上人民币壹佰伍拾元，到时查收。；内抹伍十元，送与竹下老姑娘，又佩珠妹、府上二老婶各式拾元，余之大人收用。,1,岳双亲大人尊前：,敬禀者，去月曾付邮两封，念必收到，很久未收到手谕。,,"敬禀者，去月曾付邮两封，念必收到，很久未收到手谕。凤光孙儿经于农历十一月廿六日完婚，本次婚事，草草而以（已），不请客，只做三桌（桌）请至亲，二老叔与亚燕，因居服未满百日，不能参与婚事。
婚去年在丹木（即老电火局后面）购四层楼店屋一座，亚光本要在丹木新屋居住，由于该屋装修完毕，未满四个月，不宜迎娶。现在新桥路头老厝迎娶，可能居住四个月后，迁居新屋，亚光夫妇可能开春往香、台、暹旅行。
兹由亚才汇上人民币壹佰伍拾元，到时查收。内抹伍十元，送与竹下老姑娘，又佩珠妹、府上二老婶各式拾元，余之大人收用。专此，敬请
福安
结婚像（相）片，候洗好由亚才寄下。
公元一九八五年元月廿一日",,凤光孙儿经于农历十一月廿六日完婚，本次婚事，草草而以（已），不请客，只做三桌（桌）请至亲，二老叔与亚燕，因居服未满百日，不能参与婚事。,,,谨上,婚邢树熙、女陈婵珠仝谨上,婚邢树熙、女陈婵珠仝谨上,,1,1,0,0,0,0,0,0,1,0,1,marriage,family_affection;remittance;marriage;home_building,敬禀者；禀者；尊前,谨上,大人；尊前；福安,儿；谨,兹,敬禀者；尊前；查收；福安,汇上；查收,,,敬禀者；禀者；尊前；谨上；大人；福安；儿；谨；兹；查收,3,"岳双亲大人尊前：
敬禀者，去月曾付邮两封，念必收到，很久未收到手谕。
兹由亚才汇上人民币壹佰伍拾元，到时查收。
婚邢树熙、女陈婵珠仝谨上",岳双亲大人尊前：,,兹由亚才汇上人民币壹佰伍拾元，到时查收。,凤光孙儿经于农历十一月廿六日完婚，本次婚事，草草而以（已），不请客，只做三桌（桌）请至亲，二老叔与亚燕，因居服未满百日，不能参与婚事。,,婚邢树熙、女陈婵珠仝谨上,sender=外洋邢树熙、陈婵珠；recipient=潮汕岳双亲大人；relationship=child_to_parent；date=一九八五年元月廿一日；money=壹佰伍拾元；currency=元；places=潮汕->广东侨乡；kinship=双亲；儿；孙；妹；叔；婶；姑,"一九八五年元月廿一日，外洋邢树熙、陈婵珠寄潮汕岳双亲大人
外洋邢树熙、陈婵珠
潮汕岳双亲大人
一九八五年元月廿一日
币壹佰伍拾元
潮汕->广东侨乡
family_affection;remittance;marriage;home_building
敬禀者，去月曾付邮两封，念必收到，很久未收到手谕。凤光孙儿经于农历十一月廿六日完婚，本次婚事，草草而以（已），不请客，只做三桌（桌）请至亲，二老叔与亚燕，因居服未满百日，不能参与婚事。
婚去年在丹木（即老电火局后面）购四层楼店屋一座，亚光本要在丹木新屋居住，由于该屋装修完毕，未满四个月，不宜迎娶。现在新桥路头老厝迎娶，可能居住四个月后，迁居新屋，亚光夫妇可能开春往香、台、暹旅行。
兹由亚才汇上人民币壹佰伍拾元，到时查收。内抹伍十元，送与竹下老姑娘，又佩珠妹、府上二老婶各式拾元，余之大人收用。专此，敬请
福安
结婚像（相）片，候洗好由亚才寄下。
公元一九八五年元月廿一日",题名：一九八五年元月廿一日，外洋邢树熙、陈婵珠寄潮汕岳双亲大人；寄批人：外洋邢树熙、陈婵珠；收批人：潮汕岳双亲大人；日期：一九八五年元月廿一日；汇款：币壹佰伍拾元；主题：family_affection;remittance;marriage;home_building；正文摘录：敬禀者，去月曾付邮两封，念必收到，很久未收到手谕。凤光孙儿经于农历十一月廿六日完婚，本次婚事，草草而以（已），不请客，只做三桌（桌）请至亲，二老叔与亚燕，因居服未满百日，不能参与婚事。婚去年在丹木（即老电火局后面）购四层楼店屋一座，亚光本要,一九八五年元月廿一日,外洋邢树熙、陈婵珠,潮汕岳双亲大人,282,0,邢树熙、陈婵珠,岳双亲,双亲,high,广东侨乡；海外,"[{""record_id"": ""CSQP-SFHC-TEXT-190"", ""raw_text"": ""币壹佰伍拾元"", ""amount_text"": ""壹佰伍拾元"", ""amount_number"": 150, ""currency"": ""元"", ""sentence"": ""兹由亚才汇上人民币壹佰伍拾元，到时查收。"", ""is_primary_candidate"": true, ""source_field"": ""body_clean""}, {""record_id"": ""CSQP-SFHC-TEXT-190"", ""raw_text"": ""伍十元"", ""amount_text"": ""伍十元"", ""amount_number"": 50, ""currency"": ""元"", ""sentence"": ""内抹伍十元，送与竹下老姑娘，又佩珠妹、府上二老婶各式拾元，余之大人收用。"", ""is_primary_candidate"": false, ""source_field"": ""body_clean""}, {""record_id"": ""CSQP-SFHC-TEXT-190"", ""raw_text"": ""式拾元"", ""amount_text"": ""式拾元"", ""amount_number"": 20, ""currency"": ""元"", ""sentence"": ""内抹伍十元，送与竹下老姑娘，又佩珠妹、府上二老婶各式拾元，余之大人收用。"", ""is_primary_candidate"": false, ""source_field"": ""body_clean""}]",一九八五年元月廿一日，外洋邢树熙、陈婵珠寄潮汕岳双亲大人；外洋邢树熙、陈婵珠；潮汕岳双亲大人；邢树熙、陈婵珠；岳双亲；双亲；儿；孙；妹；叔；婶；姑；广东侨乡；海外；币壹佰伍拾元；元；family_affection；remittance；marriage；home_building；潮汕；广东；敬禀者；尊前；查收；福安；一九八五年；元月；廿一日；外洋；邢树熙；陈婵珠；侨乡；币壹佰；伍拾；family；affection；home；building；禀者；谨上；付邮；两封；念必；收到；很久；手谕；凤光；孙儿；经于；农历；十一月；廿六日；完婚；本次；婚事；草草；请客；三桌；至亲；二老；亚燕；因居服；未满；百日；不能；参与；去年；丹木；电火局；后面；四层楼；店屋；一座；亚光本；新屋；居住；由于；该屋；装修
CSQP-SFHC-TEXT-191,191,己七月初二日（1949后），外洋英锋寄潮汕母亲大人,pdf_pages=249；book_pages=220,1,high,0,"母亲大人膝下：
    敬禀者，接奉示谕，于客月十二日，诸事敬悉。二日前扁兄到叻，顺便托其带来大人所嘱买之胶底拖鞋一双，及洽英与拔弟之汗衣各一件，谅于先后必可以收到。安全药油，药材店无是药出售，街坊所推销此未有递到，故无寄上。补脑汁则未及奉上，因扁兄登坡时适逢礼拜日，各药商皆休息，未能购到，当候后付。洽英弟为谋出路计，已于前月廿六日，就汕办事，如是亦佳。惟未知渠所容之店，何号门牌几号耳，望祈示及，俾有时甘与通函也。至于上月转进再和成，在名义上虽云变易位置，但再顺降到所有之账务，当需亲理，然犹未觉忙碌也，望免锦注。兹奉上港币壹佰壹拾元，至祈查收，除抹与赛贤妗壹拾伍元，余为廿旨之敬。男客仗安好。顺此禀达。肃此，敬请
福安
男英锋谨禀    己七月初二日","母亲大人膝下：
敬禀者，接奉示谕，于客月十二日，诸事敬悉。二日前扁兄到叻，顺便托其带来大人所嘱买之胶底拖鞋一双，及洽英与拔弟之汗衣各一件，谅于先后必可以收到。安全药油，药材店无是药出售，街坊所推销此未有递到，故无寄上。补脑汁则未及奉上，因扁兄登坡时适逢礼拜日，各药商皆休息，未能购到，当候后付。洽英弟为谋出路计，已于前月廿六日，就汕办事，如是亦佳。惟未知渠所容之店，何号门牌几号耳，望祈示及，俾有时甘与通函也。至于上月转进再和成，在名义上虽云变易位置，但再顺降到所有之账务，当需亲理，然犹未觉忙碌也，望免锦注。兹奉上港币壹佰壹拾元，至祈查收，除抹与赛贤妗壹拾伍元，余为廿旨之敬。男客仗安好。顺此禀达。肃此，敬请
福安
男英锋谨禀 己七月初二日","母亲大人膝下：
敬禀者，接奉示谕，于客月十二日，诸事敬悉。二日前扁兄到叻，顺便托其带来大人所嘱买之胶底拖鞋一双，及洽英与拔弟之汗衣各一件，谅于先后必可以收到。安全药油，药材店无是药出售，街坊所推销此未有递到，故无寄上。补脑汁则未及奉上，因扁兄登坡时适逢礼拜日，各药商皆休息，未能购到，当候后付。洽英弟为谋出路计，已于前月廿六日，就汕办事，如是亦佳。惟未知渠所容之店，何号门牌几号耳，望祈示及，俾有时甘与通函也。至于上月转进再和成，在名义上虽云变易位置，但再顺降到所有之账务，当需亲理，然犹未觉忙碌也，望免锦注。兹奉上港币壹佰壹拾元，至祈查收，除抹与赛贤妗壹拾伍元，余为廿旨之敬。男客仗安好。顺此禀达。肃此，敬请
福安
男英锋谨禀 己七月初二日","敬禀者，接奉示谕，于客月十二日，诸事敬悉。二日前扁兄到叻，顺便托其带来大人所嘱买之胶底拖鞋一双，及洽英与拔弟之汗衣各一件，谅于先后必可以收到。安全药油，药材店无是药出售，街坊所推销此未有递到，故无寄上。补脑汁则未及奉上，因扁兄登坡时适逢礼拜日，各药商皆休息，未能购到，当候后付。洽英弟为谋出路计，已于前月廿六日，就汕办事，如是亦佳。惟未知渠所容之店，何号门牌几号耳，望祈示及，俾有时甘与通函也。至于上月转进再和成，在名义上虽云变易位置，但再顺降到所有之账务，当需亲理，然犹未觉忙碌也，望免锦注。兹奉上港币壹佰壹拾元，至祈查收，除抹与赛贤妗壹拾伍元，余为廿旨之敬。男客仗安好。顺此禀达。肃此，敬请
福安",321,4,14,外洋英锋,潮汕母亲大人,,parent,child_to_parent,母亲；兄；弟；男；妗,潮汕母；二日前扁兄；洽英与拔弟；因扁兄；洽英弟；抹与赛贤妗,大人；膝下,,海外,广东侨乡,海外,广东侨乡,潮汕->广东侨乡,海外 -> 广东侨乡,1,海外；广东侨乡,己七月初二日（1949后）,,1949后,,七月,初二日,lunar,干支或传统纪年,medium,港币壹佰壹拾元,壹佰壹拾元,110,港币,兹奉上港币壹佰壹拾元，至祈查收，除抹与赛贤妗壹拾伍元，余为廿旨之敬。；安全药油，药材店无是药出售，街坊所推销此未有递到，故无寄上。,医药,兹奉上港币壹佰壹拾元，至祈查收，除抹与赛贤妗壹拾伍元，余为廿旨之敬。,1,母亲大人膝下：,敬禀者，接奉示谕，于客月十二日，诸事敬悉。,,"敬禀者，接奉示谕，于客月十二日，诸事敬悉。二日前扁兄到叻，顺便托其带来大人所嘱买之胶底拖鞋一双，及洽英与拔弟之汗衣各一件，谅于先后必可以收到。安全药油，药材店无是药出售，街坊所推销此未有递到，故无寄上。补脑汁则未及奉上，因扁兄登坡时适逢礼拜日，各药商皆休息，未能购到，当候后付。洽英弟为谋出路计，已于前月廿六日，就汕办事，如是亦佳。惟未知渠所容之店，何号门牌几号耳，望祈示及，俾有时甘与通函也。至于上月转进再和成，在名义上虽云变易位置，但再顺降到所有之账务，当需亲理，然犹未觉忙碌也，望免锦注。兹奉上港币壹佰壹拾元，至祈查收，除抹与赛贤妗壹拾伍元，余为廿旨之敬。男客仗安好。顺此禀达。肃此，敬请
福安",男客仗安好。,母亲大人膝下：,二日前扁兄到叻，顺便托其带来大人所嘱买之胶底拖鞋一双，及洽英与拔弟之汗衣各一件，谅于先后必可以收到。,顺此禀达。,,,,,1,1,1,1,0,0,0,0,0,0,0,instruction,family_affection;remittance;safety;instruction,敬禀者；禀者；膝下,谨禀；托,大人；膝下；福安,弟；谨,兹；祈；谅；奉；俾；惟,敬禀者；膝下；祈查收；至祈查收；谨禀；查收；福安,寄上；奉上；查收,安好,嘱,敬禀者；禀者；膝下；谨禀；托；大人；福安；弟；谨；兹；祈；谅；奉；俾；惟；祈查收；至祈查收；查收,3,"母亲大人膝下：
敬禀者，接奉示谕，于客月十二日，诸事敬悉。
男客仗安好。
兹奉上港币壹佰壹拾元，至祈查收，除抹与赛贤妗壹拾伍元，余为廿旨之敬。；安全药油，药材店无是药出售，街坊所推销此未有递到，故无寄上。
二日前扁兄到叻，顺便托其带来大人所嘱买之胶底拖鞋一双，及洽英与拔弟之汗衣各一件，谅于先后必可以收到。
顺此禀达。",母亲大人膝下：,男客仗安好。,兹奉上港币壹佰壹拾元，至祈查收，除抹与赛贤妗壹拾伍元，余为廿旨之敬。；安全药油，药材店无是药出售，街坊所推销此未有递到，故无寄上。,母亲大人膝下：,二日前扁兄到叻，顺便托其带来大人所嘱买之胶底拖鞋一双，及洽英与拔弟之汗衣各一件，谅于先后必可以收到。,顺此禀达。,sender=外洋英锋；recipient=潮汕母亲大人；relationship=child_to_parent；date=己七月初二日（1949后）；money=壹佰壹拾元；currency=港币；places=潮汕->广东侨乡；kinship=母亲；兄；弟；男；妗,"己七月初二日（1949后），外洋英锋寄潮汕母亲大人
外洋英锋
潮汕母亲大人
己七月初二日（1949后）
港币壹佰壹拾元
潮汕->广东侨乡
family_affection;remittance;safety;instruction
敬禀者，接奉示谕，于客月十二日，诸事敬悉。二日前扁兄到叻，顺便托其带来大人所嘱买之胶底拖鞋一双，及洽英与拔弟之汗衣各一件，谅于先后必可以收到。安全药油，药材店无是药出售，街坊所推销此未有递到，故无寄上。补脑汁则未及奉上，因扁兄登坡时适逢礼拜日，各药商皆休息，未能购到，当候后付。洽英弟为谋出路计，已于前月廿六日，就汕办事，如是亦佳。惟未知渠所容之店，何号门牌几号耳，望祈示及，俾有时甘与通函也。至于上月转进再和成，在名义上虽云变易位置，但再顺降到所有之账务，当需亲理，然犹未觉忙碌也，望免锦注。兹奉上港币壹佰壹拾元，至祈查收，除抹与赛贤妗壹拾伍元，余为廿旨之敬。男客仗安好。顺此禀达。肃此，敬请
福安",题名：己七月初二日（1949后），外洋英锋寄潮汕母亲大人；寄批人：外洋英锋；收批人：潮汕母亲大人；日期：己七月初二日（1949后）；汇款：港币壹佰壹拾元；主题：family_affection;remittance;safety;instruction；正文摘录：敬禀者，接奉示谕，于客月十二日，诸事敬悉。二日前扁兄到叻，顺便托其带来大人所嘱买之胶底拖鞋一双，及洽英与拔弟之汗衣各一件，谅于先后必可以收到。安全药油，药材店无是药出售，街坊所推销此未有递到，故无寄上。补脑汁则未及奉上，因扁兄登坡时适逢礼拜,己七月初二日（1949后）,外洋英锋,潮汕母亲大人,299,0,英锋,母亲,母亲,high,广东侨乡；海外,"[{""record_id"": ""CSQP-SFHC-TEXT-191"", ""raw_text"": ""港币壹佰壹拾元"", ""amount_text"": ""壹佰壹拾元"", ""amount_number"": 110, ""currency"": ""港币"", ""sentence"": ""兹奉上港币壹佰壹拾元，至祈查收，除抹与赛贤妗壹拾伍元，余为廿旨之敬。"", ""is_primary_candidate"": true, ""source_field"": ""body_clean""}, {""record_id"": ""CSQP-SFHC-TEXT-191"", ""raw_text"": ""壹拾伍元"", ""amount_text"": ""壹拾伍元"", ""amount_number"": 15, ""currency"": ""元"", ""sentence"": ""兹奉上港币壹佰壹拾元，至祈查收，除抹与赛贤妗壹拾伍元，余为廿旨之敬。"", ""is_primary_candidate"": false, ""source_field"": ""body_clean""}]",己七月初二日（1949后），外洋英锋寄潮汕母亲大人；外洋英锋；潮汕母亲大人；英锋；母亲；兄；弟；男；妗；广东侨乡；海外；港币壹佰壹拾元；港币；family_affection；remittance；safety；instruction；潮汕；广东；元；敬禀者；膝下；祈查收；至祈查收；谨禀；查收；福安；七月；初二；外洋；侨乡；壹佰壹；拾元；family；affection；禀者；至祈；接奉示；于客；十二日；诸事；敬悉；日前；扁兄；顺便；托其；带来；所嘱；胶底；拖鞋；一双；洽英；拔弟；汗衣；一件；谅于；先后；可以；收到；安全；药油；药材店；无是；出售；街坊；推销；未有；递到；故无寄上；脑汁；未及；奉上；因扁；兄登坡；适逢；礼拜日；药商；休息；未能；购到
CSQP-SFHC-TEXT-192,192,庚九月廿日（1949后），外洋永河寄潮汕佩莺吾妻,pdf_pages=250；book_pages=221,1,high,0,"佩帘吾妻收览：
    兹者，是日接读家书，详悉一是。对于佩芳亲事，来书所言不甚清楚，在予鄙见，还是圆满解决。见字劝告岳父母二位大人为要，并望将详细情形，告我以慰。近来吾姐逐月所寄批银若干，尚希示知为盼。兹话有便，特寄去港币叁拾元，内抹伍元，送交桐端老叔台茶仪之需，顺便告彼，予现尚无职业，本拟专函致候，莫奈手内拮据，故尔请彼原谅可矣。专此，并祝
两地平安
庚九月卅日    予永河草","佩帘吾妻收览：
兹者，是日接读家书，详悉一是。对于佩芳亲事，来书所言不甚清楚，在予鄙见，还是圆满解决。见字劝告岳父母二位大人为要，并望将详细情形，告我以慰。近来吾姐逐月所寄批银若干，尚希示知为盼。兹话有便，特寄去港币叁拾元，内抹伍元，送交桐端老叔台茶仪之需，顺便告彼，予现尚无职业，本拟专函致候，莫奈手内拮据，故尔请彼原谅可矣。专此，并祝
两地平安
庚九月卅日 予永河草","佩帘吾妻收览：
兹者，是日接读家书，详悉一是。对于佩芳亲事，来书所言不甚清楚，在予鄙见，还是圆满解决。见字劝告岳父母二位大人为要，并望将详细情形，告我以慰。近来吾姐逐月所寄批银若干，尚希示知为盼。兹话有便，特寄去港币叁拾元，内抹伍元，送交桐端老叔台茶仪之需，顺便告彼，予现尚无职业，本拟专函致候，莫奈手内拮据，故尔请彼原谅可矣。专此，并祝
两地平安
庚九月卅日 予永河草","佩帘吾妻收览：
兹者，是日接读家书，详悉一是。对于佩芳亲事，来书所言不甚清楚，在予鄙见，还是圆满解决。见字劝告岳父母二位大人为要，并望将详细情形，告我以慰。近来吾姐逐月所寄批银若干，尚希示知为盼。兹话有便，特寄去港币叁拾元，内抹伍元，送交桐端老叔台茶仪之需，顺便告彼，予现尚无职业，本拟专函致候，莫奈手内拮据，故尔请彼原谅可矣。专此，并祝
两地平安",185,4,9,外洋永河,潮汕佩莺吾妻,,spouse,spouse_to_spouse,岳父；妻；姐；叔,汕佩莺吾妻；佩帘吾妻；见字劝告岳父；近来吾姐；交桐端老叔,,,海外,广东侨乡,海外,广东侨乡,潮汕->广东侨乡,海外 -> 广东侨乡,1,海外；广东侨乡,庚九月廿日（1949后）,庚九月卅日 予永河草,1949后,,九月,,solar,干支或传统纪年,medium,港币叁拾元,叁拾元,30,港币,兹话有便，特寄去港币叁拾元，内抹伍元，送交桐端老叔台茶仪之需，顺便告彼，予现尚无职业，本拟专函致候，莫奈手内拮据，故尔请彼原谅可矣。,分抹,兹话有便，特寄去港币叁拾元，内抹伍元，送交桐端老叔台茶仪之需，顺便告彼，予现尚无职业，本拟专函致候，莫奈手内拮据，故尔请彼原谅可矣。,1,,,两地平安,"佩帘吾妻收览：
兹者，是日接读家书，详悉一是。对于佩芳亲事，来书所言不甚清楚，在予鄙见，还是圆满解决。见字劝告岳父母二位大人为要，并望将详细情形，告我以慰。近来吾姐逐月所寄批银若干，尚希示知为盼。兹话有便，特寄去港币叁拾元，内抹伍元，送交桐端老叔台茶仪之需，顺便告彼，予现尚无职业，本拟专函致候，莫奈手内拮据，故尔请彼原谅可矣。专此，并祝
两地平安",两地平安,佩帘吾妻收览：；见字劝告岳父母二位大人为要，并望将详细情形，告我以慰。,,,草,庚九月卅日 予永河草,庚九月卅日 予永河草,,1,1,1,0,1,0,1,1,1,0,0,safety_report,family_affection;remittance;safety;study;work;debt;marriage,,,大人,予,兹；谅,,寄去,平安,,大人；予；兹；谅,1,"两地平安
兹话有便，特寄去港币叁拾元，内抹伍元，送交桐端老叔台茶仪之需，顺便告彼，予现尚无职业，本拟专函致候，莫奈手内拮据，故尔请彼原谅可矣。
庚九月卅日 予永河草",,两地平安,兹话有便，特寄去港币叁拾元，内抹伍元，送交桐端老叔台茶仪之需，顺便告彼，予现尚无职业，本拟专函致候，莫奈手内拮据，故尔请彼原谅可矣。,佩帘吾妻收览：；见字劝告岳父母二位大人为要，并望将详细情形，告我以慰。,,庚九月卅日 予永河草,sender=外洋永河；recipient=潮汕佩莺吾妻；relationship=spouse_to_spouse；date=庚九月廿日（1949后）；money=叁拾元；currency=港币；places=潮汕->广东侨乡；kinship=岳父；妻；姐；叔,"庚九月廿日（1949后），外洋永河寄潮汕佩莺吾妻
外洋永河
潮汕佩莺吾妻
庚九月廿日（1949后）
港币叁拾元
潮汕->广东侨乡
family_affection;remittance;safety;study;work;debt;marriage
佩帘吾妻收览：
兹者，是日接读家书，详悉一是。对于佩芳亲事，来书所言不甚清楚，在予鄙见，还是圆满解决。见字劝告岳父母二位大人为要，并望将详细情形，告我以慰。近来吾姐逐月所寄批银若干，尚希示知为盼。兹话有便，特寄去港币叁拾元，内抹伍元，送交桐端老叔台茶仪之需，顺便告彼，予现尚无职业，本拟专函致候，莫奈手内拮据，故尔请彼原谅可矣。专此，并祝
两地平安",题名：庚九月廿日（1949后），外洋永河寄潮汕佩莺吾妻；寄批人：外洋永河；收批人：潮汕佩莺吾妻；日期：庚九月廿日（1949后）；汇款：港币叁拾元；主题：family_affection;remittance;safety;study;work;debt;marriage；正文摘录：佩帘吾妻收览：兹者，是日接读家书，详悉一是。对于佩芳亲事，来书所言不甚清楚，在予鄙见，还是圆满解决。见字劝告岳父母二位大人为要，并望将详细情形，告我以慰。近来吾姐逐月所寄批银若干，尚希示知为盼。兹话有便，特寄去港币叁拾元，内抹伍元，送交桐端,庚九月廿日（1949后）,外洋永河,潮汕佩莺吾妻,172,0,永河,佩莺吾妻,岳父,medium,广东侨乡；海外,"[{""record_id"": ""CSQP-SFHC-TEXT-192"", ""raw_text"": ""港币叁拾元"", ""amount_text"": ""叁拾元"", ""amount_number"": 30, ""currency"": ""港币"", ""sentence"": ""兹话有便，特寄去港币叁拾元，内抹伍元，送交桐端老叔台茶仪之需，顺便告彼，予现尚无职业，本拟专函致候，莫奈手内拮据，故尔请彼原谅可矣。"", ""is_primary_candidate"": true, ""source_field"": ""body_clean""}, {""record_id"": ""CSQP-SFHC-TEXT-192"", ""raw_text"": ""伍元"", ""amount_text"": ""伍元"", ""amount_number"": 5, ""currency"": ""元"", ""sentence"": ""兹话有便，特寄去港币叁拾元，内抹伍元，送交桐端老叔台茶仪之需，顺便告彼，予现尚无职业，本拟专函致候，莫奈手内拮据，故尔请彼原谅可矣。"", ""is_primary_candidate"": false, ""source_field"": ""body_clean""}]",庚九月廿日（1949后），外洋永河寄潮汕佩莺吾妻；外洋永河；潮汕佩莺吾妻；永河；佩莺吾妻；岳父；妻；姐；叔；广东侨乡；海外；港币叁拾元；港币；family_affection；remittance；safety；study；work；debt；marriage；潮汕；广东；银；元；九月；廿日；外洋；佩莺；吾妻；侨乡；拾元；family；affection；佩帘；收览；兹者；接读；家书；详悉；一是；对于；佩芳；亲事；来书；所言；清楚；鄙见；还是；圆满解决；见字；劝告；岳父母；二位；并望；详细；情形；以慰；近来；逐月；所寄批；若干；尚希示；知为；特寄去；伍元；送交；桐端；老叔；台茶；仪之需；顺便；告彼；予现；尚无；职业；本拟；专函；致候；莫奈；手内
CSQP-SFHC-TEXT-193,193,庚十一月初六（1949后），外洋孝钦寄潮汕赛兰吾妻,pdf_pages=251；book_pages=222,1,high,0,"赛兰吾妻知悉：
    兹谕者，顷接家中回批，内中各事经已知详。幸蒙神天保庇，合家老少平安，不胜之喜，恩等旅客迪吉，希免锦念。适逢批期之便，外付去港币七十元，至时检收。内抹出二元，交母亲大人收用，由（又）四元交五嫂收用，余存之项以应家情之费，并冬至拜祖之需可也，以信分给勿误。对绍财逆子，愚自当宽心教导就是，尔等婆媳不用介怀为要。但此晚冬收到十四担，除还租，缴公粮，还牛税，尚存九担左右，堪以告慰。对家务各事，从中安为办理可也。候有厚利上手，自然捷寄。妥后回音，且喜二地平安，余言后叙。专此，并祝
合家康宁
愚孝钦叻
庚十一月初六","赛兰吾妻知悉：
兹谕者，顷接家中回批，内中各事经已知详。幸蒙神天保庇，合家老少平安，不胜之喜，恩等旅客迪吉，希免锦念。适逢批期之便，外付去港币七十元，至时检收。内抹出二元，交母亲大人收用，由（又）四元交五嫂收用，余存之项以应家情之费，并冬至拜祖之需可也，以信分给勿误。对绍财逆子，愚自当宽心教导就是，尔等婆媳不用介怀为要。但此晚冬收到十四担，除还租，缴公粮，还牛税，尚存九担左右，堪以告慰。对家务各事，从中安为办理可也。候有厚利上手，自然捷寄。妥后回音，且喜二地平安，余言后叙。专此，并祝
合家康宁
愚孝钦叻
庚十一月初六","赛兰吾妻知悉：
兹谕者，顷接家中回批，内中各事经已知详。幸蒙神天保庇，合家老少平安，不胜之喜，恩等旅客迪吉，希免锦念。适逢批期之便，外付去港币七十元，至时检收。内抹出二元，交母亲大人收用，由（又）四元交五嫂收用，余存之项以应家情之费，并冬至拜祖之需可也，以信分给勿误。对绍财逆子，愚自当宽心教导就是，尔等婆媳不用介怀为要。但此晚冬收到十四担，除还租，缴公粮，还牛税，尚存九担左右，堪以告慰。对家务各事，从中安为办理可也。候有厚利上手，自然捷寄。妥后回音，且喜二地平安，余言后叙。专此，并祝
合家康宁
愚孝钦叻
庚十一月初六","赛兰吾妻知悉：
兹谕者，顷接家中回批，内中各事经已知详。幸蒙神天保庇，合家老少平安，不胜之喜，恩等旅客迪吉，希免锦念。适逢批期之便，外付去港币七十元，至时检收。内抹出二元，交母亲大人收用，由（又）四元交五嫂收用，余存之项以应家情之费，并冬至拜祖之需可也，以信分给勿误。对绍财逆子，愚自当宽心教导就是，尔等婆媳不用介怀为要。但此晚冬收到十四担，除还租，缴公粮，还牛税，尚存九担左右，堪以告慰。对家务各事，从中安为办理可也。候有厚利上手，自然捷寄。妥后回音，且喜二地平安，余言后叙。专此，并祝
合家康宁
愚孝钦叻",261,5,14,外洋孝钦,潮汕赛兰吾妻,,spouse,spouse_to_spouse,母亲；嫂；妻；媳,汕赛兰吾妻；赛兰吾妻；交母；四元交五嫂；尔等婆媳,,,海外,广东侨乡,海外,广东侨乡,潮汕->广东侨乡,海外 -> 广东侨乡,1,海外；广东侨乡,庚十一月初六（1949后）,庚十一月初六,1949后,,十一月,,lunar,干支或传统纪年,medium,港币七十元,七十元,70,港币,适逢批期之便，外付去港币七十元，至时检收。,,内抹出二元，交母亲大人收用，由（又）四元交五嫂收用，余存之项以应家情之费，并冬至拜祖之需可也，以信分给勿误。,1,,,幸蒙神天保庇，合家老少平安，不胜之喜，恩等旅客迪吉，希免锦念。,"赛兰吾妻知悉：
兹谕者，顷接家中回批，内中各事经已知详。幸蒙神天保庇，合家老少平安，不胜之喜，恩等旅客迪吉，希免锦念。适逢批期之便，外付去港币七十元，至时检收。内抹出二元，交母亲大人收用，由（又）四元交五嫂收用，余存之项以应家情之费，并冬至拜祖之需可也，以信分给勿误。对绍财逆子，愚自当宽心教导就是，尔等婆媳不用介怀为要。但此晚冬收到十四担，除还租，缴公粮，还牛税，尚存九担左右，堪以告慰。对家务各事，从中安为办理可也。候有厚利上手，自然捷寄。妥后回音，且喜二地平安，余言后叙。专此，并祝
合家康宁
愚孝钦叻",幸蒙神天保庇，合家老少平安，不胜之喜，恩等旅客迪吉，希免锦念。；妥后回音，且喜二地平安，余言后叙。,赛兰吾妻知悉：；兹谕者，顷接家中回批，内中各事经已知详。,,,,庚十一月初六,,,1,1,1,0,0,0,0,1,1,0,0,family_affection,family_affection;remittance;safety;debt;marriage,,,大人,愚,兹；不胜,,付去,平安,,大人；愚；兹；不胜,1,"幸蒙神天保庇，合家老少平安，不胜之喜，恩等旅客迪吉，希免锦念。；妥后回音，且喜二地平安，余言后叙。
适逢批期之便，外付去港币七十元，至时检收。",,幸蒙神天保庇，合家老少平安，不胜之喜，恩等旅客迪吉，希免锦念。；妥后回音，且喜二地平安，余言后叙。,适逢批期之便，外付去港币七十元，至时检收。,赛兰吾妻知悉：；兹谕者，顷接家中回批，内中各事经已知详。,,,sender=外洋孝钦；recipient=潮汕赛兰吾妻；relationship=spouse_to_spouse；date=庚十一月初六（1949后）；money=七十元；currency=港币；places=潮汕->广东侨乡；kinship=母亲；嫂；妻；媳,"庚十一月初六（1949后），外洋孝钦寄潮汕赛兰吾妻
外洋孝钦
潮汕赛兰吾妻
庚十一月初六（1949后）
港币七十元
潮汕->广东侨乡
family_affection;remittance;safety;debt;marriage
赛兰吾妻知悉：
兹谕者，顷接家中回批，内中各事经已知详。幸蒙神天保庇，合家老少平安，不胜之喜，恩等旅客迪吉，希免锦念。适逢批期之便，外付去港币七十元，至时检收。内抹出二元，交母亲大人收用，由（又）四元交五嫂收用，余存之项以应家情之费，并冬至拜祖之需可也，以信分给勿误。对绍财逆子，愚自当宽心教导就是，尔等婆媳不用介怀为要。但此晚冬收到十四担，除还租，缴公粮，还牛税，尚存九担左右，堪以告慰。对家务各事，从中安为办理可也。候有厚利上手，自然捷寄。妥后回音，且喜二地平安，余言后叙。专此，并祝
合家康宁
愚孝钦叻",题名：庚十一月初六（1949后），外洋孝钦寄潮汕赛兰吾妻；寄批人：外洋孝钦；收批人：潮汕赛兰吾妻；日期：庚十一月初六（1949后）；汇款：港币七十元；主题：family_affection;remittance;safety;debt;marriage；正文摘录：赛兰吾妻知悉：兹谕者，顷接家中回批，内中各事经已知详。幸蒙神天保庇，合家老少平安，不胜之喜，恩等旅客迪吉，希免锦念。适逢批期之便，外付去港币七十元，至时检收。内抹出二元，交母亲大人收用，由（又）四元交五嫂收用，余存之项以应家情之费，并冬至拜,庚十一月初六（1949后）,外洋孝钦,潮汕赛兰吾妻,251,0,孝钦,赛兰吾妻,母亲,medium,广东侨乡；海外,"[{""record_id"": ""CSQP-SFHC-TEXT-193"", ""raw_text"": ""港币七十元"", ""amount_text"": ""七十元"", ""amount_number"": 70, ""currency"": ""港币"", ""sentence"": ""适逢批期之便，外付去港币七十元，至时检收。"", ""is_primary_candidate"": true, ""source_field"": ""body_clean""}, {""record_id"": ""CSQP-SFHC-TEXT-193"", ""raw_text"": ""二元"", ""amount_text"": ""二元"", ""amount_number"": 2, ""currency"": ""元"", ""sentence"": ""内抹出二元，交母亲大人收用，由（又）四元交五嫂收用，余存之项以应家情之费，并冬至拜祖之需可也，以信分给勿误。"", ""is_primary_candidate"": false, ""source_field"": ""body_clean""}, {""record_id"": ""CSQP-SFHC-TEXT-193"", ""raw_text"": ""）四元"", ""amount_text"": ""四元"", ""amount_number"": 4, ""currency"": ""元"", ""sentence"": ""内抹出二元，交母亲大人收用，由（又）四元交五嫂收用，余存之项以应家情之费，并冬至拜祖之需可也，以信分给勿误。"", ""is_primary_candidate"": false, ""source_field"": ""body_clean""}]",庚十一月初六（1949后），外洋孝钦寄潮汕赛兰吾妻；外洋孝钦；潮汕赛兰吾妻；孝钦；赛兰吾妻；母亲；嫂；妻；媳；广东侨乡；海外；港币七十元；港币；family_affection；remittance；safety；debt；marriage；潮汕；广东；元；十一月；初六；外洋；赛兰；吾妻；侨乡；七十；family；affection；不胜；知悉；谕者；顷接；家中；回批；内中；各事经；已知；幸蒙神；天保；合家；老少；平安；之喜；旅客；迪吉；希免；锦念；适逢；批期；外付；至时；检收；内抹出；二元；四元；交五嫂；收用；余存；之项；应家；情之费；冬至；拜祖；以信；分给；勿误；对绍财；逆子；愚自当；宽心；教导；就是；婆媳；不用；介怀；但此；晚冬；收到
CSQP-SFHC-TEXT-194,194,辛八月廿日（1949后），叻郭思照寄潮安大黄坑家慈亲大人,pdf_pages=252；book_pages=223,1,medium,0,"寄批人：叻郭思照
收批人：潮宁大黄坑家慈亲大人
批款：港银叁拾元
日期：辛八月廿日

慈亲大人尊前：
    敬禀者，兹接来回批，均以（已）知悉。吾弟亲事经以（已）说合来知，有准确（准确）否？定聘、迎亲日子祈为示知。兹随函付（附）上港银肆拾元查收，为家情之用。余无别言。顺候，并请
福安
儿郭斯照禀
辛八月廿日","寄批人：叻郭思照
收批人：潮宁大黄坑家慈亲大人
批款：港银叁拾元
日期：辛八月廿日

慈亲大人尊前：
敬禀者，兹接来回批，均以（已）知悉。吾弟亲事经以（已）说合来知，有准确（准确）否？定聘、迎亲日子祈为示知。兹随函付（附）上港银肆拾元查收，为家情之用。余无别言。顺候，并请
福安
儿郭斯照禀
辛八月廿日","慈亲大人尊前：
敬禀者，兹接来回批，均以（已）知悉。吾弟亲事经以（已）说合来知，有准确（准确）否？定聘、迎亲日子祈为示知。兹随函付（附）上港银肆拾元查收，为家情之用。余无别言。顺候，并请
福安
儿郭斯照禀
辛八月廿日","敬禀者，兹接来回批，均以（已）知悉。吾弟亲事经以（已）说合来知，有准确（准确）否？定聘、迎亲日子祈为示知。兹随函付（附）上港银肆拾元查收，为家情之用。余无别言。顺候，并请
福安",151,9,10,叻郭思照,潮宁大黄坑家慈亲大人,child,parent,child_to_parent,慈亲；弟；儿,吾弟,大人；尊前,儿,新加坡,广东潮安,新加坡,广东潮安,潮安->广东潮安；叻->新加坡,新加坡 -> 广东潮安,1,新加坡；广东侨乡,辛八月廿日,"儿郭斯照禀
辛八月廿日",1949后,,八月,,solar,干支或传统纪年,medium,港银叁拾元,叁拾元,30,银元,兹随函付（附）上港银肆拾元查收，为家情之用。,,兹随函付（附）上港银肆拾元查收，为家情之用。,1,慈亲大人尊前：,敬禀者，兹接来回批，均以（已）知悉。,福安,"敬禀者，兹接来回批，均以（已）知悉。吾弟亲事经以（已）说合来知，有准确（准确）否？定聘、迎亲日子祈为示知。兹随函付（附）上港银肆拾元查收，为家情之用。余无别言。顺候，并请
福安",,儿郭斯照禀,定聘、迎亲日子祈为示知。,顺候，并请,,"儿郭斯照禀
辛八月廿日",儿郭斯照禀,,1,1,0,1,0,0,0,0,0,0,0,instruction,family_affection;remittance;instruction,敬禀者；禀者；尊前,顺候；并请,大人；尊前；福安,儿；弟,兹；祈,敬禀者；尊前；查收；顺候；福安,查收,,祈为,敬禀者；禀者；尊前；顺候；并请；大人；福安；儿；弟；兹；祈；查收,3,"慈亲大人尊前：
敬禀者，兹接来回批，均以（已）知悉。
兹随函付（附）上港银肆拾元查收，为家情之用。
定聘、迎亲日子祈为示知。
顺候，并请
儿郭斯照禀",慈亲大人尊前：,,兹随函付（附）上港银肆拾元查收，为家情之用。,儿郭斯照禀,定聘、迎亲日子祈为示知。,顺候，并请；儿郭斯照禀,sender=叻郭思照；recipient=潮宁大黄坑家慈亲大人；relationship=child_to_parent；date=辛八月廿日；money=叁拾元；currency=银元；places=潮安->广东潮安；叻->新加坡；kinship=慈亲；弟；儿,"辛八月廿日（1949后），叻郭思照寄潮安大黄坑家慈亲大人
叻郭思照
潮宁大黄坑家慈亲大人
辛八月廿日
港银叁拾元
潮安->广东潮安；叻->新加坡
family_affection;remittance;instruction
敬禀者，兹接来回批，均以（已）知悉。吾弟亲事经以（已）说合来知，有准确（准确）否？定聘、迎亲日子祈为示知。兹随函付（附）上港银肆拾元查收，为家情之用。余无别言。顺候，并请
福安",题名：辛八月廿日（1949后），叻郭思照寄潮安大黄坑家慈亲大人；寄批人：叻郭思照；收批人：潮宁大黄坑家慈亲大人；日期：辛八月廿日；汇款：港银叁拾元；主题：family_affection;remittance;instruction；正文摘录：敬禀者，兹接来回批，均以（已）知悉。吾弟亲事经以（已）说合来知，有准确（准确）否？定聘、迎亲日子祈为示知。兹随函付（附）上港银肆拾元查收，为家情之用。余无别言。顺候，并请福安,辛八月廿日（1949后）,叻郭思照,潮安大黄坑家慈亲大人,87,0,郭思照,慈亲,慈亲,high,广东潮安；新加坡,"[{""record_id"": ""CSQP-SFHC-TEXT-194"", ""raw_text"": ""银叁拾元"", ""amount_text"": ""叁拾元"", ""amount_number"": 30, ""currency"": ""银元"", ""sentence"": ""批款：港银叁拾元"", ""is_primary_candidate"": true, ""source_field"": ""body_clean""}, {""record_id"": ""CSQP-SFHC-TEXT-194"", ""raw_text"": ""银肆拾元"", ""amount_text"": ""肆拾元"", ""amount_number"": 40, ""currency"": ""银元"", ""sentence"": ""兹随函付（附）上港银肆拾元查收，为家情之用。"", ""is_primary_candidate"": false, ""source_field"": ""body_clean""}]",辛八月廿日（1949后），叻郭思照寄潮安大黄坑家慈亲大人；叻郭思照；潮宁大黄坑家慈亲大人；郭思照；慈亲；弟；儿；广东潮安；新加坡；港银叁拾元；银元；family_affection；remittance；instruction；潮安；广东；银；元；敬禀者；尊前；查收；顺候；福安；八月；廿日；大黄；家慈；潮宁；港银叁；拾元；family；affection；禀者；兹接；来回；知悉；亲事；经以；说合来；准确；定聘；迎亲；日子；祈为；示知；随函付；上港；银肆；为家情；之用；余无别
CSQP-SFHC-TEXT-195,195,农元月初八日（1949后），外洋正贤、遂蕊寄潮汕岳母大人,pdf_pages=253；book_pages=224,1,medium,0,"岳母大人尊前：
    敬启者，昨接教敬悉，福躬康泰，逢事如心意，慰之。婚等叻中托庇粗安，勿介。另者，对兆煜之亲，现因叻中亦有在介绍，未知将来如何是否。对唐中之亲，即作罢论，如何之处，另函告知可也。今逢便时，奉上港币弍拾元正，到祈查收，内作大人寿辰之庆，并祝福禄寿全是颂。专此，敬请
福安
正贤、遂蕊仝上
农元月初八日","岳母大人尊前：
敬启者，昨接教敬悉，福躬康泰，逢事如心意，慰之。婚等叻中托庇粗安，勿介。另者，对兆煜之亲，现因叻中亦有在介绍，未知将来如何是否。对唐中之亲，即作罢论，如何之处，另函告知可也。今逢便时，奉上港币弍拾元正，到祈查收，内作大人寿辰之庆，并祝福禄寿全是颂。专此，敬请
福安
正贤、遂蕊仝上
农元月初八日","岳母大人尊前：
敬启者，昨接教敬悉，福躬康泰，逢事如心意，慰之。婚等叻中托庇粗安，勿介。另者，对兆煜之亲，现因叻中亦有在介绍，未知将来如何是否。对唐中之亲，即作罢论，如何之处，另函告知可也。今逢便时，奉上港币弍拾元正，到祈查收，内作大人寿辰之庆，并祝福禄寿全是颂。专此，敬请
福安
正贤、遂蕊仝上
农元月初八日","敬启者，昨接教敬悉，福躬康泰，逢事如心意，慰之。婚等叻中托庇粗安，勿介。另者，对兆煜之亲，现因叻中亦有在介绍，未知将来如何是否。对唐中之亲，即作罢论，如何之处，另函告知可也。今逢便时，奉上港币弍拾元正，到祈查收，内作大人寿辰之庆，并祝福禄寿全是颂。专此，敬请
福安",155,5,10,外洋正贤、遂蕊,潮汕岳母大人,,parent_in_law,son_in_law_to_parent_in_law,岳母,潮汕岳母；岳母,大人；尊前,,海外,广东侨乡,海外,广东侨乡,潮汕->广东侨乡,海外 -> 广东侨乡,1,海外；广东侨乡,农元月初八日（1949后）,"正贤、遂蕊仝上
农元月初八日",1949后,,,初八日,lunar,,medium,港币弍拾元,弍拾元,20,港币,今逢便时，奉上港币弍拾元正，到祈查收，内作大人寿辰之庆，并祝福禄寿全是颂。,,今逢便时，奉上港币弍拾元正，到祈查收，内作大人寿辰之庆，并祝福禄寿全是颂。,1,岳母大人尊前：,敬启者，昨接教敬悉，福躬康泰，逢事如心意，慰之。,福安,"敬启者，昨接教敬悉，福躬康泰，逢事如心意，慰之。婚等叻中托庇粗安，勿介。另者，对兆煜之亲，现因叻中亦有在介绍，未知将来如何是否。对唐中之亲，即作罢论，如何之处，另函告知可也。今逢便时，奉上港币弍拾元正，到祈查收，内作大人寿辰之庆，并祝福禄寿全是颂。专此，敬请
福安",,岳母大人尊前：,,,,"正贤、遂蕊仝上
农元月初八日",正贤、遂蕊仝上,,1,1,0,0,0,0,0,0,1,0,0,marriage,family_affection;remittance;marriage,启者；尊前,启；托,大人；尊前；福安,,祈；奉,尊前；祈查收；查收；福安,奉上；查收,,,启者；尊前；启；托；大人；福安；祈；奉；祈查收；查收,3,"岳母大人尊前：
敬启者，昨接教敬悉，福躬康泰，逢事如心意，慰之。
今逢便时，奉上港币弍拾元正，到祈查收，内作大人寿辰之庆，并祝福禄寿全是颂。
正贤、遂蕊仝上",岳母大人尊前：,,今逢便时，奉上港币弍拾元正，到祈查收，内作大人寿辰之庆，并祝福禄寿全是颂。,岳母大人尊前：,,正贤、遂蕊仝上,sender=外洋正贤、遂蕊；recipient=潮汕岳母大人；relationship=son_in_law_to_parent_in_law；date=农元月初八日（1949后）；money=弍拾元；currency=港币；places=潮汕->广东侨乡；kinship=岳母,"农元月初八日（1949后），外洋正贤、遂蕊寄潮汕岳母大人
外洋正贤、遂蕊
潮汕岳母大人
农元月初八日（1949后）
港币弍拾元
潮汕->广东侨乡
family_affection;remittance;marriage
敬启者，昨接教敬悉，福躬康泰，逢事如心意，慰之。婚等叻中托庇粗安，勿介。另者，对兆煜之亲，现因叻中亦有在介绍，未知将来如何是否。对唐中之亲，即作罢论，如何之处，另函告知可也。今逢便时，奉上港币弍拾元正，到祈查收，内作大人寿辰之庆，并祝福禄寿全是颂。专此，敬请
福安",题名：农元月初八日（1949后），外洋正贤、遂蕊寄潮汕岳母大人；寄批人：外洋正贤、遂蕊；收批人：潮汕岳母大人；日期：农元月初八日（1949后）；汇款：港币弍拾元；主题：family_affection;remittance;marriage；正文摘录：敬启者，昨接教敬悉，福躬康泰，逢事如心意，慰之。婚等叻中托庇粗安，勿介。另者，对兆煜之亲，现因叻中亦有在介绍，未知将来如何是否。对唐中之亲，即作罢论，如何之处，另函告知可也。今逢便时，奉上港币弍拾元正，到祈查收，内作大人寿辰之庆，并祝福禄寿,农元月初八日（1949后）,外洋正贤、遂蕊,潮汕岳母大人,131,0,正贤、遂蕊,岳母,岳母,high,广东侨乡；海外,"[{""record_id"": ""CSQP-SFHC-TEXT-195"", ""raw_text"": ""港币弍拾元"", ""amount_text"": ""弍拾元"", ""amount_number"": 20, ""currency"": ""港币"", ""sentence"": ""今逢便时，奉上港币弍拾元正，到祈查收，内作大人寿辰之庆，并祝福禄寿全是颂。"", ""is_primary_candidate"": true, ""source_field"": ""body_clean""}]",农元月初八日（1949后），外洋正贤、遂蕊寄潮汕岳母大人；外洋正贤、遂蕊；潮汕岳母大人；正贤、遂蕊；岳母；广东侨乡；海外；港币弍拾元；港币；family_affection；remittance；marriage；潮汕；广东；元；尊前；祈查收；查收；福安；农元；月初；八日；外洋；正贤；遂蕊；侨乡；拾元；family；affection；启者；敬启者；昨接教；敬悉；福躬；康泰；逢事；心意；托庇；粗安；勿介；另者；对兆煜；之亲；现因；介绍；未知；将来；如何；是否；唐中；作罢；另函；告知；今逢；奉上；内作；寿辰；之庆；并祝；福禄寿；全是
CSQP-SFHC-TEXT-196,196,元月廿四日（1949后），叻郑壁奎寄潮安南桂家慈亲大人,pdf_pages=254；book_pages=225,1,needs_review,1,"寄批人：叻郑壁奎
收批人：潮安南桂家慈亲大人
批款：港币柒拾伍元
日期：元月十四日

慈亲大人尊前：
    敬禀者，承接读示谕一封，诸情藉悉。恭祝大人，新春迪吉，诸事合想为祝。上年十二月底，寄去一信，港币壹佰元，覆信不是柔枝所写，叫何人代写抑或被人偷收，回音来知。今逢信局之便，付上港币柒拾伍元，到日查收，藉作家中之用。请大人去摄肖影【相片】二张，每张二寸大，到来作字【办证】，将来一□前来，切勿有误，专函奉上。余容后禀。敬请
福安
儿壁奎谨禀    元月十四日","寄批人：叻郑壁奎
收批人：潮安南桂家慈亲大人
批款：港币柒拾伍元
日期：元月十四日

慈亲大人尊前：
敬禀者，承接读示谕一封，诸情藉悉。恭祝大人，新春迪吉，诸事合想为祝。上年十二月底，寄去一信，港币壹佰元，覆信不是柔枝所写，叫何人代写抑或被人偷收，回音来知。今逢信局之便，付上港币柒拾伍元，到日查收，藉作家中之用。请大人去摄肖影【相片】二张，每张二寸大，到来作字【办证】，将来一□前来，切勿有误，专函奉上。余容后禀。敬请
福安
儿壁奎谨禀 元月十四日","慈亲大人尊前：
敬禀者，承接读示谕一封，诸情藉悉。恭祝大人，新春迪吉，诸事合想为祝。上年十二月底，寄去一信，港币壹佰元，覆信不是柔枝所写，叫何人代写抑或被人偷收，回音来知。今逢信局之便，付上港币柒拾伍元，到日查收，藉作家中之用。请大人去摄肖影【相片】二张，每张二寸大，到来作字【办证】，将来一□前来，切勿有误，专函奉上。余容后禀。敬请
福安
儿壁奎谨禀 元月十四日","敬禀者，承接读示谕一封，诸情藉悉。恭祝大人，新春迪吉，诸事合想为祝。上年十二月底，寄去一信，港币壹佰元，覆信不是柔枝所写，叫何人代写抑或被人偷收，回音来知。今逢信局之便，付上港币柒拾伍元，到日查收，藉作家中之用。请大人去摄肖影【相片】二张，每张二寸大，到来作字【办证】，将来一□前来，切勿有误，专函奉上。余容后禀。敬请
福安",225,8,10,叻郑壁奎,潮安南桂家慈亲大人,,parent,child_to_parent,慈亲；儿,,大人；尊前,,新加坡,广东潮安,新加坡,广东潮安,安南->越南；潮安->广东潮安；叻->新加坡,新加坡 -> 广东潮安,1,新加坡；广东侨乡；越南,元月十四日,,1949后,,,十四日,solar,,medium,港币柒拾伍元,柒拾伍元,75,港币,上年十二月底，寄去一信，港币壹佰元，覆信不是柔枝所写，叫何人代写抑或被人偷收，回音来知。；今逢信局之便，付上港币柒拾伍元，到日查收，藉作家中之用。,家用,今逢信局之便，付上港币柒拾伍元，到日查收，藉作家中之用。,1,慈亲大人尊前：,敬禀者，承接读示谕一封，诸情藉悉。,,"敬禀者，承接读示谕一封，诸情藉悉。恭祝大人，新春迪吉，诸事合想为祝。上年十二月底，寄去一信，港币壹佰元，覆信不是柔枝所写，叫何人代写抑或被人偷收，回音来知。今逢信局之便，付上港币柒拾伍元，到日查收，藉作家中之用。请大人去摄肖影【相片】二张，每张二寸大，到来作字【办证】，将来一□前来，切勿有误，专函奉上。余容后禀。敬请
福安",,今逢信局之便，付上港币柒拾伍元，到日查收，藉作家中之用。；儿壁奎谨禀 元月十四日,请大人去摄肖影【相片】二张，每张二寸大，到来作字【办证】，将来一□前来，切勿有误，专函奉上。,,,,,,1,1,0,1,1,0,0,0,0,0,0,instruction,family_affection;remittance;instruction;study,敬禀者；禀者；尊前,谨禀,大人；尊前；福安,儿；谨,奉；承；切勿；容后,敬禀者；尊前；谨禀；查收；福安；容后,奉上；寄去；查收,,切勿,敬禀者；禀者；尊前；谨禀；大人；福安；儿；谨；奉；承；切勿；容后；查收,3,"慈亲大人尊前：
敬禀者，承接读示谕一封，诸情藉悉。
上年十二月底，寄去一信，港币壹佰元，覆信不是柔枝所写，叫何人代写抑或被人偷收，回音来知。；今逢信局之便，付上港币柒拾伍元，到日查收，藉作家中之用。
请大人去摄肖影【相片】二张，每张二寸大，到来作字【办证】，将来一□前来，切勿有误，专函奉上。",慈亲大人尊前：,,上年十二月底，寄去一信，港币壹佰元，覆信不是柔枝所写，叫何人代写抑或被人偷收，回音来知。；今逢信局之便，付上港币柒拾伍元，到日查收，藉作家中之用。,今逢信局之便，付上港币柒拾伍元，到日查收，藉作家中之用。；儿壁奎谨禀 元月十四日,请大人去摄肖影【相片】二张，每张二寸大，到来作字【办证】，将来一□前来，切勿有误，专函奉上。,,sender=叻郑壁奎；recipient=潮安南桂家慈亲大人；relationship=child_to_parent；date=元月十四日；money=柒拾伍元；currency=港币；places=安南->越南；潮安->广东潮安；叻->新加坡；kinship=慈亲；儿,"元月廿四日（1949后），叻郑壁奎寄潮安南桂家慈亲大人
叻郑壁奎
潮安南桂家慈亲大人
元月十四日
港币柒拾伍元
安南->越南；潮安->广东潮安；叻->新加坡
family_affection;remittance;instruction;study
敬禀者，承接读示谕一封，诸情藉悉。恭祝大人，新春迪吉，诸事合想为祝。上年十二月底，寄去一信，港币壹佰元，覆信不是柔枝所写，叫何人代写抑或被人偷收，回音来知。今逢信局之便，付上港币柒拾伍元，到日查收，藉作家中之用。请大人去摄肖影【相片】二张，每张二寸大，到来作字【办证】，将来一□前来，切勿有误，专函奉上。余容后禀。敬请
福安",题名：元月廿四日（1949后），叻郑壁奎寄潮安南桂家慈亲大人；寄批人：叻郑壁奎；收批人：潮安南桂家慈亲大人；日期：元月十四日；汇款：港币柒拾伍元；主题：family_affection;remittance;instruction;study；正文摘录：敬禀者，承接读示谕一封，诸情藉悉。恭祝大人，新春迪吉，诸事合想为祝。上年十二月底，寄去一信，港币壹佰元，覆信不是柔枝所写，叫何人代写抑或被人偷收，回音来知。今逢信局之便，付上港币柒拾伍元，到日查收，藉作家中之用。请大人去摄肖影【相片】二张，,元月廿四日（1949后）,叻郑壁奎,潮安南桂家慈亲大人,161,1,郑壁奎,慈亲,慈亲,high,越南；广东潮安；新加坡,"[{""record_id"": ""CSQP-SFHC-TEXT-196"", ""raw_text"": ""港币柒拾伍元"", ""amount_text"": ""柒拾伍元"", ""amount_number"": 75, ""currency"": ""港币"", ""sentence"": ""批款：港币柒拾伍元"", ""is_primary_candidate"": true, ""source_field"": ""body_clean""}, {""record_id"": ""CSQP-SFHC-TEXT-196"", ""raw_text"": ""港币壹佰元"", ""amount_text"": ""壹佰元"", ""amount_number"": 100, ""currency"": ""港币"", ""sentence"": ""上年十二月底，寄去一信，港币壹佰元，覆信不是柔枝所写，叫何人代写抑或被人偷收，回音来知。"", ""is_primary_candidate"": false, ""source_field"": ""body_clean""}, {""record_id"": ""CSQP-SFHC-TEXT-196"", ""raw_text"": ""港币柒拾伍元"", ""amount_text"": ""柒拾伍元"", ""amount_number"": 75, ""currency"": ""港币"", ""sentence"": ""今逢信局之便，付上港币柒拾伍元，到日查收，藉作家中之用。"", ""is_primary_candidate"": false, ""source_field"": ""body_clean""}]",元月廿四日（1949后），叻郑壁奎寄潮安南桂家慈亲大人；叻郑壁奎；潮安南桂家慈亲大人；郑壁奎；慈亲；儿；越南；广东潮安；新加坡；港币柒拾伍元；港币；family_affection；remittance；instruction；study；安南；潮安；广东；元；敬禀者；尊前；谨禀；查收；福安；容后；元月；廿四日；寄潮；家慈；柒拾；伍元；family；affection；禀者；切勿；承接；读示；一封；诸情；恭祝；新春；迪吉；诸事；合想；上年；十二月；寄去；一信；壹佰元；覆信；不是；柔枝；何人；代写；抑或；偷收；回音；来知；今逢；信局；作家；之用；摄肖影；相片；二张；每张；二寸；到来；作字；办证；将来；前来；有误；专函；奉上；余容
CSQP-SFHC-TEXT-197,197,二月初四日（1949后），麻坡郑裕潮寄潮安第五区家慈亲大人,pdf_pages=255-256；book_pages=226-227,1,high,0,"寄批人：麻坡郑裕潮
收批人：潮安第五区家慈亲大人
批款：港币伍拾元
日期：二月初四日

慈亲大人尊前膝下：
    敬禀者，顷接训谕，诸情领悉，对于最近所领回之半份田，在事前既非公众意思，自动补还，而系大人向其提出要求，且今本已成舟也，无可如何耳。不过照大人来函所示，倘侨众意允纳时，将再行让出，此当然妙。男非不晓俺系清贫之家，但在目下居家人口较少，且有外汇接济日常生活，当可稍为安然渡过。正所谓比上虽然不足，比下却也有余。况玉体素来瘦弱，当然不能过度劳作，而损身心。所以在俺家，少此半份田之收入，对经济方面定无大碍。而在其它贫穷之家，同时较有劳动能力者，倘得多领此半份田，则其经济情形，当见较为好转。苟将来男等能回国，对生活方面再行打算可也。祈大人无须远虑是幸。
    大人玉体近来定必康健，诚可预卜，老姑与外祖母等，有便请代致候。兹奉上港币伍拾元，至请查收。于其中送伍元与老姑母，作为茶果之需。肃此奉候，并叩
万福
男裕潮谨上
二月初四日
俺家除双抛池之园外，尚分有何地田园，请示知，又及。","寄批人：麻坡郑裕潮
收批人：潮安第五区家慈亲大人
批款：港币伍拾元
日期：二月初四日

慈亲大人尊前膝下：
敬禀者，顷接训谕，诸情领悉，对于最近所领回之半份田，在事前既非公众意思，自动补还，而系大人向其提出要求，且今本已成舟也，无可如何耳。不过照大人来函所示，倘侨众意允纳时，将再行让出，此当然妙。男非不晓俺系清贫之家，但在目下居家人口较少，且有外汇接济日常生活，当可稍为安然渡过。正所谓比上虽然不足，比下却也有余。况玉体素来瘦弱，当然不能过度劳作，而损身心。所以在俺家，少此半份田之收入，对经济方面定无大碍。而在其它贫穷之家，同时较有劳动能力者，倘得多领此半份田，则其经济情形，当见较为好转。苟将来男等能回国，对生活方面再行打算可也。祈大人无须远虑是幸。
大人玉体近来定必康健，诚可预卜，老姑与外祖母等，有便请代致候。兹奉上港币伍拾元，至请查收。于其中送伍元与老姑母，作为茶果之需。肃此奉候，并叩
万福
男裕潮谨上
二月初四日
俺家除双抛池之园外，尚分有何地田园，请示知，又及。","慈亲大人尊前膝下：
敬禀者，顷接训谕，诸情领悉，对于最近所领回之半份田，在事前既非公众意思，自动补还，而系大人向其提出要求，且今本已成舟也，无可如何耳。不过照大人来函所示，倘侨众意允纳时，将再行让出，此当然妙。男非不晓俺系清贫之家，但在目下居家人口较少，且有外汇接济日常生活，当可稍为安然渡过。正所谓比上虽然不足，比下却也有余。况玉体素来瘦弱，当然不能过度劳作，而损身心。所以在俺家，少此半份田之收入，对经济方面定无大碍。而在其它贫穷之家，同时较有劳动能力者，倘得多领此半份田，则其经济情形，当见较为好转。苟将来男等能回国，对生活方面再行打算可也。祈大人无须远虑是幸。
大人玉体近来定必康健，诚可预卜，老姑与外祖母等，有便请代致候。兹奉上港币伍拾元，至请查收。于其中送伍元与老姑母，作为茶果之需。肃此奉候，并叩
万福
男裕潮谨上
二月初四日
俺家除双抛池之园外，尚分有何地田园，请示知，又及。","敬禀者，顷接训谕，诸情领悉，对于最近所领回之半份田，在事前既非公众意思，自动补还，而系大人向其提出要求，且今本已成舟也，无可如何耳。不过照大人来函所示，倘侨众意允纳时，将再行让出，此当然妙。男非不晓俺系清贫之家，但在目下居家人口较少，且有外汇接济日常生活，当可稍为安然渡过。正所谓比上虽然不足，比下却也有余。况玉体素来瘦弱，当然不能过度劳作，而损身心。所以在俺家，少此半份田之收入，对经济方面定无大碍。而在其它贫穷之家，同时较有劳动能力者，倘得多领此半份田，则其经济情形，当见较为好转。苟将来男等能回国，对生活方面再行打算可也。祈大人无须远虑是幸。
大人玉体近来定必康健，诚可预卜，老姑与外祖母等，有便请代致候。兹奉上港币伍拾元，至请查收。于其中送伍元与老姑母，作为茶果之需。肃此奉候，并叩
万福
俺家除双抛池之园外，尚分有何地田园，请示知，又及。",440,11,18,麻坡郑裕潮,潮安第五区家慈亲大人,child,parent,child_to_parent,慈亲；祖母；外祖母；男；姑,老姑与外祖母；伍元与老姑,大人；尊前；膝下,男,,广东潮安,,广东潮安,潮安->广东潮安,广东潮安,0,广东侨乡,二月初四日,"男裕潮谨上
二月初四日",1949后,,二月,初四日,lunar,,medium,港币伍拾元,伍拾元,50,港币,兹奉上港币伍拾元，至请查收。,,兹奉上港币伍拾元，至请查收。,1,慈亲大人尊前膝下：,敬禀者，顷接训谕，诸情领悉，对于最近所领回之半份田，在事前既非公众意思，自动补还，而系大人向其提出要求，且今本已成舟也，无可如何耳。,,"敬禀者，顷接训谕，诸情领悉，对于最近所领回之半份田，在事前既非公众意思，自动补还，而系大人向其提出要求，且今本已成舟也，无可如何耳。不过照大人来函所示，倘侨众意允纳时，将再行让出，此当然妙。男非不晓俺系清贫之家，但在目下居家人口较少，且有外汇接济日常生活，当可稍为安然渡过。正所谓比上虽然不足，比下却也有余。况玉体素来瘦弱，当然不能过度劳作，而损身心。所以在俺家，少此半份田之收入，对经济方面定无大碍。而在其它贫穷之家，同时较有劳动能力者，倘得多领此半份田，则其经济情形，当见较为好转。苟将来男等能回国，对生活方面再行打算可也。祈大人无须远虑是幸。
大人玉体近来定必康健，诚可预卜，老姑与外祖母等，有便请代致候。兹奉上港币伍拾元，至请查收。于其中送伍元与老姑母，作为茶果之需。肃此奉候，并叩
万福
俺家除双抛池之园外，尚分有何地田园，请示知，又及。",,大人玉体近来定必康健，诚可预卜，老姑与外祖母等，有便请代致候。；于其中送伍元与老姑母，作为茶果之需。,祈大人无须远虑是幸。,,谨上,"男裕潮谨上
二月初四日",男裕潮谨上,又及。,1,1,0,1,0,0,0,1,0,0,0,instruction,family_affection;remittance;instruction;debt,敬禀者；禀者；尊前；膝下,谨上,大人；尊前；膝下,叩；谨；俺,兹；祈；奉,敬禀者；膝下；尊前；查收,奉上；查收,,须,敬禀者；禀者；尊前；膝下；谨上；大人；叩；谨；俺；兹；祈；奉；查收,3,"慈亲大人尊前膝下：
敬禀者，顷接训谕，诸情领悉，对于最近所领回之半份田，在事前既非公众意思，自动补还，而系大人向其提出要求，且今本已成舟也，无可如何耳。
兹奉上港币伍拾元，至请查收。
祈大人无须远虑是幸。
男裕潮谨上",慈亲大人尊前膝下：,,兹奉上港币伍拾元，至请查收。,大人玉体近来定必康健，诚可预卜，老姑与外祖母等，有便请代致候。；于其中送伍元与老姑母，作为茶果之需。,祈大人无须远虑是幸。,男裕潮谨上,sender=麻坡郑裕潮；recipient=潮安第五区家慈亲大人；relationship=child_to_parent；date=二月初四日；money=伍拾元；currency=港币；places=潮安->广东潮安；kinship=慈亲；祖母；外祖母；男；姑,"二月初四日（1949后），麻坡郑裕潮寄潮安第五区家慈亲大人
麻坡郑裕潮
潮安第五区家慈亲大人
二月初四日
港币伍拾元
潮安->广东潮安
family_affection;remittance;instruction;debt
敬禀者，顷接训谕，诸情领悉，对于最近所领回之半份田，在事前既非公众意思，自动补还，而系大人向其提出要求，且今本已成舟也，无可如何耳。不过照大人来函所示，倘侨众意允纳时，将再行让出，此当然妙。男非不晓俺系清贫之家，但在目下居家人口较少，且有外汇接济日常生活，当可稍为安然渡过。正所谓比上虽然不足，比下却也有余。况玉体素来瘦弱，当然不能过度劳作，而损身心。所以在俺家，少此半份田之收入，对经济方面定无大碍。而在其它贫穷之家，同时较有劳动能力者，倘得多领此半份田，则其经济情形，当见较为好转。苟将来男等能回国，对生活方面再行打算可也。祈大人无须远虑是幸。
大人玉体近来定必康健，诚可预卜，老姑与外祖母等，有便请代致候。兹奉上港币伍拾元，至请查收。于其中送伍元与老姑母，作为茶果之需。肃此奉候，并叩
万福
俺家除双抛池之园外，尚分有何地田园，请示知，又及。",题名：二月初四日（1949后），麻坡郑裕潮寄潮安第五区家慈亲大人；寄批人：麻坡郑裕潮；收批人：潮安第五区家慈亲大人；日期：二月初四日；汇款：港币伍拾元；主题：family_affection;remittance;instruction;debt；正文摘录：敬禀者，顷接训谕，诸情领悉，对于最近所领回之半份田，在事前既非公众意思，自动补还，而系大人向其提出要求，且今本已成舟也，无可如何耳。不过照大人来函所示，倘侨众意允纳时，将再行让出，此当然妙。男非不晓俺系清贫之家，但在目下居家人口较少，且有外,二月初四日（1949后）,麻坡郑裕潮,潮安第五区家慈亲大人,371,0,麻坡郑裕潮,慈亲,慈亲,high,广东潮安,"[{""record_id"": ""CSQP-SFHC-TEXT-197"", ""raw_text"": ""港币伍拾元"", ""amount_text"": ""伍拾元"", ""amount_number"": 50, ""currency"": ""港币"", ""sentence"": ""批款：港币伍拾元"", ""is_primary_candidate"": true, ""source_field"": ""body_clean""}, {""record_id"": ""CSQP-SFHC-TEXT-197"", ""raw_text"": ""港币伍拾元"", ""amount_text"": ""伍拾元"", ""amount_number"": 50, ""currency"": ""港币"", ""sentence"": ""兹奉上港币伍拾元，至请查收。"", ""is_primary_candidate"": false, ""source_field"": ""body_clean""}, {""record_id"": ""CSQP-SFHC-TEXT-197"", ""raw_text"": ""伍元"", ""amount_text"": ""伍元"", ""amount_number"": 5, ""currency"": ""元"", ""sentence"": ""于其中送伍元与老姑母，作为茶果之需。"", ""is_primary_candidate"": false, ""source_field"": ""body_clean""}]",二月初四日（1949后），麻坡郑裕潮寄潮安第五区家慈亲大人；麻坡郑裕潮；潮安第五区家慈亲大人；慈亲；祖母；外祖母；男；姑；广东潮安；港币伍拾元；港币；family_affection；remittance；instruction；debt；潮安；广东；元；敬禀者；膝下；尊前；查收；二月；初四；麻坡；郑裕潮；第五；家慈；伍拾；family；affection；禀者；谨上；顷接；训谕；诸情；领悉；对于；最近；领回；半份；事前；公众；意思；自动；而系；提出；要求；今本；已成；无可如何；不过；来函；所示；倘侨；众意；允纳时；再行；让出；当然；男非；不晓；俺系；清贫；目下；居家；人口；外汇；接济；日常生活；当可；稍为；安然；渡过；所谓；比上；虽然；不足；比下；有余
CSQP-SFHC-TEXT-198,198,二月十七日（1949后），叻张居兴寄潮安南桂张牛牡侄儿,pdf_pages=257；book_pages=228,1,high,0,"寄批人：叻张居兴
收批人：潮安南桂张牛牯侄儿
批款：港币弍拾元
日期：二月十七日

大嫂侍右：
    兹者，此次乾兴兄已于本月十一日下午一时半，在陈笃生医院逝世。隔日即行出殡，丧事一概，计共费去七八百元之谱，特此报告吾嫂。闻讯之下不过于忧心，想人生在世，命之修短，实有定数，极宜作（节）哀顺变，善保身体，刻苦维持，抚育儿子，大概作人须要明白一切。后此生活，苟力之所及，自当络（陆）续帮忙，可免远虑。是日随逢期批之便，随函寄去港币弍拾元，收作家用之需也。专此布闻，余之后详。此致，即候
近佳
叻叔张居兴寄    二月十七日汕","寄批人：叻张居兴
收批人：潮安南桂张牛牯侄儿
批款：港币弍拾元
日期：二月十七日

大嫂侍右：
兹者，此次乾兴兄已于本月十一日下午一时半，在陈笃生医院逝世。隔日即行出殡，丧事一概，计共费去七八百元之谱，特此报告吾嫂。闻讯之下不过于忧心，想人生在世，命之修短，实有定数，极宜作（节）哀顺变，善保身体，刻苦维持，抚育儿子，大概作人须要明白一切。后此生活，苟力之所及，自当络（陆）续帮忙，可免远虑。是日随逢期批之便，随函寄去港币弍拾元，收作家用之需也。专此布闻，余之后详。此致，即候
近佳
叻叔张居兴寄 二月十七日汕","大嫂侍右：
兹者，此次乾兴兄已于本月十一日下午一时半，在陈笃生医院逝世。隔日即行出殡，丧事一概，计共费去七八百元之谱，特此报告吾嫂。闻讯之下不过于忧心，想人生在世，命之修短，实有定数，极宜作（节）哀顺变，善保身体，刻苦维持，抚育儿子，大概作人须要明白一切。后此生活，苟力之所及，自当络（陆）续帮忙，可免远虑。是日随逢期批之便，随函寄去港币弍拾元，收作家用之需也。专此布闻，余之后详。此致，即候
近佳
叻叔张居兴寄 二月十七日汕","兹者，此次乾兴兄已于本月十一日下午一时半，在陈笃生医院逝世。隔日即行出殡，丧事一概，计共费去七八百元之谱，特此报告吾嫂。闻讯之下不过于忧心，想人生在世，命之修短，实有定数，极宜作（节）哀顺变，善保身体，刻苦维持，抚育儿子，大概作人须要明白一切。后此生活，苟力之所及，自当络（陆）续帮忙，可免远虑。是日随逢期批之便，随函寄去港币弍拾元，收作家用之需也。专此布闻，余之后详。此致，即候
近佳
叻叔张居兴寄 二月十七日汕",255,8,10,叻张居兴,潮安南桂张牛牯侄儿,,sibling_in_law,in_law_or_affinal_kin,嫂；大嫂；兄；儿；侄；叔,桂张牛牯侄；大嫂；此次乾兴兄；此报告吾嫂；抚育儿；叻叔,,,新加坡,广东潮安,新加坡,广东潮安,安南->越南；潮安->广东潮安；叻->新加坡,新加坡 -> 广东潮安,1,新加坡；广东侨乡；越南,二月十七日,,1949后,,二月,十七日,solar,,medium,港币弍拾元,弍拾元,20,港币,是日随逢期批之便，随函寄去港币弍拾元，收作家用之需也。,家用,,1,大嫂侍右：,,,"兹者，此次乾兴兄已于本月十一日下午一时半，在陈笃生医院逝世。隔日即行出殡，丧事一概，计共费去七八百元之谱，特此报告吾嫂。闻讯之下不过于忧心，想人生在世，命之修短，实有定数，极宜作（节）哀顺变，善保身体，刻苦维持，抚育儿子，大概作人须要明白一切。后此生活，苟力之所及，自当络（陆）续帮忙，可免远虑。是日随逢期批之便，随函寄去港币弍拾元，收作家用之需也。专此布闻，余之后详。此致，即候
近佳
叻叔张居兴寄 二月十七日汕",,闻讯之下不过于忧心，想人生在世，命之修短，实有定数，极宜作（节）哀顺变，善保身体，刻苦维持，抚育儿子，大概作人须要明白一切。,闻讯之下不过于忧心，想人生在世，命之修短，实有定数，极宜作（节）哀顺变，善保身体，刻苦维持，抚育儿子，大概作人须要明白一切。,此致，即候,,,,,1,1,0,1,0,1,0,0,0,1,1,instruction,family_affection;remittance;instruction;health;funeral;home_building,,此致,,儿,兹,,寄去,,须,此致；儿；兹,1,"大嫂侍右：
是日随逢期批之便，随函寄去港币弍拾元，收作家用之需也。
闻讯之下不过于忧心，想人生在世，命之修短，实有定数，极宜作（节）哀顺变，善保身体，刻苦维持，抚育儿子，大概作人须要明白一切。
此致，即候",大嫂侍右：,,是日随逢期批之便，随函寄去港币弍拾元，收作家用之需也。,闻讯之下不过于忧心，想人生在世，命之修短，实有定数，极宜作（节）哀顺变，善保身体，刻苦维持，抚育儿子，大概作人须要明白一切。,闻讯之下不过于忧心，想人生在世，命之修短，实有定数，极宜作（节）哀顺变，善保身体，刻苦维持，抚育儿子，大概作人须要明白一切。,此致，即候,sender=叻张居兴；recipient=潮安南桂张牛牯侄儿；relationship=in_law_or_affinal_kin；date=二月十七日；money=弍拾元；currency=港币；places=安南->越南；潮安->广东潮安；叻->新加坡；kinship=嫂；大嫂；兄；儿；侄；叔,"二月十七日（1949后），叻张居兴寄潮安南桂张牛牡侄儿
叻张居兴
潮安南桂张牛牯侄儿
二月十七日
港币弍拾元
安南->越南；潮安->广东潮安；叻->新加坡
family_affection;remittance;instruction;health;funeral;home_building
兹者，此次乾兴兄已于本月十一日下午一时半，在陈笃生医院逝世。隔日即行出殡，丧事一概，计共费去七八百元之谱，特此报告吾嫂。闻讯之下不过于忧心，想人生在世，命之修短，实有定数，极宜作（节）哀顺变，善保身体，刻苦维持，抚育儿子，大概作人须要明白一切。后此生活，苟力之所及，自当络（陆）续帮忙，可免远虑。是日随逢期批之便，随函寄去港币弍拾元，收作家用之需也。专此布闻，余之后详。此致，即候
近佳
叻叔张居兴寄 二月十七日汕",题名：二月十七日（1949后），叻张居兴寄潮安南桂张牛牡侄儿；寄批人：叻张居兴；收批人：潮安南桂张牛牯侄儿；日期：二月十七日；汇款：港币弍拾元；主题：family_affection;remittance;instruction;health;funeral;home_building；正文摘录：兹者，此次乾兴兄已于本月十一日下午一时半，在陈笃生医院逝世。隔日即行出殡，丧事一概，计共费去七八百元之谱，特此报告吾嫂。闻讯之下不过于忧心，想人生在世，命之修短，实有定数，极宜作（节）哀顺变，善保身体，刻苦维持，抚育儿子，大概作人须要明白一,二月十七日（1949后）,叻张居兴,潮安南桂张牛牡侄儿,204,0,张居兴,张牛牯侄儿,兄,high,越南；广东潮安；新加坡,"[{""record_id"": ""CSQP-SFHC-TEXT-198"", ""raw_text"": ""港币弍拾元"", ""amount_text"": ""弍拾元"", ""amount_number"": 20, ""currency"": ""港币"", ""sentence"": ""批款：港币弍拾元"", ""is_primary_candidate"": true, ""source_field"": ""body_clean""}, {""record_id"": ""CSQP-SFHC-TEXT-198"", ""raw_text"": ""七八百元"", ""amount_text"": ""七八百元"", ""amount_number"": 800, ""currency"": ""元"", ""sentence"": ""隔日即行出殡，丧事一概，计共费去七八百元之谱，特此报告吾嫂。"", ""is_primary_candidate"": false, ""source_field"": ""body_clean""}, {""record_id"": ""CSQP-SFHC-TEXT-198"", ""raw_text"": ""港币弍拾元"", ""amount_text"": ""弍拾元"", ""amount_number"": 20, ""currency"": ""港币"", ""sentence"": ""是日随逢期批之便，随函寄去港币弍拾元，收作家用之需也。"", ""is_primary_candidate"": false, ""source_field"": ""body_clean""}]",二月十七日（1949后），叻张居兴寄潮安南桂张牛牡侄儿；叻张居兴；潮安南桂张牛牯侄儿；张居兴；张牛牯侄儿；嫂；大嫂；兄；儿；侄；叔；越南；广东潮安；新加坡；港币弍拾元；港币；family_affection；remittance；instruction；health；funeral；home_building；安南；潮安；广东；元；二月；十七日；寄潮；桂张；侄儿；张牛；拾元；family；affection；home；building；兹者；此次；乾兴兄；已于；本月；十一日；下午；一时；陈笃生；医院；逝世；隔日；出殡；丧事；一概；共费；七八百元；之谱；特此；报告；闻讯；之下；不过；忧心；人生在世；修短；实有；定数；极宜作；顺变；善保；身体；刻苦；维持；抚育；儿子；大概；须要；明白；后此；生活；苟力；自当络
CSQP-SFHC-TEXT-199,199,四月初四（1949后），外洋丁陈氏寄潮汕家姑大人,pdf_pages=258-259；book_pages=229-230,1,high,0,"家姑大人膝下：
    敬禀者，兹付上港银叁拾元正，至希查收，充为家用，妥后示复。目前承读来示，诸情均悉，所云近月家批不敷应用，是因币值低落而致，物价飞涨，媳之寄批，是按定每月暹币若干，并无缩减，前次要设法寄港币，无可能而致损失颇大，家需连月欠缺，如有向人借用多少，示明来知，下信设法应付。今后家需务求大人从省，代媳安为，自当感谢。付汕之物如收到，件数示知。炎叔校妆，本即托人带去，刻因暹政府，宣布严禁布类及什物出口，连制成的衣服亦不准带去，故无法付上，候付款在唐，剪布做可也。大人年老，为媳亦知，惟望代媳尽力安为。专此，敬请
金安
因批局收港艮（银），受政府严禁，不敢收信，只写明收信人、寄信人及艮（银）若干，故将此信寄邮奉上。（批写建益，祈知之）
媳丁陈氏禀
四，初四","家姑大人膝下：
敬禀者，兹付上港银叁拾元正，至希查收，充为家用，妥后示复。目前承读来示，诸情均悉，所云近月家批不敷应用，是因币值低落而致，物价飞涨，媳之寄批，是按定每月暹币若干，并无缩减，前次要设法寄港币，无可能而致损失颇大，家需连月欠缺，如有向人借用多少，示明来知，下信设法应付。今后家需务求大人从省，代媳安为，自当感谢。付汕之物如收到，件数示知。炎叔校妆，本即托人带去，刻因暹政府，宣布严禁布类及什物出口，连制成的衣服亦不准带去，故无法付上，候付款在唐，剪布做可也。大人年老，为媳亦知，惟望代媳尽力安为。专此，敬请
金安
因批局收港艮（银），受政府严禁，不敢收信，只写明收信人、寄信人及艮（银）若干，故将此信寄邮奉上。（批写建益，祈知之）
媳丁陈氏禀
四，初四","家姑大人膝下：
敬禀者，兹付上港银叁拾元正，至希查收，充为家用，妥后示复。目前承读来示，诸情均悉，所云近月家批不敷应用，是因币值低落而致，物价飞涨，媳之寄批，是按定每月暹币若干，并无缩减，前次要设法寄港币，无可能而致损失颇大，家需连月欠缺，如有向人借用多少，示明来知，下信设法应付。今后家需务求大人从省，代媳安为，自当感谢。付汕之物如收到，件数示知。炎叔校妆，本即托人带去，刻因暹政府，宣布严禁布类及什物出口，连制成的衣服亦不准带去，故无法付上，候付款在唐，剪布做可也。大人年老，为媳亦知，惟望代媳尽力安为。专此，敬请
金安
因批局收港艮（银），受政府严禁，不敢收信，只写明收信人、寄信人及艮（银）若干，故将此信寄邮奉上。（批写建益，祈知之）
媳丁陈氏禀
四，初四","敬禀者，兹付上港银叁拾元正，至希查收，充为家用，妥后示复。目前承读来示，诸情均悉，所云近月家批不敷应用，是因币值低落而致，物价飞涨，媳之寄批，是按定每月暹币若干，并无缩减，前次要设法寄港币，无可能而致损失颇大，家需连月欠缺，如有向人借用多少，示明来知，下信设法应付。今后家需务求大人从省，代媳安为，自当感谢。付汕之物如收到，件数示知。炎叔校妆，本即托人带去，刻因暹政府，宣布严禁布类及什物出口，连制成的衣服亦不准带去，故无法付上，候付款在唐，剪布做可也。大人年老，为媳亦知，惟望代媳尽力安为。专此，敬请
金安
因批局收港艮（银），受政府严禁，不敢收信，只写明收信人、寄信人及艮（银）若干，故将此信寄邮奉上。（批写建益，祈知之）",332,6,13,外洋丁陈氏,潮汕家姑大人,daughter_in_law,elder_relative,younger_to_elder_kin,媳；叔；姑,潮汕家姑；家姑；代媳；炎叔；为媳；惟望代媳,大人；膝下,媳,海外,广东侨乡,海外,广东侨乡,潮汕->广东侨乡,海外 -> 广东侨乡,1,海外；广东侨乡,四月初四（1949后）,"媳丁陈氏禀
四，初四",1949后,,四月,,lunar,,medium,银叁拾元,叁拾元,30,银元,敬禀者，兹付上港银叁拾元正，至希查收，充为家用，妥后示复。,家用,敬禀者，兹付上港银叁拾元正，至希查收，充为家用，妥后示复。,1,家姑大人膝下：,敬禀者，兹付上港银叁拾元正，至希查收，充为家用，妥后示复。,,"敬禀者，兹付上港银叁拾元正，至希查收，充为家用，妥后示复。目前承读来示，诸情均悉，所云近月家批不敷应用，是因币值低落而致，物价飞涨，媳之寄批，是按定每月暹币若干，并无缩减，前次要设法寄港币，无可能而致损失颇大，家需连月欠缺，如有向人借用多少，示明来知，下信设法应付。今后家需务求大人从省，代媳安为，自当感谢。付汕之物如收到，件数示知。炎叔校妆，本即托人带去，刻因暹政府，宣布严禁布类及什物出口，连制成的衣服亦不准带去，故无法付上，候付款在唐，剪布做可也。大人年老，为媳亦知，惟望代媳尽力安为。专此，敬请
金安
因批局收港艮（银），受政府严禁，不敢收信，只写明收信人、寄信人及艮（银）若干，故将此信寄邮奉上。（批写建益，祈知之）",,,,,,"媳丁陈氏禀
四，初四",媳丁陈氏禀,,0,1,0,0,1,0,0,1,1,0,1,debt,remittance;study;debt;marriage;home_building,敬禀者；禀者；膝下,托,大人；膝下；金安,,兹；祈；奉；承；惟,敬禀者；膝下；查收；金安,奉上；查收,,,敬禀者；禀者；膝下；托；大人；金安；兹；祈；奉；承；惟；查收,3,"家姑大人膝下：
敬禀者，兹付上港银叁拾元正，至希查收，充为家用，妥后示复。
媳丁陈氏禀",家姑大人膝下：,,敬禀者，兹付上港银叁拾元正，至希查收，充为家用，妥后示复。,,,媳丁陈氏禀,sender=外洋丁陈氏；recipient=潮汕家姑大人；relationship=younger_to_elder_kin；date=四月初四（1949后）；money=叁拾元；currency=银元；places=潮汕->广东侨乡；kinship=媳；叔；姑,"四月初四（1949后），外洋丁陈氏寄潮汕家姑大人
外洋丁陈氏
潮汕家姑大人
四月初四（1949后）
银叁拾元
潮汕->广东侨乡
remittance;study;debt;marriage;home_building
敬禀者，兹付上港银叁拾元正，至希查收，充为家用，妥后示复。目前承读来示，诸情均悉，所云近月家批不敷应用，是因币值低落而致，物价飞涨，媳之寄批，是按定每月暹币若干，并无缩减，前次要设法寄港币，无可能而致损失颇大，家需连月欠缺，如有向人借用多少，示明来知，下信设法应付。今后家需务求大人从省，代媳安为，自当感谢。付汕之物如收到，件数示知。炎叔校妆，本即托人带去，刻因暹政府，宣布严禁布类及什物出口，连制成的衣服亦不准带去，故无法付上，候付款在唐，剪布做可也。大人年老，为媳亦知，惟望代媳尽力安为。专此，敬请
金安
因批局收港艮（银），受政府严禁，不敢收信，只写明收信人、寄信人及艮（银）若干，故将此信寄邮奉上。（批写建益，祈知之）",题名：四月初四（1949后），外洋丁陈氏寄潮汕家姑大人；寄批人：外洋丁陈氏；收批人：潮汕家姑大人；日期：四月初四（1949后）；汇款：银叁拾元；主题：remittance;study;debt;marriage;home_building；正文摘录：敬禀者，兹付上港银叁拾元正，至希查收，充为家用，妥后示复。目前承读来示，诸情均悉，所云近月家批不敷应用，是因币值低落而致，物价飞涨，媳之寄批，是按定每月暹币若干，并无缩减，前次要设法寄港币，无可能而致损失颇大，家需连月欠缺，如有向人借用多少,四月初四（1949后）,外洋丁陈氏,潮汕家姑大人,311,0,丁陈氏,家姑,媳,high,广东侨乡；海外,"[{""record_id"": ""CSQP-SFHC-TEXT-199"", ""raw_text"": ""银叁拾元"", ""amount_text"": ""叁拾元"", ""amount_number"": 30, ""currency"": ""银元"", ""sentence"": ""敬禀者，兹付上港银叁拾元正，至希查收，充为家用，妥后示复。"", ""is_primary_candidate"": true, ""source_field"": ""body_clean""}]",四月初四（1949后），外洋丁陈氏寄潮汕家姑大人；外洋丁陈氏；潮汕家姑大人；丁陈氏；家姑；媳；叔；姑；广东侨乡；海外；银叁拾元；银元；remittance；study；debt；marriage；home_building；潮汕；广东；港币；银；元；敬禀者；膝下；查收；金安；四月；初四；外洋；陈氏；侨乡；银叁；拾元；home；building；禀者；兹付；上港；至希；充为；家用；妥后；示复；目前；承读；来示；诸情；均悉；所云近；家批；应用；币值；低落；而致；物价飞涨；媳之寄批；按定；每月；暹币；若干；缩减；前次；设法；可能；损失；需连；欠缺；如有；借用；多少；示明来；下信；应付；今后；务求；从省；代媳安为；感谢；付汕；之物
CSQP-SFHC-TEXT-200,200,四月七日（1949后），外洋父寄潮汕利仙、英仙女儿,pdf_pages=260；book_pages=231,1,high,0,"利仙、英仙女儿收知：
    接到汝附由晋锦批内来信，各情已悉，所讨各物候有便，寄去可也。兹寄去港币叁拾元，至时查收，作为汝等二人衣食之用。近据闻汝家骚变，使子震怒，茂篮夫妻不当己极，不思一元才能，自给尚无维持，端赖子力谋寄与，苟能和睦，安乐以理家计，则子虽劳苦养给，尤（犹）自甘心。讵意他等和种不法，闻之实为痛心疾首。尔嫂行为不端，我亦尽知，若彼不思改过，难想盼望苟萩以给。至汝母态度亦非为母者之道，尤应实际改过，不然，此后将难获得我身劳苦之钱，专盼他等来书详明。祝你
近好
付（附）寄巧仙二女儿肖影一张。
父字
四月七日寄","利仙、英仙女儿收知：
接到汝附由晋锦批内来信，各情已悉，所讨各物候有便，寄去可也。兹寄去港币叁拾元，至时查收，作为汝等二人衣食之用。近据闻汝家骚变，使子震怒，茂篮夫妻不当己极，不思一元才能，自给尚无维持，端赖子力谋寄与，苟能和睦，安乐以理家计，则子虽劳苦养给，尤（犹）自甘心。讵意他等和种不法，闻之实为痛心疾首。尔嫂行为不端，我亦尽知，若彼不思改过，难想盼望苟萩以给。至汝母态度亦非为母者之道，尤应实际改过，不然，此后将难获得我身劳苦之钱，专盼他等来书详明。祝你
近好
付（附）寄巧仙二女儿肖影一张。
父字
四月七日寄","利仙、英仙女儿收知：
接到汝附由晋锦批内来信，各情已悉，所讨各物候有便，寄去可也。兹寄去港币叁拾元，至时查收，作为汝等二人衣食之用。近据闻汝家骚变，使子震怒，茂篮夫妻不当己极，不思一元才能，自给尚无维持，端赖子力谋寄与，苟能和睦，安乐以理家计，则子虽劳苦养给，尤（犹）自甘心。讵意他等和种不法，闻之实为痛心疾首。尔嫂行为不端，我亦尽知，若彼不思改过，难想盼望苟萩以给。至汝母态度亦非为母者之道，尤应实际改过，不然，此后将难获得我身劳苦之钱，专盼他等来书详明。祝你
近好
付（附）寄巧仙二女儿肖影一张。
父字
四月七日寄","接到汝附由晋锦批内来信，各情已悉，所讨各物候有便，寄去可也。兹寄去港币叁拾元，至时查收，作为汝等二人衣食之用。近据闻汝家骚变，使子震怒，茂篮夫妻不当己极，不思一元才能，自给尚无维持，端赖子力谋寄与，苟能和睦，安乐以理家计，则子虽劳苦养给，尤（犹）自甘心。讵意他等和种不法，闻之实为痛心疾首。尔嫂行为不端，我亦尽知，若彼不思改过，难想盼望苟萩以给。至汝母态度亦非为母者之道，尤应实际改过，不然，此后将难获得我身劳苦之钱，专盼他等来书详明。祝你
近好
付（附）寄巧仙二女儿肖影一张。",259,6,12,外洋父,潮汕利仙、英仙女儿,,,unknown,嫂；妻；儿,外洋父；英仙女儿；茂篮夫妻；尔嫂；至汝母；度亦非为母；巧仙二女儿,收知,,海外,广东侨乡,海外,广东侨乡,潮汕->广东侨乡,海外 -> 广东侨乡,1,海外；广东侨乡,四月七日（1949后）,"父字
四月七日寄",1949后,,四月,七日,solar,,medium,港币叁拾元,叁拾元,30,港币,兹寄去港币叁拾元，至时查收，作为汝等二人衣食之用。；接到汝附由晋锦批内来信，各情已悉，所讨各物候有便，寄去可也。,,兹寄去港币叁拾元，至时查收，作为汝等二人衣食之用。,1,利仙、英仙女儿收知：,,,"接到汝附由晋锦批内来信，各情已悉，所讨各物候有便，寄去可也。兹寄去港币叁拾元，至时查收，作为汝等二人衣食之用。近据闻汝家骚变，使子震怒，茂篮夫妻不当己极，不思一元才能，自给尚无维持，端赖子力谋寄与，苟能和睦，安乐以理家计，则子虽劳苦养给，尤（犹）自甘心。讵意他等和种不法，闻之实为痛心疾首。尔嫂行为不端，我亦尽知，若彼不思改过，难想盼望苟萩以给。至汝母态度亦非为母者之道，尤应实际改过，不然，此后将难获得我身劳苦之钱，专盼他等来书详明。祝你
近好
付（附）寄巧仙二女儿肖影一张。",,利仙、英仙女儿收知：；近据闻汝家骚变，使子震怒，茂篮夫妻不当己极，不思一元才能，自给尚无维持，端赖子力谋寄与，苟能和睦，安乐以理家计，则子虽劳苦养给，尤（犹）自甘心。,,,字,"父字
四月七日寄",父字,,1,1,0,0,0,1,0,0,1,0,0,health_care,family_affection;remittance;health;marriage,收知,,收知,儿,兹,查收,寄去；查收,,,收知；儿；兹；查收,1,"利仙、英仙女儿收知：
兹寄去港币叁拾元，至时查收，作为汝等二人衣食之用。；接到汝附由晋锦批内来信，各情已悉，所讨各物候有便，寄去可也。
父字",利仙、英仙女儿收知：,,兹寄去港币叁拾元，至时查收，作为汝等二人衣食之用。；接到汝附由晋锦批内来信，各情已悉，所讨各物候有便，寄去可也。,利仙、英仙女儿收知：；近据闻汝家骚变，使子震怒，茂篮夫妻不当己极，不思一元才能，自给尚无维持，端赖子力谋寄与，苟能和睦，安乐以理家计，则子虽劳苦养给，尤（犹）自甘心。,,父字,sender=外洋父；recipient=潮汕利仙、英仙女儿；relationship=unknown；date=四月七日（1949后）；money=叁拾元；currency=港币；places=潮汕->广东侨乡；kinship=嫂；妻；儿,"四月七日（1949后），外洋父寄潮汕利仙、英仙女儿
外洋父
潮汕利仙、英仙女儿
四月七日（1949后）
港币叁拾元
潮汕->广东侨乡
family_affection;remittance;health;marriage
接到汝附由晋锦批内来信，各情已悉，所讨各物候有便，寄去可也。兹寄去港币叁拾元，至时查收，作为汝等二人衣食之用。近据闻汝家骚变，使子震怒，茂篮夫妻不当己极，不思一元才能，自给尚无维持，端赖子力谋寄与，苟能和睦，安乐以理家计，则子虽劳苦养给，尤（犹）自甘心。讵意他等和种不法，闻之实为痛心疾首。尔嫂行为不端，我亦尽知，若彼不思改过，难想盼望苟萩以给。至汝母态度亦非为母者之道，尤应实际改过，不然，此后将难获得我身劳苦之钱，专盼他等来书详明。祝你
近好
付（附）寄巧仙二女儿肖影一张。",题名：四月七日（1949后），外洋父寄潮汕利仙、英仙女儿；寄批人：外洋父；收批人：潮汕利仙、英仙女儿；日期：四月七日（1949后）；汇款：港币叁拾元；主题：family_affection;remittance;health;marriage；正文摘录：接到汝附由晋锦批内来信，各情已悉，所讨各物候有便，寄去可也。兹寄去港币叁拾元，至时查收，作为汝等二人衣食之用。近据闻汝家骚变，使子震怒，茂篮夫妻不当己极，不思一元才能，自给尚无维持，端赖子力谋寄与，苟能和睦，安乐以理家计，则子虽劳苦养给，尤,四月七日（1949后）,外洋父,潮汕利仙、英仙女儿,237,0,外洋父,利仙、英仙女儿,妻,,广东侨乡；海外,"[{""record_id"": ""CSQP-SFHC-TEXT-200"", ""raw_text"": ""港币叁拾元"", ""amount_text"": ""叁拾元"", ""amount_number"": 30, ""currency"": ""港币"", ""sentence"": ""兹寄去港币叁拾元，至时查收，作为汝等二人衣食之用。"", ""is_primary_candidate"": true, ""source_field"": ""body_clean""}, {""record_id"": ""CSQP-SFHC-TEXT-200"", ""raw_text"": ""一元"", ""amount_text"": ""一元"", ""amount_number"": 1, ""currency"": ""元"", ""sentence"": ""近据闻汝家骚变，使子震怒，茂篮夫妻不当己极，不思一元才能，自给尚无维持，端赖子力谋寄与，苟能和睦，安乐以理家计，则子虽劳苦养给，尤（犹）自甘心。"", ""is_primary_candidate"": false, ""source_field"": ""body_clean""}]",四月七日（1949后），外洋父寄潮汕利仙、英仙女儿；外洋父；潮汕利仙、英仙女儿；利仙、英仙女儿；嫂；妻；儿；广东侨乡；海外；港币叁拾元；港币；family_affection；remittance；health；marriage；潮汕；广东；元；查收；四月；七日；外洋；父寄；利仙；英仙；女儿；侨乡；拾元；family；affection；收知；接到；汝附；晋锦批；来信；各情；已悉；所讨；物候；寄去；至时；作为；二人；衣食；之用；据闻；汝家；骚变；使子；震怒；茂篮；夫妻；不当；不思；一元；才能；自给；尚无；维持；端赖；子力；苟能；和睦；安乐；以理；家计；劳苦；养给；甘心；不法；实为；痛心疾首；尔嫂；行为不端；尽知；若彼不思；改过；难想；盼望；萩以
CSQP-SFHC-TEXT-201,201,五月初二日（1949后），外洋张运俊寄潮汕绍娟内助,pdf_pages=261；book_pages=232,1,high,0,"绍娟内助：
    回批详悉。予自去夏间，应承孟贵内侄，助其升学之费用后，直至于今，不断的逐月将银信寄去，倘生活稍佳，当然作更多的援助。无如力与心违，奈何。此后最多只能如旧，每月弍拾元付去而已。孟贵内侄之身体，较前强壮否？便希复悉。父命儿子寄家批，这正所以表现亲近之情，给妳（你）知道，毋须（需）多疑虑。兹顺便寄去港币四拾元，如旧分抹之后，余作家需。此致
两地平安
张运俊手书
五月初二日","绍娟内助：
回批详悉。予自去夏间，应承孟贵内侄，助其升学之费用后，直至于今，不断的逐月将银信寄去，倘生活稍佳，当然作更多的援助。无如力与心违，奈何。此后最多只能如旧，每月弍拾元付去而已。孟贵内侄之身体，较前强壮否？便希复悉。父命儿子寄家批，这正所以表现亲近之情，给妳（你）知道，毋须（需）多疑虑。兹顺便寄去港币四拾元，如旧分抹之后，余作家需。此致
两地平安
张运俊手书
五月初二日","绍娟内助：
回批详悉。予自去夏间，应承孟贵内侄，助其升学之费用后，直至于今，不断的逐月将银信寄去，倘生活稍佳，当然作更多的援助。无如力与心违，奈何。此后最多只能如旧，每月弍拾元付去而已。孟贵内侄之身体，较前强壮否？便希复悉。父命儿子寄家批，这正所以表现亲近之情，给妳（你）知道，毋须（需）多疑虑。兹顺便寄去港币四拾元，如旧分抹之后，余作家需。此致
两地平安
张运俊手书
五月初二日","绍娟内助：
回批详悉。予自去夏间，应承孟贵内侄，助其升学之费用后，直至于今，不断的逐月将银信寄去，倘生活稍佳，当然作更多的援助。无如力与心违，奈何。此后最多只能如旧，每月弍拾元付去而已。孟贵内侄之身体，较前强壮否？便希复悉。父命儿子寄家批，这正所以表现亲近之情，给妳（你）知道，毋须（需）多疑虑。兹顺便寄去港币四拾元，如旧分抹之后，余作家需。此致
两地平安",190,5,13,外洋张运俊,潮汕绍娟内助,,spouse,spouse_to_spouse,内助；儿；侄；内侄,应承孟贵内侄；孟贵内侄；父命儿,内助,,海外,广东侨乡,海外,广东侨乡,潮汕->广东侨乡,海外 -> 广东侨乡,1,海外；广东侨乡,五月初二日（1949后）,"张运俊手书
五月初二日",1949后,,五月,初二日,lunar,,medium,港币四拾元,四拾元,40,港币,兹顺便寄去港币四拾元，如旧分抹之后，余作家需。；予自去夏间，应承孟贵内侄，助其升学之费用后，直至于今，不断的逐月将银信寄去，倘生活稍佳，当然作更多的援助。,家用；升学；分抹,兹顺便寄去港币四拾元，如旧分抹之后，余作家需。,1,,,,"绍娟内助：
回批详悉。予自去夏间，应承孟贵内侄，助其升学之费用后，直至于今，不断的逐月将银信寄去，倘生活稍佳，当然作更多的援助。无如力与心违，奈何。此后最多只能如旧，每月弍拾元付去而已。孟贵内侄之身体，较前强壮否？便希复悉。父命儿子寄家批，这正所以表现亲近之情，给妳（你）知道，毋须（需）多疑虑。兹顺便寄去港币四拾元，如旧分抹之后，余作家需。此致
两地平安",两地平安,孟贵内侄之身体，较前强壮否？；父命儿子寄家批，这正所以表现亲近之情，给妳（你）知道，毋须（需）多疑虑。,父命儿子寄家批，这正所以表现亲近之情，给妳（你）知道，毋须（需）多疑虑。,此致,手书,"张运俊手书
五月初二日",张运俊手书,,1,1,1,1,1,1,0,0,1,0,0,instruction,family_affection;remittance;safety;instruction;study;health;marriage,,手书；此致,内助,儿；予,兹；承；毋须,,付去；寄去；分抹,平安,须,手书；此致；内助；儿；予；兹；承；毋须,2,"两地平安
兹顺便寄去港币四拾元，如旧分抹之后，余作家需。；予自去夏间，应承孟贵内侄，助其升学之费用后，直至于今，不断的逐月将银信寄去，倘生活稍佳，当然作更多的援助。
父命儿子寄家批，这正所以表现亲近之情，给妳（你）知道，毋须（需）多疑虑。
此致
张运俊手书",,两地平安,兹顺便寄去港币四拾元，如旧分抹之后，余作家需。；予自去夏间，应承孟贵内侄，助其升学之费用后，直至于今，不断的逐月将银信寄去，倘生活稍佳，当然作更多的援助。,孟贵内侄之身体，较前强壮否？；父命儿子寄家批，这正所以表现亲近之情，给妳（你）知道，毋须（需）多疑虑。,父命儿子寄家批，这正所以表现亲近之情，给妳（你）知道，毋须（需）多疑虑。,此致；张运俊手书,sender=外洋张运俊；recipient=潮汕绍娟内助；relationship=spouse_to_spouse；date=五月初二日（1949后）；money=四拾元；currency=港币；places=潮汕->广东侨乡；kinship=内助；儿；侄；内侄,"五月初二日（1949后），外洋张运俊寄潮汕绍娟内助
外洋张运俊
潮汕绍娟内助
五月初二日（1949后）
港币四拾元
潮汕->广东侨乡
family_affection;remittance;safety;instruction;study;health;marriage
绍娟内助：
回批详悉。予自去夏间，应承孟贵内侄，助其升学之费用后，直至于今，不断的逐月将银信寄去，倘生活稍佳，当然作更多的援助。无如力与心违，奈何。此后最多只能如旧，每月弍拾元付去而已。孟贵内侄之身体，较前强壮否？便希复悉。父命儿子寄家批，这正所以表现亲近之情，给妳（你）知道，毋须（需）多疑虑。兹顺便寄去港币四拾元，如旧分抹之后，余作家需。此致
两地平安",题名：五月初二日（1949后），外洋张运俊寄潮汕绍娟内助；寄批人：外洋张运俊；收批人：潮汕绍娟内助；日期：五月初二日（1949后）；汇款：港币四拾元；主题：family_affection;remittance;safety;instruction;study;health;marriage；正文摘录：绍娟内助：回批详悉。予自去夏间，应承孟贵内侄，助其升学之费用后，直至于今，不断的逐月将银信寄去，倘生活稍佳，当然作更多的援助。无如力与心违，奈何。此后最多只能如旧，每月弍拾元付去而已。孟贵内侄之身体，较前强壮否？便希复悉。父命儿子寄家批，这,五月初二日（1949后）,外洋张运俊,潮汕绍娟内助,176,0,张运俊,绍娟,内助,medium,广东侨乡；海外,"[{""record_id"": ""CSQP-SFHC-TEXT-201"", ""raw_text"": ""弍拾元"", ""amount_text"": ""弍拾元"", ""amount_number"": 20, ""currency"": ""元"", ""sentence"": ""此后最多只能如旧，每月弍拾元付去而已。"", ""is_primary_candidate"": false, ""source_field"": ""body_clean""}, {""record_id"": ""CSQP-SFHC-TEXT-201"", ""raw_text"": ""港币四拾元"", ""amount_text"": ""四拾元"", ""amount_number"": 40, ""currency"": ""港币"", ""sentence"": ""兹顺便寄去港币四拾元，如旧分抹之后，余作家需。"", ""is_primary_candidate"": true, ""source_field"": ""body_clean""}]",五月初二日（1949后），外洋张运俊寄潮汕绍娟内助；外洋张运俊；潮汕绍娟内助；张运俊；绍娟；内助；儿；侄；内侄；广东侨乡；海外；港币四拾元；港币；family_affection；remittance；safety；instruction；study；health；marriage；潮汕；广东；银；元；五月；初二；外洋；侨乡；拾元；family；affection；手书；毋须；回批；详悉；予自；去夏；应承；孟贵；助其；升学；费用；直至；于今；不断；逐月；银信；生活；稍佳；当然；援助；无如力；心违；奈何；此后；只能；如旧；每月；而已；身体；较前；强壮；希复悉；父命；儿子；寄家批；这正；所以；表现；亲近；之情；知道；疑虑；顺便；之后；作家；两地；平安
CSQP-SFHC-TEXT-202,202,五月廿五日（1949后），外洋杨秀兰寄潮汕楚鸿吾儿,pdf_pages=262；book_pages=233,1,high,0,"楚鸿吾儿知悉：
    启者，承接读来书，各情知详，汝母每日，千艰万苦，受尽饥饿，积蓄寄去。汝细姑母如今已回塘（唐），汝母无汝姑母，每月寄多少到来帮助，亦是十分艰难。对于挂念唐中孙儿，故正在叻受尽苦楚，每日工作十分沉重，手足每日浸水生疮。汝务须勤俭耕作，以免家中大小受饥受寒为要。秀香搭寄头痛粉二打，欲分楚镇收用。汝大母亲四月廿四日忌辰，须要奉拜为要。今逢批期之便，付上港币伍拾元，到日查收。抹出伍元，交汝细姑母，以作茶仪之用。专函布沏，余事后陈。并颂
近安
母杨秀兰缄    五月廿五日","楚鸿吾儿知悉：
启者，承接读来书，各情知详，汝母每日，千艰万苦，受尽饥饿，积蓄寄去。汝细姑母如今已回塘（唐），汝母无汝姑母，每月寄多少到来帮助，亦是十分艰难。对于挂念唐中孙儿，故正在叻受尽苦楚，每日工作十分沉重，手足每日浸水生疮。汝务须勤俭耕作，以免家中大小受饥受寒为要。秀香搭寄头痛粉二打，欲分楚镇收用。汝大母亲四月廿四日忌辰，须要奉拜为要。今逢批期之便，付上港币伍拾元，到日查收。抹出伍元，交汝细姑母，以作茶仪之用。专函布沏，余事后陈。并颂
近安
母杨秀兰缄 五月廿五日","楚鸿吾儿知悉：
启者，承接读来书，各情知详，汝母每日，千艰万苦，受尽饥饿，积蓄寄去。汝细姑母如今已回塘（唐），汝母无汝姑母，每月寄多少到来帮助，亦是十分艰难。对于挂念唐中孙儿，故正在叻受尽苦楚，每日工作十分沉重，手足每日浸水生疮。汝务须勤俭耕作，以免家中大小受饥受寒为要。秀香搭寄头痛粉二打，欲分楚镇收用。汝大母亲四月廿四日忌辰，须要奉拜为要。今逢批期之便，付上港币伍拾元，到日查收。抹出伍元，交汝细姑母，以作茶仪之用。专函布沏，余事后陈。并颂
近安
母杨秀兰缄 五月廿五日","楚鸿吾儿知悉：
启者，承接读来书，各情知详，汝母每日，千艰万苦，受尽饥饿，积蓄寄去。汝细姑母如今已回塘（唐），汝母无汝姑母，每月寄多少到来帮助，亦是十分艰难。对于挂念唐中孙儿，故正在叻受尽苦楚，每日工作十分沉重，手足每日浸水生疮。汝务须勤俭耕作，以免家中大小受饥受寒为要。秀香搭寄头痛粉二打，欲分楚镇收用。汝大母亲四月廿四日忌辰，须要奉拜为要。今逢批期之便，付上港币伍拾元，到日查收。抹出伍元，交汝细姑母，以作茶仪之用。专函布沏，余事后陈。并颂
近安",237,4,13,外洋杨秀兰,潮汕楚鸿吾儿,,child,parent_to_child,母亲；儿；孙；姑,汕楚鸿吾儿；楚鸿吾儿；汝母；汝细姑母；汝母无汝姑；挂念唐中孙；汝大母；交汝细姑母,,,海外,广东侨乡,海外,广东侨乡,潮汕->广东侨乡；叻->新加坡,海外 -> 广东侨乡,1,海外；广东侨乡；新加坡,五月廿五日（1949后）,,1949后,,五月,廿五日,solar,,medium,港币伍拾元,伍拾元,50,港币,启者，承接读来书，各情知详，汝母每日，千艰万苦，受尽饥饿，积蓄寄去。；今逢批期之便，付上港币伍拾元，到日查收。,,秀香搭寄头痛粉二打，欲分楚镇收用。；今逢批期之便，付上港币伍拾元，到日查收。,1,,启者，承接读来书，各情知详，汝母每日，千艰万苦，受尽饥饿，积蓄寄去。,,"楚鸿吾儿知悉：
启者，承接读来书，各情知详，汝母每日，千艰万苦，受尽饥饿，积蓄寄去。汝细姑母如今已回塘（唐），汝母无汝姑母，每月寄多少到来帮助，亦是十分艰难。对于挂念唐中孙儿，故正在叻受尽苦楚，每日工作十分沉重，手足每日浸水生疮。汝务须勤俭耕作，以免家中大小受饥受寒为要。秀香搭寄头痛粉二打，欲分楚镇收用。汝大母亲四月廿四日忌辰，须要奉拜为要。今逢批期之便，付上港币伍拾元，到日查收。抹出伍元，交汝细姑母，以作茶仪之用。专函布沏，余事后陈。并颂
近安",,楚鸿吾儿知悉：；启者，承接读来书，各情知详，汝母每日，千艰万苦，受尽饥饿，积蓄寄去。,汝务须勤俭耕作，以免家中大小受饥受寒为要。；汝大母亲四月廿四日忌辰，须要奉拜为要。,,,,,,1,1,0,1,1,0,0,0,0,1,0,instruction,family_affection;remittance;instruction;study;funeral,启者,启,,儿,奉；承,查收,寄去；查收,,须；勤俭,启者；启；儿；奉；承；查收,2,"启者，承接读来书，各情知详，汝母每日，千艰万苦，受尽饥饿，积蓄寄去。
启者，承接读来书，各情知详，汝母每日，千艰万苦，受尽饥饿，积蓄寄去。；今逢批期之便，付上港币伍拾元，到日查收。
汝务须勤俭耕作，以免家中大小受饥受寒为要。；汝大母亲四月廿四日忌辰，须要奉拜为要。",启者，承接读来书，各情知详，汝母每日，千艰万苦，受尽饥饿，积蓄寄去。,,启者，承接读来书，各情知详，汝母每日，千艰万苦，受尽饥饿，积蓄寄去。；今逢批期之便，付上港币伍拾元，到日查收。,楚鸿吾儿知悉：；启者，承接读来书，各情知详，汝母每日，千艰万苦，受尽饥饿，积蓄寄去。,汝务须勤俭耕作，以免家中大小受饥受寒为要。；汝大母亲四月廿四日忌辰，须要奉拜为要。,,sender=外洋杨秀兰；recipient=潮汕楚鸿吾儿；relationship=parent_to_child；date=五月廿五日（1949后）；money=伍拾元；currency=港币；places=潮汕->广东侨乡；叻->新加坡；kinship=母亲；儿；孙；姑,"五月廿五日（1949后），外洋杨秀兰寄潮汕楚鸿吾儿
外洋杨秀兰
潮汕楚鸿吾儿
五月廿五日（1949后）
港币伍拾元
潮汕->广东侨乡；叻->新加坡
family_affection;remittance;instruction;study;funeral
楚鸿吾儿知悉：
启者，承接读来书，各情知详，汝母每日，千艰万苦，受尽饥饿，积蓄寄去。汝细姑母如今已回塘（唐），汝母无汝姑母，每月寄多少到来帮助，亦是十分艰难。对于挂念唐中孙儿，故正在叻受尽苦楚，每日工作十分沉重，手足每日浸水生疮。汝务须勤俭耕作，以免家中大小受饥受寒为要。秀香搭寄头痛粉二打，欲分楚镇收用。汝大母亲四月廿四日忌辰，须要奉拜为要。今逢批期之便，付上港币伍拾元，到日查收。抹出伍元，交汝细姑母，以作茶仪之用。专函布沏，余事后陈。并颂
近安",题名：五月廿五日（1949后），外洋杨秀兰寄潮汕楚鸿吾儿；寄批人：外洋杨秀兰；收批人：潮汕楚鸿吾儿；日期：五月廿五日（1949后）；汇款：港币伍拾元；主题：family_affection;remittance;instruction;study;funeral；正文摘录：楚鸿吾儿知悉：启者，承接读来书，各情知详，汝母每日，千艰万苦，受尽饥饿，积蓄寄去。汝细姑母如今已回塘（唐），汝母无汝姑母，每月寄多少到来帮助，亦是十分艰难。对于挂念唐中孙儿，故正在叻受尽苦楚，每日工作十分沉重，手足每日浸水生疮。汝务须勤俭耕,五月廿五日（1949后）,外洋杨秀兰,潮汕楚鸿吾儿,223,0,杨秀兰,楚鸿,母亲,medium,广东侨乡；新加坡；海外,"[{""record_id"": ""CSQP-SFHC-TEXT-202"", ""raw_text"": ""港币伍拾元"", ""amount_text"": ""伍拾元"", ""amount_number"": 50, ""currency"": ""港币"", ""sentence"": ""今逢批期之便，付上港币伍拾元，到日查收。"", ""is_primary_candidate"": true, ""source_field"": ""body_clean""}, {""record_id"": ""CSQP-SFHC-TEXT-202"", ""raw_text"": ""伍元"", ""amount_text"": ""伍元"", ""amount_number"": 5, ""currency"": ""元"", ""sentence"": ""抹出伍元，交汝细姑母，以作茶仪之用。"", ""is_primary_candidate"": false, ""source_field"": ""body_clean""}]",五月廿五日（1949后），外洋杨秀兰寄潮汕楚鸿吾儿；外洋杨秀兰；潮汕楚鸿吾儿；杨秀兰；楚鸿；母亲；儿；孙；姑；广东侨乡；新加坡；海外；港币伍拾元；港币；family_affection；remittance；instruction；study；funeral；潮汕；广东；元；查收；五月；廿五日；外洋；楚鸿吾儿；侨乡；伍拾；family；affection；启者；知悉；承接；读来；情知；汝母；每日；艰万苦；受尽；饥饿；积蓄；汝细；姑母；如今；回塘；每月；多少；到来；帮助；十分；艰难；对于；挂念；唐中；孙儿；正在；苦楚；工作；沉重；手足；浸水；生疮；务须；勤俭；耕作；以免；家中；大小；受饥；受寒；秀香；头痛；粉二打；分楚；收用；汝大；四月；廿四日；忌辰
CSQP-SFHC-TEXT-203,203,五月廿九日（1949后），外洋丁陈氏寄潮汕家姑大人,pdf_pages=263；book_pages=234,1,medium,0,"家姑大人尊前：
    敬禀者，本月廿七日，承五舍飞汕之便，顺托带上港币三十元，并树呢鞋【橡胶鞋】壹双。接信祈希提出信，往汕头安平路248号苏利盛行，向正妈取用（即大妈）。银项收妥，祈知购为米粮，该鞋给炎叔，回音可待下次回批示下。因刻下邮资高贵，余事另禀。专此，敬请
福安
近闻里人云及森发吾叔，在当新兵，未知定有其事，示知。
媳丁陈氏禀
五，廿九","家姑大人尊前：
敬禀者，本月廿七日，承五舍飞汕之便，顺托带上港币三十元，并树呢鞋【橡胶鞋】壹双。接信祈希提出信，往汕头安平路248号苏利盛行，向正妈取用（即大妈）。银项收妥，祈知购为米粮，该鞋给炎叔，回音可待下次回批示下。因刻下邮资高贵，余事另禀。专此，敬请
福安
近闻里人云及森发吾叔，在当新兵，未知定有其事，示知。
媳丁陈氏禀
五，廿九","家姑大人尊前：
敬禀者，本月廿七日，承五舍飞汕之便，顺托带上港币三十元，并树呢鞋【橡胶鞋】壹双。接信祈希提出信，往汕头安平路248号苏利盛行，向正妈取用（即大妈）。银项收妥，祈知购为米粮，该鞋给炎叔，回音可待下次回批示下。因刻下邮资高贵，余事另禀。专此，敬请
福安
近闻里人云及森发吾叔，在当新兵，未知定有其事，示知。
媳丁陈氏禀
五，廿九","敬禀者，本月廿七日，承五舍飞汕之便，顺托带上港币三十元，并树呢鞋【橡胶鞋】壹双。接信祈希提出信，往汕头安平路248号苏利盛行，向正妈取用（即大妈）。银项收妥，祈知购为米粮，该鞋给炎叔，回音可待下次回批示下。因刻下邮资高贵，余事另禀。专此，敬请
福安
近闻里人云及森发吾叔，在当新兵，未知定有其事，示知。",170,6,10,外洋丁陈氏,潮汕家姑大人,daughter_in_law,elder_relative,younger_to_elder_kin,媳；叔；姑,潮汕家姑；家姑；该鞋给炎叔；及森发吾叔,大人；尊前,媳,海外,广东侨乡,海外,广东侨乡,潮汕->广东侨乡；汕头->广东汕头,海外 -> 广东侨乡,1,海外；广东侨乡,五月廿九日（1949后）,"媳丁陈氏禀
五，廿九",1949后,,五月,廿九日,solar,,medium,港币三十元,三十元,30,港币,,,,1,家姑大人尊前：,敬禀者，本月廿七日，承五舍飞汕之便，顺托带上港币三十元，并树呢鞋【橡胶鞋】壹双。,福安,"敬禀者，本月廿七日，承五舍飞汕之便，顺托带上港币三十元，并树呢鞋【橡胶鞋】壹双。接信祈希提出信，往汕头安平路248号苏利盛行，向正妈取用（即大妈）。银项收妥，祈知购为米粮，该鞋给炎叔，回音可待下次回批示下。因刻下邮资高贵，余事另禀。专此，敬请
福安
近闻里人云及森发吾叔，在当新兵，未知定有其事，示知。",,,,,,"媳丁陈氏禀
五，廿九",媳丁陈氏禀,,0,1,0,0,0,0,0,1,1,0,0,debt,remittance;debt;marriage,敬禀者；禀者；尊前,托,大人；尊前；福安,,祈；承,敬禀者；尊前；福安,,,,敬禀者；禀者；尊前；托；大人；福安；祈；承,2,"家姑大人尊前：
敬禀者，本月廿七日，承五舍飞汕之便，顺托带上港币三十元，并树呢鞋【橡胶鞋】壹双。
媳丁陈氏禀",家姑大人尊前：,,港币三十元,,,媳丁陈氏禀,sender=外洋丁陈氏；recipient=潮汕家姑大人；relationship=younger_to_elder_kin；date=五月廿九日（1949后）；money=三十元；currency=港币；places=潮汕->广东侨乡；汕头->广东汕头；kinship=媳；叔；姑,"五月廿九日（1949后），外洋丁陈氏寄潮汕家姑大人
外洋丁陈氏
潮汕家姑大人
五月廿九日（1949后）
港币三十元
潮汕->广东侨乡；汕头->广东汕头
remittance;debt;marriage
敬禀者，本月廿七日，承五舍飞汕之便，顺托带上港币三十元，并树呢鞋【橡胶鞋】壹双。接信祈希提出信，往汕头安平路248号苏利盛行，向正妈取用（即大妈）。银项收妥，祈知购为米粮，该鞋给炎叔，回音可待下次回批示下。因刻下邮资高贵，余事另禀。专此，敬请
福安
近闻里人云及森发吾叔，在当新兵，未知定有其事，示知。",题名：五月廿九日（1949后），外洋丁陈氏寄潮汕家姑大人；寄批人：外洋丁陈氏；收批人：潮汕家姑大人；日期：五月廿九日（1949后）；汇款：港币三十元；主题：remittance;debt;marriage；正文摘录：敬禀者，本月廿七日，承五舍飞汕之便，顺托带上港币三十元，并树呢鞋【橡胶鞋】壹双。接信祈希提出信，往汕头安平路248号苏利盛行，向正妈取用（即大妈）。银项收妥，祈知购为米粮，该鞋给炎叔，回音可待下次回批示下。因刻下邮资高贵，余事另禀。专此，敬,五月廿九日（1949后）,外洋丁陈氏,潮汕家姑大人,149,0,丁陈氏,家姑,媳,high,广东侨乡；广东汕头；海外,"[{""record_id"": ""CSQP-SFHC-TEXT-203"", ""raw_text"": ""港币三十元"", ""amount_text"": ""三十元"", ""amount_number"": 30, ""currency"": ""港币"", ""sentence"": ""敬禀者，本月廿七日，承五舍飞汕之便，顺托带上港币三十元，并树呢鞋【橡胶鞋】壹双。"", ""is_primary_candidate"": true, ""source_field"": ""body_clean""}]",五月廿九日（1949后），外洋丁陈氏寄潮汕家姑大人；外洋丁陈氏；潮汕家姑大人；丁陈氏；家姑；媳；叔；姑；广东侨乡；广东汕头；海外；港币三十元；港币；remittance；debt；marriage；潮汕；汕头；广东；银；元；敬禀者；尊前；福安；五月；廿九日；外洋；陈氏；侨乡；三十元；禀者；本月；廿七日；承五舍；飞汕；顺托；带上；并树；橡胶鞋；壹双；接信；祈希；提出；安平；苏利；盛行；正妈；取用；大妈；银项；收妥；祈知；购为；米粮；该鞋；炎叔；回音；可待；下次；批示；刻下；邮资；高贵；余事；近闻；人云及；森发吾叔；新兵；未知；定有；其事；示知
CSQP-SFHC-TEXT-204,204,农历五月廿九日（1949后），外洋父寄潮汕茂鉴儿,pdf_pages=264；book_pages=235,1,medium,0,"茂鉴儿收读：
    上函回批尚未接到，今再寄去一批，外洋港币柒拾元，至时检收。内计抹交，吾母亲大人伍元，又抹交三弟伍元，又抹交茂昌侄伍元，存余五十五元，作为家用。余言后嘱。
汝好
农历五月廿九日    父字","茂鉴儿收读：
上函回批尚未接到，今再寄去一批，外洋港币柒拾元，至时检收。内计抹交，吾母亲大人伍元，又抹交三弟伍元，又抹交茂昌侄伍元，存余五十五元，作为家用。余言后嘱。
汝好
农历五月廿九日 父字","茂鉴儿收读：
上函回批尚未接到，今再寄去一批，外洋港币柒拾元，至时检收。内计抹交，吾母亲大人伍元，又抹交三弟伍元，又抹交茂昌侄伍元，存余五十五元，作为家用。余言后嘱。
汝好
农历五月廿九日 父字","茂鉴儿收读：
上函回批尚未接到，今再寄去一批，外洋港币柒拾元，至时检收。内计抹交，吾母亲大人伍元，又抹交三弟伍元，又抹交茂昌侄伍元，存余五十五元，作为家用。余言后嘱。
汝好",97,4,6,外洋父,潮汕茂鉴儿,,,unknown,母亲；弟；儿；侄,外洋父；潮汕茂鉴儿；茂鉴儿；吾母；又抹交三弟；抹交茂昌侄,,,海外,广东侨乡,海外,广东侨乡,潮汕->广东侨乡,海外 -> 广东侨乡,1,海外；广东侨乡,农历五月廿九日（1949后）,农历五月廿九日 父字,1949后,,五月,廿九日,mixed,,medium,港币柒拾元,柒拾元,70,港币,上函回批尚未接到，今再寄去一批，外洋港币柒拾元，至时检收。,,内计抹交，吾母亲大人伍元，又抹交三弟伍元，又抹交茂昌侄伍元，存余五十五元，作为家用。,1,,,,"茂鉴儿收读：
上函回批尚未接到，今再寄去一批，外洋港币柒拾元，至时检收。内计抹交，吾母亲大人伍元，又抹交三弟伍元，又抹交茂昌侄伍元，存余五十五元，作为家用。余言后嘱。
汝好",,茂鉴儿收读：；内计抹交，吾母亲大人伍元，又抹交三弟伍元，又抹交茂昌侄伍元，存余五十五元，作为家用。,余言后嘱。,,字,农历五月廿九日 父字,农历五月廿九日 父字,,1,1,0,1,1,0,0,0,0,0,0,instruction,family_affection;remittance;instruction;study,,,大人,儿；弟,,,寄去,,嘱,大人；儿；弟,1,"上函回批尚未接到，今再寄去一批，外洋港币柒拾元，至时检收。
余言后嘱。
农历五月廿九日 父字",,,上函回批尚未接到，今再寄去一批，外洋港币柒拾元，至时检收。,茂鉴儿收读：；内计抹交，吾母亲大人伍元，又抹交三弟伍元，又抹交茂昌侄伍元，存余五十五元，作为家用。,余言后嘱。,农历五月廿九日 父字,sender=外洋父；recipient=潮汕茂鉴儿；relationship=unknown；date=农历五月廿九日（1949后）；money=柒拾元；currency=港币；places=潮汕->广东侨乡；kinship=母亲；弟；儿；侄,"农历五月廿九日（1949后），外洋父寄潮汕茂鉴儿
外洋父
潮汕茂鉴儿
农历五月廿九日（1949后）
港币柒拾元
潮汕->广东侨乡
family_affection;remittance;instruction;study
茂鉴儿收读：
上函回批尚未接到，今再寄去一批，外洋港币柒拾元，至时检收。内计抹交，吾母亲大人伍元，又抹交三弟伍元，又抹交茂昌侄伍元，存余五十五元，作为家用。余言后嘱。
汝好",题名：农历五月廿九日（1949后），外洋父寄潮汕茂鉴儿；寄批人：外洋父；收批人：潮汕茂鉴儿；日期：农历五月廿九日（1949后）；汇款：港币柒拾元；主题：family_affection;remittance;instruction;study；正文摘录：茂鉴儿收读：上函回批尚未接到，今再寄去一批，外洋港币柒拾元，至时检收。内计抹交，吾母亲大人伍元，又抹交三弟伍元，又抹交茂昌侄伍元，存余五十五元，作为家用。余言后嘱。汝好,农历五月廿九日（1949后）,外洋父,潮汕茂鉴儿,84,0,外洋父,茂鉴儿,母亲,,广东侨乡；海外,"[{""record_id"": ""CSQP-SFHC-TEXT-204"", ""raw_text"": ""港币柒拾元"", ""amount_text"": ""柒拾元"", ""amount_number"": 70, ""currency"": ""港币"", ""sentence"": ""上函回批尚未接到，今再寄去一批，外洋港币柒拾元，至时检收。"", ""is_primary_candidate"": true, ""source_field"": ""body_clean""}, {""record_id"": ""CSQP-SFHC-TEXT-204"", ""raw_text"": ""伍元"", ""amount_text"": ""伍元"", ""amount_number"": 5, ""currency"": ""元"", ""sentence"": ""内计抹交，吾母亲大人伍元，又抹交三弟伍元，又抹交茂昌侄伍元，存余五十五元，作为家用。"", ""is_primary_candidate"": false, ""source_field"": ""body_clean""}, {""record_id"": ""CSQP-SFHC-TEXT-204"", ""raw_text"": ""五十五元"", ""amount_text"": ""五十五元"", ""amount_number"": 55, ""currency"": ""元"", ""sentence"": ""内计抹交，吾母亲大人伍元，又抹交三弟伍元，又抹交茂昌侄伍元，存余五十五元，作为家用。"", ""is_primary_candidate"": false, ""source_field"": ""body_clean""}]",农历五月廿九日（1949后），外洋父寄潮汕茂鉴儿；外洋父；潮汕茂鉴儿；茂鉴儿；母亲；弟；儿；侄；广东侨乡；海外；港币柒拾元；港币；family_affection；remittance；instruction；study；潮汕；广东；元；农历；五月；廿九日；外洋；父寄；侨乡；拾元；family；affection；收读；上函；回批；尚未；接到；再寄；一批；至时；检收；内计；伍元；交三弟；交茂昌；存余；五十五；作为；家用；余言；后嘱；汝好
CSQP-SFHC-TEXT-205,205,六月初六日（1949后），外洋继豪寄潮汕浩基侄儿,pdf_pages=265；book_pages=236,1,medium,0,"浩基侄儿收阅：
    日前接来回批，各情详悉一切。你弟景云相片，候缓些时，再行寄去。兹逢航便，寄去港币伍拾元，到时查收。本月十五日为你祖母忌辰，拾元买箱〔民俗祭品衣箱〕牲礼祭礼，余为家情之用。叻中一切平善，免念。余不多嘱。
愚叔继豪字
六月初六日","浩基侄儿收阅：
日前接来回批，各情详悉一切。你弟景云相片，候缓些时，再行寄去。兹逢航便，寄去港币伍拾元，到时查收。本月十五日为你祖母忌辰，拾元买箱〔民俗祭品衣箱〕牲礼祭礼，余为家情之用。叻中一切平善，免念。余不多嘱。
愚叔继豪字
六月初六日","浩基侄儿收阅：
日前接来回批，各情详悉一切。你弟景云相片，候缓些时，再行寄去。兹逢航便，寄去港币伍拾元，到时查收。本月十五日为你祖母忌辰，拾元买箱〔民俗祭品衣箱〕牲礼祭礼，余为家情之用。叻中一切平善，免念。余不多嘱。
愚叔继豪字
六月初六日","浩基侄儿收阅：
日前接来回批，各情详悉一切。你弟景云相片，候缓些时，再行寄去。兹逢航便，寄去港币伍拾元，到时查收。本月十五日为你祖母忌辰，拾元买箱〔民俗祭品衣箱〕牲礼祭礼，余为家情之用。叻中一切平善，免念。余不多嘱。",120,4,9,外洋继豪,潮汕浩基侄儿,,nephew_or_niece,uncle_nephew_or_nephew_kin,祖母；弟；儿；侄；叔,潮汕浩基侄；浩基侄儿；你弟；五日为你祖母；愚叔,,愚,海外,广东侨乡,海外,广东侨乡,潮汕->广东侨乡,海外 -> 广东侨乡,1,海外；广东侨乡,六月初六日（1949后）,"愚叔继豪字
六月初六日",1949后,,六月,初六日,lunar,,medium,港币伍拾元,伍拾元,50,港币,兹逢航便，寄去港币伍拾元，到时查收。；你弟景云相片，候缓些时，再行寄去。,,兹逢航便，寄去港币伍拾元，到时查收。,1,,,,"浩基侄儿收阅：
日前接来回批，各情详悉一切。你弟景云相片，候缓些时，再行寄去。兹逢航便，寄去港币伍拾元，到时查收。本月十五日为你祖母忌辰，拾元买箱〔民俗祭品衣箱〕牲礼祭礼，余为家情之用。叻中一切平善，免念。余不多嘱。",,浩基侄儿收阅：；本月十五日为你祖母忌辰，拾元买箱〔民俗祭品衣箱〕牲礼祭礼，余为家情之用。,余不多嘱。,,字,"愚叔继豪字
六月初六日",愚叔继豪字,,1,1,0,1,0,0,0,0,0,1,0,instruction,family_affection;remittance;instruction;funeral,,,,愚；儿；弟,兹,查收,寄去；查收,,嘱,愚；儿；弟；兹；查收,2,"兹逢航便，寄去港币伍拾元，到时查收。；你弟景云相片，候缓些时，再行寄去。
余不多嘱。
愚叔继豪字",,,兹逢航便，寄去港币伍拾元，到时查收。；你弟景云相片，候缓些时，再行寄去。,浩基侄儿收阅：；本月十五日为你祖母忌辰，拾元买箱〔民俗祭品衣箱〕牲礼祭礼，余为家情之用。,余不多嘱。,愚叔继豪字,sender=外洋继豪；recipient=潮汕浩基侄儿；relationship=uncle_nephew_or_nephew_kin；date=六月初六日（1949后）；money=伍拾元；currency=港币；places=潮汕->广东侨乡；kinship=祖母；弟；儿；侄；叔,"六月初六日（1949后），外洋继豪寄潮汕浩基侄儿
外洋继豪
潮汕浩基侄儿
六月初六日（1949后）
港币伍拾元
潮汕->广东侨乡
family_affection;remittance;instruction;funeral
浩基侄儿收阅：
日前接来回批，各情详悉一切。你弟景云相片，候缓些时，再行寄去。兹逢航便，寄去港币伍拾元，到时查收。本月十五日为你祖母忌辰，拾元买箱〔民俗祭品衣箱〕牲礼祭礼，余为家情之用。叻中一切平善，免念。余不多嘱。",题名：六月初六日（1949后），外洋继豪寄潮汕浩基侄儿；寄批人：外洋继豪；收批人：潮汕浩基侄儿；日期：六月初六日（1949后）；汇款：港币伍拾元；主题：family_affection;remittance;instruction;funeral；正文摘录：浩基侄儿收阅：日前接来回批，各情详悉一切。你弟景云相片，候缓些时，再行寄去。兹逢航便，寄去港币伍拾元，到时查收。本月十五日为你祖母忌辰，拾元买箱〔民俗祭品衣箱〕牲礼祭礼，余为家情之用。叻中一切平善，免念。余不多嘱。,六月初六日（1949后）,外洋继豪,潮汕浩基侄儿,107,0,继豪,浩基侄儿,祖母,high,广东侨乡；海外,"[{""record_id"": ""CSQP-SFHC-TEXT-205"", ""raw_text"": ""港币伍拾元"", ""amount_text"": ""伍拾元"", ""amount_number"": 50, ""currency"": ""港币"", ""sentence"": ""兹逢航便，寄去港币伍拾元，到时查收。"", ""is_primary_candidate"": true, ""source_field"": ""body_clean""}, {""record_id"": ""CSQP-SFHC-TEXT-205"", ""raw_text"": ""拾元"", ""amount_text"": ""拾元"", ""amount_number"": 10, ""currency"": ""元"", ""sentence"": ""本月十五日为你祖母忌辰，拾元买箱〔民俗祭品衣箱〕牲礼祭礼，余为家情之用。"", ""is_primary_candidate"": false, ""source_field"": ""body_clean""}]",六月初六日（1949后），外洋继豪寄潮汕浩基侄儿；外洋继豪；潮汕浩基侄儿；继豪；浩基侄儿；祖母；弟；儿；侄；叔；广东侨乡；海外；港币伍拾元；港币；family_affection；remittance；instruction；funeral；潮汕；广东；元；查收；六月；初六；外洋；浩基；侄儿；侨乡；伍拾；family；affection；收阅；日前；来回；各情；详悉；弟景云；相片；候缓些；再行；兹逢；航便；本月；十五日；忌辰；拾元；买箱；民俗；祭品；衣箱；牲礼；祭礼；余为；家情；之用；平善；免念；余不多嘱
CSQP-SFHC-TEXT-206,206,六月廿七日（1949后），叻杨秀兰寄潮安东凤乡陈楚鸿吾儿,pdf_pages=266；book_pages=237,1,high,0,"寄批人：叻杨秀兰
收批人：潮安东风乡陈楚鸿吾儿
批款：港币肆拾元
日期：六月廿七日

楚鸿吾儿知悉：
    启者，上日承接覆书，各事详悉。遥祝家中大小平安，诸务遂心为祝。阳历六月廿七日，金华轮开行，潮安浮洋市树下田乡刘碧珍回汕，顺便搭去旧〔衣〕六捆，内藏两权叔搭药品，另列一纸，各物若收着，照寄去单纸提交旧衣。若是收着，由汝主意，提多少送交汝细姑母，并物食【零食】多少为要。汝母此信寄去，七月是无能力再寄，须要知之。今逢批期之便，付去港币肆拾元，到日查收，以应家中之用，专函布沏。余事后陈。并颂
近安
物件可去汕头旅社领取。彩塘市汝母舅家，全日寄旧衣，何以太久还未接回信，旧衣还未收到？
母亲杨秀兰缄    六月廿七日","寄批人：叻杨秀兰
收批人：潮安东风乡陈楚鸿吾儿
批款：港币肆拾元
日期：六月廿七日

楚鸿吾儿知悉：
启者，上日承接覆书，各事详悉。遥祝家中大小平安，诸务遂心为祝。阳历六月廿七日，金华轮开行，潮安浮洋市树下田乡刘碧珍回汕，顺便搭去旧〔衣〕六捆，内藏两权叔搭药品，另列一纸，各物若收着，照寄去单纸提交旧衣。若是收着，由汝主意，提多少送交汝细姑母，并物食【零食】多少为要。汝母此信寄去，七月是无能力再寄，须要知之。今逢批期之便，付去港币肆拾元，到日查收，以应家中之用，专函布沏。余事后陈。并颂
近安
物件可去汕头旅社领取。彩塘市汝母舅家，全日寄旧衣，何以太久还未接回信，旧衣还未收到？
母亲杨秀兰缄 六月廿七日","楚鸿吾儿知悉：
启者，上日承接覆书，各事详悉。遥祝家中大小平安，诸务遂心为祝。阳历六月廿七日，金华轮开行，潮安浮洋市树下田乡刘碧珍回汕，顺便搭去旧〔衣〕六捆，内藏两权叔搭药品，另列一纸，各物若收着，照寄去单纸提交旧衣。若是收着，由汝主意，提多少送交汝细姑母，并物食【零食】多少为要。汝母此信寄去，七月是无能力再寄，须要知之。今逢批期之便，付去港币肆拾元，到日查收，以应家中之用，专函布沏。余事后陈。并颂
近安
物件可去汕头旅社领取。彩塘市汝母舅家，全日寄旧衣，何以太久还未接回信，旧衣还未收到？
母亲杨秀兰缄 六月廿七日","楚鸿吾儿知悉：
启者，上日承接覆书，各事详悉。遥祝家中大小平安，诸务遂心为祝。阳历六月廿七日，金华轮开行，潮安浮洋市树下田乡刘碧珍回汕，顺便搭去旧〔衣〕六捆，内藏两权叔搭药品，另列一纸，各物若收着，照寄去单纸提交旧衣。若是收着，由汝主意，提多少送交汝细姑母，并物食【零食】多少为要。汝母此信寄去，七月是无能力再寄，须要知之。今逢批期之便，付去港币肆拾元，到日查收，以应家中之用，专函布沏。余事后陈。并颂
近安
物件可去汕头旅社领取。彩塘市汝母舅家，全日寄旧衣，何以太久还未接回信，旧衣还未收到？",303,9,13,叻杨秀兰,潮安东风乡陈楚鸿吾儿,,child,parent_to_child,母亲；儿；叔；姑,陈楚鸿吾儿；楚鸿吾儿；内藏两权叔；送交汝细姑；汝母；彩塘市汝母,,,新加坡,广东潮安,新加坡,广东潮安,潮安->广东潮安；汕头->广东汕头；东凤->广东潮安东凤；叻->新加坡,新加坡 -> 广东潮安,1,新加坡；广东侨乡,六月廿七日,,1949后,,六月,廿七日,solar,,medium,港币肆拾元,肆拾元,40,港币,今逢批期之便，付去港币肆拾元，到日查收，以应家中之用，专函布沏。；阳历六月廿七日，金华轮开行，潮安浮洋市树下田乡刘碧珍回汕，顺便搭去旧〔衣〕六捆，内藏两权叔搭药品，另列一纸，各物若收着，照寄去单纸提交旧衣。,家用；医药；分抹,阳历六月廿七日，金华轮开行，潮安浮洋市树下田乡刘碧珍回汕，顺便搭去旧〔衣〕六捆，内藏两权叔搭药品，另列一纸，各物若收着，照寄去单纸提交旧衣。；若是收着，由汝主意，提多少送交汝细姑母，并物食【零食】多少为要。,1,,启者，上日承接覆书，各事详悉。,遥祝家中大小平安，诸务遂心为祝。,"楚鸿吾儿知悉：
启者，上日承接覆书，各事详悉。遥祝家中大小平安，诸务遂心为祝。阳历六月廿七日，金华轮开行，潮安浮洋市树下田乡刘碧珍回汕，顺便搭去旧〔衣〕六捆，内藏两权叔搭药品，另列一纸，各物若收着，照寄去单纸提交旧衣。若是收着，由汝主意，提多少送交汝细姑母，并物食【零食】多少为要。汝母此信寄去，七月是无能力再寄，须要知之。今逢批期之便，付去港币肆拾元，到日查收，以应家中之用，专函布沏。余事后陈。并颂
近安
物件可去汕头旅社领取。彩塘市汝母舅家，全日寄旧衣，何以太久还未接回信，旧衣还未收到？",遥祝家中大小平安，诸务遂心为祝。,楚鸿吾儿知悉：；遥祝家中大小平安，诸务遂心为祝。,汝母此信寄去，七月是无能力再寄，须要知之。,,,,,,1,1,1,1,0,0,0,1,0,0,0,instruction,family_affection;remittance;safety;instruction;debt,启者,启,,儿,承；诸务,查收,付去；寄去；查收,平安,须,启者；启；儿；承；诸务；查收,2,"启者，上日承接覆书，各事详悉。
遥祝家中大小平安，诸务遂心为祝。
今逢批期之便，付去港币肆拾元，到日查收，以应家中之用，专函布沏。；阳历六月廿七日，金华轮开行，潮安浮洋市树下田乡刘碧珍回汕，顺便搭去旧〔衣〕六捆，内藏两权叔搭药品，另列一纸，各物若收着，照寄去单纸提交旧衣。
汝母此信寄去，七月是无能力再寄，须要知之。",启者，上日承接覆书，各事详悉。,遥祝家中大小平安，诸务遂心为祝。,今逢批期之便，付去港币肆拾元，到日查收，以应家中之用，专函布沏。；阳历六月廿七日，金华轮开行，潮安浮洋市树下田乡刘碧珍回汕，顺便搭去旧〔衣〕六捆，内藏两权叔搭药品，另列一纸，各物若收着，照寄去单纸提交旧衣。,楚鸿吾儿知悉：；遥祝家中大小平安，诸务遂心为祝。,汝母此信寄去，七月是无能力再寄，须要知之。,,sender=叻杨秀兰；recipient=潮安东风乡陈楚鸿吾儿；relationship=parent_to_child；date=六月廿七日；money=肆拾元；currency=港币；places=潮安->广东潮安；汕头->广东汕头；东凤->广东潮安东凤；叻->新加坡；kinship=母亲；儿；叔；姑,"六月廿七日（1949后），叻杨秀兰寄潮安东凤乡陈楚鸿吾儿
叻杨秀兰
潮安东风乡陈楚鸿吾儿
六月廿七日
港币肆拾元
潮安->广东潮安；汕头->广东汕头；东凤->广东潮安东凤；叻->新加坡
family_affection;remittance;safety;instruction;debt
楚鸿吾儿知悉：
启者，上日承接覆书，各事详悉。遥祝家中大小平安，诸务遂心为祝。阳历六月廿七日，金华轮开行，潮安浮洋市树下田乡刘碧珍回汕，顺便搭去旧〔衣〕六捆，内藏两权叔搭药品，另列一纸，各物若收着，照寄去单纸提交旧衣。若是收着，由汝主意，提多少送交汝细姑母，并物食【零食】多少为要。汝母此信寄去，七月是无能力再寄，须要知之。今逢批期之便，付去港币肆拾元，到日查收，以应家中之用，专函布沏。余事后陈。并颂
近安
物件可去汕头旅社领取。彩塘市汝母舅家，全日寄旧衣，何以太久还未接回信，旧衣还未收到？",题名：六月廿七日（1949后），叻杨秀兰寄潮安东凤乡陈楚鸿吾儿；寄批人：叻杨秀兰；收批人：潮安东风乡陈楚鸿吾儿；日期：六月廿七日；汇款：港币肆拾元；主题：family_affection;remittance;safety;instruction;debt；正文摘录：楚鸿吾儿知悉：启者，上日承接覆书，各事详悉。遥祝家中大小平安，诸务遂心为祝。阳历六月廿七日，金华轮开行，潮安浮洋市树下田乡刘碧珍回汕，顺便搭去旧〔衣〕六捆，内藏两权叔搭药品，另列一纸，各物若收着，照寄去单纸提交旧衣。若是收着，由汝主意，提多,六月廿七日（1949后）,叻杨秀兰,潮安东凤乡陈楚鸿吾儿,244,0,杨秀兰,东风乡陈楚鸿,母亲,medium,广东潮安；广东潮安东凤；新加坡；广东汕头,"[{""record_id"": ""CSQP-SFHC-TEXT-206"", ""raw_text"": ""港币肆拾元"", ""amount_text"": ""肆拾元"", ""amount_number"": 40, ""currency"": ""港币"", ""sentence"": ""批款：港币肆拾元"", ""is_primary_candidate"": true, ""source_field"": ""body_clean""}, {""record_id"": ""CSQP-SFHC-TEXT-206"", ""raw_text"": ""港币肆拾元"", ""amount_text"": ""肆拾元"", ""amount_number"": 40, ""currency"": ""港币"", ""sentence"": ""今逢批期之便，付去港币肆拾元，到日查收，以应家中之用，专函布沏。"", ""is_primary_candidate"": false, ""source_field"": ""body_clean""}]",六月廿七日（1949后），叻杨秀兰寄潮安东凤乡陈楚鸿吾儿；叻杨秀兰；潮安东风乡陈楚鸿吾儿；杨秀兰；东风乡陈楚鸿；母亲；儿；叔；姑；广东潮安；广东潮安东凤；新加坡；广东汕头；港币肆拾元；港币；family_affection；remittance；safety；instruction；debt；潮安；汕头；东凤；广东；元；查收；六月；廿七日；东凤乡；陈楚鸿吾儿；东风；陈楚；拾元；family；affection；启者；诸务；楚鸿吾儿；知悉；承接；覆书；各事；详悉；遥祝；家中；大小；平安；遂心；阳历；金华；开行；浮洋市；下田；刘碧珍；回汕；顺便；搭去；六捆；内藏；两权；药品；另列；一纸；各物；收着；照寄去；单纸；提交；旧衣；主意；多少；送交；汝细；姑母；并物食；零食；汝母；此信；七月；能力
CSQP-SFHC-TEXT-207,207,七月十三日（1949后），外洋永绵寄潮汕母亲大人,pdf_pages=267-268；book_pages=238-239,1,high,0,"母亲大人尊鉴：
    敬禀者，不亲教益己（已）多时矣，蕴慕之殷无时或释，敬维福体安康，合家安吉为慰。聆悉尔来姑娘，时来俺家盘桓，承闻之下，欣慰莫喻。而外妈【外婆】因各节关系，未能长留俺家也，莫能怪。可喜弟妹均已入校，而家中未免寂寞，幸姑娘加以爱护，时来俺家，以解大人在家之寂聊（寥），并以慰男在外翘思之心。男迩来对于谋生处世途径，渐有进步，而省城话也略有所得，藉以告慰。竟弟所写之字，均甚可观，料在校成绩定不下以（于）人也。兹适船期之便，奉上港币叁拾元，祈为查收。内计祖母暨大人、外妈【外婆】、姑娘各肆元，又弟妹各一元，共十九元，余十一元作为家用，余容续禀。敬请
福安

永绵谨禀
七月十三日","母亲大人尊鉴：
敬禀者，不亲教益己（已）多时矣，蕴慕之殷无时或释，敬维福体安康，合家安吉为慰。聆悉尔来姑娘，时来俺家盘桓，承闻之下，欣慰莫喻。而外妈【外婆】因各节关系，未能长留俺家也，莫能怪。可喜弟妹均已入校，而家中未免寂寞，幸姑娘加以爱护，时来俺家，以解大人在家之寂聊（寥），并以慰男在外翘思之心。男迩来对于谋生处世途径，渐有进步，而省城话也略有所得，藉以告慰。竟弟所写之字，均甚可观，料在校成绩定不下以（于）人也。兹适船期之便，奉上港币叁拾元，祈为查收。内计祖母暨大人、外妈【外婆】、姑娘各肆元，又弟妹各一元，共十九元，余十一元作为家用，余容续禀。敬请
福安

永绵谨禀
七月十三日","母亲大人尊鉴：
敬禀者，不亲教益己（已）多时矣，蕴慕之殷无时或释，敬维福体安康，合家安吉为慰。聆悉尔来姑娘，时来俺家盘桓，承闻之下，欣慰莫喻。而外妈【外婆】因各节关系，未能长留俺家也，莫能怪。可喜弟妹均已入校，而家中未免寂寞，幸姑娘加以爱护，时来俺家，以解大人在家之寂聊（寥），并以慰男在外翘思之心。男迩来对于谋生处世途径，渐有进步，而省城话也略有所得，藉以告慰。竟弟所写之字，均甚可观，料在校成绩定不下以（于）人也。兹适船期之便，奉上港币叁拾元，祈为查收。内计祖母暨大人、外妈【外婆】、姑娘各肆元，又弟妹各一元，共十九元，余十一元作为家用，余容续禀。敬请
福安

永绵谨禀
七月十三日","敬禀者，不亲教益己（已）多时矣，蕴慕之殷无时或释，敬维福体安康，合家安吉为慰。聆悉尔来姑娘，时来俺家盘桓，承闻之下，欣慰莫喻。而外妈【外婆】因各节关系，未能长留俺家也，莫能怪。可喜弟妹均已入校，而家中未免寂寞，幸姑娘加以爱护，时来俺家，以解大人在家之寂聊（寥），并以慰男在外翘思之心。男迩来对于谋生处世途径，渐有进步，而省城话也略有所得，藉以告慰。竟弟所写之字，均甚可观，料在校成绩定不下以（于）人也。兹适船期之便，奉上港币叁拾元，祈为查收。内计祖母暨大人、外妈【外婆】、姑娘各肆元，又弟妹各一元，共十九元，余十一元作为家用，余容续禀。敬请
福安",293,5,13,外洋永绵,潮汕母亲大人,,parent,child_to_parent,母亲；祖母；弟；男；妹；姑,潮汕母；聆悉尔来姑；可喜弟妹；幸姑；竟弟；内计祖母；又弟妹,大人；尊鉴,,海外,广东侨乡,海外,广东侨乡,潮汕->广东侨乡,海外 -> 广东侨乡,1,海外；广东侨乡,七月十三日（1949后）,"永绵谨禀
七月十三日",1949后,,七月,十三日,solar,,medium,港币叁拾元,叁拾元,30,港币,兹适船期之便，奉上港币叁拾元，祈为查收。,,兹适船期之便，奉上港币叁拾元，祈为查收。,1,母亲大人尊鉴：,敬禀者，不亲教益己（已）多时矣，蕴慕之殷无时或释，敬维福体安康，合家安吉为慰。,,"敬禀者，不亲教益己（已）多时矣，蕴慕之殷无时或释，敬维福体安康，合家安吉为慰。聆悉尔来姑娘，时来俺家盘桓，承闻之下，欣慰莫喻。而外妈【外婆】因各节关系，未能长留俺家也，莫能怪。可喜弟妹均已入校，而家中未免寂寞，幸姑娘加以爱护，时来俺家，以解大人在家之寂聊（寥），并以慰男在外翘思之心。男迩来对于谋生处世途径，渐有进步，而省城话也略有所得，藉以告慰。竟弟所写之字，均甚可观，料在校成绩定不下以（于）人也。兹适船期之便，奉上港币叁拾元，祈为查收。内计祖母暨大人、外妈【外婆】、姑娘各肆元，又弟妹各一元，共十九元，余十一元作为家用，余容续禀。敬请
福安",,母亲大人尊鉴：；敬禀者，不亲教益己（已）多时矣，蕴慕之殷无时或释，敬维福体安康，合家安吉为慰。,兹适船期之便，奉上港币叁拾元，祈为查收。,,谨禀,"永绵谨禀
七月十三日",永绵谨禀,,1,1,0,1,0,1,0,0,0,0,0,instruction,family_affection;remittance;instruction;health,敬禀者；禀者,谨禀,大人；尊鉴；福安,弟；谨；俺,兹；祈；奉；承,敬禀者；谨禀；查收；福安,奉上；查收,,祈为,敬禀者；禀者；谨禀；大人；尊鉴；福安；弟；谨；俺；兹；祈；奉；承；查收,3,"母亲大人尊鉴：
敬禀者，不亲教益己（已）多时矣，蕴慕之殷无时或释，敬维福体安康，合家安吉为慰。
兹适船期之便，奉上港币叁拾元，祈为查收。
永绵谨禀",母亲大人尊鉴：,,兹适船期之便，奉上港币叁拾元，祈为查收。,母亲大人尊鉴：；敬禀者，不亲教益己（已）多时矣，蕴慕之殷无时或释，敬维福体安康，合家安吉为慰。,兹适船期之便，奉上港币叁拾元，祈为查收。,永绵谨禀,sender=外洋永绵；recipient=潮汕母亲大人；relationship=child_to_parent；date=七月十三日（1949后）；money=叁拾元；currency=港币；places=潮汕->广东侨乡；kinship=母亲；祖母；弟；男；妹；姑,"七月十三日（1949后），外洋永绵寄潮汕母亲大人
外洋永绵
潮汕母亲大人
七月十三日（1949后）
港币叁拾元
潮汕->广东侨乡
family_affection;remittance;instruction;health
敬禀者，不亲教益己（已）多时矣，蕴慕之殷无时或释，敬维福体安康，合家安吉为慰。聆悉尔来姑娘，时来俺家盘桓，承闻之下，欣慰莫喻。而外妈【外婆】因各节关系，未能长留俺家也，莫能怪。可喜弟妹均已入校，而家中未免寂寞，幸姑娘加以爱护，时来俺家，以解大人在家之寂聊（寥），并以慰男在外翘思之心。男迩来对于谋生处世途径，渐有进步，而省城话也略有所得，藉以告慰。竟弟所写之字，均甚可观，料在校成绩定不下以（于）人也。兹适船期之便，奉上港币叁拾元，祈为查收。内计祖母暨大人、外妈【外婆】、姑娘各肆元，又弟妹各一元，共十九元，余十一元作为家用，余容续禀。敬请
福安",题名：七月十三日（1949后），外洋永绵寄潮汕母亲大人；寄批人：外洋永绵；收批人：潮汕母亲大人；日期：七月十三日（1949后）；汇款：港币叁拾元；主题：family_affection;remittance;instruction;health；正文摘录：敬禀者，不亲教益己（已）多时矣，蕴慕之殷无时或释，敬维福体安康，合家安吉为慰。聆悉尔来姑娘，时来俺家盘桓，承闻之下，欣慰莫喻。而外妈【外婆】因各节关系，未能长留俺家也，莫能怪。可喜弟妹均已入校，而家中未免寂寞，幸姑娘加以爱护，时来俺家，以解,七月十三日（1949后）,外洋永绵,潮汕母亲大人,272,0,永绵,母亲,母亲,high,广东侨乡；海外,"[{""record_id"": ""CSQP-SFHC-TEXT-207"", ""raw_text"": ""港币叁拾元"", ""amount_text"": ""叁拾元"", ""amount_number"": 30, ""currency"": ""港币"", ""sentence"": ""兹适船期之便，奉上港币叁拾元，祈为查收。"", ""is_primary_candidate"": true, ""source_field"": ""body_clean""}, {""record_id"": ""CSQP-SFHC-TEXT-207"", ""raw_text"": ""肆元"", ""amount_text"": ""肆元"", ""amount_number"": 4, ""currency"": ""元"", ""sentence"": ""内计祖母暨大人、外妈【外婆】、姑娘各肆元，又弟妹各一元，共十九元，余十一元作为家用，余容续禀。"", ""is_primary_candidate"": false, ""source_field"": ""body_clean""}, {""record_id"": ""CSQP-SFHC-TEXT-207"", ""raw_text"": ""一元"", ""amount_text"": ""一元"", ""amount_number"": 1, ""currency"": ""元"", ""sentence"": ""内计祖母暨大人、外妈【外婆】、姑娘各肆元，又弟妹各一元，共十九元，余十一元作为家用，余容续禀。"", ""is_primary_candidate"": false, ""source_field"": ""body_clean""}, {""record_id"": ""CSQP-SFHC-TEXT-207"", ""raw_text"": ""十九元"", ""amount_text"": ""十九元"", ""amount_number"": 19, ""currency"": ""元"", ""sentence"": ""内计祖母暨大人、外妈【外婆】、姑娘各肆元，又弟妹各一元，共十九元，余十一元作为家用，余容续禀。"", ""is_primary_candidate"": false, ""source_field"": ""body_clean""}, {""record_id"": ""CSQP-SFHC-TEXT-207"", ""raw_text"": ""十一元"", ""amount_text"": ""十一元"", ""amount_number"": 11, ""currency"": ""元"", ""sentence"": ""内计祖母暨大人、外妈【外婆】、姑娘各肆元，又弟妹各一元，共十九元，余十一元作为家用，余容续禀。"", ""is_primary_candidate"": false, ""source_field"": ""body_clean""}]",七月十三日（1949后），外洋永绵寄潮汕母亲大人；外洋永绵；潮汕母亲大人；永绵；母亲；祖母；弟；男；妹；姑；广东侨乡；海外；港币叁拾元；港币；family_affection；remittance；instruction；health；潮汕；广东；元；敬禀者；谨禀；查收；福安；七月；十三日；外洋；侨乡；拾元；family；affection；禀者；尊鉴；不亲；教益；多时；蕴慕；殷无时；或释；敬维；福体；安康；合家；安吉；为慰；聆悉尔来；姑娘；时来；俺家；盘桓；承闻；之下；欣慰；莫喻；而外；外婆；各节；关系；未能；长留；莫能；可喜；弟妹；入校；家中；未免；寂寞；加以；爱护；以解；在家；之寂；以慰；在外；翘思之心；迩来；对于；谋生；处世
CSQP-SFHC-TEXT-208,208,八月廿日（1949后），叻陈碧心寄澄邑隆都潘舜良女儿,pdf_pages=269；book_pages=240,1,medium,0,"寄批人：叻陈碧心
收批人：澄邑隆都潘舜良女儿
批款：港币叁拾元
日期：八月廿日

舜良女儿收悉：
    启者，兹逢便寄去港币叁拾元，届时查收。内抹壹拾元，与相知叔收用，抹壹拾元与田兄拜祖，并拜傅先生，余壹拾元为女儿收用。日前寄去邮信，谅有收到？上月尔兄，尝寄去壹佰元，系要还人数项，谅有收到？祈赐示复。余言后嘱。并询
近好

母亲字
八月廿日","寄批人：叻陈碧心
收批人：澄邑隆都潘舜良女儿
批款：港币叁拾元
日期：八月廿日

舜良女儿收悉：
启者，兹逢便寄去港币叁拾元，届时查收。内抹壹拾元，与相知叔收用，抹壹拾元与田兄拜祖，并拜傅先生，余壹拾元为女儿收用。日前寄去邮信，谅有收到？上月尔兄，尝寄去壹佰元，系要还人数项，谅有收到？祈赐示复。余言后嘱。并询
近好

母亲字
八月廿日","舜良女儿收悉：
启者，兹逢便寄去港币叁拾元，届时查收。内抹壹拾元，与相知叔收用，抹壹拾元与田兄拜祖，并拜傅先生，余壹拾元为女儿收用。日前寄去邮信，谅有收到？上月尔兄，尝寄去壹佰元，系要还人数项，谅有收到？祈赐示复。余言后嘱。并询
近好

母亲字
八月廿日","启者，兹逢便寄去港币叁拾元，届时查收。内抹壹拾元，与相知叔收用，抹壹拾元与田兄拜祖，并拜傅先生，余壹拾元为女儿收用。日前寄去邮信，谅有收到？上月尔兄，尝寄去壹佰元，系要还人数项，谅有收到？祈赐示复。余言后嘱。并询
近好",168,9,11,叻陈碧心,澄邑隆都潘舜良女儿,,,unknown,母亲；兄；儿；叔,潘舜良女儿；舜良女儿；与相知叔；拾元与田兄；拾元为女儿；上月尔兄,,,新加坡,广东澄海,新加坡,广东澄海,澄邑->广东澄海；叻->新加坡,新加坡 -> 广东澄海,1,新加坡；广东侨乡,八月廿日,"母亲字
八月廿日",1949后,,八月,,solar,,medium,港币叁拾元,叁拾元,30,港币,启者，兹逢便寄去港币叁拾元，届时查收。；日前寄去邮信，谅有收到？,,启者，兹逢便寄去港币叁拾元，届时查收。；内抹壹拾元，与相知叔收用，抹壹拾元与田兄拜祖，并拜傅先生，余壹拾元为女儿收用。,1,舜良女儿收悉：,启者，兹逢便寄去港币叁拾元，届时查收。,,"启者，兹逢便寄去港币叁拾元，届时查收。内抹壹拾元，与相知叔收用，抹壹拾元与田兄拜祖，并拜傅先生，余壹拾元为女儿收用。日前寄去邮信，谅有收到？上月尔兄，尝寄去壹佰元，系要还人数项，谅有收到？祈赐示复。余言后嘱。并询
近好",,舜良女儿收悉：；内抹壹拾元，与相知叔收用，抹壹拾元与田兄拜祖，并拜傅先生，余壹拾元为女儿收用。,余言后嘱。,,字,"母亲字
八月廿日",母亲字,,1,1,0,1,0,0,0,1,0,0,0,instruction,family_affection;remittance;instruction;debt,启者,启,先生,儿,兹；祈；谅,查收,寄去；查收,,嘱,启者；启；先生；儿；兹；祈；谅；查收,2,"舜良女儿收悉：
启者，兹逢便寄去港币叁拾元，届时查收。
启者，兹逢便寄去港币叁拾元，届时查收。；日前寄去邮信，谅有收到？
余言后嘱。
母亲字",舜良女儿收悉：,,启者，兹逢便寄去港币叁拾元，届时查收。；日前寄去邮信，谅有收到？,舜良女儿收悉：；内抹壹拾元，与相知叔收用，抹壹拾元与田兄拜祖，并拜傅先生，余壹拾元为女儿收用。,余言后嘱。,母亲字,sender=叻陈碧心；recipient=澄邑隆都潘舜良女儿；relationship=unknown；date=八月廿日；money=叁拾元；currency=港币；places=澄邑->广东澄海；叻->新加坡；kinship=母亲；兄；儿；叔,"八月廿日（1949后），叻陈碧心寄澄邑隆都潘舜良女儿
叻陈碧心
澄邑隆都潘舜良女儿
八月廿日
港币叁拾元
澄邑->广东澄海；叻->新加坡
family_affection;remittance;instruction;debt
启者，兹逢便寄去港币叁拾元，届时查收。内抹壹拾元，与相知叔收用，抹壹拾元与田兄拜祖，并拜傅先生，余壹拾元为女儿收用。日前寄去邮信，谅有收到？上月尔兄，尝寄去壹佰元，系要还人数项，谅有收到？祈赐示复。余言后嘱。并询
近好",题名：八月廿日（1949后），叻陈碧心寄澄邑隆都潘舜良女儿；寄批人：叻陈碧心；收批人：澄邑隆都潘舜良女儿；日期：八月廿日；汇款：港币叁拾元；主题：family_affection;remittance;instruction;debt；正文摘录：启者，兹逢便寄去港币叁拾元，届时查收。内抹壹拾元，与相知叔收用，抹壹拾元与田兄拜祖，并拜傅先生，余壹拾元为女儿收用。日前寄去邮信，谅有收到？上月尔兄，尝寄去壹佰元，系要还人数项，谅有收到？祈赐示复。余言后嘱。并询近好,八月廿日（1949后）,叻陈碧心,澄邑隆都潘舜良女儿,108,0,陈碧心,隆都潘舜良女儿,母亲,,广东澄海；新加坡,"[{""record_id"": ""CSQP-SFHC-TEXT-208"", ""raw_text"": ""港币叁拾元"", ""amount_text"": ""叁拾元"", ""amount_number"": 30, ""currency"": ""港币"", ""sentence"": ""批款：港币叁拾元"", ""is_primary_candidate"": true, ""source_field"": ""body_clean""}, {""record_id"": ""CSQP-SFHC-TEXT-208"", ""raw_text"": ""港币叁拾元"", ""amount_text"": ""叁拾元"", ""amount_number"": 30, ""currency"": ""港币"", ""sentence"": ""启者，兹逢便寄去港币叁拾元，届时查收。"", ""is_primary_candidate"": false, ""source_field"": ""body_clean""}, {""record_id"": ""CSQP-SFHC-TEXT-208"", ""raw_text"": ""壹拾元"", ""amount_text"": ""壹拾元"", ""amount_number"": 10, ""currency"": ""元"", ""sentence"": ""内抹壹拾元，与相知叔收用，抹壹拾元与田兄拜祖，并拜傅先生，余壹拾元为女儿收用。"", ""is_primary_candidate"": false, ""source_field"": ""body_clean""}, {""record_id"": ""CSQP-SFHC-TEXT-208"", ""raw_text"": ""壹佰元"", ""amount_text"": ""壹佰元"", ""amount_number"": 100, ""currency"": ""元"", ""sentence"": ""上月尔兄，尝寄去壹佰元，系要还人数项，谅有收到？"", ""is_primary_candidate"": false, ""source_field"": ""body_clean""}]",八月廿日（1949后），叻陈碧心寄澄邑隆都潘舜良女儿；叻陈碧心；澄邑隆都潘舜良女儿；陈碧心；隆都潘舜良女儿；母亲；兄；儿；叔；广东澄海；新加坡；港币叁拾元；港币；family_affection；remittance；instruction；debt；澄海；澄邑；广东；元；查收；八月；廿日；寄澄邑隆；潘舜良；女儿；澄邑隆；拾元；family；affection；启者；先生；届时；相知；叔收用；田兄；拜祖；傅先生；余壹；日前；寄去；邮信；谅有；收到；上月尔兄；尝寄去；壹佰元；系要；人数；祈赐示；余言；后嘱；并询；近好
CSQP-SFHC-TEXT-209,209,十一月二日（1949后），外洋陈和武寄潮汕李氏荆妻,pdf_pages=270；book_pages=241,1,medium,0,"李氏荆妻收次：
    兹者，今逢轮便，付去港币肆拾元，到时查收。内中抹出陆元，奉与二叔婶两位大人之用，又抹出肆元，奉与细姑之用，并代为问候，其余之项以作家情之用。未卜每月家情费用若干，对于所寄之项，岂足用否？如何之处，切回音来知。另者，二叔回塘（唐），定卜一路水陆平安，何日到家否？顺笔来知，余无别言。并询
近佳

愚陈和武寄
十一月二日","李氏荆妻收次：
兹者，今逢轮便，付去港币肆拾元，到时查收。内中抹出陆元，奉与二叔婶两位大人之用，又抹出肆元，奉与细姑之用，并代为问候，其余之项以作家情之用。未卜每月家情费用若干，对于所寄之项，岂足用否？如何之处，切回音来知。另者，二叔回塘（唐），定卜一路水陆平安，何日到家否？顺笔来知，余无别言。并询
近佳

愚陈和武寄
十一月二日","李氏荆妻收次：
兹者，今逢轮便，付去港币肆拾元，到时查收。内中抹出陆元，奉与二叔婶两位大人之用，又抹出肆元，奉与细姑之用，并代为问候，其余之项以作家情之用。未卜每月家情费用若干，对于所寄之项，岂足用否？如何之处，切回音来知。另者，二叔回塘（唐），定卜一路水陆平安，何日到家否？顺笔来知，余无别言。并询
近佳

愚陈和武寄
十一月二日","李氏荆妻收次：
兹者，今逢轮便，付去港币肆拾元，到时查收。内中抹出陆元，奉与二叔婶两位大人之用，又抹出肆元，奉与细姑之用，并代为问候，其余之项以作家情之用。未卜每月家情费用若干，对于所寄之项，岂足用否？如何之处，切回音来知。另者，二叔回塘（唐），定卜一路水陆平安，何日到家否？顺笔来知，余无别言。并询
近佳
愚陈和武寄",166,5,11,外洋陈和武,潮汕李氏荆妻,,spouse,spouse_to_spouse,妻；荆妻；叔；婶；姑,汕李氏荆妻；李氏荆妻；奉与二叔婶；奉与细姑；二叔,,,海外,广东侨乡,海外,广东侨乡,潮汕->广东侨乡,海外 -> 广东侨乡,1,海外；广东侨乡,十一月二日（1949后）,十一月二日,1949后,,十一月,二日,solar,,medium,港币肆拾元,肆拾元,40,港币,兹者，今逢轮便，付去港币肆拾元，到时查收。；内中抹出陆元，奉与二叔婶两位大人之用，又抹出肆元，奉与细姑之用，并代为问候，其余之项以作家情之用。,,兹者，今逢轮便，付去港币肆拾元，到时查收。,1,,,另者，二叔回塘（唐），定卜一路水陆平安，何日到家否？,"李氏荆妻收次：
兹者，今逢轮便，付去港币肆拾元，到时查收。内中抹出陆元，奉与二叔婶两位大人之用，又抹出肆元，奉与细姑之用，并代为问候，其余之项以作家情之用。未卜每月家情费用若干，对于所寄之项，岂足用否？如何之处，切回音来知。另者，二叔回塘（唐），定卜一路水陆平安，何日到家否？顺笔来知，余无别言。并询
近佳
愚陈和武寄",另者，二叔回塘（唐），定卜一路水陆平安，何日到家否？,李氏荆妻收次：,,,,十一月二日,,,1,1,1,0,0,0,0,0,1,0,0,safety_report,family_affection;remittance;safety;marriage,,,大人,愚,兹；奉,查收,付去；查收,平安,,大人；愚；兹；奉；查收,2,"另者，二叔回塘（唐），定卜一路水陆平安，何日到家否？
兹者，今逢轮便，付去港币肆拾元，到时查收。；内中抹出陆元，奉与二叔婶两位大人之用，又抹出肆元，奉与细姑之用，并代为问候，其余之项以作家情之用。",,另者，二叔回塘（唐），定卜一路水陆平安，何日到家否？,兹者，今逢轮便，付去港币肆拾元，到时查收。；内中抹出陆元，奉与二叔婶两位大人之用，又抹出肆元，奉与细姑之用，并代为问候，其余之项以作家情之用。,李氏荆妻收次：,,,sender=外洋陈和武；recipient=潮汕李氏荆妻；relationship=spouse_to_spouse；date=十一月二日（1949后）；money=肆拾元；currency=港币；places=潮汕->广东侨乡；kinship=妻；荆妻；叔；婶；姑,"十一月二日（1949后），外洋陈和武寄潮汕李氏荆妻
外洋陈和武
潮汕李氏荆妻
十一月二日（1949后）
港币肆拾元
潮汕->广东侨乡
family_affection;remittance;safety;marriage
李氏荆妻收次：
兹者，今逢轮便，付去港币肆拾元，到时查收。内中抹出陆元，奉与二叔婶两位大人之用，又抹出肆元，奉与细姑之用，并代为问候，其余之项以作家情之用。未卜每月家情费用若干，对于所寄之项，岂足用否？如何之处，切回音来知。另者，二叔回塘（唐），定卜一路水陆平安，何日到家否？顺笔来知，余无别言。并询
近佳
愚陈和武寄",题名：十一月二日（1949后），外洋陈和武寄潮汕李氏荆妻；寄批人：外洋陈和武；收批人：潮汕李氏荆妻；日期：十一月二日（1949后）；汇款：港币肆拾元；主题：family_affection;remittance;safety;marriage；正文摘录：李氏荆妻收次：兹者，今逢轮便，付去港币肆拾元，到时查收。内中抹出陆元，奉与二叔婶两位大人之用，又抹出肆元，奉与细姑之用，并代为问候，其余之项以作家情之用。未卜每月家情费用若干，对于所寄之项，岂足用否？如何之处，切回音来知。另者，二叔回塘（唐,十一月二日（1949后）,外洋陈和武,潮汕李氏荆妻,156,0,陈和武,李氏荆妻,妻,medium,广东侨乡；海外,"[{""record_id"": ""CSQP-SFHC-TEXT-209"", ""raw_text"": ""港币肆拾元"", ""amount_text"": ""肆拾元"", ""amount_number"": 40, ""currency"": ""港币"", ""sentence"": ""兹者，今逢轮便，付去港币肆拾元，到时查收。"", ""is_primary_candidate"": true, ""source_field"": ""body_clean""}, {""record_id"": ""CSQP-SFHC-TEXT-209"", ""raw_text"": ""陆元"", ""amount_text"": ""陆元"", ""amount_number"": 6, ""currency"": ""元"", ""sentence"": ""内中抹出陆元，奉与二叔婶两位大人之用，又抹出肆元，奉与细姑之用，并代为问候，其余之项以作家情之用。"", ""is_primary_candidate"": false, ""source_field"": ""body_clean""}, {""record_id"": ""CSQP-SFHC-TEXT-209"", ""raw_text"": ""肆元"", ""amount_text"": ""肆元"", ""amount_number"": 4, ""currency"": ""元"", ""sentence"": ""内中抹出陆元，奉与二叔婶两位大人之用，又抹出肆元，奉与细姑之用，并代为问候，其余之项以作家情之用。"", ""is_primary_candidate"": false, ""source_field"": ""body_clean""}]",十一月二日（1949后），外洋陈和武寄潮汕李氏荆妻；外洋陈和武；潮汕李氏荆妻；陈和武；李氏荆妻；妻；荆妻；叔；婶；姑；广东侨乡；海外；港币肆拾元；港币；family_affection；remittance；safety；marriage；潮汕；广东；元；查收；十一月；二日；外洋；李氏；侨乡；拾元；family；affection；收次；兹者；今逢轮；内中；出陆元；叔婶；两位；之用；肆元；细姑；代为；问候；其余；之项；作家；未卜；每月；费用；若干；对于；所寄之项；岂足；用否；如何；回音；来知；另者；二叔；回塘；定卜；一路；水陆；平安；何日；到家否；顺笔；余无别；并询；近佳
CSQP-SFHC-TEXT-210,210,十一月廿二（1949后），香蔡得钦寄潮安登隆都蔡永钦先生,pdf_pages=271；book_pages=242,1,medium,0,"寄批人：香蔡得钦
收批人：潮安登隆都蔡永钦先生
批款：港币壹佰伍拾元
日期：十一月廿二

永钦胞兄大鉴：
    敬启者，兹由批局寄上港币壹佰伍拾元，到祈检收。内抹五十元，交大兄收用，伍拾元交五弟收用，余五十元，我兄收用可也。收妥回音示慰，余后陈。此请
大安

弟得钦启
十一，廿二","寄批人：香蔡得钦
收批人：潮安登隆都蔡永钦先生
批款：港币壹佰伍拾元
日期：十一月廿二

永钦胞兄大鉴：
敬启者，兹由批局寄上港币壹佰伍拾元，到祈检收。内抹五十元，交大兄收用，伍拾元交五弟收用，余五十元，我兄收用可也。收妥回音示慰，余后陈。此请
大安

弟得钦启
十一，廿二","永钦胞兄大鉴：
敬启者，兹由批局寄上港币壹佰伍拾元，到祈检收。内抹五十元，交大兄收用，伍拾元交五弟收用，余五十元，我兄收用可也。收妥回音示慰，余后陈。此请
大安

弟得钦启
十一，廿二","永钦胞兄大鉴：
敬启者，兹由批局寄上港币壹佰伍拾元，到祈检收。内抹五十元，交大兄收用，伍拾元交五弟收用，余五十元，我兄收用可也。收妥回音示慰，余后陈。此请
大安",137,9,8,香蔡得钦,潮安登隆都蔡永钦先生,sibling,social_or_business_contact,sibling_or_same_generation_kin,兄；弟,永钦胞兄；交大兄；拾元交五弟；我兄,先生,弟,,广东潮安,,广东潮安,潮安->广东潮安,广东潮安,0,广东侨乡,十一月廿二,"弟得钦启
十一，廿二",1949后,,十一月,,solar,,medium,港币壹佰伍拾元,壹佰伍拾元,150,港币,敬启者，兹由批局寄上港币壹佰伍拾元，到祈检收。,,内抹五十元，交大兄收用，伍拾元交五弟收用，余五十元，我兄收用可也。,1,,敬启者，兹由批局寄上港币壹佰伍拾元，到祈检收。,,"永钦胞兄大鉴：
敬启者，兹由批局寄上港币壹佰伍拾元，到祈检收。内抹五十元，交大兄收用，伍拾元交五弟收用，余五十元，我兄收用可也。收妥回音示慰，余后陈。此请
大安",,,,,启,"弟得钦启
十一，廿二",弟得钦启,,0,1,0,0,0,0,0,0,0,0,0,remittance,remittance,启者,启,,弟,兹；祈,,寄上,,,启者；启；弟；兹；祈,2,"敬启者，兹由批局寄上港币壹佰伍拾元，到祈检收。
弟得钦启",敬启者，兹由批局寄上港币壹佰伍拾元，到祈检收。,,敬启者，兹由批局寄上港币壹佰伍拾元，到祈检收。,,,弟得钦启,sender=香蔡得钦；recipient=潮安登隆都蔡永钦先生；relationship=sibling_or_same_generation_kin；date=十一月廿二；money=壹佰伍拾元；currency=港币；places=潮安->广东潮安；kinship=兄；弟,"十一月廿二（1949后），香蔡得钦寄潮安登隆都蔡永钦先生
香蔡得钦
潮安登隆都蔡永钦先生
十一月廿二
港币壹佰伍拾元
潮安->广东潮安
remittance
永钦胞兄大鉴：
敬启者，兹由批局寄上港币壹佰伍拾元，到祈检收。内抹五十元，交大兄收用，伍拾元交五弟收用，余五十元，我兄收用可也。收妥回音示慰，余后陈。此请
大安",题名：十一月廿二（1949后），香蔡得钦寄潮安登隆都蔡永钦先生；寄批人：香蔡得钦；收批人：潮安登隆都蔡永钦先生；日期：十一月廿二；汇款：港币壹佰伍拾元；主题：remittance；正文摘录：永钦胞兄大鉴：敬启者，兹由批局寄上港币壹佰伍拾元，到祈检收。内抹五十元，交大兄收用，伍拾元交五弟收用，余五十元，我兄收用可也。收妥回音示慰，余后陈。此请大安,十一月廿二（1949后）,香蔡得钦,潮安登隆都蔡永钦先生,78,0,蔡得钦,登隆都蔡永钦,兄,high,广东潮安,"[{""record_id"": ""CSQP-SFHC-TEXT-210"", ""raw_text"": ""港币壹佰伍拾元"", ""amount_text"": ""壹佰伍拾元"", ""amount_number"": 150, ""currency"": ""港币"", ""sentence"": ""批款：港币壹佰伍拾元"", ""is_primary_candidate"": true, ""source_field"": ""body_clean""}, {""record_id"": ""CSQP-SFHC-TEXT-210"", ""raw_text"": ""港币壹佰伍拾元"", ""amount_text"": ""壹佰伍拾元"", ""amount_number"": 150, ""currency"": ""港币"", ""sentence"": ""敬启者，兹由批局寄上港币壹佰伍拾元，到祈检收。"", ""is_primary_candidate"": false, ""source_field"": ""body_clean""}, {""record_id"": ""CSQP-SFHC-TEXT-210"", ""raw_text"": ""五十元"", ""amount_text"": ""五十元"", ""amount_number"": 50, ""currency"": ""元"", ""sentence"": ""内抹五十元，交大兄收用，伍拾元交五弟收用，余五十元，我兄收用可也。"", ""is_primary_candidate"": false, ""source_field"": ""body_clean""}, {""record_id"": ""CSQP-SFHC-TEXT-210"", ""raw_text"": ""伍拾元"", ""amount_text"": ""伍拾元"", ""amount_number"": 50, ""currency"": ""元"", ""sentence"": ""内抹五十元，交大兄收用，伍拾元交五弟收用，余五十元，我兄收用可也。"", ""is_primary_candidate"": false, ""source_field"": ""body_clean""}]",十一月廿二（1949后），香蔡得钦寄潮安登隆都蔡永钦先生；香蔡得钦；潮安登隆都蔡永钦先生；蔡得钦；登隆都蔡永钦；兄；弟；广东潮安；港币壹佰伍拾元；港币；remittance；潮安；广东；元；十一月；廿二；蔡得；登隆；蔡永钦；先生；壹佰；伍拾；启者；永钦；胞兄；大鉴；敬启者；批局；检收；五十元；交大；兄收用；元交；五弟；我兄；收用；收妥；回音；示慰；余后；此请；大安
CSQP-SFHC-TEXT-211,211,十一月廿七日（1949后），外洋巧仙寄潮汕双亲大人,pdf_pages=272；book_pages=243,1,medium,0,"双亲大人尊前：
    久疏禀候，歉罪殊深，恭维玉体康泰，起居安妥，为祝为祷。兹承赍函，附上港币叁拾元，至请照收。内计壹拾元，呈交祖母大人收用，存余二十元，作为慈亲大人费用。余容后禀。敬请
福安

女巧仙禀上
十一月廿七日","双亲大人尊前：
久疏禀候，歉罪殊深，恭维玉体康泰，起居安妥，为祝为祷。兹承赍函，附上港币叁拾元，至请照收。内计壹拾元，呈交祖母大人收用，存余二十元，作为慈亲大人费用。余容后禀。敬请
福安

女巧仙禀上
十一月廿七日","双亲大人尊前：
久疏禀候，歉罪殊深，恭维玉体康泰，起居安妥，为祝为祷。兹承赍函，附上港币叁拾元，至请照收。内计壹拾元，呈交祖母大人收用，存余二十元，作为慈亲大人费用。余容后禀。敬请
福安

女巧仙禀上
十一月廿七日","久疏禀候，歉罪殊深，恭维玉体康泰，起居安妥，为祝为祷。兹承赍函，附上港币叁拾元，至请照收。内计壹拾元，呈交祖母大人收用，存余二十元，作为慈亲大人费用。余容后禀。敬请
福安",107,5,9,外洋巧仙,潮汕双亲大人,,parent,child_to_parent,慈亲；双亲；祖母,呈交祖母,大人；尊前,,海外,广东侨乡,海外,广东侨乡,潮汕->广东侨乡,海外 -> 广东侨乡,1,海外；广东侨乡,十一月廿七日（1949后）,"女巧仙禀上
十一月廿七日",1949后,,十一月,廿七日,solar,,medium,港币叁拾元,叁拾元,30,港币,兹承赍函，附上港币叁拾元，至请照收。,,兹承赍函，附上港币叁拾元，至请照收。；内计壹拾元，呈交祖母大人收用，存余二十元，作为慈亲大人费用。,1,双亲大人尊前：,,久疏禀候，歉罪殊深，恭维玉体康泰，起居安妥，为祝为祷。,"久疏禀候，歉罪殊深，恭维玉体康泰，起居安妥，为祝为祷。兹承赍函，附上港币叁拾元，至请照收。内计壹拾元，呈交祖母大人收用，存余二十元，作为慈亲大人费用。余容后禀。敬请
福安",久疏禀候，歉罪殊深，恭维玉体康泰，起居安妥，为祝为祷。,内计壹拾元，呈交祖母大人收用，存余二十元，作为慈亲大人费用。,,,禀上,"女巧仙禀上
十一月廿七日",女巧仙禀上,,1,1,0,0,0,0,0,0,0,0,0,remittance,family_affection;remittance,尊前,,大人；尊前；福安,,兹；承；容后,尊前；福安；容后,,起居,,尊前；大人；福安；兹；承；容后,2,"双亲大人尊前：
久疏禀候，歉罪殊深，恭维玉体康泰，起居安妥，为祝为祷。
兹承赍函，附上港币叁拾元，至请照收。
女巧仙禀上",双亲大人尊前：,久疏禀候，歉罪殊深，恭维玉体康泰，起居安妥，为祝为祷。,兹承赍函，附上港币叁拾元，至请照收。,内计壹拾元，呈交祖母大人收用，存余二十元，作为慈亲大人费用。,,女巧仙禀上,sender=外洋巧仙；recipient=潮汕双亲大人；relationship=child_to_parent；date=十一月廿七日（1949后）；money=叁拾元；currency=港币；places=潮汕->广东侨乡；kinship=慈亲；双亲；祖母,"十一月廿七日（1949后），外洋巧仙寄潮汕双亲大人
外洋巧仙
潮汕双亲大人
十一月廿七日（1949后）
港币叁拾元
潮汕->广东侨乡
family_affection;remittance
久疏禀候，歉罪殊深，恭维玉体康泰，起居安妥，为祝为祷。兹承赍函，附上港币叁拾元，至请照收。内计壹拾元，呈交祖母大人收用，存余二十元，作为慈亲大人费用。余容后禀。敬请
福安",题名：十一月廿七日（1949后），外洋巧仙寄潮汕双亲大人；寄批人：外洋巧仙；收批人：潮汕双亲大人；日期：十一月廿七日（1949后）；汇款：港币叁拾元；主题：family_affection;remittance；正文摘录：久疏禀候，歉罪殊深，恭维玉体康泰，起居安妥，为祝为祷。兹承赍函，附上港币叁拾元，至请照收。内计壹拾元，呈交祖母大人收用，存余二十元，作为慈亲大人费用。余容后禀。敬请福安,十一月廿七日（1949后）,外洋巧仙,潮汕双亲大人,84,0,巧仙,双亲,双亲,high,广东侨乡；海外,"[{""record_id"": ""CSQP-SFHC-TEXT-211"", ""raw_text"": ""港币叁拾元"", ""amount_text"": ""叁拾元"", ""amount_number"": 30, ""currency"": ""港币"", ""sentence"": ""兹承赍函，附上港币叁拾元，至请照收。"", ""is_primary_candidate"": true, ""source_field"": ""body_clean""}, {""record_id"": ""CSQP-SFHC-TEXT-211"", ""raw_text"": ""壹拾元"", ""amount_text"": ""壹拾元"", ""amount_number"": 10, ""currency"": ""元"", ""sentence"": ""内计壹拾元，呈交祖母大人收用，存余二十元，作为慈亲大人费用。"", ""is_primary_candidate"": false, ""source_field"": ""body_clean""}, {""record_id"": ""CSQP-SFHC-TEXT-211"", ""raw_text"": ""二十元"", ""amount_text"": ""二十元"", ""amount_number"": 20, ""currency"": ""元"", ""sentence"": ""内计壹拾元，呈交祖母大人收用，存余二十元，作为慈亲大人费用。"", ""is_primary_candidate"": false, ""source_field"": ""body_clean""}]",十一月廿七日（1949后），外洋巧仙寄潮汕双亲大人；外洋巧仙；潮汕双亲大人；巧仙；双亲；慈亲；祖母；广东侨乡；海外；港币叁拾元；港币；family_affection；remittance；潮汕；广东；元；尊前；福安；容后；十一月；廿七日；外洋；侨乡；拾元；family；affection；禀候；歉罪殊；恭维；玉体；康泰；起居；安妥；附上；照收；内计；呈交；存余；二十元；作为；费用；余容
CSQP-SFHC-TEXT-212,212,农历十二月十二日（1949后），暹黄丙权寄澄邑南砂乡林宅岳母大人,pdf_pages=273；book_pages=244,1,medium,0,"寄批人：黄万权
收批人：澄属南砂乡林宅岳母大人
批款：港币陆拾元
日期：农历十二月十二日

书奉
岳母大人膝下：
    敬禀者，婿等因远居异邦，未能躬亲奉侍，仅每月托舅兄致候而已，缘现在自己寄批，甚为麻烦，兹因年关将届，特函祝贺大人迎春纳福，并祝府上诸位康安。兹寄港币陆拾元，与诸人福腰。计银姑妹十元，大媳十元，齐周侄十元，余存三十元大人自己收用，祈照为分交，乃荷，余事后禀。专此，并候
金安

婿喜林、女银莲仝禀
农历十二月十二日","寄批人：黄万权
收批人：澄属南砂乡林宅岳母大人
批款：港币陆拾元
日期：农历十二月十二日

书奉
岳母大人膝下：
敬禀者，婿等因远居异邦，未能躬亲奉侍，仅每月托舅兄致候而已，缘现在自己寄批，甚为麻烦，兹因年关将届，特函祝贺大人迎春纳福，并祝府上诸位康安。兹寄港币陆拾元，与诸人福腰。计银姑妹十元，大媳十元，齐周侄十元，余存三十元大人自己收用，祈照为分交，乃荷，余事后禀。专此，并候
金安

婿喜林、女银莲仝禀
农历十二月十二日","书奉
岳母大人膝下：
敬禀者，婿等因远居异邦，未能躬亲奉侍，仅每月托舅兄致候而已，缘现在自己寄批，甚为麻烦，兹因年关将届，特函祝贺大人迎春纳福，并祝府上诸位康安。兹寄港币陆拾元，与诸人福腰。计银姑妹十元，大媳十元，齐周侄十元，余存三十元大人自己收用，祈照为分交，乃荷，余事后禀。专此，并候
金安

婿喜林、女银莲仝禀
农历十二月十二日","书奉
敬禀者，婿等因远居异邦，未能躬亲奉侍，仅每月托舅兄致候而已，缘现在自己寄批，甚为麻烦，兹因年关将届，特函祝贺大人迎春纳福，并祝府上诸位康安。兹寄港币陆拾元，与诸人福腰。计银姑妹十元，大媳十元，齐周侄十元，余存三十元大人自己收用，祈照为分交，乃荷，余事后禀。专此，并候
金安",213,10,9,黄万权,澄属南砂乡林宅岳母大人,son_in_law,parent_in_law,son_in_law_to_parent_in_law,岳母；兄；侄；媳；妹；姑,砂乡林宅岳母；岳母；每月托舅兄；计银姑妹；大媳；齐周侄,大人；膝下,婿,泰国,广东澄海,泰国,广东澄海,澄邑->广东澄海,泰国 -> 广东澄海,1,泰国；广东侨乡,农历十二月十二日,"婿喜林、女银莲仝禀
农历十二月十二日",1949后,,十二月,十二日,mixed,,medium,港币陆拾元,陆拾元,60,港币,兹寄港币陆拾元，与诸人福腰。,,计银姑妹十元，大媳十元，齐周侄十元，余存三十元大人自己收用，祈照为分交，乃荷，余事后禀。,1,岳母大人膝下：,敬禀者，婿等因远居异邦，未能躬亲奉侍，仅每月托舅兄致候而已，缘现在自己寄批，甚为麻烦，兹因年关将届，特函祝贺大人迎春纳福，并祝府上诸位康安。,,"书奉
敬禀者，婿等因远居异邦，未能躬亲奉侍，仅每月托舅兄致候而已，缘现在自己寄批，甚为麻烦，兹因年关将届，特函祝贺大人迎春纳福，并祝府上诸位康安。兹寄港币陆拾元，与诸人福腰。计银姑妹十元，大媳十元，齐周侄十元，余存三十元大人自己收用，祈照为分交，乃荷，余事后禀。专此，并候
金安",,岳母大人膝下：,,,,"婿喜林、女银莲仝禀
农历十二月十二日",婿喜林、女银莲仝禀,,1,1,0,0,0,0,0,0,1,0,0,marriage,family_affection;remittance;marriage,敬禀者；禀者；膝下,托,大人；膝下；金安,,兹；祈；荷；奉,敬禀者；膝下；金安,,,,敬禀者；禀者；膝下；托；大人；金安；兹；祈；荷；奉,3,"岳母大人膝下：
敬禀者，婿等因远居异邦，未能躬亲奉侍，仅每月托舅兄致候而已，缘现在自己寄批，甚为麻烦，兹因年关将届，特函祝贺大人迎春纳福，并祝府上诸位康安。
兹寄港币陆拾元，与诸人福腰。
婿喜林、女银莲仝禀",岳母大人膝下：,,兹寄港币陆拾元，与诸人福腰。,岳母大人膝下：,,婿喜林、女银莲仝禀,sender=黄万权；recipient=澄属南砂乡林宅岳母大人；relationship=son_in_law_to_parent_in_law；date=农历十二月十二日；money=陆拾元；currency=港币；places=澄邑->广东澄海；kinship=岳母；兄；侄；媳；妹；姑,"农历十二月十二日（1949后），暹黄丙权寄澄邑南砂乡林宅岳母大人
黄万权
澄属南砂乡林宅岳母大人
农历十二月十二日
港币陆拾元
澄邑->广东澄海
family_affection;remittance;marriage
书奉
敬禀者，婿等因远居异邦，未能躬亲奉侍，仅每月托舅兄致候而已，缘现在自己寄批，甚为麻烦，兹因年关将届，特函祝贺大人迎春纳福，并祝府上诸位康安。兹寄港币陆拾元，与诸人福腰。计银姑妹十元，大媳十元，齐周侄十元，余存三十元大人自己收用，祈照为分交，乃荷，余事后禀。专此，并候
金安",题名：农历十二月十二日（1949后），暹黄丙权寄澄邑南砂乡林宅岳母大人；寄批人：黄万权；收批人：澄属南砂乡林宅岳母大人；日期：农历十二月十二日；汇款：港币陆拾元；主题：family_affection;remittance;marriage；正文摘录：书奉敬禀者，婿等因远居异邦，未能躬亲奉侍，仅每月托舅兄致候而已，缘现在自己寄批，甚为麻烦，兹因年关将届，特函祝贺大人迎春纳福，并祝府上诸位康安。兹寄港币陆拾元，与诸人福腰。计银姑妹十元，大媳十元，齐周侄十元，余存三十元大人自己收用，祈照为分,农历十二月十二日（1949后）,暹黄丙权,澄邑南砂乡林宅岳母大人,137,0,黄万权,澄属南砂乡林宅岳母,岳母,high,广东澄海；泰国,"[{""record_id"": ""CSQP-SFHC-TEXT-212"", ""raw_text"": ""港币陆拾元"", ""amount_text"": ""陆拾元"", ""amount_number"": 60, ""currency"": ""港币"", ""sentence"": ""批款：港币陆拾元"", ""is_primary_candidate"": true, ""source_field"": ""body_clean""}, {""record_id"": ""CSQP-SFHC-TEXT-212"", ""raw_text"": ""港币陆拾元"", ""amount_text"": ""陆拾元"", ""amount_number"": 60, ""currency"": ""港币"", ""sentence"": ""兹寄港币陆拾元，与诸人福腰。"", ""is_primary_candidate"": false, ""source_field"": ""body_clean""}, {""record_id"": ""CSQP-SFHC-TEXT-212"", ""raw_text"": ""十元"", ""amount_text"": ""十元"", ""amount_number"": 10, ""currency"": ""元"", ""sentence"": ""计银姑妹十元，大媳十元，齐周侄十元，余存三十元大人自己收用，祈照为分交，乃荷，余事后禀。"", ""is_primary_candidate"": false, ""source_field"": ""body_clean""}, {""record_id"": ""CSQP-SFHC-TEXT-212"", ""raw_text"": ""三十元"", ""amount_text"": ""三十元"", ""amount_number"": 30, ""currency"": ""元"", ""sentence"": ""计银姑妹十元，大媳十元，齐周侄十元，余存三十元大人自己收用，祈照为分交，乃荷，余事后禀。"", ""is_primary_candidate"": false, ""source_field"": ""body_clean""}]",农历十二月十二日（1949后），暹黄丙权寄澄邑南砂乡林宅岳母大人；黄万权；澄属南砂乡林宅岳母大人；澄属南砂乡林宅岳母；岳母；兄；侄；媳；妹；姑；广东澄海；泰国；港币陆拾元；港币；family_affection；remittance；marriage；澄海；澄邑；广东；银；元；敬禀者；膝下；金安；农历；十二月；十二日；黄丙权；寄澄邑；南砂；乡林宅；澄属；拾元；family；affection；禀者；书奉；因远居；异邦；未能；躬亲；奉侍；每月；舅兄；致候；而已；现在；自己；寄批；甚为；麻烦；年关；特函；祝贺；迎春；纳福；并祝；府上；诸位；康安；诸人福；银姑；十元；大媳；齐周；余存；三十元；祈照；分交；乃荷；事后；并候
CSQP-SFHC-TEXT-213,213,（1949后）外洋张茂□寄潮汕祖母大人,pdf_pages=274；book_pages=245,1,needs_review,1,"祖母大人尊前：
    廿一日于回谕之内，获悉大人付交三姑母一书中，嘱推（催）彼捷寄家批，以应彼之家姑餐用。孙男略悉姑母情形，彼自去年之冬迄至现刻，家批屡寄，谅不致受饿，请免锦注。特此奉禀，敬请
金安

孙男张茂□禀","祖母大人尊前：
廿一日于回谕之内，获悉大人付交三姑母一书中，嘱推（催）彼捷寄家批，以应彼之家姑餐用。孙男略悉姑母情形，彼自去年之冬迄至现刻，家批屡寄，谅不致受饿，请免锦注。特此奉禀，敬请
金安

孙男张茂□禀","祖母大人尊前：
廿一日于回谕之内，获悉大人付交三姑母一书中，嘱推（催）彼捷寄家批，以应彼之家姑餐用。孙男略悉姑母情形，彼自去年之冬迄至现刻，家批屡寄，谅不致受饿，请免锦注。特此奉禀，敬请
金安

孙男张茂□禀","廿一日于回谕之内，获悉大人付交三姑母一书中，嘱推（催）彼捷寄家批，以应彼之家姑餐用。孙男略悉姑母情形，彼自去年之冬迄至现刻，家批屡寄，谅不致受饿，请免锦注。特此奉禀，敬请
金安",104,4,6,（1949后）外洋张茂□,潮汕祖母大人,grandchild,grandparent,grandchild_to_grandparent,祖母；男；孙；姑,潮汕祖母；祖母；人付交三姑；应彼之家姑；孙男略悉姑,大人；尊前,孙,海外,广东侨乡,海外,广东侨乡,潮汕->广东侨乡,海外 -> 广东侨乡,1,海外；广东侨乡,,孙男张茂□禀,1949后,,,,solar,,medium,,,,,,,廿一日于回谕之内，获悉大人付交三姑母一书中，嘱推（催）彼捷寄家批，以应彼之家姑餐用。,0,祖母大人尊前：,,,"廿一日于回谕之内，获悉大人付交三姑母一书中，嘱推（催）彼捷寄家批，以应彼之家姑餐用。孙男略悉姑母情形，彼自去年之冬迄至现刻，家批屡寄，谅不致受饿，请免锦注。特此奉禀，敬请
金安",,祖母大人尊前：；廿一日于回谕之内，获悉大人付交三姑母一书中，嘱推（催）彼捷寄家批，以应彼之家姑餐用。,廿一日于回谕之内，获悉大人付交三姑母一书中，嘱推（催）彼捷寄家批，以应彼之家姑餐用。,,,孙男张茂□禀,孙男张茂□禀,,1,0,0,1,0,0,0,0,0,0,0,instruction,family_affection;instruction,尊前,,大人；尊前；金安,,谅；奉,尊前；金安,,,嘱,尊前；大人；金安；谅；奉,2,"祖母大人尊前：
廿一日于回谕之内，获悉大人付交三姑母一书中，嘱推（催）彼捷寄家批，以应彼之家姑餐用。
孙男张茂□禀",祖母大人尊前：,,,祖母大人尊前：；廿一日于回谕之内，获悉大人付交三姑母一书中，嘱推（催）彼捷寄家批，以应彼之家姑餐用。,廿一日于回谕之内，获悉大人付交三姑母一书中，嘱推（催）彼捷寄家批，以应彼之家姑餐用。,孙男张茂□禀,sender=（1949后）外洋张茂□；recipient=潮汕祖母大人；relationship=grandchild_to_grandparent；places=潮汕->广东侨乡；kinship=祖母；男；孙；姑,"（1949后）外洋张茂□寄潮汕祖母大人
（1949后）外洋张茂□
潮汕祖母大人
潮汕->广东侨乡
family_affection;instruction
廿一日于回谕之内，获悉大人付交三姑母一书中，嘱推（催）彼捷寄家批，以应彼之家姑餐用。孙男略悉姑母情形，彼自去年之冬迄至现刻，家批屡寄，谅不致受饿，请免锦注。特此奉禀，敬请
金安",题名：（1949后）外洋张茂□寄潮汕祖母大人；寄批人：（1949后）外洋张茂□；收批人：潮汕祖母大人；主题：family_affection;instruction；正文摘录：廿一日于回谕之内，获悉大人付交三姑母一书中，嘱推（催）彼捷寄家批，以应彼之家姑餐用。孙男略悉姑母情形，彼自去年之冬迄至现刻，家批屡寄，谅不致受饿，请免锦注。特此奉禀，敬请金安,,（1949后）外洋张茂□,潮汕祖母大人,87,1,张茂□,祖母,祖母,high,广东侨乡；海外,[],（1949后）外洋张茂□寄潮汕祖母大人；（1949后）外洋张茂□；潮汕祖母大人；张茂□；祖母；男；孙；姑；广东侨乡；海外；family_affection；instruction；潮汕；广东；尊前；金安；外洋；张茂；侨乡；family；affection；廿一日；回谕；之内；获悉；付交；姑母；一书中；嘱推；彼捷；寄家批；以应；家姑；餐用；孙男略悉；情形；彼自；去年；之冬；迄至；现刻；家批；不致；受饿；请免；锦注；特此
